serum,strain,plate_barcode,dilution_factor,frac_infectivity_raw,frac_infectivity_ceiling
flu-seqneut-2026-CTS-027,A/Astrakhan/RII-MH273373S/2025_H3N2,plate21-A/Astrakhan/RII-MH273373S/2025_H3N2,40,0.0004185,0.0004185
flu-seqneut-2026-CTS-027,A/Astrakhan/RII-MH273373S/2025_H3N2,plate21-A/Astrakhan/RII-MH273373S/2025_H3N2,212,0.01228,0.01228
flu-seqneut-2026-CTS-027,A/Astrakhan/RII-MH273373S/2025_H3N2,plate21-A/Astrakhan/RII-MH273373S/2025_H3N2,487,0.008644,0.008644
flu-seqneut-2026-CTS-027,A/Astrakhan/RII-MH273373S/2025_H3N2,plate21-A/Astrakhan/RII-MH273373S/2025_H3N2,2575,0.09957,0.09957
flu-seqneut-2026-CTS-027,A/Astrakhan/RII-MH273373S/2025_H3N2,plate21-A/Astrakhan/RII-MH273373S/2025_H3N2,5921,0.01572,0.01572
flu-seqneut-2026-CTS-027,A/Astrakhan/RII-MH273373S/2025_H3N2,plate21-A/Astrakhan/RII-MH273373S/2025_H3N2,1.362e+04,0.04409,0.04409
flu-seqneut-2026-CTS-027,A/Badajoz/18738342/2026_H3N2,plate21-A/Badajoz/18738342/2026_H3N2,40,0.0001796,0.0001796
flu-seqneut-2026-CTS-027,A/Badajoz/18738342/2026_H3N2,plate21-A/Badajoz/18738342/2026_H3N2,212,0.03428,0.03428
flu-seqneut-2026-CTS-027,A/Badajoz/18738342/2026_H3N2,plate21-A/Badajoz/18738342/2026_H3N2,487,0.05657,0.05657
flu-seqneut-2026-CTS-027,A/Badajoz/18738342/2026_H3N2,plate21-A/Badajoz/18738342/2026_H3N2,2575,0.0154,0.0154
flu-seqneut-2026-CTS-027,A/Badajoz/18738342/2026_H3N2,plate21-A/Badajoz/18738342/2026_H3N2,5921,0.02912,0.02912
flu-seqneut-2026-CTS-027,A/Badajoz/18738342/2026_H3N2,plate21-A/Badajoz/18738342/2026_H3N2,1.362e+04,0.02652,0.02652
flu-seqneut-2026-CTS-027,A/Badajoz/18811358/2026_H3N2,plate21-A/Badajoz/18811358/2026_H3N2,40,0,0
flu-seqneut-2026-CTS-027,A/Badajoz/18811358/2026_H3N2,plate21-A/Badajoz/18811358/2026_H3N2,212,0.04337,0.04337
flu-seqneut-2026-CTS-027,A/Badajoz/18811358/2026_H3N2,plate21-A/Badajoz/18811358/2026_H3N2,487,0.06315,0.06315
flu-seqneut-2026-CTS-027,A/Badajoz/18811358/2026_H3N2,plate21-A/Badajoz/18811358/2026_H3N2,2575,0.02964,0.02964
flu-seqneut-2026-CTS-027,A/Badajoz/18811358/2026_H3N2,plate21-A/Badajoz/18811358/2026_H3N2,5921,0.06334,0.06334
flu-seqneut-2026-CTS-027,A/Badajoz/18811358/2026_H3N2,plate21-A/Badajoz/18811358/2026_H3N2,1.362e+04,0.00297,0.00297
flu-seqneut-2026-CTS-027,A/Badajoz/18813527/2026_H3N2,plate21-A/Badajoz/18813527/2026_H3N2,40,0.0004643,0.0004643
flu-seqneut-2026-CTS-027,A/Badajoz/18813527/2026_H3N2,plate21-A/Badajoz/18813527/2026_H3N2,212,0.0185,0.0185
flu-seqneut-2026-CTS-027,A/Badajoz/18813527/2026_H3N2,plate21-A/Badajoz/18813527/2026_H3N2,487,0.0959,0.0959
flu-seqneut-2026-CTS-027,A/Badajoz/18813527/2026_H3N2,plate21-A/Badajoz/18813527/2026_H3N2,2575,0.01669,0.01669
flu-seqneut-2026-CTS-027,A/Badajoz/18813527/2026_H3N2,plate21-A/Badajoz/18813527/2026_H3N2,5921,0.01006,0.01006
flu-seqneut-2026-CTS-027,A/Badajoz/18813527/2026_H3N2,plate21-A/Badajoz/18813527/2026_H3N2,1.362e+04,0.06781,0.06781
flu-seqneut-2026-CTS-027,A/Bangkok/P2390/2025_H3N2,plate21-A/Bangkok/P2390/2025_H3N2,40,0,0
flu-seqneut-2026-CTS-027,A/Bangkok/P2390/2025_H3N2,plate21-A/Bangkok/P2390/2025_H3N2,212,0,0
flu-seqneut-2026-CTS-027,A/Bangkok/P2390/2025_H3N2,plate21-A/Bangkok/P2390/2025_H3N2,487,0.09162,0.09162
flu-seqneut-2026-CTS-027,A/Bangkok/P2390/2025_H3N2,plate21-A/Bangkok/P2390/2025_H3N2,2575,0.003865,0.003865
flu-seqneut-2026-CTS-027,A/Bangkok/P2390/2025_H3N2,plate21-A/Bangkok/P2390/2025_H3N2,5921,0.01903,0.01903
flu-seqneut-2026-CTS-027,A/Bangkok/P2390/2025_H3N2,plate21-A/Bangkok/P2390/2025_H3N2,1.362e+04,0,0
flu-seqneut-2026-CTS-027,A/Bangkok/P2391/2025_H3N2,plate21-A/Bangkok/P2391/2025_H3N2,40,0.000481,0.000481
flu-seqneut-2026-CTS-027,A/Bangkok/P2391/2025_H3N2,plate21-A/Bangkok/P2391/2025_H3N2,212,0.001113,0.001113
flu-seqneut-2026-CTS-027,A/Bangkok/P2391/2025_H3N2,plate21-A/Bangkok/P2391/2025_H3N2,487,0.06358,0.06358
flu-seqneut-2026-CTS-027,A/Bangkok/P2391/2025_H3N2,plate21-A/Bangkok/P2391/2025_H3N2,2575,0.06828,0.06828
flu-seqneut-2026-CTS-027,A/Bangkok/P2391/2025_H3N2,plate21-A/Bangkok/P2391/2025_H3N2,5921,0.01599,0.01599
flu-seqneut-2026-CTS-027,A/Bangkok/P2391/2025_H3N2,plate21-A/Bangkok/P2391/2025_H3N2,1.362e+04,0.03358,0.03358
flu-seqneut-2026-CTS-027,A/Blaenavon/6687/2026_H3N2,plate21-A/Blaenavon/6687/2026_H3N2,40,0.0002188,0.0002188
flu-seqneut-2026-CTS-027,A/Blaenavon/6687/2026_H3N2,plate21-A/Blaenavon/6687/2026_H3N2,212,0.0005624,0.0005624
flu-seqneut-2026-CTS-027,A/Blaenavon/6687/2026_H3N2,plate21-A/Blaenavon/6687/2026_H3N2,487,0.002259,0.002259
flu-seqneut-2026-CTS-027,A/Blaenavon/6687/2026_H3N2,plate21-A/Blaenavon/6687/2026_H3N2,2575,0.01581,0.01581
flu-seqneut-2026-CTS-027,A/Blaenavon/6687/2026_H3N2,plate21-A/Blaenavon/6687/2026_H3N2,5921,0.03848,0.03848
flu-seqneut-2026-CTS-027,A/Blaenavon/6687/2026_H3N2,plate21-A/Blaenavon/6687/2026_H3N2,1.362e+04,0.09806,0.09806
flu-seqneut-2026-CTS-027,A/BritishColumbia/RV00279-26/2025_H3N2,plate21-A/BritishColumbia/RV00279-26/2025_H3N2,40,0.000778,0.000778
flu-seqneut-2026-CTS-027,A/BritishColumbia/RV00279-26/2025_H3N2,plate21-A/BritishColumbia/RV00279-26/2025_H3N2,212,0.01133,0.01133
flu-seqneut-2026-CTS-027,A/BritishColumbia/RV00279-26/2025_H3N2,plate21-A/BritishColumbia/RV00279-26/2025_H3N2,487,0.1352,0.1352
flu-seqneut-2026-CTS-027,A/BritishColumbia/RV00279-26/2025_H3N2,plate21-A/BritishColumbia/RV00279-26/2025_H3N2,2575,0.01031,0.01031
flu-seqneut-2026-CTS-027,A/BritishColumbia/RV00279-26/2025_H3N2,plate21-A/BritishColumbia/RV00279-26/2025_H3N2,5921,0.0275,0.0275
flu-seqneut-2026-CTS-027,A/BritishColumbia/RV00279-26/2025_H3N2,plate21-A/BritishColumbia/RV00279-26/2025_H3N2,1.362e+04,0.06533,0.06533
flu-seqneut-2026-CTS-027,A/California/GKISBBBH79910/2026_H3N2,plate21-A/California/GKISBBBH79910/2026_H3N2,40,0,0
flu-seqneut-2026-CTS-027,A/California/GKISBBBH79910/2026_H3N2,plate21-A/California/GKISBBBH79910/2026_H3N2,212,0.01494,0.01494
flu-seqneut-2026-CTS-027,A/California/GKISBBBH79910/2026_H3N2,plate21-A/California/GKISBBBH79910/2026_H3N2,487,0.1979,0.1979
flu-seqneut-2026-CTS-027,A/California/GKISBBBH79910/2026_H3N2,plate21-A/California/GKISBBBH79910/2026_H3N2,2575,0.01576,0.01576
flu-seqneut-2026-CTS-027,A/California/GKISBBBH79910/2026_H3N2,plate21-A/California/GKISBBBH79910/2026_H3N2,5921,0.05968,0.05968
flu-seqneut-2026-CTS-027,A/California/GKISBBBH79910/2026_H3N2,plate21-A/California/GKISBBBH79910/2026_H3N2,1.362e+04,0.02382,0.02382
flu-seqneut-2026-CTS-027,A/California/NIRC-IS-1059/2026_H3N2,plate21-A/California/NIRC-IS-1059/2026_H3N2,40,0,0
flu-seqneut-2026-CTS-027,A/California/NIRC-IS-1059/2026_H3N2,plate21-A/California/NIRC-IS-1059/2026_H3N2,212,0.01645,0.01645
flu-seqneut-2026-CTS-027,A/California/NIRC-IS-1059/2026_H3N2,plate21-A/California/NIRC-IS-1059/2026_H3N2,487,0.0311,0.0311
flu-seqneut-2026-CTS-027,A/California/NIRC-IS-1059/2026_H3N2,plate21-A/California/NIRC-IS-1059/2026_H3N2,2575,0.01092,0.01092
flu-seqneut-2026-CTS-027,A/California/NIRC-IS-1059/2026_H3N2,plate21-A/California/NIRC-IS-1059/2026_H3N2,5921,0.02332,0.02332
flu-seqneut-2026-CTS-027,A/California/NIRC-IS-1059/2026_H3N2,plate21-A/California/NIRC-IS-1059/2026_H3N2,1.362e+04,0.0178,0.0178
flu-seqneut-2026-CTS-027,A/California/NIRC-IS-1067/2026_H3N2,plate21-A/California/NIRC-IS-1067/2026_H3N2,40,0.0008087,0.0008087
flu-seqneut-2026-CTS-027,A/California/NIRC-IS-1067/2026_H3N2,plate21-A/California/NIRC-IS-1067/2026_H3N2,212,0.02004,0.02004
flu-seqneut-2026-CTS-027,A/California/NIRC-IS-1067/2026_H3N2,plate21-A/California/NIRC-IS-1067/2026_H3N2,487,0.09782,0.09782
flu-seqneut-2026-CTS-027,A/California/NIRC-IS-1067/2026_H3N2,plate21-A/California/NIRC-IS-1067/2026_H3N2,2575,0.02833,0.02833
flu-seqneut-2026-CTS-027,A/California/NIRC-IS-1067/2026_H3N2,plate21-A/California/NIRC-IS-1067/2026_H3N2,5921,0.04093,0.04093
flu-seqneut-2026-CTS-027,A/California/NIRC-IS-1067/2026_H3N2,plate21-A/California/NIRC-IS-1067/2026_H3N2,1.362e+04,0.05305,0.05305
flu-seqneut-2026-CTS-027,A/Castellon/VAHNSI_02_02400/2025_H3N2,plate21-A/Castellon/VAHNSI_02_02400/2025_H3N2,40,0.001458,0.001458
flu-seqneut-2026-CTS-027,A/Castellon/VAHNSI_02_02400/2025_H3N2,plate21-A/Castellon/VAHNSI_02_02400/2025_H3N2,212,0.01187,0.01187
flu-seqneut-2026-CTS-027,A/Castellon/VAHNSI_02_02400/2025_H3N2,plate21-A/Castellon/VAHNSI_02_02400/2025_H3N2,487,0.05352,0.05352
flu-seqneut-2026-CTS-027,A/Castellon/VAHNSI_02_02400/2025_H3N2,plate21-A/Castellon/VAHNSI_02_02400/2025_H3N2,2575,0.03339,0.03339
flu-seqneut-2026-CTS-027,A/Castellon/VAHNSI_02_02400/2025_H3N2,plate21-A/Castellon/VAHNSI_02_02400/2025_H3N2,5921,0.02138,0.02138
flu-seqneut-2026-CTS-027,A/Castellon/VAHNSI_02_02400/2025_H3N2,plate21-A/Castellon/VAHNSI_02_02400/2025_H3N2,1.362e+04,0.01878,0.01878
flu-seqneut-2026-CTS-027,A/Colombia/1851/2024_H3N2,plate21-A/Colombia/1851/2024_H3N2,40,0,0
flu-seqneut-2026-CTS-027,A/Colombia/1851/2024_H3N2,plate21-A/Colombia/1851/2024_H3N2,212,0.08101,0.08101
flu-seqneut-2026-CTS-027,A/Colombia/1851/2024_H3N2,plate21-A/Colombia/1851/2024_H3N2,487,0.2171,0.2171
flu-seqneut-2026-CTS-027,A/Colombia/1851/2024_H3N2,plate21-A/Colombia/1851/2024_H3N2,2575,0.02876,0.02876
flu-seqneut-2026-CTS-027,A/Colombia/1851/2024_H3N2,plate21-A/Colombia/1851/2024_H3N2,5921,0.05286,0.05286
flu-seqneut-2026-CTS-027,A/Colombia/1851/2024_H3N2,plate21-A/Colombia/1851/2024_H3N2,1.362e+04,0.06741,0.06741
flu-seqneut-2026-CTS-027,A/Connecticut/5/2026_H3N2,plate21-A/Connecticut/5/2026_H3N2,40,0.0009611,0.0009611
flu-seqneut-2026-CTS-027,A/Connecticut/5/2026_H3N2,plate21-A/Connecticut/5/2026_H3N2,212,0.01822,0.01822
flu-seqneut-2026-CTS-027,A/Connecticut/5/2026_H3N2,plate21-A/Connecticut/5/2026_H3N2,487,0.09615,0.09615
flu-seqneut-2026-CTS-027,A/Connecticut/5/2026_H3N2,plate21-A/Connecticut/5/2026_H3N2,2575,0.02464,0.02464
flu-seqneut-2026-CTS-027,A/Connecticut/5/2026_H3N2,plate21-A/Connecticut/5/2026_H3N2,5921,0.04764,0.04764
flu-seqneut-2026-CTS-027,A/Connecticut/5/2026_H3N2,plate21-A/Connecticut/5/2026_H3N2,1.362e+04,0.0396,0.0396
flu-seqneut-2026-CTS-027,A/Darwin/1415/2025_H3N2,plate21-A/Darwin/1415/2025_H3N2,40,0,0
flu-seqneut-2026-CTS-027,A/Darwin/1415/2025_H3N2,plate21-A/Darwin/1415/2025_H3N2,212,0.02096,0.02096
flu-seqneut-2026-CTS-027,A/Darwin/1415/2025_H3N2,plate21-A/Darwin/1415/2025_H3N2,487,0.2112,0.2112
flu-seqneut-2026-CTS-027,A/Darwin/1415/2025_H3N2,plate21-A/Darwin/1415/2025_H3N2,2575,0.01101,0.01101
flu-seqneut-2026-CTS-027,A/Darwin/1415/2025_H3N2,plate21-A/Darwin/1415/2025_H3N2,5921,0.04219,0.04219
flu-seqneut-2026-CTS-027,A/Darwin/1415/2025_H3N2,plate21-A/Darwin/1415/2025_H3N2,1.362e+04,0.02648,0.02648
flu-seqneut-2026-CTS-027,A/Darwin/1454/2025_H3N2,plate21-A/Darwin/1454/2025_H3N2,40,0.001114,0.001114
flu-seqneut-2026-CTS-027,A/Darwin/1454/2025_H3N2,plate21-A/Darwin/1454/2025_H3N2,212,0.00179,0.00179
flu-seqneut-2026-CTS-027,A/Darwin/1454/2025_H3N2,plate21-A/Darwin/1454/2025_H3N2,487,0.01869,0.01869
flu-seqneut-2026-CTS-027,A/Darwin/1454/2025_H3N2,plate21-A/Darwin/1454/2025_H3N2,2575,0.01108,0.01108
flu-seqneut-2026-CTS-027,A/Darwin/1454/2025_H3N2,plate21-A/Darwin/1454/2025_H3N2,5921,0.04954,0.04954
flu-seqneut-2026-CTS-027,A/Darwin/1454/2025_H3N2,plate21-A/Darwin/1454/2025_H3N2,1.362e+04,0.000541,0.000541
flu-seqneut-2026-CTS-027,A/Denmark/3940/2025_H3N2,plate21-A/Denmark/3940/2025_H3N2,40,0.001126,0.001126
flu-seqneut-2026-CTS-027,A/Denmark/3940/2025_H3N2,plate21-A/Denmark/3940/2025_H3N2,212,0.02453,0.02453
flu-seqneut-2026-CTS-027,A/Denmark/3940/2025_H3N2,plate21-A/Denmark/3940/2025_H3N2,487,0.1434,0.1434
flu-seqneut-2026-CTS-027,A/Denmark/3940/2025_H3N2,plate21-A/Denmark/3940/2025_H3N2,2575,0.01968,0.01968
flu-seqneut-2026-CTS-027,A/Denmark/3940/2025_H3N2,plate21-A/Denmark/3940/2025_H3N2,5921,0.05071,0.05071
flu-seqneut-2026-CTS-027,A/Denmark/3940/2025_H3N2,plate21-A/Denmark/3940/2025_H3N2,1.362e+04,0.03647,0.03647
flu-seqneut-2026-CTS-027,A/District_Of_Columbia/27/2023_H3N2,plate21-A/District_Of_Columbia/27/2023_H3N2,40,0,0
flu-seqneut-2026-CTS-027,A/District_Of_Columbia/27/2023_H3N2,plate21-A/District_Of_Columbia/27/2023_H3N2,212,0.07908,0.07908
flu-seqneut-2026-CTS-027,A/District_Of_Columbia/27/2023_H3N2,plate21-A/District_Of_Columbia/27/2023_H3N2,487,0.2764,0.2764
flu-seqneut-2026-CTS-027,A/District_Of_Columbia/27/2023_H3N2,plate21-A/District_Of_Columbia/27/2023_H3N2,2575,0.0123,0.0123
flu-seqneut-2026-CTS-027,A/District_Of_Columbia/27/2023_H3N2,plate21-A/District_Of_Columbia/27/2023_H3N2,5921,0.0101,0.0101
flu-seqneut-2026-CTS-027,A/District_Of_Columbia/27/2023_H3N2,plate21-A/District_Of_Columbia/27/2023_H3N2,1.362e+04,0.07779,0.07779
flu-seqneut-2026-CTS-027,A/Florida/ISC-1069/2026_H3N2,plate21-A/Florida/ISC-1069/2026_H3N2,40,0,0
flu-seqneut-2026-CTS-027,A/Florida/ISC-1069/2026_H3N2,plate21-A/Florida/ISC-1069/2026_H3N2,212,0.02278,0.02278
flu-seqneut-2026-CTS-027,A/Florida/ISC-1069/2026_H3N2,plate21-A/Florida/ISC-1069/2026_H3N2,487,0.06208,0.06208
flu-seqneut-2026-CTS-027,A/Florida/ISC-1069/2026_H3N2,plate21-A/Florida/ISC-1069/2026_H3N2,2575,0.01601,0.01601
flu-seqneut-2026-CTS-027,A/Florida/ISC-1069/2026_H3N2,plate21-A/Florida/ISC-1069/2026_H3N2,5921,0.03884,0.03884
flu-seqneut-2026-CTS-027,A/Florida/ISC-1069/2026_H3N2,plate21-A/Florida/ISC-1069/2026_H3N2,1.362e+04,0.09637,0.09637
flu-seqneut-2026-CTS-027,A/France/ARA-HCL026031894402/2026_H3N2,plate21-A/France/ARA-HCL026031894402/2026_H3N2,40,0.004423,0.004423
flu-seqneut-2026-CTS-027,A/France/ARA-HCL026031894402/2026_H3N2,plate21-A/France/ARA-HCL026031894402/2026_H3N2,212,0.01203,0.01203
flu-seqneut-2026-CTS-027,A/France/ARA-HCL026031894402/2026_H3N2,plate21-A/France/ARA-HCL026031894402/2026_H3N2,487,0.1804,0.1804
flu-seqneut-2026-CTS-027,A/France/ARA-HCL026031894402/2026_H3N2,plate21-A/France/ARA-HCL026031894402/2026_H3N2,2575,0.03642,0.03642
flu-seqneut-2026-CTS-027,A/France/ARA-HCL026031894402/2026_H3N2,plate21-A/France/ARA-HCL026031894402/2026_H3N2,5921,0.02397,0.02397
flu-seqneut-2026-CTS-027,A/France/ARA-HCL026031894402/2026_H3N2,plate21-A/France/ARA-HCL026031894402/2026_H3N2,1.362e+04,0.05652,0.05652
flu-seqneut-2026-CTS-027,A/France/GES-IPP01077/2026_H3N2,plate21-A/France/GES-IPP01077/2026_H3N2,40,0.005851,0.005851
flu-seqneut-2026-CTS-027,A/France/GES-IPP01077/2026_H3N2,plate21-A/France/GES-IPP01077/2026_H3N2,212,0.04189,0.04189
flu-seqneut-2026-CTS-027,A/France/GES-IPP01077/2026_H3N2,plate21-A/France/GES-IPP01077/2026_H3N2,487,0.1489,0.1489
flu-seqneut-2026-CTS-027,A/France/GES-IPP01077/2026_H3N2,plate21-A/France/GES-IPP01077/2026_H3N2,2575,0.009439,0.009439
flu-seqneut-2026-CTS-027,A/France/GES-IPP01077/2026_H3N2,plate21-A/France/GES-IPP01077/2026_H3N2,5921,0.07801,0.07801
flu-seqneut-2026-CTS-027,A/France/GES-IPP01077/2026_H3N2,plate21-A/France/GES-IPP01077/2026_H3N2,1.362e+04,0.08084,0.08084
flu-seqneut-2026-CTS-027,A/France/HDF-RELAB-IPP00300/2026_H3N2,plate21-A/France/HDF-RELAB-IPP00300/2026_H3N2,40,0.0008124,0.0008124
flu-seqneut-2026-CTS-027,A/France/HDF-RELAB-IPP00300/2026_H3N2,plate21-A/France/HDF-RELAB-IPP00300/2026_H3N2,212,0.04268,0.04268
flu-seqneut-2026-CTS-027,A/France/HDF-RELAB-IPP00300/2026_H3N2,plate21-A/France/HDF-RELAB-IPP00300/2026_H3N2,487,0.01888,0.01888
flu-seqneut-2026-CTS-027,A/France/HDF-RELAB-IPP00300/2026_H3N2,plate21-A/France/HDF-RELAB-IPP00300/2026_H3N2,2575,0.01193,0.01193
flu-seqneut-2026-CTS-027,A/France/HDF-RELAB-IPP00300/2026_H3N2,plate21-A/France/HDF-RELAB-IPP00300/2026_H3N2,5921,0.03303,0.03303
flu-seqneut-2026-CTS-027,A/France/HDF-RELAB-IPP00300/2026_H3N2,plate21-A/France/HDF-RELAB-IPP00300/2026_H3N2,1.362e+04,0.01407,0.01407
flu-seqneut-2026-CTS-027,A/France/HDF-RELAB-IPP00303/2026_H3N2,plate21-A/France/HDF-RELAB-IPP00303/2026_H3N2,40,0.003024,0.003024
flu-seqneut-2026-CTS-027,A/France/HDF-RELAB-IPP00303/2026_H3N2,plate21-A/France/HDF-RELAB-IPP00303/2026_H3N2,212,0.02516,0.02516
flu-seqneut-2026-CTS-027,A/France/HDF-RELAB-IPP00303/2026_H3N2,plate21-A/France/HDF-RELAB-IPP00303/2026_H3N2,487,0.09369,0.09369
flu-seqneut-2026-CTS-027,A/France/HDF-RELAB-IPP00303/2026_H3N2,plate21-A/France/HDF-RELAB-IPP00303/2026_H3N2,2575,0.03131,0.03131
flu-seqneut-2026-CTS-027,A/France/HDF-RELAB-IPP00303/2026_H3N2,plate21-A/France/HDF-RELAB-IPP00303/2026_H3N2,5921,0.02418,0.02418
flu-seqneut-2026-CTS-027,A/France/HDF-RELAB-IPP00303/2026_H3N2,plate21-A/France/HDF-RELAB-IPP00303/2026_H3N2,1.362e+04,0.08484,0.08484
flu-seqneut-2026-CTS-027,A/France/NAQ-HCL026010957001/2026_H3N2,plate21-A/France/NAQ-HCL026010957001/2026_H3N2,40,0,0
flu-seqneut-2026-CTS-027,A/France/NAQ-HCL026010957001/2026_H3N2,plate21-A/France/NAQ-HCL026010957001/2026_H3N2,212,0.01359,0.01359
flu-seqneut-2026-CTS-027,A/France/NAQ-HCL026010957001/2026_H3N2,plate21-A/France/NAQ-HCL026010957001/2026_H3N2,487,0.05955,0.05955
flu-seqneut-2026-CTS-027,A/France/NAQ-HCL026010957001/2026_H3N2,plate21-A/France/NAQ-HCL026010957001/2026_H3N2,2575,0.02442,0.02442
flu-seqneut-2026-CTS-027,A/France/NAQ-HCL026010957001/2026_H3N2,plate21-A/France/NAQ-HCL026010957001/2026_H3N2,5921,0.02138,0.02138
flu-seqneut-2026-CTS-027,A/France/NAQ-HCL026010957001/2026_H3N2,plate21-A/France/NAQ-HCL026010957001/2026_H3N2,1.362e+04,0,0
flu-seqneut-2026-CTS-027,A/France/PAC-RELAB-HCL026021993801/2026_H3N2,plate21-A/France/PAC-RELAB-HCL026021993801/2026_H3N2,40,0.0001169,0.0001169
flu-seqneut-2026-CTS-027,A/France/PAC-RELAB-HCL026021993801/2026_H3N2,plate21-A/France/PAC-RELAB-HCL026021993801/2026_H3N2,212,0.008937,0.008937
flu-seqneut-2026-CTS-027,A/France/PAC-RELAB-HCL026021993801/2026_H3N2,plate21-A/France/PAC-RELAB-HCL026021993801/2026_H3N2,487,0.04284,0.04284
flu-seqneut-2026-CTS-027,A/France/PAC-RELAB-HCL026021993801/2026_H3N2,plate21-A/France/PAC-RELAB-HCL026021993801/2026_H3N2,2575,0.01075,0.01075
flu-seqneut-2026-CTS-027,A/France/PAC-RELAB-HCL026021993801/2026_H3N2,plate21-A/France/PAC-RELAB-HCL026021993801/2026_H3N2,5921,0.02311,0.02311
flu-seqneut-2026-CTS-027,A/France/PAC-RELAB-HCL026021993801/2026_H3N2,plate21-A/France/PAC-RELAB-HCL026021993801/2026_H3N2,1.362e+04,0,0
flu-seqneut-2026-CTS-027,A/Germany/LRMC_0104/2025_H3N2,plate21-A/Germany/LRMC_0104/2025_H3N2,40,0,0
flu-seqneut-2026-CTS-027,A/Germany/LRMC_0104/2025_H3N2,plate21-A/Germany/LRMC_0104/2025_H3N2,212,0.006633,0.006633
flu-seqneut-2026-CTS-027,A/Germany/LRMC_0104/2025_H3N2,plate21-A/Germany/LRMC_0104/2025_H3N2,487,0.04753,0.04753
flu-seqneut-2026-CTS-027,A/Germany/LRMC_0104/2025_H3N2,plate21-A/Germany/LRMC_0104/2025_H3N2,2575,0.009008,0.009008
flu-seqneut-2026-CTS-027,A/Germany/LRMC_0104/2025_H3N2,plate21-A/Germany/LRMC_0104/2025_H3N2,5921,0.03797,0.03797
flu-seqneut-2026-CTS-027,A/Germany/LRMC_0104/2025_H3N2,plate21-A/Germany/LRMC_0104/2025_H3N2,1.362e+04,0.02159,0.02159
flu-seqneut-2026-CTS-027,A/Germany/LRMC_0113/2025_H3N2,plate21-A/Germany/LRMC_0113/2025_H3N2,40,0,0
flu-seqneut-2026-CTS-027,A/Germany/LRMC_0113/2025_H3N2,plate21-A/Germany/LRMC_0113/2025_H3N2,212,0.01033,0.01033
flu-seqneut-2026-CTS-027,A/Germany/LRMC_0113/2025_H3N2,plate21-A/Germany/LRMC_0113/2025_H3N2,487,0.02662,0.02662
flu-seqneut-2026-CTS-027,A/Germany/LRMC_0113/2025_H3N2,plate21-A/Germany/LRMC_0113/2025_H3N2,2575,0.01243,0.01243
flu-seqneut-2026-CTS-027,A/Germany/LRMC_0113/2025_H3N2,plate21-A/Germany/LRMC_0113/2025_H3N2,5921,0.02708,0.02708
flu-seqneut-2026-CTS-027,A/Germany/LRMC_0113/2025_H3N2,plate21-A/Germany/LRMC_0113/2025_H3N2,1.362e+04,0.0001553,0.0001553
flu-seqneut-2026-CTS-027,A/Hawaii/70/2019_H1N1,plate21-A/Hawaii/70/2019_H1N1,40,0.00243,0.00243
flu-seqneut-2026-CTS-027,A/Hawaii/70/2019_H1N1,plate21-A/Hawaii/70/2019_H1N1,212,0.005253,0.005253
flu-seqneut-2026-CTS-027,A/Hawaii/70/2019_H1N1,plate21-A/Hawaii/70/2019_H1N1,487,0.01369,0.01369
flu-seqneut-2026-CTS-027,A/Hawaii/70/2019_H1N1,plate21-A/Hawaii/70/2019_H1N1,2575,0.03628,0.03628
flu-seqneut-2026-CTS-027,A/Hawaii/70/2019_H1N1,plate21-A/Hawaii/70/2019_H1N1,5921,0.05552,0.05552
flu-seqneut-2026-CTS-027,A/Hawaii/70/2019_H1N1,plate21-A/Hawaii/70/2019_H1N1,1.362e+04,0.1424,0.1424
flu-seqneut-2026-CTS-027,A/Hawaii/ISC-1140/2025_H1N1,plate21-A/Hawaii/ISC-1140/2025_H1N1,40,0.004088,0.004088
flu-seqneut-2026-CTS-027,A/Hawaii/ISC-1140/2025_H1N1,plate21-A/Hawaii/ISC-1140/2025_H1N1,212,0.1944,0.1944
flu-seqneut-2026-CTS-027,A/Hawaii/ISC-1140/2025_H1N1,plate21-A/Hawaii/ISC-1140/2025_H1N1,487,0.1609,0.1609
flu-seqneut-2026-CTS-027,A/Hawaii/ISC-1140/2025_H1N1,plate21-A/Hawaii/ISC-1140/2025_H1N1,2575,0.06843,0.06843
flu-seqneut-2026-CTS-027,A/Hawaii/ISC-1140/2025_H1N1,plate21-A/Hawaii/ISC-1140/2025_H1N1,5921,0.0982,0.0982
flu-seqneut-2026-CTS-027,A/Hawaii/ISC-1140/2025_H1N1,plate21-A/Hawaii/ISC-1140/2025_H1N1,1.362e+04,0.5265,0.5265
flu-seqneut-2026-CTS-027,A/Ireland/91576/2025_H3N2,plate21-A/Ireland/91576/2025_H3N2,40,0.0002546,0.0002546
flu-seqneut-2026-CTS-027,A/Ireland/91576/2025_H3N2,plate21-A/Ireland/91576/2025_H3N2,212,0.009488,0.009488
flu-seqneut-2026-CTS-027,A/Ireland/91576/2025_H3N2,plate21-A/Ireland/91576/2025_H3N2,487,0.05914,0.05914
flu-seqneut-2026-CTS-027,A/Ireland/91576/2025_H3N2,plate21-A/Ireland/91576/2025_H3N2,2575,0.013,0.013
flu-seqneut-2026-CTS-027,A/Ireland/91576/2025_H3N2,plate21-A/Ireland/91576/2025_H3N2,5921,0.03555,0.03555
flu-seqneut-2026-CTS-027,A/Ireland/91576/2025_H3N2,plate21-A/Ireland/91576/2025_H3N2,1.362e+04,0.02712,0.02712
flu-seqneut-2026-CTS-027,A/Lisboa/216/2023_H3N2,plate21-A/Lisboa/216/2023_H3N2,40,0,0
flu-seqneut-2026-CTS-027,A/Lisboa/216/2023_H3N2,plate21-A/Lisboa/216/2023_H3N2,212,0.06915,0.06915
flu-seqneut-2026-CTS-027,A/Lisboa/216/2023_H3N2,plate21-A/Lisboa/216/2023_H3N2,487,0.02158,0.02158
flu-seqneut-2026-CTS-027,A/Lisboa/216/2023_H3N2,plate21-A/Lisboa/216/2023_H3N2,2575,0.007751,0.007751
flu-seqneut-2026-CTS-027,A/Lisboa/216/2023_H3N2,plate21-A/Lisboa/216/2023_H3N2,5921,0.03195,0.03195
flu-seqneut-2026-CTS-027,A/Lisboa/216/2023_H3N2,plate21-A/Lisboa/216/2023_H3N2,1.362e+04,0.04022,0.04022
flu-seqneut-2026-CTS-027,A/Luxembourg/LNS9132577/2026_H3N2,plate21-A/Luxembourg/LNS9132577/2026_H3N2,40,0.0009762,0.0009762
flu-seqneut-2026-CTS-027,A/Luxembourg/LNS9132577/2026_H3N2,plate21-A/Luxembourg/LNS9132577/2026_H3N2,212,0.03253,0.03253
flu-seqneut-2026-CTS-027,A/Luxembourg/LNS9132577/2026_H3N2,plate21-A/Luxembourg/LNS9132577/2026_H3N2,487,0.0648,0.0648
flu-seqneut-2026-CTS-027,A/Luxembourg/LNS9132577/2026_H3N2,plate21-A/Luxembourg/LNS9132577/2026_H3N2,2575,0.01644,0.01644
flu-seqneut-2026-CTS-027,A/Luxembourg/LNS9132577/2026_H3N2,plate21-A/Luxembourg/LNS9132577/2026_H3N2,5921,0.03931,0.03931
flu-seqneut-2026-CTS-027,A/Luxembourg/LNS9132577/2026_H3N2,plate21-A/Luxembourg/LNS9132577/2026_H3N2,1.362e+04,0.03423,0.03423
flu-seqneut-2026-CTS-027,A/Massachusetts/ISC-1856/2025_H3N2,plate21-A/Massachusetts/ISC-1856/2025_H3N2,40,0.002361,0.002361
flu-seqneut-2026-CTS-027,A/Massachusetts/ISC-1856/2025_H3N2,plate21-A/Massachusetts/ISC-1856/2025_H3N2,212,0.008519,0.008519
flu-seqneut-2026-CTS-027,A/Massachusetts/ISC-1856/2025_H3N2,plate21-A/Massachusetts/ISC-1856/2025_H3N2,487,0.02719,0.02719
flu-seqneut-2026-CTS-027,A/Massachusetts/ISC-1856/2025_H3N2,plate21-A/Massachusetts/ISC-1856/2025_H3N2,2575,0.01584,0.01584
flu-seqneut-2026-CTS-027,A/Massachusetts/ISC-1856/2025_H3N2,plate21-A/Massachusetts/ISC-1856/2025_H3N2,5921,0.0212,0.0212
flu-seqneut-2026-CTS-027,A/Massachusetts/ISC-1856/2025_H3N2,plate21-A/Massachusetts/ISC-1856/2025_H3N2,1.362e+04,0.04622,0.04622
flu-seqneut-2026-CTS-027,A/Michigan/8/2026_H3N2,plate21-A/Michigan/8/2026_H3N2,40,0.000175,0.000175
flu-seqneut-2026-CTS-027,A/Michigan/8/2026_H3N2,plate21-A/Michigan/8/2026_H3N2,212,0.008882,0.008882
flu-seqneut-2026-CTS-027,A/Michigan/8/2026_H3N2,plate21-A/Michigan/8/2026_H3N2,487,0.2466,0.2466
flu-seqneut-2026-CTS-027,A/Michigan/8/2026_H3N2,plate21-A/Michigan/8/2026_H3N2,2575,0.01328,0.01328
flu-seqneut-2026-CTS-027,A/Michigan/8/2026_H3N2,plate21-A/Michigan/8/2026_H3N2,5921,0.02105,0.02105
flu-seqneut-2026-CTS-027,A/Michigan/8/2026_H3N2,plate21-A/Michigan/8/2026_H3N2,1.362e+04,0.02006,0.02006
flu-seqneut-2026-CTS-027,A/Michigan/UM-10068071276/2025_H3N2,plate21-A/Michigan/UM-10068071276/2025_H3N2,40,0.0004906,0.0004906
flu-seqneut-2026-CTS-027,A/Michigan/UM-10068071276/2025_H3N2,plate21-A/Michigan/UM-10068071276/2025_H3N2,212,0,0
flu-seqneut-2026-CTS-027,A/Michigan/UM-10068071276/2025_H3N2,plate21-A/Michigan/UM-10068071276/2025_H3N2,487,0,0
flu-seqneut-2026-CTS-027,A/Michigan/UM-10068071276/2025_H3N2,plate21-A/Michigan/UM-10068071276/2025_H3N2,2575,0.01319,0.01319
flu-seqneut-2026-CTS-027,A/Michigan/UM-10068071276/2025_H3N2,plate21-A/Michigan/UM-10068071276/2025_H3N2,5921,0.02251,0.02251
flu-seqneut-2026-CTS-027,A/Michigan/UM-10068071276/2025_H3N2,plate21-A/Michigan/UM-10068071276/2025_H3N2,1.362e+04,0.09278,0.09278
flu-seqneut-2026-CTS-027,A/Michigan/UM-10068134090/2025_H3N2,plate21-A/Michigan/UM-10068134090/2025_H3N2,40,0,0
flu-seqneut-2026-CTS-027,A/Michigan/UM-10068134090/2025_H3N2,plate21-A/Michigan/UM-10068134090/2025_H3N2,212,0.1037,0.1037
flu-seqneut-2026-CTS-027,A/Michigan/UM-10068134090/2025_H3N2,plate21-A/Michigan/UM-10068134090/2025_H3N2,487,0.1485,0.1485
flu-seqneut-2026-CTS-027,A/Michigan/UM-10068134090/2025_H3N2,plate21-A/Michigan/UM-10068134090/2025_H3N2,2575,0.01271,0.01271
flu-seqneut-2026-CTS-027,A/Michigan/UM-10068134090/2025_H3N2,plate21-A/Michigan/UM-10068134090/2025_H3N2,5921,0.03069,0.03069
flu-seqneut-2026-CTS-027,A/Michigan/UM-10068134090/2025_H3N2,plate21-A/Michigan/UM-10068134090/2025_H3N2,1.362e+04,0.0141,0.0141
flu-seqneut-2026-CTS-027,A/Michigan/UM-10068449788/2025_H3N2,plate21-A/Michigan/UM-10068449788/2025_H3N2,40,0,0
flu-seqneut-2026-CTS-027,A/Michigan/UM-10068449788/2025_H3N2,plate21-A/Michigan/UM-10068449788/2025_H3N2,212,0.003038,0.003038
flu-seqneut-2026-CTS-027,A/Michigan/UM-10068449788/2025_H3N2,plate21-A/Michigan/UM-10068449788/2025_H3N2,487,0.007509,0.007509
flu-seqneut-2026-CTS-027,A/Michigan/UM-10068449788/2025_H3N2,plate21-A/Michigan/UM-10068449788/2025_H3N2,2575,0.009818,0.009818
flu-seqneut-2026-CTS-027,A/Michigan/UM-10068449788/2025_H3N2,plate21-A/Michigan/UM-10068449788/2025_H3N2,5921,0.01965,0.01965
flu-seqneut-2026-CTS-027,A/Michigan/UM-10068449788/2025_H3N2,plate21-A/Michigan/UM-10068449788/2025_H3N2,1.362e+04,0,0
flu-seqneut-2026-CTS-027,A/Michigan/UM-10068456988/2025_H3N2,plate21-A/Michigan/UM-10068456988/2025_H3N2,40,0.0004197,0.0004197
flu-seqneut-2026-CTS-027,A/Michigan/UM-10068456988/2025_H3N2,plate21-A/Michigan/UM-10068456988/2025_H3N2,212,0.01753,0.01753
flu-seqneut-2026-CTS-027,A/Michigan/UM-10068456988/2025_H3N2,plate21-A/Michigan/UM-10068456988/2025_H3N2,487,0.1011,0.1011
flu-seqneut-2026-CTS-027,A/Michigan/UM-10068456988/2025_H3N2,plate21-A/Michigan/UM-10068456988/2025_H3N2,2575,0.01322,0.01322
flu-seqneut-2026-CTS-027,A/Michigan/UM-10068456988/2025_H3N2,plate21-A/Michigan/UM-10068456988/2025_H3N2,5921,0.01847,0.01847
flu-seqneut-2026-CTS-027,A/Michigan/UM-10068456988/2025_H3N2,plate21-A/Michigan/UM-10068456988/2025_H3N2,1.362e+04,0.02718,0.02718
flu-seqneut-2026-CTS-027,A/Michigan/UM-10068747355/2026_H3N2,plate21-A/Michigan/UM-10068747355/2026_H3N2,40,0,0
flu-seqneut-2026-CTS-027,A/Michigan/UM-10068747355/2026_H3N2,plate21-A/Michigan/UM-10068747355/2026_H3N2,212,0.005525,0.005525
flu-seqneut-2026-CTS-027,A/Michigan/UM-10068747355/2026_H3N2,plate21-A/Michigan/UM-10068747355/2026_H3N2,487,0.02152,0.02152
flu-seqneut-2026-CTS-027,A/Michigan/UM-10068747355/2026_H3N2,plate21-A/Michigan/UM-10068747355/2026_H3N2,2575,0.02928,0.02928
flu-seqneut-2026-CTS-027,A/Michigan/UM-10068747355/2026_H3N2,plate21-A/Michigan/UM-10068747355/2026_H3N2,5921,0.02231,0.02231
flu-seqneut-2026-CTS-027,A/Michigan/UM-10068747355/2026_H3N2,plate21-A/Michigan/UM-10068747355/2026_H3N2,1.362e+04,0.02885,0.02885
flu-seqneut-2026-CTS-027,A/Missouri/11/2025_cell_H1N1,plate21-A/Missouri/11/2025_cell_H1N1,40,0.0002684,0.0002684
flu-seqneut-2026-CTS-027,A/Missouri/11/2025_cell_H1N1,plate21-A/Missouri/11/2025_cell_H1N1,212,0.1344,0.1344
flu-seqneut-2026-CTS-027,A/Missouri/11/2025_cell_H1N1,plate21-A/Missouri/11/2025_cell_H1N1,487,0.3437,0.3437
flu-seqneut-2026-CTS-027,A/Missouri/11/2025_cell_H1N1,plate21-A/Missouri/11/2025_cell_H1N1,2575,0.0801,0.0801
flu-seqneut-2026-CTS-027,A/Missouri/11/2025_cell_H1N1,plate21-A/Missouri/11/2025_cell_H1N1,5921,0.0751,0.0751
flu-seqneut-2026-CTS-027,A/Missouri/11/2025_cell_H1N1,plate21-A/Missouri/11/2025_cell_H1N1,1.362e+04,0.2817,0.2817
flu-seqneut-2026-CTS-027,A/Missouri/11/2025_egg_H1N1,plate21-A/Missouri/11/2025_egg_H1N1,40,0.004086,0.004086
flu-seqneut-2026-CTS-027,A/Missouri/11/2025_egg_H1N1,plate21-A/Missouri/11/2025_egg_H1N1,212,0.003451,0.003451
flu-seqneut-2026-CTS-027,A/Missouri/11/2025_egg_H1N1,plate21-A/Missouri/11/2025_egg_H1N1,487,0.03375,0.03375
flu-seqneut-2026-CTS-027,A/Missouri/11/2025_egg_H1N1,plate21-A/Missouri/11/2025_egg_H1N1,2575,0.04029,0.04029
flu-seqneut-2026-CTS-027,A/Missouri/11/2025_egg_H1N1,plate21-A/Missouri/11/2025_egg_H1N1,5921,0.1098,0.1098
flu-seqneut-2026-CTS-027,A/Missouri/11/2025_egg_H1N1,plate21-A/Missouri/11/2025_egg_H1N1,1.362e+04,0.05557,0.05557
flu-seqneut-2026-CTS-027,A/Missouri/NIRC-AV-1003/2025_H3N2,plate21-A/Missouri/NIRC-AV-1003/2025_H3N2,40,0,0
flu-seqneut-2026-CTS-027,A/Missouri/NIRC-AV-1003/2025_H3N2,plate21-A/Missouri/NIRC-AV-1003/2025_H3N2,212,0.001314,0.001314
flu-seqneut-2026-CTS-027,A/Missouri/NIRC-AV-1003/2025_H3N2,plate21-A/Missouri/NIRC-AV-1003/2025_H3N2,487,0.02716,0.02716
flu-seqneut-2026-CTS-027,A/Missouri/NIRC-AV-1003/2025_H3N2,plate21-A/Missouri/NIRC-AV-1003/2025_H3N2,2575,0.04904,0.04904
flu-seqneut-2026-CTS-027,A/Missouri/NIRC-AV-1003/2025_H3N2,plate21-A/Missouri/NIRC-AV-1003/2025_H3N2,5921,0.03023,0.03023
flu-seqneut-2026-CTS-027,A/Missouri/NIRC-AV-1003/2025_H3N2,plate21-A/Missouri/NIRC-AV-1003/2025_H3N2,1.362e+04,0,0
flu-seqneut-2026-CTS-027,A/Montana/51/2025_H3N2,plate21-A/Montana/51/2025_H3N2,40,0,0
flu-seqneut-2026-CTS-027,A/Montana/51/2025_H3N2,plate21-A/Montana/51/2025_H3N2,212,0.01371,0.01371
flu-seqneut-2026-CTS-027,A/Montana/51/2025_H3N2,plate21-A/Montana/51/2025_H3N2,487,0.01704,0.01704
flu-seqneut-2026-CTS-027,A/Montana/51/2025_H3N2,plate21-A/Montana/51/2025_H3N2,2575,0.02193,0.02193
flu-seqneut-2026-CTS-027,A/Montana/51/2025_H3N2,plate21-A/Montana/51/2025_H3N2,5921,0.04692,0.04692
flu-seqneut-2026-CTS-027,A/Montana/51/2025_H3N2,plate21-A/Montana/51/2025_H3N2,1.362e+04,0,0
flu-seqneut-2026-CTS-027,A/NakhonPhanom/P495/2026_H3N2,plate21-A/NakhonPhanom/P495/2026_H3N2,40,0,0
flu-seqneut-2026-CTS-027,A/NakhonPhanom/P495/2026_H3N2,plate21-A/NakhonPhanom/P495/2026_H3N2,212,0.03988,0.03988
flu-seqneut-2026-CTS-027,A/NakhonPhanom/P495/2026_H3N2,plate21-A/NakhonPhanom/P495/2026_H3N2,487,0.1058,0.1058
flu-seqneut-2026-CTS-027,A/NakhonPhanom/P495/2026_H3N2,plate21-A/NakhonPhanom/P495/2026_H3N2,2575,0.02147,0.02147
flu-seqneut-2026-CTS-027,A/NakhonPhanom/P495/2026_H3N2,plate21-A/NakhonPhanom/P495/2026_H3N2,5921,0.03477,0.03477
flu-seqneut-2026-CTS-027,A/NakhonPhanom/P495/2026_H3N2,plate21-A/NakhonPhanom/P495/2026_H3N2,1.362e+04,0.02364,0.02364
flu-seqneut-2026-CTS-027,A/Navarra/260009/2025_H3N2,plate21-A/Navarra/260009/2025_H3N2,40,0,0
flu-seqneut-2026-CTS-027,A/Navarra/260009/2025_H3N2,plate21-A/Navarra/260009/2025_H3N2,212,0.004476,0.004476
flu-seqneut-2026-CTS-027,A/Navarra/260009/2025_H3N2,plate21-A/Navarra/260009/2025_H3N2,487,0.06558,0.06558
flu-seqneut-2026-CTS-027,A/Navarra/260009/2025_H3N2,plate21-A/Navarra/260009/2025_H3N2,2575,0.005831,0.005831
flu-seqneut-2026-CTS-027,A/Navarra/260009/2025_H3N2,plate21-A/Navarra/260009/2025_H3N2,5921,0.01232,0.01232
flu-seqneut-2026-CTS-027,A/Navarra/260009/2025_H3N2,plate21-A/Navarra/260009/2025_H3N2,1.362e+04,0.05241,0.05241
flu-seqneut-2026-CTS-027,A/Netherlands/888/2026_H3N2,plate21-A/Netherlands/888/2026_H3N2,40,0.001048,0.001048
flu-seqneut-2026-CTS-027,A/Netherlands/888/2026_H3N2,plate21-A/Netherlands/888/2026_H3N2,212,0.0184,0.0184
flu-seqneut-2026-CTS-027,A/Netherlands/888/2026_H3N2,plate21-A/Netherlands/888/2026_H3N2,487,0.06371,0.06371
flu-seqneut-2026-CTS-027,A/Netherlands/888/2026_H3N2,plate21-A/Netherlands/888/2026_H3N2,2575,0.0148,0.0148
flu-seqneut-2026-CTS-027,A/Netherlands/888/2026_H3N2,plate21-A/Netherlands/888/2026_H3N2,5921,0.03609,0.03609
flu-seqneut-2026-CTS-027,A/Netherlands/888/2026_H3N2,plate21-A/Netherlands/888/2026_H3N2,1.362e+04,0.02042,0.02042
flu-seqneut-2026-CTS-027,A/NewYork/NIRC-IS-1086/2026_H3N2,plate21-A/NewYork/NIRC-IS-1086/2026_H3N2,40,0.0009263,0.0009263
flu-seqneut-2026-CTS-027,A/NewYork/NIRC-IS-1086/2026_H3N2,plate21-A/NewYork/NIRC-IS-1086/2026_H3N2,212,0.07302,0.07302
flu-seqneut-2026-CTS-027,A/NewYork/NIRC-IS-1086/2026_H3N2,plate21-A/NewYork/NIRC-IS-1086/2026_H3N2,487,0.22,0.22
flu-seqneut-2026-CTS-027,A/NewYork/NIRC-IS-1086/2026_H3N2,plate21-A/NewYork/NIRC-IS-1086/2026_H3N2,2575,0.02726,0.02726
flu-seqneut-2026-CTS-027,A/NewYork/NIRC-IS-1086/2026_H3N2,plate21-A/NewYork/NIRC-IS-1086/2026_H3N2,5921,0.06524,0.06524
flu-seqneut-2026-CTS-027,A/NewYork/NIRC-IS-1086/2026_H3N2,plate21-A/NewYork/NIRC-IS-1086/2026_H3N2,1.362e+04,0.0253,0.0253
flu-seqneut-2026-CTS-027,A/NordrheinWestfalen/54/2026_H3N2,plate21-A/NordrheinWestfalen/54/2026_H3N2,40,0,0
flu-seqneut-2026-CTS-027,A/NordrheinWestfalen/54/2026_H3N2,plate21-A/NordrheinWestfalen/54/2026_H3N2,212,0.03101,0.03101
flu-seqneut-2026-CTS-027,A/NordrheinWestfalen/54/2026_H3N2,plate21-A/NordrheinWestfalen/54/2026_H3N2,487,0.04561,0.04561
flu-seqneut-2026-CTS-027,A/NordrheinWestfalen/54/2026_H3N2,plate21-A/NordrheinWestfalen/54/2026_H3N2,2575,0.02841,0.02841
flu-seqneut-2026-CTS-027,A/NordrheinWestfalen/54/2026_H3N2,plate21-A/NordrheinWestfalen/54/2026_H3N2,5921,0.04486,0.04486
flu-seqneut-2026-CTS-027,A/NordrheinWestfalen/54/2026_H3N2,plate21-A/NordrheinWestfalen/54/2026_H3N2,1.362e+04,0,0
flu-seqneut-2026-CTS-027,A/NovaScotia/25-365-06099/2025_H3N2,plate21-A/NovaScotia/25-365-06099/2025_H3N2,40,0.001336,0.001336
flu-seqneut-2026-CTS-027,A/NovaScotia/25-365-06099/2025_H3N2,plate21-A/NovaScotia/25-365-06099/2025_H3N2,212,0.03004,0.03004
flu-seqneut-2026-CTS-027,A/NovaScotia/25-365-06099/2025_H3N2,plate21-A/NovaScotia/25-365-06099/2025_H3N2,487,0.04138,0.04138
flu-seqneut-2026-CTS-027,A/NovaScotia/25-365-06099/2025_H3N2,plate21-A/NovaScotia/25-365-06099/2025_H3N2,2575,0.009477,0.009477
flu-seqneut-2026-CTS-027,A/NovaScotia/25-365-06099/2025_H3N2,plate21-A/NovaScotia/25-365-06099/2025_H3N2,5921,0.02595,0.02595
flu-seqneut-2026-CTS-027,A/NovaScotia/25-365-06099/2025_H3N2,plate21-A/NovaScotia/25-365-06099/2025_H3N2,1.362e+04,0.006152,0.006152
flu-seqneut-2026-CTS-027,A/Ontario/PHL202550193/2025_H3N2,plate21-A/Ontario/PHL202550193/2025_H3N2,40,0.01781,0.01781
flu-seqneut-2026-CTS-027,A/Ontario/PHL202550193/2025_H3N2,plate21-A/Ontario/PHL202550193/2025_H3N2,212,0.1622,0.1622
flu-seqneut-2026-CTS-027,A/Ontario/PHL202550193/2025_H3N2,plate21-A/Ontario/PHL202550193/2025_H3N2,487,0.3233,0.3233
flu-seqneut-2026-CTS-027,A/Ontario/PHL202550193/2025_H3N2,plate21-A/Ontario/PHL202550193/2025_H3N2,2575,0.01962,0.01962
flu-seqneut-2026-CTS-027,A/Ontario/PHL202550193/2025_H3N2,plate21-A/Ontario/PHL202550193/2025_H3N2,5921,0.03597,0.03597
flu-seqneut-2026-CTS-027,A/Ontario/PHL202550193/2025_H3N2,plate21-A/Ontario/PHL202550193/2025_H3N2,1.362e+04,0.03417,0.03417
flu-seqneut-2026-CTS-027,A/Oregon/81/2025_H3N2,plate21-A/Oregon/81/2025_H3N2,40,0.000139,0.000139
flu-seqneut-2026-CTS-027,A/Oregon/81/2025_H3N2,plate21-A/Oregon/81/2025_H3N2,212,0.007059,0.007059
flu-seqneut-2026-CTS-027,A/Oregon/81/2025_H3N2,plate21-A/Oregon/81/2025_H3N2,487,0.06318,0.06318
flu-seqneut-2026-CTS-027,A/Oregon/81/2025_H3N2,plate21-A/Oregon/81/2025_H3N2,2575,0.01821,0.01821
flu-seqneut-2026-CTS-027,A/Oregon/81/2025_H3N2,plate21-A/Oregon/81/2025_H3N2,5921,0.03657,0.03657
flu-seqneut-2026-CTS-027,A/Oregon/81/2025_H3N2,plate21-A/Oregon/81/2025_H3N2,1.362e+04,0.03188,0.03188
flu-seqneut-2026-CTS-027,A/Parana/416133590/2026_H3N2,plate21-A/Parana/416133590/2026_H3N2,40,0.00175,0.00175
flu-seqneut-2026-CTS-027,A/Parana/416133590/2026_H3N2,plate21-A/Parana/416133590/2026_H3N2,212,0.0792,0.0792
flu-seqneut-2026-CTS-027,A/Parana/416133590/2026_H3N2,plate21-A/Parana/416133590/2026_H3N2,487,0.2621,0.2621
flu-seqneut-2026-CTS-027,A/Parana/416133590/2026_H3N2,plate21-A/Parana/416133590/2026_H3N2,2575,0.01394,0.01394
flu-seqneut-2026-CTS-027,A/Parana/416133590/2026_H3N2,plate21-A/Parana/416133590/2026_H3N2,5921,0.04327,0.04327
flu-seqneut-2026-CTS-027,A/Parana/416133590/2026_H3N2,plate21-A/Parana/416133590/2026_H3N2,1.362e+04,0.1142,0.1142
flu-seqneut-2026-CTS-027,A/Peru/ANC-INS-062/2026_H3N2,plate21-A/Peru/ANC-INS-062/2026_H3N2,40,0,0
flu-seqneut-2026-CTS-027,A/Peru/ANC-INS-062/2026_H3N2,plate21-A/Peru/ANC-INS-062/2026_H3N2,212,0.04318,0.04318
flu-seqneut-2026-CTS-027,A/Peru/ANC-INS-062/2026_H3N2,plate21-A/Peru/ANC-INS-062/2026_H3N2,487,0.1396,0.1396
flu-seqneut-2026-CTS-027,A/Peru/ANC-INS-062/2026_H3N2,plate21-A/Peru/ANC-INS-062/2026_H3N2,2575,0.01174,0.01174
flu-seqneut-2026-CTS-027,A/Peru/ANC-INS-062/2026_H3N2,plate21-A/Peru/ANC-INS-062/2026_H3N2,5921,0.0178,0.0178
flu-seqneut-2026-CTS-027,A/Peru/ANC-INS-062/2026_H3N2,plate21-A/Peru/ANC-INS-062/2026_H3N2,1.362e+04,0.01467,0.01467
flu-seqneut-2026-CTS-027,A/RiodeJaneiro/331/2026_H3N2,plate21-A/RiodeJaneiro/331/2026_H3N2,40,0.004824,0.004824
flu-seqneut-2026-CTS-027,A/RiodeJaneiro/331/2026_H3N2,plate21-A/RiodeJaneiro/331/2026_H3N2,212,0.1498,0.1498
flu-seqneut-2026-CTS-027,A/RiodeJaneiro/331/2026_H3N2,plate21-A/RiodeJaneiro/331/2026_H3N2,487,0.2789,0.2789
flu-seqneut-2026-CTS-027,A/RiodeJaneiro/331/2026_H3N2,plate21-A/RiodeJaneiro/331/2026_H3N2,2575,0.01901,0.01901
flu-seqneut-2026-CTS-027,A/RiodeJaneiro/331/2026_H3N2,plate21-A/RiodeJaneiro/331/2026_H3N2,5921,0.04977,0.04977
flu-seqneut-2026-CTS-027,A/RiodeJaneiro/331/2026_H3N2,plate21-A/RiodeJaneiro/331/2026_H3N2,1.362e+04,0,0
flu-seqneut-2026-CTS-027,A/Romania/612042/2026_H3N2,plate21-A/Romania/612042/2026_H3N2,40,0.001372,0.001372
flu-seqneut-2026-CTS-027,A/Romania/612042/2026_H3N2,plate21-A/Romania/612042/2026_H3N2,212,0.01411,0.01411
flu-seqneut-2026-CTS-027,A/Romania/612042/2026_H3N2,plate21-A/Romania/612042/2026_H3N2,487,0.1124,0.1124
flu-seqneut-2026-CTS-027,A/Romania/612042/2026_H3N2,plate21-A/Romania/612042/2026_H3N2,2575,0.01208,0.01208
flu-seqneut-2026-CTS-027,A/Romania/612042/2026_H3N2,plate21-A/Romania/612042/2026_H3N2,5921,0.1343,0.1343
flu-seqneut-2026-CTS-027,A/Romania/612042/2026_H3N2,plate21-A/Romania/612042/2026_H3N2,1.362e+04,0.03598,0.03598
flu-seqneut-2026-CTS-027,A/SantaCatarina/508/2026_H3N2,plate21-A/SantaCatarina/508/2026_H3N2,40,0.001575,0.001575
flu-seqneut-2026-CTS-027,A/SantaCatarina/508/2026_H3N2,plate21-A/SantaCatarina/508/2026_H3N2,212,0.01031,0.01031
flu-seqneut-2026-CTS-027,A/SantaCatarina/508/2026_H3N2,plate21-A/SantaCatarina/508/2026_H3N2,487,0.1153,0.1153
flu-seqneut-2026-CTS-027,A/SantaCatarina/508/2026_H3N2,plate21-A/SantaCatarina/508/2026_H3N2,2575,0.02189,0.02189
flu-seqneut-2026-CTS-027,A/SantaCatarina/508/2026_H3N2,plate21-A/SantaCatarina/508/2026_H3N2,5921,0.03584,0.03584
flu-seqneut-2026-CTS-027,A/SantaCatarina/508/2026_H3N2,plate21-A/SantaCatarina/508/2026_H3N2,1.362e+04,0.02318,0.02318
flu-seqneut-2026-CTS-027,A/Saskatchewan/SKFLU477727/2025_H3N2,plate21-A/Saskatchewan/SKFLU477727/2025_H3N2,40,0,0
flu-seqneut-2026-CTS-027,A/Saskatchewan/SKFLU477727/2025_H3N2,plate21-A/Saskatchewan/SKFLU477727/2025_H3N2,212,0.0283,0.0283
flu-seqneut-2026-CTS-027,A/Saskatchewan/SKFLU477727/2025_H3N2,plate21-A/Saskatchewan/SKFLU477727/2025_H3N2,487,0.0628,0.0628
flu-seqneut-2026-CTS-027,A/Saskatchewan/SKFLU477727/2025_H3N2,plate21-A/Saskatchewan/SKFLU477727/2025_H3N2,2575,0.0238,0.0238
flu-seqneut-2026-CTS-027,A/Saskatchewan/SKFLU477727/2025_H3N2,plate21-A/Saskatchewan/SKFLU477727/2025_H3N2,5921,0.04199,0.04199
flu-seqneut-2026-CTS-027,A/Saskatchewan/SKFLU477727/2025_H3N2,plate21-A/Saskatchewan/SKFLU477727/2025_H3N2,1.362e+04,0.04965,0.04965
flu-seqneut-2026-CTS-027,A/Singapore/GP20238/2024_H3N2,plate21-A/Singapore/GP20238/2024_H3N2,40,0,0
flu-seqneut-2026-CTS-027,A/Singapore/GP20238/2024_H3N2,plate21-A/Singapore/GP20238/2024_H3N2,212,0.001051,0.001051
flu-seqneut-2026-CTS-027,A/Singapore/GP20238/2024_H3N2,plate21-A/Singapore/GP20238/2024_H3N2,487,0.001877,0.001877
flu-seqneut-2026-CTS-027,A/Singapore/GP20238/2024_H3N2,plate21-A/Singapore/GP20238/2024_H3N2,2575,0.000398,0.000398
flu-seqneut-2026-CTS-027,A/Singapore/GP20238/2024_H3N2,plate21-A/Singapore/GP20238/2024_H3N2,5921,0.01029,0.01029
flu-seqneut-2026-CTS-027,A/Singapore/GP20238/2024_H3N2,plate21-A/Singapore/GP20238/2024_H3N2,1.362e+04,0.04639,0.04639
flu-seqneut-2026-CTS-027,A/Singapore/NTF0577/2025_H3N2,plate21-A/Singapore/NTF0577/2025_H3N2,40,0.0004327,0.0004327
flu-seqneut-2026-CTS-027,A/Singapore/NTF0577/2025_H3N2,plate21-A/Singapore/NTF0577/2025_H3N2,212,0.02818,0.02818
flu-seqneut-2026-CTS-027,A/Singapore/NTF0577/2025_H3N2,plate21-A/Singapore/NTF0577/2025_H3N2,487,0.08713,0.08713
flu-seqneut-2026-CTS-027,A/Singapore/NTF0577/2025_H3N2,plate21-A/Singapore/NTF0577/2025_H3N2,2575,0.03247,0.03247
flu-seqneut-2026-CTS-027,A/Singapore/NTF0577/2025_H3N2,plate21-A/Singapore/NTF0577/2025_H3N2,5921,0.1137,0.1137
flu-seqneut-2026-CTS-027,A/Singapore/NTF0577/2025_H3N2,plate21-A/Singapore/NTF0577/2025_H3N2,1.362e+04,0.06912,0.06912
flu-seqneut-2026-CTS-027,A/Singapore/SAR8915/2025_H3N2,plate21-A/Singapore/SAR8915/2025_H3N2,40,0.001113,0.001113
flu-seqneut-2026-CTS-027,A/Singapore/SAR8915/2025_H3N2,plate21-A/Singapore/SAR8915/2025_H3N2,212,0.008763,0.008763
flu-seqneut-2026-CTS-027,A/Singapore/SAR8915/2025_H3N2,plate21-A/Singapore/SAR8915/2025_H3N2,487,0.0467,0.0467
flu-seqneut-2026-CTS-027,A/Singapore/SAR8915/2025_H3N2,plate21-A/Singapore/SAR8915/2025_H3N2,2575,0.01797,0.01797
flu-seqneut-2026-CTS-027,A/Singapore/SAR8915/2025_H3N2,plate21-A/Singapore/SAR8915/2025_H3N2,5921,0.02908,0.02908
flu-seqneut-2026-CTS-027,A/Singapore/SAR8915/2025_H3N2,plate21-A/Singapore/SAR8915/2025_H3N2,1.362e+04,0.04479,0.04479
flu-seqneut-2026-CTS-027,A/SouthAustralia/2605715552/2026_H3N2,plate21-A/SouthAustralia/2605715552/2026_H3N2,40,0,0
flu-seqneut-2026-CTS-027,A/SouthAustralia/2605715552/2026_H3N2,plate21-A/SouthAustralia/2605715552/2026_H3N2,212,0.002123,0.002123
flu-seqneut-2026-CTS-027,A/SouthAustralia/2605715552/2026_H3N2,plate21-A/SouthAustralia/2605715552/2026_H3N2,487,0.0105,0.0105
flu-seqneut-2026-CTS-027,A/SouthAustralia/2605715552/2026_H3N2,plate21-A/SouthAustralia/2605715552/2026_H3N2,2575,0.01215,0.01215
flu-seqneut-2026-CTS-027,A/SouthAustralia/2605715552/2026_H3N2,plate21-A/SouthAustralia/2605715552/2026_H3N2,5921,0.03601,0.03601
flu-seqneut-2026-CTS-027,A/SouthAustralia/2605715552/2026_H3N2,plate21-A/SouthAustralia/2605715552/2026_H3N2,1.362e+04,0.004444,0.004444
flu-seqneut-2026-CTS-027,A/SouthCarolina/USAFSAM-17046/2026_H3N2,plate21-A/SouthCarolina/USAFSAM-17046/2026_H3N2,40,0.0005375,0.0005375
flu-seqneut-2026-CTS-027,A/SouthCarolina/USAFSAM-17046/2026_H3N2,plate21-A/SouthCarolina/USAFSAM-17046/2026_H3N2,212,0.0003454,0.0003454
flu-seqneut-2026-CTS-027,A/SouthCarolina/USAFSAM-17046/2026_H3N2,plate21-A/SouthCarolina/USAFSAM-17046/2026_H3N2,487,0.002775,0.002775
flu-seqneut-2026-CTS-027,A/SouthCarolina/USAFSAM-17046/2026_H3N2,plate21-A/SouthCarolina/USAFSAM-17046/2026_H3N2,2575,0.005687,0.005687
flu-seqneut-2026-CTS-027,A/SouthCarolina/USAFSAM-17046/2026_H3N2,plate21-A/SouthCarolina/USAFSAM-17046/2026_H3N2,5921,0.02589,0.02589
flu-seqneut-2026-CTS-027,A/SouthCarolina/USAFSAM-17046/2026_H3N2,plate21-A/SouthCarolina/USAFSAM-17046/2026_H3N2,1.362e+04,0.04943,0.04943
flu-seqneut-2026-CTS-027,A/South_Australia/2523812314/2025_H3N2,plate21-A/South_Australia/2523812314/2025_H3N2,40,0.0001618,0.0001618
flu-seqneut-2026-CTS-027,A/South_Australia/2523812314/2025_H3N2,plate21-A/South_Australia/2523812314/2025_H3N2,212,0.0009355,0.0009355
flu-seqneut-2026-CTS-027,A/South_Australia/2523812314/2025_H3N2,plate21-A/South_Australia/2523812314/2025_H3N2,487,0.01587,0.01587
flu-seqneut-2026-CTS-027,A/South_Australia/2523812314/2025_H3N2,plate21-A/South_Australia/2523812314/2025_H3N2,2575,0.01865,0.01865
flu-seqneut-2026-CTS-027,A/South_Australia/2523812314/2025_H3N2,plate21-A/South_Australia/2523812314/2025_H3N2,5921,0.04197,0.04197
flu-seqneut-2026-CTS-027,A/South_Australia/2523812314/2025_H3N2,plate21-A/South_Australia/2523812314/2025_H3N2,1.362e+04,0.04368,0.04368
flu-seqneut-2026-CTS-027,A/South_Australia/2527213276/2025_H3N2,plate21-A/South_Australia/2527213276/2025_H3N2,40,0,0
flu-seqneut-2026-CTS-027,A/South_Australia/2527213276/2025_H3N2,plate21-A/South_Australia/2527213276/2025_H3N2,212,0,0
flu-seqneut-2026-CTS-027,A/South_Australia/2527213276/2025_H3N2,plate21-A/South_Australia/2527213276/2025_H3N2,487,0.01186,0.01186
flu-seqneut-2026-CTS-027,A/South_Australia/2527213276/2025_H3N2,plate21-A/South_Australia/2527213276/2025_H3N2,2575,0.009217,0.009217
flu-seqneut-2026-CTS-027,A/South_Australia/2527213276/2025_H3N2,plate21-A/South_Australia/2527213276/2025_H3N2,5921,0.06555,0.06555
flu-seqneut-2026-CTS-027,A/South_Australia/2527213276/2025_H3N2,plate21-A/South_Australia/2527213276/2025_H3N2,1.362e+04,0.003421,0.003421
flu-seqneut-2026-CTS-027,A/StPetersburg/RII-25-2042S/2025_H3N2,plate21-A/StPetersburg/RII-25-2042S/2025_H3N2,40,0,0
flu-seqneut-2026-CTS-027,A/StPetersburg/RII-25-2042S/2025_H3N2,plate21-A/StPetersburg/RII-25-2042S/2025_H3N2,212,0.01688,0.01688
flu-seqneut-2026-CTS-027,A/StPetersburg/RII-25-2042S/2025_H3N2,plate21-A/StPetersburg/RII-25-2042S/2025_H3N2,487,0.1196,0.1196
flu-seqneut-2026-CTS-027,A/StPetersburg/RII-25-2042S/2025_H3N2,plate21-A/StPetersburg/RII-25-2042S/2025_H3N2,2575,0.01112,0.01112
flu-seqneut-2026-CTS-027,A/StPetersburg/RII-25-2042S/2025_H3N2,plate21-A/StPetersburg/RII-25-2042S/2025_H3N2,5921,0.02249,0.02249
flu-seqneut-2026-CTS-027,A/StPetersburg/RII-25-2042S/2025_H3N2,plate21-A/StPetersburg/RII-25-2042S/2025_H3N2,1.362e+04,0.04365,0.04365
flu-seqneut-2026-CTS-027,A/StPetersburg/RII-25-2321S/2025_H3N2,plate21-A/StPetersburg/RII-25-2321S/2025_H3N2,40,0,0
flu-seqneut-2026-CTS-027,A/StPetersburg/RII-25-2321S/2025_H3N2,plate21-A/StPetersburg/RII-25-2321S/2025_H3N2,212,0.003298,0.003298
flu-seqneut-2026-CTS-027,A/StPetersburg/RII-25-2321S/2025_H3N2,plate21-A/StPetersburg/RII-25-2321S/2025_H3N2,487,0.01613,0.01613
flu-seqneut-2026-CTS-027,A/StPetersburg/RII-25-2321S/2025_H3N2,plate21-A/StPetersburg/RII-25-2321S/2025_H3N2,2575,0.008143,0.008143
flu-seqneut-2026-CTS-027,A/StPetersburg/RII-25-2321S/2025_H3N2,plate21-A/StPetersburg/RII-25-2321S/2025_H3N2,5921,0.01592,0.01592
flu-seqneut-2026-CTS-027,A/StPetersburg/RII-25-2321S/2025_H3N2,plate21-A/StPetersburg/RII-25-2321S/2025_H3N2,1.362e+04,0.000289,0.000289
flu-seqneut-2026-CTS-027,A/StPetersburg/RII-25-2600S/2026_H3N2,plate21-A/StPetersburg/RII-25-2600S/2026_H3N2,40,0,0
flu-seqneut-2026-CTS-027,A/StPetersburg/RII-25-2600S/2026_H3N2,plate21-A/StPetersburg/RII-25-2600S/2026_H3N2,212,0.01792,0.01792
flu-seqneut-2026-CTS-027,A/StPetersburg/RII-25-2600S/2026_H3N2,plate21-A/StPetersburg/RII-25-2600S/2026_H3N2,487,0.1209,0.1209
flu-seqneut-2026-CTS-027,A/StPetersburg/RII-25-2600S/2026_H3N2,plate21-A/StPetersburg/RII-25-2600S/2026_H3N2,2575,0.03145,0.03145
flu-seqneut-2026-CTS-027,A/StPetersburg/RII-25-2600S/2026_H3N2,plate21-A/StPetersburg/RII-25-2600S/2026_H3N2,5921,0.02886,0.02886
flu-seqneut-2026-CTS-027,A/StPetersburg/RII-25-2600S/2026_H3N2,plate21-A/StPetersburg/RII-25-2600S/2026_H3N2,1.362e+04,0.02026,0.02026
flu-seqneut-2026-CTS-027,A/Sydney/1359/2024_H3N2,plate21-A/Sydney/1359/2024_H3N2,40,0,0
flu-seqneut-2026-CTS-027,A/Sydney/1359/2024_H3N2,plate21-A/Sydney/1359/2024_H3N2,212,0.02674,0.02674
flu-seqneut-2026-CTS-027,A/Sydney/1359/2024_H3N2,plate21-A/Sydney/1359/2024_H3N2,487,0.06063,0.06063
flu-seqneut-2026-CTS-027,A/Sydney/1359/2024_H3N2,plate21-A/Sydney/1359/2024_H3N2,2575,0.0118,0.0118
flu-seqneut-2026-CTS-027,A/Sydney/1359/2024_H3N2,plate21-A/Sydney/1359/2024_H3N2,5921,0.02373,0.02373
flu-seqneut-2026-CTS-027,A/Sydney/1359/2024_H3N2,plate21-A/Sydney/1359/2024_H3N2,1.362e+04,0.01187,0.01187
flu-seqneut-2026-CTS-027,A/Thailand/8/2022_H3N2,plate21-A/Thailand/8/2022_H3N2,40,0.001359,0.001359
flu-seqneut-2026-CTS-027,A/Thailand/8/2022_H3N2,plate21-A/Thailand/8/2022_H3N2,212,0.02277,0.02277
flu-seqneut-2026-CTS-027,A/Thailand/8/2022_H3N2,plate21-A/Thailand/8/2022_H3N2,487,0.1703,0.1703
flu-seqneut-2026-CTS-027,A/Thailand/8/2022_H3N2,plate21-A/Thailand/8/2022_H3N2,2575,0.01436,0.01436
flu-seqneut-2026-CTS-027,A/Thailand/8/2022_H3N2,plate21-A/Thailand/8/2022_H3N2,5921,0.04006,0.04006
flu-seqneut-2026-CTS-027,A/Thailand/8/2022_H3N2,plate21-A/Thailand/8/2022_H3N2,1.362e+04,0.03073,0.03073
flu-seqneut-2026-CTS-027,A/Thuringen/16/2026_H3N2,plate21-A/Thuringen/16/2026_H3N2,40,0,0
flu-seqneut-2026-CTS-027,A/Thuringen/16/2026_H3N2,plate21-A/Thuringen/16/2026_H3N2,212,0.003914,0.003914
flu-seqneut-2026-CTS-027,A/Thuringen/16/2026_H3N2,plate21-A/Thuringen/16/2026_H3N2,487,0.01572,0.01572
flu-seqneut-2026-CTS-027,A/Thuringen/16/2026_H3N2,plate21-A/Thuringen/16/2026_H3N2,2575,0.009862,0.009862
flu-seqneut-2026-CTS-027,A/Thuringen/16/2026_H3N2,plate21-A/Thuringen/16/2026_H3N2,5921,0.0327,0.0327
flu-seqneut-2026-CTS-027,A/Thuringen/16/2026_H3N2,plate21-A/Thuringen/16/2026_H3N2,1.362e+04,0.006287,0.006287
flu-seqneut-2026-CTS-027,A/Thuringen/39/2026_H3N2,plate21-A/Thuringen/39/2026_H3N2,40,0.0008333,0.0008333
flu-seqneut-2026-CTS-027,A/Thuringen/39/2026_H3N2,plate21-A/Thuringen/39/2026_H3N2,212,0.004437,0.004437
flu-seqneut-2026-CTS-027,A/Thuringen/39/2026_H3N2,plate21-A/Thuringen/39/2026_H3N2,487,0.07683,0.07683
flu-seqneut-2026-CTS-027,A/Thuringen/39/2026_H3N2,plate21-A/Thuringen/39/2026_H3N2,2575,0.03857,0.03857
flu-seqneut-2026-CTS-027,A/Thuringen/39/2026_H3N2,plate21-A/Thuringen/39/2026_H3N2,5921,0.1098,0.1098
flu-seqneut-2026-CTS-027,A/Thuringen/39/2026_H3N2,plate21-A/Thuringen/39/2026_H3N2,1.362e+04,0.06792,0.06792
flu-seqneut-2026-CTS-027,A/Trieste/257/2025_H3N2,plate21-A/Trieste/257/2025_H3N2,40,0.001025,0.001025
flu-seqneut-2026-CTS-027,A/Trieste/257/2025_H3N2,plate21-A/Trieste/257/2025_H3N2,212,0.03894,0.03894
flu-seqneut-2026-CTS-027,A/Trieste/257/2025_H3N2,plate21-A/Trieste/257/2025_H3N2,487,0.1757,0.1757
flu-seqneut-2026-CTS-027,A/Trieste/257/2025_H3N2,plate21-A/Trieste/257/2025_H3N2,2575,0.0117,0.0117
flu-seqneut-2026-CTS-027,A/Trieste/257/2025_H3N2,plate21-A/Trieste/257/2025_H3N2,5921,0.04119,0.04119
flu-seqneut-2026-CTS-027,A/Trieste/257/2025_H3N2,plate21-A/Trieste/257/2025_H3N2,1.362e+04,0.01745,0.01745
flu-seqneut-2026-CTS-027,A/Uppsala/SE26-01293/2026_H1N1,plate21-A/Uppsala/SE26-01293/2026_H1N1,40,0.004375,0.004375
flu-seqneut-2026-CTS-027,A/Uppsala/SE26-01293/2026_H1N1,plate21-A/Uppsala/SE26-01293/2026_H1N1,212,0.09814,0.09814
flu-seqneut-2026-CTS-027,A/Uppsala/SE26-01293/2026_H1N1,plate21-A/Uppsala/SE26-01293/2026_H1N1,487,0.2582,0.2582
flu-seqneut-2026-CTS-027,A/Uppsala/SE26-01293/2026_H1N1,plate21-A/Uppsala/SE26-01293/2026_H1N1,2575,0.05709,0.05709
flu-seqneut-2026-CTS-027,A/Uppsala/SE26-01293/2026_H1N1,plate21-A/Uppsala/SE26-01293/2026_H1N1,5921,0.1741,0.1741
flu-seqneut-2026-CTS-027,A/Uppsala/SE26-01293/2026_H1N1,plate21-A/Uppsala/SE26-01293/2026_H1N1,1.362e+04,0.08217,0.08217
flu-seqneut-2026-CTS-027,A/Victoria/2948/2025_H3N2,plate21-A/Victoria/2948/2025_H3N2,40,0.003827,0.003827
flu-seqneut-2026-CTS-027,A/Victoria/2948/2025_H3N2,plate21-A/Victoria/2948/2025_H3N2,212,0.1086,0.1086
flu-seqneut-2026-CTS-027,A/Victoria/2948/2025_H3N2,plate21-A/Victoria/2948/2025_H3N2,487,0.3374,0.3374
flu-seqneut-2026-CTS-027,A/Victoria/2948/2025_H3N2,plate21-A/Victoria/2948/2025_H3N2,2575,0.0362,0.0362
flu-seqneut-2026-CTS-027,A/Victoria/2948/2025_H3N2,plate21-A/Victoria/2948/2025_H3N2,5921,0.01891,0.01891
flu-seqneut-2026-CTS-027,A/Victoria/2948/2025_H3N2,plate21-A/Victoria/2948/2025_H3N2,1.362e+04,0.09438,0.09438
flu-seqneut-2026-CTS-027,A/Victoria/4897/2022_IVR-238_H1N1,plate21-A/Victoria/4897/2022_IVR-238_H1N1,40,0.001242,0.001242
flu-seqneut-2026-CTS-027,A/Victoria/4897/2022_IVR-238_H1N1,plate21-A/Victoria/4897/2022_IVR-238_H1N1,212,0.00399,0.00399
flu-seqneut-2026-CTS-027,A/Victoria/4897/2022_IVR-238_H1N1,plate21-A/Victoria/4897/2022_IVR-238_H1N1,487,0.01763,0.01763
flu-seqneut-2026-CTS-027,A/Victoria/4897/2022_IVR-238_H1N1,plate21-A/Victoria/4897/2022_IVR-238_H1N1,2575,0.05913,0.05913
flu-seqneut-2026-CTS-027,A/Victoria/4897/2022_IVR-238_H1N1,plate21-A/Victoria/4897/2022_IVR-238_H1N1,5921,0.04083,0.04083
flu-seqneut-2026-CTS-027,A/Victoria/4897/2022_IVR-238_H1N1,plate21-A/Victoria/4897/2022_IVR-238_H1N1,1.362e+04,0.07701,0.07701
flu-seqneut-2026-CTS-027,A/Vietnam/F7324/2024_H3N2,plate21-A/Vietnam/F7324/2024_H3N2,40,0,0
flu-seqneut-2026-CTS-027,A/Vietnam/F7324/2024_H3N2,plate21-A/Vietnam/F7324/2024_H3N2,212,0.001558,0.001558
flu-seqneut-2026-CTS-027,A/Vietnam/F7324/2024_H3N2,plate21-A/Vietnam/F7324/2024_H3N2,487,0.1526,0.1526
flu-seqneut-2026-CTS-027,A/Vietnam/F7324/2024_H3N2,plate21-A/Vietnam/F7324/2024_H3N2,2575,0.02029,0.02029
flu-seqneut-2026-CTS-027,A/Vietnam/F7324/2024_H3N2,plate21-A/Vietnam/F7324/2024_H3N2,5921,0.02404,0.02404
flu-seqneut-2026-CTS-027,A/Vietnam/F7324/2024_H3N2,plate21-A/Vietnam/F7324/2024_H3N2,1.362e+04,0.02705,0.02705
flu-seqneut-2026-CTS-027,A/Wisconsin/588/2019_H1N1,plate21-A/Wisconsin/588/2019_H1N1,40,0.00279,0.00279
flu-seqneut-2026-CTS-027,A/Wisconsin/588/2019_H1N1,plate21-A/Wisconsin/588/2019_H1N1,212,0.001793,0.001793
flu-seqneut-2026-CTS-027,A/Wisconsin/588/2019_H1N1,plate21-A/Wisconsin/588/2019_H1N1,487,0.1108,0.1108
flu-seqneut-2026-CTS-027,A/Wisconsin/588/2019_H1N1,plate21-A/Wisconsin/588/2019_H1N1,2575,0.03422,0.03422
flu-seqneut-2026-CTS-027,A/Wisconsin/588/2019_H1N1,plate21-A/Wisconsin/588/2019_H1N1,5921,0.1096,0.1096
flu-seqneut-2026-CTS-027,A/Wisconsin/588/2019_H1N1,plate21-A/Wisconsin/588/2019_H1N1,1.362e+04,0.1372,0.1372
flu-seqneut-2026-CTS-027,A/Zambia/7-NIC-313/2026_H1N1,plate21-A/Zambia/7-NIC-313/2026_H1N1,40,0.001137,0.001137
flu-seqneut-2026-CTS-027,A/Zambia/7-NIC-313/2026_H1N1,plate21-A/Zambia/7-NIC-313/2026_H1N1,212,0.05196,0.05196
flu-seqneut-2026-CTS-027,A/Zambia/7-NIC-313/2026_H1N1,plate21-A/Zambia/7-NIC-313/2026_H1N1,487,0.2657,0.2657
flu-seqneut-2026-CTS-027,A/Zambia/7-NIC-313/2026_H1N1,plate21-A/Zambia/7-NIC-313/2026_H1N1,2575,0.02903,0.02903
flu-seqneut-2026-CTS-027,A/Zambia/7-NIC-313/2026_H1N1,plate21-A/Zambia/7-NIC-313/2026_H1N1,5921,0.04593,0.04593
flu-seqneut-2026-CTS-027,A/Zambia/7-NIC-313/2026_H1N1,plate21-A/Zambia/7-NIC-313/2026_H1N1,1.362e+04,0.04048,0.04048
flu-seqneut-2026-CTS-028,A/Andalucia/PMC-00977/2025_H1N1,plate21-A/Andalucia/PMC-00977/2025_H1N1,40,0.002973,0.002973
flu-seqneut-2026-CTS-028,A/Andalucia/PMC-00977/2025_H1N1,plate21-A/Andalucia/PMC-00977/2025_H1N1,92,0.01325,0.01325
flu-seqneut-2026-CTS-028,A/Andalucia/PMC-00977/2025_H1N1,plate21-A/Andalucia/PMC-00977/2025_H1N1,212,0.303,0.303
flu-seqneut-2026-CTS-028,A/Andalucia/PMC-00977/2025_H1N1,plate21-A/Andalucia/PMC-00977/2025_H1N1,487,1.114,1
flu-seqneut-2026-CTS-028,A/Andalucia/PMC-00977/2025_H1N1,plate21-A/Andalucia/PMC-00977/2025_H1N1,1119,0.4707,0.4707
flu-seqneut-2026-CTS-028,A/Andalucia/PMC-00977/2025_H1N1,plate21-A/Andalucia/PMC-00977/2025_H1N1,2575,1.54,1
flu-seqneut-2026-CTS-028,A/Andalucia/PMC-00977/2025_H1N1,plate21-A/Andalucia/PMC-00977/2025_H1N1,5921,1.464,1
flu-seqneut-2026-CTS-028,A/Andalucia/PMC-00977/2025_H1N1,plate21-A/Andalucia/PMC-00977/2025_H1N1,1.362e+04,0.1189,0.1189
flu-seqneut-2026-CTS-028,A/Andalucia/PMC-01217/2025_H1N1,plate21-A/Andalucia/PMC-01217/2025_H1N1,40,0.007576,0.007576
flu-seqneut-2026-CTS-028,A/Andalucia/PMC-01217/2025_H1N1,plate21-A/Andalucia/PMC-01217/2025_H1N1,92,0.01691,0.01691
flu-seqneut-2026-CTS-028,A/Andalucia/PMC-01217/2025_H1N1,plate21-A/Andalucia/PMC-01217/2025_H1N1,212,0.2843,0.2843
flu-seqneut-2026-CTS-028,A/Andalucia/PMC-01217/2025_H1N1,plate21-A/Andalucia/PMC-01217/2025_H1N1,487,0.8499,0.8499
flu-seqneut-2026-CTS-028,A/Andalucia/PMC-01217/2025_H1N1,plate21-A/Andalucia/PMC-01217/2025_H1N1,1119,0.5486,0.5486
flu-seqneut-2026-CTS-028,A/Andalucia/PMC-01217/2025_H1N1,plate21-A/Andalucia/PMC-01217/2025_H1N1,2575,1.304,1
flu-seqneut-2026-CTS-028,A/Andalucia/PMC-01217/2025_H1N1,plate21-A/Andalucia/PMC-01217/2025_H1N1,5921,1.478,1
flu-seqneut-2026-CTS-028,A/Andalucia/PMC-01217/2025_H1N1,plate21-A/Andalucia/PMC-01217/2025_H1N1,1.362e+04,0.5303,0.5303
flu-seqneut-2026-CTS-028,A/Arizona/40/2026_H1N1,plate21-A/Arizona/40/2026_H1N1,40,0.002389,0.002389
flu-seqneut-2026-CTS-028,A/Arizona/40/2026_H1N1,plate21-A/Arizona/40/2026_H1N1,92,0.02477,0.02477
flu-seqneut-2026-CTS-028,A/Arizona/40/2026_H1N1,plate21-A/Arizona/40/2026_H1N1,212,0.1948,0.1948
flu-seqneut-2026-CTS-028,A/Arizona/40/2026_H1N1,plate21-A/Arizona/40/2026_H1N1,487,0.6746,0.6746
flu-seqneut-2026-CTS-028,A/Arizona/40/2026_H1N1,plate21-A/Arizona/40/2026_H1N1,1119,0.5448,0.5448
flu-seqneut-2026-CTS-028,A/Arizona/40/2026_H1N1,plate21-A/Arizona/40/2026_H1N1,2575,1.546,1
flu-seqneut-2026-CTS-028,A/Arizona/40/2026_H1N1,plate21-A/Arizona/40/2026_H1N1,5921,1.699,1
flu-seqneut-2026-CTS-028,A/Arizona/40/2026_H1N1,plate21-A/Arizona/40/2026_H1N1,1.362e+04,0.07703,0.07703
flu-seqneut-2026-CTS-028,A/Badajoz/18811358/2026_H3N2,plate21-A/Badajoz/18811358/2026_H3N2,40,0.04135,0.04135
flu-seqneut-2026-CTS-028,A/Badajoz/18811358/2026_H3N2,plate21-A/Badajoz/18811358/2026_H3N2,92,0.03237,0.03237
flu-seqneut-2026-CTS-028,A/Badajoz/18811358/2026_H3N2,plate21-A/Badajoz/18811358/2026_H3N2,212,0.4643,0.4643
flu-seqneut-2026-CTS-028,A/Badajoz/18811358/2026_H3N2,plate21-A/Badajoz/18811358/2026_H3N2,487,0.9238,0.9238
flu-seqneut-2026-CTS-028,A/Badajoz/18811358/2026_H3N2,plate21-A/Badajoz/18811358/2026_H3N2,1119,0.6191,0.6191
flu-seqneut-2026-CTS-028,A/Badajoz/18811358/2026_H3N2,plate21-A/Badajoz/18811358/2026_H3N2,2575,1.106,1
flu-seqneut-2026-CTS-028,A/Badajoz/18811358/2026_H3N2,plate21-A/Badajoz/18811358/2026_H3N2,5921,1.317,1
flu-seqneut-2026-CTS-028,A/Badajoz/18811358/2026_H3N2,plate21-A/Badajoz/18811358/2026_H3N2,1.362e+04,0.1544,0.1544
flu-seqneut-2026-CTS-028,A/Blaenavon/6687/2026_H3N2,plate21-A/Blaenavon/6687/2026_H3N2,40,0.001946,0.001946
flu-seqneut-2026-CTS-028,A/Blaenavon/6687/2026_H3N2,plate21-A/Blaenavon/6687/2026_H3N2,92,0,0
flu-seqneut-2026-CTS-028,A/Blaenavon/6687/2026_H3N2,plate21-A/Blaenavon/6687/2026_H3N2,212,0.02482,0.02482
flu-seqneut-2026-CTS-028,A/Blaenavon/6687/2026_H3N2,plate21-A/Blaenavon/6687/2026_H3N2,487,0.2243,0.2243
flu-seqneut-2026-CTS-028,A/Blaenavon/6687/2026_H3N2,plate21-A/Blaenavon/6687/2026_H3N2,1119,0.1418,0.1418
flu-seqneut-2026-CTS-028,A/Blaenavon/6687/2026_H3N2,plate21-A/Blaenavon/6687/2026_H3N2,2575,0.9842,0.9842
flu-seqneut-2026-CTS-028,A/Blaenavon/6687/2026_H3N2,plate21-A/Blaenavon/6687/2026_H3N2,5921,1.93,1
flu-seqneut-2026-CTS-028,A/Blaenavon/6687/2026_H3N2,plate21-A/Blaenavon/6687/2026_H3N2,1.362e+04,0.04212,0.04212
flu-seqneut-2026-CTS-028,A/BritishColumbia/RV05508-25/2025_H1N1,plate21-A/BritishColumbia/RV05508-25/2025_H1N1,40,0.003387,0.003387
flu-seqneut-2026-CTS-028,A/BritishColumbia/RV05508-25/2025_H1N1,plate21-A/BritishColumbia/RV05508-25/2025_H1N1,92,0.01426,0.01426
flu-seqneut-2026-CTS-028,A/BritishColumbia/RV05508-25/2025_H1N1,plate21-A/BritishColumbia/RV05508-25/2025_H1N1,212,0.5192,0.5192
flu-seqneut-2026-CTS-028,A/BritishColumbia/RV05508-25/2025_H1N1,plate21-A/BritishColumbia/RV05508-25/2025_H1N1,487,1.143,1
flu-seqneut-2026-CTS-028,A/BritishColumbia/RV05508-25/2025_H1N1,plate21-A/BritishColumbia/RV05508-25/2025_H1N1,1119,0.5066,0.5066
flu-seqneut-2026-CTS-028,A/BritishColumbia/RV05508-25/2025_H1N1,plate21-A/BritishColumbia/RV05508-25/2025_H1N1,2575,1.375,1
flu-seqneut-2026-CTS-028,A/BritishColumbia/RV05508-25/2025_H1N1,plate21-A/BritishColumbia/RV05508-25/2025_H1N1,5921,2.247,1
flu-seqneut-2026-CTS-028,A/BritishColumbia/RV05508-25/2025_H1N1,plate21-A/BritishColumbia/RV05508-25/2025_H1N1,1.362e+04,0.08979,0.08979
flu-seqneut-2026-CTS-028,A/California/NIRC-IS-1019/2026_H1N1,plate21-A/California/NIRC-IS-1019/2026_H1N1,40,0.006102,0.006102
flu-seqneut-2026-CTS-028,A/California/NIRC-IS-1019/2026_H1N1,plate21-A/California/NIRC-IS-1019/2026_H1N1,92,0.03075,0.03075
flu-seqneut-2026-CTS-028,A/California/NIRC-IS-1019/2026_H1N1,plate21-A/California/NIRC-IS-1019/2026_H1N1,212,0.464,0.464
flu-seqneut-2026-CTS-028,A/California/NIRC-IS-1019/2026_H1N1,plate21-A/California/NIRC-IS-1019/2026_H1N1,487,1.017,1
flu-seqneut-2026-CTS-028,A/California/NIRC-IS-1019/2026_H1N1,plate21-A/California/NIRC-IS-1019/2026_H1N1,1119,0.5226,0.5226
flu-seqneut-2026-CTS-028,A/California/NIRC-IS-1019/2026_H1N1,plate21-A/California/NIRC-IS-1019/2026_H1N1,2575,1.392,1
flu-seqneut-2026-CTS-028,A/California/NIRC-IS-1019/2026_H1N1,plate21-A/California/NIRC-IS-1019/2026_H1N1,5921,1.721,1
flu-seqneut-2026-CTS-028,A/California/NIRC-IS-1019/2026_H1N1,plate21-A/California/NIRC-IS-1019/2026_H1N1,1.362e+04,0.08505,0.08505
flu-seqneut-2026-CTS-028,A/Colorado/218/2024_H1N1,plate21-A/Colorado/218/2024_H1N1,40,0.0007694,0.0007694
flu-seqneut-2026-CTS-028,A/Colorado/218/2024_H1N1,plate21-A/Colorado/218/2024_H1N1,92,0.03839,0.03839
flu-seqneut-2026-CTS-028,A/Colorado/218/2024_H1N1,plate21-A/Colorado/218/2024_H1N1,212,0.2897,0.2897
flu-seqneut-2026-CTS-028,A/Colorado/218/2024_H1N1,plate21-A/Colorado/218/2024_H1N1,487,1.422,1
flu-seqneut-2026-CTS-028,A/Colorado/218/2024_H1N1,plate21-A/Colorado/218/2024_H1N1,1119,0.4327,0.4327
flu-seqneut-2026-CTS-028,A/Colorado/218/2024_H1N1,plate21-A/Colorado/218/2024_H1N1,2575,0.8186,0.8186
flu-seqneut-2026-CTS-028,A/Colorado/218/2024_H1N1,plate21-A/Colorado/218/2024_H1N1,5921,2.285,1
flu-seqneut-2026-CTS-028,A/Colorado/218/2024_H1N1,plate21-A/Colorado/218/2024_H1N1,1.362e+04,0.1011,0.1011
flu-seqneut-2026-CTS-028,A/France/ARA-HCL025195259501/2025_H1N1,plate21-A/France/ARA-HCL025195259501/2025_H1N1,40,0.005232,0.005232
flu-seqneut-2026-CTS-028,A/France/ARA-HCL025195259501/2025_H1N1,plate21-A/France/ARA-HCL025195259501/2025_H1N1,92,0.01695,0.01695
flu-seqneut-2026-CTS-028,A/France/ARA-HCL025195259501/2025_H1N1,plate21-A/France/ARA-HCL025195259501/2025_H1N1,212,0.3432,0.3432
flu-seqneut-2026-CTS-028,A/France/ARA-HCL025195259501/2025_H1N1,plate21-A/France/ARA-HCL025195259501/2025_H1N1,487,0.8612,0.8612
flu-seqneut-2026-CTS-028,A/France/ARA-HCL025195259501/2025_H1N1,plate21-A/France/ARA-HCL025195259501/2025_H1N1,1119,0.3942,0.3942
flu-seqneut-2026-CTS-028,A/France/ARA-HCL025195259501/2025_H1N1,plate21-A/France/ARA-HCL025195259501/2025_H1N1,2575,1.334,1
flu-seqneut-2026-CTS-028,A/France/ARA-HCL025195259501/2025_H1N1,plate21-A/France/ARA-HCL025195259501/2025_H1N1,5921,1.836,1
flu-seqneut-2026-CTS-028,A/France/ARA-HCL025195259501/2025_H1N1,plate21-A/France/ARA-HCL025195259501/2025_H1N1,1.362e+04,0.1145,0.1145
flu-seqneut-2026-CTS-028,A/France/GES-IPP00659/2026_H1N1,plate21-A/France/GES-IPP00659/2026_H1N1,40,0.006105,0.006105
flu-seqneut-2026-CTS-028,A/France/GES-IPP00659/2026_H1N1,plate21-A/France/GES-IPP00659/2026_H1N1,92,0.007287,0.007287
flu-seqneut-2026-CTS-028,A/France/GES-IPP00659/2026_H1N1,plate21-A/France/GES-IPP00659/2026_H1N1,212,0.3006,0.3006
flu-seqneut-2026-CTS-028,A/France/GES-IPP00659/2026_H1N1,plate21-A/France/GES-IPP00659/2026_H1N1,487,1.001,1
flu-seqneut-2026-CTS-028,A/France/GES-IPP00659/2026_H1N1,plate21-A/France/GES-IPP00659/2026_H1N1,1119,0.3539,0.3539
flu-seqneut-2026-CTS-028,A/France/GES-IPP00659/2026_H1N1,plate21-A/France/GES-IPP00659/2026_H1N1,2575,1.426,1
flu-seqneut-2026-CTS-028,A/France/GES-IPP00659/2026_H1N1,plate21-A/France/GES-IPP00659/2026_H1N1,5921,1.329,1
flu-seqneut-2026-CTS-028,A/France/GES-IPP00659/2026_H1N1,plate21-A/France/GES-IPP00659/2026_H1N1,1.362e+04,0.1322,0.1322
flu-seqneut-2026-CTS-028,A/Galicia/GA-CHUAC-612/2025_H1N1,plate21-A/Galicia/GA-CHUAC-612/2025_H1N1,40,0.005651,0.005651
flu-seqneut-2026-CTS-028,A/Galicia/GA-CHUAC-612/2025_H1N1,plate21-A/Galicia/GA-CHUAC-612/2025_H1N1,92,0.0238,0.0238
flu-seqneut-2026-CTS-028,A/Galicia/GA-CHUAC-612/2025_H1N1,plate21-A/Galicia/GA-CHUAC-612/2025_H1N1,212,0.3098,0.3098
flu-seqneut-2026-CTS-028,A/Galicia/GA-CHUAC-612/2025_H1N1,plate21-A/Galicia/GA-CHUAC-612/2025_H1N1,487,2.638,1
flu-seqneut-2026-CTS-028,A/Galicia/GA-CHUAC-612/2025_H1N1,plate21-A/Galicia/GA-CHUAC-612/2025_H1N1,1119,0.5637,0.5637
flu-seqneut-2026-CTS-028,A/Galicia/GA-CHUAC-612/2025_H1N1,plate21-A/Galicia/GA-CHUAC-612/2025_H1N1,2575,1.458,1
flu-seqneut-2026-CTS-028,A/Galicia/GA-CHUAC-612/2025_H1N1,plate21-A/Galicia/GA-CHUAC-612/2025_H1N1,5921,1.539,1
flu-seqneut-2026-CTS-028,A/Galicia/GA-CHUAC-612/2025_H1N1,plate21-A/Galicia/GA-CHUAC-612/2025_H1N1,1.362e+04,0.19,0.19
flu-seqneut-2026-CTS-028,A/Hawaii/70/2019_H1N1,plate21-A/Hawaii/70/2019_H1N1,40,0.001685,0.001685
flu-seqneut-2026-CTS-028,A/Hawaii/70/2019_H1N1,plate21-A/Hawaii/70/2019_H1N1,92,0.05549,0.05549
flu-seqneut-2026-CTS-028,A/Hawaii/70/2019_H1N1,plate21-A/Hawaii/70/2019_H1N1,212,0.3008,0.3008
flu-seqneut-2026-CTS-028,A/Hawaii/70/2019_H1N1,plate21-A/Hawaii/70/2019_H1N1,487,0.5708,0.5708
flu-seqneut-2026-CTS-028,A/Hawaii/70/2019_H1N1,plate21-A/Hawaii/70/2019_H1N1,1119,0.5429,0.5429
flu-seqneut-2026-CTS-028,A/Hawaii/70/2019_H1N1,plate21-A/Hawaii/70/2019_H1N1,2575,1.116,1
flu-seqneut-2026-CTS-028,A/Hawaii/70/2019_H1N1,plate21-A/Hawaii/70/2019_H1N1,5921,2.35,1
flu-seqneut-2026-CTS-028,A/Hawaii/70/2019_H1N1,plate21-A/Hawaii/70/2019_H1N1,1.362e+04,0.2504,0.2504
flu-seqneut-2026-CTS-028,A/Hawaii/ISC-1140/2025_H1N1,plate21-A/Hawaii/ISC-1140/2025_H1N1,40,0.003896,0.003896
flu-seqneut-2026-CTS-028,A/Hawaii/ISC-1140/2025_H1N1,plate21-A/Hawaii/ISC-1140/2025_H1N1,92,0.01473,0.01473
flu-seqneut-2026-CTS-028,A/Hawaii/ISC-1140/2025_H1N1,plate21-A/Hawaii/ISC-1140/2025_H1N1,212,0.2319,0.2319
flu-seqneut-2026-CTS-028,A/Hawaii/ISC-1140/2025_H1N1,plate21-A/Hawaii/ISC-1140/2025_H1N1,487,0.5688,0.5688
flu-seqneut-2026-CTS-028,A/Hawaii/ISC-1140/2025_H1N1,plate21-A/Hawaii/ISC-1140/2025_H1N1,1119,0.5392,0.5392
flu-seqneut-2026-CTS-028,A/Hawaii/ISC-1140/2025_H1N1,plate21-A/Hawaii/ISC-1140/2025_H1N1,2575,1.13,1
flu-seqneut-2026-CTS-028,A/Hawaii/ISC-1140/2025_H1N1,plate21-A/Hawaii/ISC-1140/2025_H1N1,1.362e+04,0.1821,0.1821
flu-seqneut-2026-CTS-028,A/Kentucky/80/2025_H1N1,plate21-A/Kentucky/80/2025_H1N1,40,0.006865,0.006865
flu-seqneut-2026-CTS-028,A/Kentucky/80/2025_H1N1,plate21-A/Kentucky/80/2025_H1N1,92,0.05686,0.05686
flu-seqneut-2026-CTS-028,A/Kentucky/80/2025_H1N1,plate21-A/Kentucky/80/2025_H1N1,212,0.6117,0.6117
flu-seqneut-2026-CTS-028,A/Kentucky/80/2025_H1N1,plate21-A/Kentucky/80/2025_H1N1,487,0.9315,0.9315
flu-seqneut-2026-CTS-028,A/Kentucky/80/2025_H1N1,plate21-A/Kentucky/80/2025_H1N1,1119,0.7251,0.7251
flu-seqneut-2026-CTS-028,A/Kentucky/80/2025_H1N1,plate21-A/Kentucky/80/2025_H1N1,2575,1.545,1
flu-seqneut-2026-CTS-028,A/Kentucky/80/2025_H1N1,plate21-A/Kentucky/80/2025_H1N1,5921,1.759,1
flu-seqneut-2026-CTS-028,A/Kentucky/80/2025_H1N1,plate21-A/Kentucky/80/2025_H1N1,1.362e+04,0.07727,0.07727
flu-seqneut-2026-CTS-028,A/Maine/25/2026_H1N1,plate21-A/Maine/25/2026_H1N1,40,0.002636,0.002636
flu-seqneut-2026-CTS-028,A/Maine/25/2026_H1N1,plate21-A/Maine/25/2026_H1N1,92,0.01464,0.01464
flu-seqneut-2026-CTS-028,A/Maine/25/2026_H1N1,plate21-A/Maine/25/2026_H1N1,212,0.304,0.304
flu-seqneut-2026-CTS-028,A/Maine/25/2026_H1N1,plate21-A/Maine/25/2026_H1N1,487,1.007,1
flu-seqneut-2026-CTS-028,A/Maine/25/2026_H1N1,plate21-A/Maine/25/2026_H1N1,1119,0.5471,0.5471
flu-seqneut-2026-CTS-028,A/Maine/25/2026_H1N1,plate21-A/Maine/25/2026_H1N1,2575,1.34,1
flu-seqneut-2026-CTS-028,A/Maine/25/2026_H1N1,plate21-A/Maine/25/2026_H1N1,5921,1.44,1
flu-seqneut-2026-CTS-028,A/Maine/25/2026_H1N1,plate21-A/Maine/25/2026_H1N1,1.362e+04,0.09858,0.09858
flu-seqneut-2026-CTS-028,A/Malaysia/IMR/SARI/2406/2025_H3N2,plate21-A/Malaysia/IMR/SARI/2406/2025_H3N2,40,0.001542,0.001542
flu-seqneut-2026-CTS-028,A/Malaysia/IMR/SARI/2406/2025_H3N2,plate21-A/Malaysia/IMR/SARI/2406/2025_H3N2,92,0.008494,0.008494
flu-seqneut-2026-CTS-028,A/Malaysia/IMR/SARI/2406/2025_H3N2,plate21-A/Malaysia/IMR/SARI/2406/2025_H3N2,212,0.4759,0.4759
flu-seqneut-2026-CTS-028,A/Malaysia/IMR/SARI/2406/2025_H3N2,plate21-A/Malaysia/IMR/SARI/2406/2025_H3N2,487,1.211,1
flu-seqneut-2026-CTS-028,A/Malaysia/IMR/SARI/2406/2025_H3N2,plate21-A/Malaysia/IMR/SARI/2406/2025_H3N2,1119,0.6804,0.6804
flu-seqneut-2026-CTS-028,A/Malaysia/IMR/SARI/2406/2025_H3N2,plate21-A/Malaysia/IMR/SARI/2406/2025_H3N2,2575,1.27,1
flu-seqneut-2026-CTS-028,A/Malaysia/IMR/SARI/2406/2025_H3N2,plate21-A/Malaysia/IMR/SARI/2406/2025_H3N2,5921,1.743,1
flu-seqneut-2026-CTS-028,A/Malaysia/IMR/SARI/2406/2025_H3N2,plate21-A/Malaysia/IMR/SARI/2406/2025_H3N2,1.362e+04,0.03974,0.03974
flu-seqneut-2026-CTS-028,A/Mississippi/20/2026_H1N1,plate21-A/Mississippi/20/2026_H1N1,40,0.001449,0.001449
flu-seqneut-2026-CTS-028,A/Mississippi/20/2026_H1N1,plate21-A/Mississippi/20/2026_H1N1,92,0.01424,0.01424
flu-seqneut-2026-CTS-028,A/Mississippi/20/2026_H1N1,plate21-A/Mississippi/20/2026_H1N1,212,0.2457,0.2457
flu-seqneut-2026-CTS-028,A/Mississippi/20/2026_H1N1,plate21-A/Mississippi/20/2026_H1N1,487,1.325,1
flu-seqneut-2026-CTS-028,A/Mississippi/20/2026_H1N1,plate21-A/Mississippi/20/2026_H1N1,1119,0.7042,0.7042
flu-seqneut-2026-CTS-028,A/Mississippi/20/2026_H1N1,plate21-A/Mississippi/20/2026_H1N1,2575,1.689,1
flu-seqneut-2026-CTS-028,A/Mississippi/20/2026_H1N1,plate21-A/Mississippi/20/2026_H1N1,1.362e+04,0.03672,0.03672
flu-seqneut-2026-CTS-028,A/Missouri/11/2025_cell_H1N1,plate21-A/Missouri/11/2025_cell_H1N1,40,0,0
flu-seqneut-2026-CTS-028,A/Missouri/11/2025_cell_H1N1,plate21-A/Missouri/11/2025_cell_H1N1,92,0.0232,0.0232
flu-seqneut-2026-CTS-028,A/Missouri/11/2025_cell_H1N1,plate21-A/Missouri/11/2025_cell_H1N1,212,0.2648,0.2648
flu-seqneut-2026-CTS-028,A/Missouri/11/2025_cell_H1N1,plate21-A/Missouri/11/2025_cell_H1N1,487,0.8113,0.8113
flu-seqneut-2026-CTS-028,A/Missouri/11/2025_cell_H1N1,plate21-A/Missouri/11/2025_cell_H1N1,1119,0.8859,0.8859
flu-seqneut-2026-CTS-028,A/Missouri/11/2025_cell_H1N1,plate21-A/Missouri/11/2025_cell_H1N1,2575,1.189,1
flu-seqneut-2026-CTS-028,A/Missouri/11/2025_cell_H1N1,plate21-A/Missouri/11/2025_cell_H1N1,5921,1.382,1
flu-seqneut-2026-CTS-028,A/Missouri/11/2025_cell_H1N1,plate21-A/Missouri/11/2025_cell_H1N1,1.362e+04,0.2067,0.2067
flu-seqneut-2026-CTS-028,A/Missouri/11/2025_egg_H1N1,plate21-A/Missouri/11/2025_egg_H1N1,40,0,0
flu-seqneut-2026-CTS-028,A/Missouri/11/2025_egg_H1N1,plate21-A/Missouri/11/2025_egg_H1N1,92,0.0009613,0.0009613
flu-seqneut-2026-CTS-028,A/Missouri/11/2025_egg_H1N1,plate21-A/Missouri/11/2025_egg_H1N1,212,0.001727,0.001727
flu-seqneut-2026-CTS-028,A/Missouri/11/2025_egg_H1N1,plate21-A/Missouri/11/2025_egg_H1N1,487,0,0
flu-seqneut-2026-CTS-028,A/Missouri/11/2025_egg_H1N1,plate21-A/Missouri/11/2025_egg_H1N1,1119,0.01394,0.01394
flu-seqneut-2026-CTS-028,A/Missouri/11/2025_egg_H1N1,plate21-A/Missouri/11/2025_egg_H1N1,2575,0.2153,0.2153
flu-seqneut-2026-CTS-028,A/Missouri/11/2025_egg_H1N1,plate21-A/Missouri/11/2025_egg_H1N1,5921,0.4996,0.4996
flu-seqneut-2026-CTS-028,A/Missouri/11/2025_egg_H1N1,plate21-A/Missouri/11/2025_egg_H1N1,1.362e+04,0.06984,0.06984
flu-seqneut-2026-CTS-028,A/Netherlands/2398/2025_H1N1,plate21-A/Netherlands/2398/2025_H1N1,40,0.01729,0.01729
flu-seqneut-2026-CTS-028,A/Netherlands/2398/2025_H1N1,plate21-A/Netherlands/2398/2025_H1N1,92,0.07182,0.07182
flu-seqneut-2026-CTS-028,A/Netherlands/2398/2025_H1N1,plate21-A/Netherlands/2398/2025_H1N1,212,0.7342,0.7342
flu-seqneut-2026-CTS-028,A/Netherlands/2398/2025_H1N1,plate21-A/Netherlands/2398/2025_H1N1,487,1.65,1
flu-seqneut-2026-CTS-028,A/Netherlands/2398/2025_H1N1,plate21-A/Netherlands/2398/2025_H1N1,1119,0.6052,0.6052
flu-seqneut-2026-CTS-028,A/Netherlands/2398/2025_H1N1,plate21-A/Netherlands/2398/2025_H1N1,2575,1.813,1
flu-seqneut-2026-CTS-028,A/Netherlands/2398/2025_H1N1,plate21-A/Netherlands/2398/2025_H1N1,5921,1.896,1
flu-seqneut-2026-CTS-028,A/Netherlands/2398/2025_H1N1,plate21-A/Netherlands/2398/2025_H1N1,1.362e+04,0.1045,0.1045
flu-seqneut-2026-CTS-028,A/NewBrunswick/NBPHLFLUA10B-MM00057R/2026_H1N1,plate21-A/NewBrunswick/NBPHLFLUA10B-MM00057R/2026_H1N1,40,0.004106,0.004106
flu-seqneut-2026-CTS-028,A/NewBrunswick/NBPHLFLUA10B-MM00057R/2026_H1N1,plate21-A/NewBrunswick/NBPHLFLUA10B-MM00057R/2026_H1N1,92,0.0165,0.0165
flu-seqneut-2026-CTS-028,A/NewBrunswick/NBPHLFLUA10B-MM00057R/2026_H1N1,plate21-A/NewBrunswick/NBPHLFLUA10B-MM00057R/2026_H1N1,212,0.3262,0.3262
flu-seqneut-2026-CTS-028,A/NewBrunswick/NBPHLFLUA10B-MM00057R/2026_H1N1,plate21-A/NewBrunswick/NBPHLFLUA10B-MM00057R/2026_H1N1,487,1.069,1
flu-seqneut-2026-CTS-028,A/NewBrunswick/NBPHLFLUA10B-MM00057R/2026_H1N1,plate21-A/NewBrunswick/NBPHLFLUA10B-MM00057R/2026_H1N1,1119,0.4491,0.4491
flu-seqneut-2026-CTS-028,A/NewBrunswick/NBPHLFLUA10B-MM00057R/2026_H1N1,plate21-A/NewBrunswick/NBPHLFLUA10B-MM00057R/2026_H1N1,2575,1.513,1
flu-seqneut-2026-CTS-028,A/NewBrunswick/NBPHLFLUA10B-MM00057R/2026_H1N1,plate21-A/NewBrunswick/NBPHLFLUA10B-MM00057R/2026_H1N1,5921,0.8914,0.8914
flu-seqneut-2026-CTS-028,A/NewBrunswick/NBPHLFLUA10B-MM00057R/2026_H1N1,plate21-A/NewBrunswick/NBPHLFLUA10B-MM00057R/2026_H1N1,1.362e+04,0.1562,0.1562
flu-seqneut-2026-CTS-028,A/Norway/9556/2025_H1N1,plate21-A/Norway/9556/2025_H1N1,40,0,0
flu-seqneut-2026-CTS-028,A/Norway/9556/2025_H1N1,plate21-A/Norway/9556/2025_H1N1,92,0.0195,0.0195
flu-seqneut-2026-CTS-028,A/Norway/9556/2025_H1N1,plate21-A/Norway/9556/2025_H1N1,212,0.576,0.576
flu-seqneut-2026-CTS-028,A/Norway/9556/2025_H1N1,plate21-A/Norway/9556/2025_H1N1,487,1.472,1
flu-seqneut-2026-CTS-028,A/Norway/9556/2025_H1N1,plate21-A/Norway/9556/2025_H1N1,1119,0.511,0.511
flu-seqneut-2026-CTS-028,A/Norway/9556/2025_H1N1,plate21-A/Norway/9556/2025_H1N1,2575,1.613,1
flu-seqneut-2026-CTS-028,A/Norway/9556/2025_H1N1,plate21-A/Norway/9556/2025_H1N1,5921,1.442,1
flu-seqneut-2026-CTS-028,A/Norway/9556/2025_H1N1,plate21-A/Norway/9556/2025_H1N1,1.362e+04,0.2659,0.2659
flu-seqneut-2026-CTS-028,A/Ohio/259/2024_H1N1,plate21-A/Ohio/259/2024_H1N1,40,0.002166,0.002166
flu-seqneut-2026-CTS-028,A/Ohio/259/2024_H1N1,plate21-A/Ohio/259/2024_H1N1,92,0.01347,0.01347
flu-seqneut-2026-CTS-028,A/Ohio/259/2024_H1N1,plate21-A/Ohio/259/2024_H1N1,212,0.2724,0.2724
flu-seqneut-2026-CTS-028,A/Ohio/259/2024_H1N1,plate21-A/Ohio/259/2024_H1N1,487,0.5831,0.5831
flu-seqneut-2026-CTS-028,A/Ohio/259/2024_H1N1,plate21-A/Ohio/259/2024_H1N1,1119,0.5839,0.5839
flu-seqneut-2026-CTS-028,A/Ohio/259/2024_H1N1,plate21-A/Ohio/259/2024_H1N1,2575,1.457,1
flu-seqneut-2026-CTS-028,A/Ohio/259/2024_H1N1,plate21-A/Ohio/259/2024_H1N1,5921,2.328,1
flu-seqneut-2026-CTS-028,A/Ohio/259/2024_H1N1,plate21-A/Ohio/259/2024_H1N1,1.362e+04,0.1136,0.1136
flu-seqneut-2026-CTS-028,A/PaisVasco/70369726/2026_H1N1,plate21-A/PaisVasco/70369726/2026_H1N1,40,0.001704,0.001704
flu-seqneut-2026-CTS-028,A/PaisVasco/70369726/2026_H1N1,plate21-A/PaisVasco/70369726/2026_H1N1,92,0.01545,0.01545
flu-seqneut-2026-CTS-028,A/PaisVasco/70369726/2026_H1N1,plate21-A/PaisVasco/70369726/2026_H1N1,212,0.2503,0.2503
flu-seqneut-2026-CTS-028,A/PaisVasco/70369726/2026_H1N1,plate21-A/PaisVasco/70369726/2026_H1N1,487,0.7192,0.7192
flu-seqneut-2026-CTS-028,A/PaisVasco/70369726/2026_H1N1,plate21-A/PaisVasco/70369726/2026_H1N1,1119,0.4495,0.4495
flu-seqneut-2026-CTS-028,A/PaisVasco/70369726/2026_H1N1,plate21-A/PaisVasco/70369726/2026_H1N1,2575,1.553,1
flu-seqneut-2026-CTS-028,A/PaisVasco/70369726/2026_H1N1,plate21-A/PaisVasco/70369726/2026_H1N1,5921,1.609,1
flu-seqneut-2026-CTS-028,A/PaisVasco/70369726/2026_H1N1,plate21-A/PaisVasco/70369726/2026_H1N1,1.362e+04,0.145,0.145
flu-seqneut-2026-CTS-028,A/Saskatchewan/SKFLU490586/2026_H1N1,plate21-A/Saskatchewan/SKFLU490586/2026_H1N1,40,0.002022,0.002022
flu-seqneut-2026-CTS-028,A/Saskatchewan/SKFLU490586/2026_H1N1,plate21-A/Saskatchewan/SKFLU490586/2026_H1N1,92,0.02228,0.02228
flu-seqneut-2026-CTS-028,A/Saskatchewan/SKFLU490586/2026_H1N1,plate21-A/Saskatchewan/SKFLU490586/2026_H1N1,212,0.2051,0.2051
flu-seqneut-2026-CTS-028,A/Saskatchewan/SKFLU490586/2026_H1N1,plate21-A/Saskatchewan/SKFLU490586/2026_H1N1,487,0.8857,0.8857
flu-seqneut-2026-CTS-028,A/Saskatchewan/SKFLU490586/2026_H1N1,plate21-A/Saskatchewan/SKFLU490586/2026_H1N1,1119,0.3976,0.3976
flu-seqneut-2026-CTS-028,A/Saskatchewan/SKFLU490586/2026_H1N1,plate21-A/Saskatchewan/SKFLU490586/2026_H1N1,2575,1.042,1
flu-seqneut-2026-CTS-028,A/Saskatchewan/SKFLU490586/2026_H1N1,plate21-A/Saskatchewan/SKFLU490586/2026_H1N1,5921,1.274,1
flu-seqneut-2026-CTS-028,A/Saskatchewan/SKFLU490586/2026_H1N1,plate21-A/Saskatchewan/SKFLU490586/2026_H1N1,1.362e+04,0.1325,0.1325
flu-seqneut-2026-CTS-028,A/Singapore/KK2768/2025_H1N1,plate21-A/Singapore/KK2768/2025_H1N1,40,0,0
flu-seqneut-2026-CTS-028,A/Singapore/KK2768/2025_H1N1,plate21-A/Singapore/KK2768/2025_H1N1,92,0.01197,0.01197
flu-seqneut-2026-CTS-028,A/Singapore/KK2768/2025_H1N1,plate21-A/Singapore/KK2768/2025_H1N1,212,0.352,0.352
flu-seqneut-2026-CTS-028,A/Singapore/KK2768/2025_H1N1,plate21-A/Singapore/KK2768/2025_H1N1,487,0.9214,0.9214
flu-seqneut-2026-CTS-028,A/Singapore/KK2768/2025_H1N1,plate21-A/Singapore/KK2768/2025_H1N1,1119,0.9174,0.9174
flu-seqneut-2026-CTS-028,A/Singapore/KK2768/2025_H1N1,plate21-A/Singapore/KK2768/2025_H1N1,2575,1.374,1
flu-seqneut-2026-CTS-028,A/Singapore/KK2768/2025_H1N1,plate21-A/Singapore/KK2768/2025_H1N1,5921,1.984,1
flu-seqneut-2026-CTS-028,A/Singapore/KK2768/2025_H1N1,plate21-A/Singapore/KK2768/2025_H1N1,1.362e+04,0.1051,0.1051
flu-seqneut-2026-CTS-028,A/Singapore/MOH0547/2024_H1N1,plate21-A/Singapore/MOH0547/2024_H1N1,40,0.003417,0.003417
flu-seqneut-2026-CTS-028,A/Singapore/MOH0547/2024_H1N1,plate21-A/Singapore/MOH0547/2024_H1N1,92,0.01455,0.01455
flu-seqneut-2026-CTS-028,A/Singapore/MOH0547/2024_H1N1,plate21-A/Singapore/MOH0547/2024_H1N1,212,0.144,0.144
flu-seqneut-2026-CTS-028,A/Singapore/MOH0547/2024_H1N1,plate21-A/Singapore/MOH0547/2024_H1N1,487,1.265,1
flu-seqneut-2026-CTS-028,A/Singapore/MOH0547/2024_H1N1,plate21-A/Singapore/MOH0547/2024_H1N1,1119,0.4309,0.4309
flu-seqneut-2026-CTS-028,A/Singapore/MOH0547/2024_H1N1,plate21-A/Singapore/MOH0547/2024_H1N1,2575,1.905,1
flu-seqneut-2026-CTS-028,A/Singapore/MOH0547/2024_H1N1,plate21-A/Singapore/MOH0547/2024_H1N1,5921,1.36,1
flu-seqneut-2026-CTS-028,A/Singapore/MOH0547/2024_H1N1,plate21-A/Singapore/MOH0547/2024_H1N1,1.362e+04,0.1135,0.1135
flu-seqneut-2026-CTS-028,A/SouthAfrica/NHLS-SU-CERI-C075557/2026_H1N1,plate21-A/SouthAfrica/NHLS-SU-CERI-C075557/2026_H1N1,40,0.003271,0.003271
flu-seqneut-2026-CTS-028,A/SouthAfrica/NHLS-SU-CERI-C075557/2026_H1N1,plate21-A/SouthAfrica/NHLS-SU-CERI-C075557/2026_H1N1,92,0.02331,0.02331
flu-seqneut-2026-CTS-028,A/SouthAfrica/NHLS-SU-CERI-C075557/2026_H1N1,plate21-A/SouthAfrica/NHLS-SU-CERI-C075557/2026_H1N1,212,0.4444,0.4444
flu-seqneut-2026-CTS-028,A/SouthAfrica/NHLS-SU-CERI-C075557/2026_H1N1,plate21-A/SouthAfrica/NHLS-SU-CERI-C075557/2026_H1N1,487,1.446,1
flu-seqneut-2026-CTS-028,A/SouthAfrica/NHLS-SU-CERI-C075557/2026_H1N1,plate21-A/SouthAfrica/NHLS-SU-CERI-C075557/2026_H1N1,1119,0.3956,0.3956
flu-seqneut-2026-CTS-028,A/SouthAfrica/NHLS-SU-CERI-C075557/2026_H1N1,plate21-A/SouthAfrica/NHLS-SU-CERI-C075557/2026_H1N1,2575,1.427,1
flu-seqneut-2026-CTS-028,A/SouthAfrica/NHLS-SU-CERI-C075557/2026_H1N1,plate21-A/SouthAfrica/NHLS-SU-CERI-C075557/2026_H1N1,5921,1.409,1
flu-seqneut-2026-CTS-028,A/SouthAfrica/NHLS-SU-CERI-C075557/2026_H1N1,plate21-A/SouthAfrica/NHLS-SU-CERI-C075557/2026_H1N1,1.362e+04,0.1846,0.1846
flu-seqneut-2026-CTS-028,A/SouthAfrica/NICD-R01647/2026_H1N1,plate21-A/SouthAfrica/NICD-R01647/2026_H1N1,40,0.002401,0.002401
flu-seqneut-2026-CTS-028,A/SouthAfrica/NICD-R01647/2026_H1N1,plate21-A/SouthAfrica/NICD-R01647/2026_H1N1,92,0.007194,0.007194
flu-seqneut-2026-CTS-028,A/SouthAfrica/NICD-R01647/2026_H1N1,plate21-A/SouthAfrica/NICD-R01647/2026_H1N1,212,0.2667,0.2667
flu-seqneut-2026-CTS-028,A/SouthAfrica/NICD-R01647/2026_H1N1,plate21-A/SouthAfrica/NICD-R01647/2026_H1N1,487,0.6626,0.6626
flu-seqneut-2026-CTS-028,A/SouthAfrica/NICD-R01647/2026_H1N1,plate21-A/SouthAfrica/NICD-R01647/2026_H1N1,1119,0.4845,0.4845
flu-seqneut-2026-CTS-028,A/SouthAfrica/NICD-R01647/2026_H1N1,plate21-A/SouthAfrica/NICD-R01647/2026_H1N1,2575,1.629,1
flu-seqneut-2026-CTS-028,A/SouthAfrica/NICD-R01647/2026_H1N1,plate21-A/SouthAfrica/NICD-R01647/2026_H1N1,5921,1.59,1
flu-seqneut-2026-CTS-028,A/SouthAfrica/NICD-R01647/2026_H1N1,plate21-A/SouthAfrica/NICD-R01647/2026_H1N1,1.362e+04,0.1075,0.1075
flu-seqneut-2026-CTS-028,A/SouthAfrica/NICD-R01668/2026_H1N1,plate21-A/SouthAfrica/NICD-R01668/2026_H1N1,40,0.002052,0.002052
flu-seqneut-2026-CTS-028,A/SouthAfrica/NICD-R01668/2026_H1N1,plate21-A/SouthAfrica/NICD-R01668/2026_H1N1,92,0.01441,0.01441
flu-seqneut-2026-CTS-028,A/SouthAfrica/NICD-R01668/2026_H1N1,plate21-A/SouthAfrica/NICD-R01668/2026_H1N1,212,0.2284,0.2284
flu-seqneut-2026-CTS-028,A/SouthAfrica/NICD-R01668/2026_H1N1,plate21-A/SouthAfrica/NICD-R01668/2026_H1N1,487,0.4967,0.4967
flu-seqneut-2026-CTS-028,A/SouthAfrica/NICD-R01668/2026_H1N1,plate21-A/SouthAfrica/NICD-R01668/2026_H1N1,1119,0.4269,0.4269
flu-seqneut-2026-CTS-028,A/SouthAfrica/NICD-R01668/2026_H1N1,plate21-A/SouthAfrica/NICD-R01668/2026_H1N1,2575,1.216,1
flu-seqneut-2026-CTS-028,A/SouthAfrica/NICD-R01668/2026_H1N1,plate21-A/SouthAfrica/NICD-R01668/2026_H1N1,5921,1.506,1
flu-seqneut-2026-CTS-028,A/SouthAfrica/NICD-R01668/2026_H1N1,plate21-A/SouthAfrica/NICD-R01668/2026_H1N1,1.362e+04,0.1576,0.1576
flu-seqneut-2026-CTS-028,A/SouthAfrica/PATH-CERI-C073358/2025_H1N1,plate21-A/SouthAfrica/PATH-CERI-C073358/2025_H1N1,40,0.01127,0.01127
flu-seqneut-2026-CTS-028,A/SouthAfrica/PATH-CERI-C073358/2025_H1N1,plate21-A/SouthAfrica/PATH-CERI-C073358/2025_H1N1,92,0.02585,0.02585
flu-seqneut-2026-CTS-028,A/SouthAfrica/PATH-CERI-C073358/2025_H1N1,plate21-A/SouthAfrica/PATH-CERI-C073358/2025_H1N1,212,0.1968,0.1968
flu-seqneut-2026-CTS-028,A/SouthAfrica/PATH-CERI-C073358/2025_H1N1,plate21-A/SouthAfrica/PATH-CERI-C073358/2025_H1N1,487,0.8894,0.8894
flu-seqneut-2026-CTS-028,A/SouthAfrica/PATH-CERI-C073358/2025_H1N1,plate21-A/SouthAfrica/PATH-CERI-C073358/2025_H1N1,1119,0.418,0.418
flu-seqneut-2026-CTS-028,A/SouthAfrica/PATH-CERI-C073358/2025_H1N1,plate21-A/SouthAfrica/PATH-CERI-C073358/2025_H1N1,2575,1.623,1
flu-seqneut-2026-CTS-028,A/SouthAfrica/PATH-CERI-C073358/2025_H1N1,plate21-A/SouthAfrica/PATH-CERI-C073358/2025_H1N1,5921,1.486,1
flu-seqneut-2026-CTS-028,A/SouthAfrica/PATH-CERI-C073358/2025_H1N1,plate21-A/SouthAfrica/PATH-CERI-C073358/2025_H1N1,1.362e+04,0.1769,0.1769
flu-seqneut-2026-CTS-028,A/SouthAfrica/PATH-CERI-C073366/2025_H1N1,plate21-A/SouthAfrica/PATH-CERI-C073366/2025_H1N1,40,0.008994,0.008994
flu-seqneut-2026-CTS-028,A/SouthAfrica/PATH-CERI-C073366/2025_H1N1,plate21-A/SouthAfrica/PATH-CERI-C073366/2025_H1N1,92,0.03122,0.03122
flu-seqneut-2026-CTS-028,A/SouthAfrica/PATH-CERI-C073366/2025_H1N1,plate21-A/SouthAfrica/PATH-CERI-C073366/2025_H1N1,212,0.3853,0.3853
flu-seqneut-2026-CTS-028,A/SouthAfrica/PATH-CERI-C073366/2025_H1N1,plate21-A/SouthAfrica/PATH-CERI-C073366/2025_H1N1,487,0.5657,0.5657
flu-seqneut-2026-CTS-028,A/SouthAfrica/PATH-CERI-C073366/2025_H1N1,plate21-A/SouthAfrica/PATH-CERI-C073366/2025_H1N1,1119,0.4682,0.4682
flu-seqneut-2026-CTS-028,A/SouthAfrica/PATH-CERI-C073366/2025_H1N1,plate21-A/SouthAfrica/PATH-CERI-C073366/2025_H1N1,2575,1.216,1
flu-seqneut-2026-CTS-028,A/SouthAfrica/PATH-CERI-C073366/2025_H1N1,plate21-A/SouthAfrica/PATH-CERI-C073366/2025_H1N1,5921,1.978,1
flu-seqneut-2026-CTS-028,A/SouthAfrica/PATH-CERI-C073366/2025_H1N1,plate21-A/SouthAfrica/PATH-CERI-C073366/2025_H1N1,1.362e+04,0.1974,0.1974
flu-seqneut-2026-CTS-028,A/Switzerland/UN-SNRCI-HUG-053/2025_H1N1,plate21-A/Switzerland/UN-SNRCI-HUG-053/2025_H1N1,40,0.00442,0.00442
flu-seqneut-2026-CTS-028,A/Switzerland/UN-SNRCI-HUG-053/2025_H1N1,plate21-A/Switzerland/UN-SNRCI-HUG-053/2025_H1N1,92,0.00491,0.00491
flu-seqneut-2026-CTS-028,A/Switzerland/UN-SNRCI-HUG-053/2025_H1N1,plate21-A/Switzerland/UN-SNRCI-HUG-053/2025_H1N1,212,0.2598,0.2598
flu-seqneut-2026-CTS-028,A/Switzerland/UN-SNRCI-HUG-053/2025_H1N1,plate21-A/Switzerland/UN-SNRCI-HUG-053/2025_H1N1,487,0.9607,0.9607
flu-seqneut-2026-CTS-028,A/Switzerland/UN-SNRCI-HUG-053/2025_H1N1,plate21-A/Switzerland/UN-SNRCI-HUG-053/2025_H1N1,1119,0.3648,0.3648
flu-seqneut-2026-CTS-028,A/Switzerland/UN-SNRCI-HUG-053/2025_H1N1,plate21-A/Switzerland/UN-SNRCI-HUG-053/2025_H1N1,2575,1.7,1
flu-seqneut-2026-CTS-028,A/Switzerland/UN-SNRCI-HUG-053/2025_H1N1,plate21-A/Switzerland/UN-SNRCI-HUG-053/2025_H1N1,5921,1.627,1
flu-seqneut-2026-CTS-028,A/Switzerland/UN-SNRCI-HUG-053/2025_H1N1,plate21-A/Switzerland/UN-SNRCI-HUG-053/2025_H1N1,1.362e+04,0.1147,0.1147
flu-seqneut-2026-CTS-028,A/Texas/29/2026_H1N1,plate21-A/Texas/29/2026_H1N1,40,0.001067,0.001067
flu-seqneut-2026-CTS-028,A/Texas/29/2026_H1N1,plate21-A/Texas/29/2026_H1N1,92,0.01781,0.01781
flu-seqneut-2026-CTS-028,A/Texas/29/2026_H1N1,plate21-A/Texas/29/2026_H1N1,212,0.3004,0.3004
flu-seqneut-2026-CTS-028,A/Texas/29/2026_H1N1,plate21-A/Texas/29/2026_H1N1,487,0.8512,0.8512
flu-seqneut-2026-CTS-028,A/Texas/29/2026_H1N1,plate21-A/Texas/29/2026_H1N1,1119,0.4888,0.4888
flu-seqneut-2026-CTS-028,A/Texas/29/2026_H1N1,plate21-A/Texas/29/2026_H1N1,2575,1.962,1
flu-seqneut-2026-CTS-028,A/Texas/29/2026_H1N1,plate21-A/Texas/29/2026_H1N1,5921,1.751,1
flu-seqneut-2026-CTS-028,A/Texas/29/2026_H1N1,plate21-A/Texas/29/2026_H1N1,1.362e+04,0.07611,0.07611
flu-seqneut-2026-CTS-028,A/Tokyo/EIS11-277/2024_H1N1,plate21-A/Tokyo/EIS11-277/2024_H1N1,40,0,0
flu-seqneut-2026-CTS-028,A/Tokyo/EIS11-277/2024_H1N1,plate21-A/Tokyo/EIS11-277/2024_H1N1,92,0.007122,0.007122
flu-seqneut-2026-CTS-028,A/Tokyo/EIS11-277/2024_H1N1,plate21-A/Tokyo/EIS11-277/2024_H1N1,212,0.2057,0.2057
flu-seqneut-2026-CTS-028,A/Tokyo/EIS11-277/2024_H1N1,plate21-A/Tokyo/EIS11-277/2024_H1N1,487,0.6613,0.6613
flu-seqneut-2026-CTS-028,A/Tokyo/EIS11-277/2024_H1N1,plate21-A/Tokyo/EIS11-277/2024_H1N1,1119,0.3417,0.3417
flu-seqneut-2026-CTS-028,A/Tokyo/EIS11-277/2024_H1N1,plate21-A/Tokyo/EIS11-277/2024_H1N1,2575,1.249,1
flu-seqneut-2026-CTS-028,A/Tokyo/EIS11-277/2024_H1N1,plate21-A/Tokyo/EIS11-277/2024_H1N1,5921,1.118,1
flu-seqneut-2026-CTS-028,A/Tokyo/EIS11-277/2024_H1N1,plate21-A/Tokyo/EIS11-277/2024_H1N1,1.362e+04,0.1373,0.1373
flu-seqneut-2026-CTS-028,A/Trieste/380/2026_H3N2,plate21-A/Trieste/380/2026_H3N2,40,0.03564,0.03564
flu-seqneut-2026-CTS-028,A/Trieste/380/2026_H3N2,plate21-A/Trieste/380/2026_H3N2,92,0.06798,0.06798
flu-seqneut-2026-CTS-028,A/Trieste/380/2026_H3N2,plate21-A/Trieste/380/2026_H3N2,212,0.9481,0.9481
flu-seqneut-2026-CTS-028,A/Trieste/380/2026_H3N2,plate21-A/Trieste/380/2026_H3N2,487,1.351,1
flu-seqneut-2026-CTS-028,A/Trieste/380/2026_H3N2,plate21-A/Trieste/380/2026_H3N2,1119,0.5725,0.5725
flu-seqneut-2026-CTS-028,A/Trieste/380/2026_H3N2,plate21-A/Trieste/380/2026_H3N2,2575,2.23,1
flu-seqneut-2026-CTS-028,A/Trieste/380/2026_H3N2,plate21-A/Trieste/380/2026_H3N2,5921,1.831,1
flu-seqneut-2026-CTS-028,A/Trieste/380/2026_H3N2,plate21-A/Trieste/380/2026_H3N2,1.362e+04,0.05797,0.05797
flu-seqneut-2026-CTS-028,A/Ukraine/5214/2026_H1N1,plate21-A/Ukraine/5214/2026_H1N1,40,0.00743,0.00743
flu-seqneut-2026-CTS-028,A/Ukraine/5214/2026_H1N1,plate21-A/Ukraine/5214/2026_H1N1,92,0.02185,0.02185
flu-seqneut-2026-CTS-028,A/Ukraine/5214/2026_H1N1,plate21-A/Ukraine/5214/2026_H1N1,212,0.5014,0.5014
flu-seqneut-2026-CTS-028,A/Ukraine/5214/2026_H1N1,plate21-A/Ukraine/5214/2026_H1N1,487,0.3952,0.3952
flu-seqneut-2026-CTS-028,A/Ukraine/5214/2026_H1N1,plate21-A/Ukraine/5214/2026_H1N1,1119,0.7264,0.7264
flu-seqneut-2026-CTS-028,A/Ukraine/5214/2026_H1N1,plate21-A/Ukraine/5214/2026_H1N1,2575,1.67,1
flu-seqneut-2026-CTS-028,A/Ukraine/5214/2026_H1N1,plate21-A/Ukraine/5214/2026_H1N1,5921,1.92,1
flu-seqneut-2026-CTS-028,A/Ukraine/5214/2026_H1N1,plate21-A/Ukraine/5214/2026_H1N1,1.362e+04,0.3006,0.3006
flu-seqneut-2026-CTS-028,A/Uppsala/SE26-01293/2026_H1N1,plate21-A/Uppsala/SE26-01293/2026_H1N1,40,0,0
flu-seqneut-2026-CTS-028,A/Uppsala/SE26-01293/2026_H1N1,plate21-A/Uppsala/SE26-01293/2026_H1N1,92,0.04152,0.04152
flu-seqneut-2026-CTS-028,A/Uppsala/SE26-01293/2026_H1N1,plate21-A/Uppsala/SE26-01293/2026_H1N1,212,0.07811,0.07811
flu-seqneut-2026-CTS-028,A/Uppsala/SE26-01293/2026_H1N1,plate21-A/Uppsala/SE26-01293/2026_H1N1,487,0.841,0.841
flu-seqneut-2026-CTS-028,A/Uppsala/SE26-01293/2026_H1N1,plate21-A/Uppsala/SE26-01293/2026_H1N1,1119,0.7008,0.7008
flu-seqneut-2026-CTS-028,A/Uppsala/SE26-01293/2026_H1N1,plate21-A/Uppsala/SE26-01293/2026_H1N1,2575,2.853,1
flu-seqneut-2026-CTS-028,A/Uppsala/SE26-01293/2026_H1N1,plate21-A/Uppsala/SE26-01293/2026_H1N1,5921,1.228,1
flu-seqneut-2026-CTS-028,A/Uppsala/SE26-01293/2026_H1N1,plate21-A/Uppsala/SE26-01293/2026_H1N1,1.362e+04,0.03186,0.03186
flu-seqneut-2026-CTS-028,A/Victoria/4897/2022_IVR-238_H1N1,plate21-A/Victoria/4897/2022_IVR-238_H1N1,40,0,0
flu-seqneut-2026-CTS-028,A/Victoria/4897/2022_IVR-238_H1N1,plate21-A/Victoria/4897/2022_IVR-238_H1N1,92,0,0
flu-seqneut-2026-CTS-028,A/Victoria/4897/2022_IVR-238_H1N1,plate21-A/Victoria/4897/2022_IVR-238_H1N1,212,0.02756,0.02756
flu-seqneut-2026-CTS-028,A/Victoria/4897/2022_IVR-238_H1N1,plate21-A/Victoria/4897/2022_IVR-238_H1N1,487,0.0673,0.0673
flu-seqneut-2026-CTS-028,A/Victoria/4897/2022_IVR-238_H1N1,plate21-A/Victoria/4897/2022_IVR-238_H1N1,1119,0.152,0.152
flu-seqneut-2026-CTS-028,A/Victoria/4897/2022_IVR-238_H1N1,plate21-A/Victoria/4897/2022_IVR-238_H1N1,2575,0.9633,0.9633
flu-seqneut-2026-CTS-028,A/Victoria/4897/2022_IVR-238_H1N1,plate21-A/Victoria/4897/2022_IVR-238_H1N1,5921,1.497,1
flu-seqneut-2026-CTS-028,A/Victoria/4897/2022_IVR-238_H1N1,plate21-A/Victoria/4897/2022_IVR-238_H1N1,1.362e+04,0.1356,0.1356
flu-seqneut-2026-CTS-028,A/Vietnam/PF125413/2025_H1N1,plate21-A/Vietnam/PF125413/2025_H1N1,40,0.004328,0.004328
flu-seqneut-2026-CTS-028,A/Vietnam/PF125413/2025_H1N1,plate21-A/Vietnam/PF125413/2025_H1N1,92,0.005609,0.005609
flu-seqneut-2026-CTS-028,A/Vietnam/PF125413/2025_H1N1,plate21-A/Vietnam/PF125413/2025_H1N1,212,0.1865,0.1865
flu-seqneut-2026-CTS-028,A/Vietnam/PF125413/2025_H1N1,plate21-A/Vietnam/PF125413/2025_H1N1,487,0.6884,0.6884
flu-seqneut-2026-CTS-028,A/Vietnam/PF125413/2025_H1N1,plate21-A/Vietnam/PF125413/2025_H1N1,1119,0.4394,0.4394
flu-seqneut-2026-CTS-028,A/Vietnam/PF125413/2025_H1N1,plate21-A/Vietnam/PF125413/2025_H1N1,2575,1.56,1
flu-seqneut-2026-CTS-028,A/Vietnam/PF125413/2025_H1N1,plate21-A/Vietnam/PF125413/2025_H1N1,5921,1.468,1
flu-seqneut-2026-CTS-028,A/Vietnam/PF125413/2025_H1N1,plate21-A/Vietnam/PF125413/2025_H1N1,1.362e+04,0.09026,0.09026
flu-seqneut-2026-CTS-028,A/Wisconsin/67/2022_H1N1,plate21-A/Wisconsin/67/2022_H1N1,40,0.004827,0.004827
flu-seqneut-2026-CTS-028,A/Wisconsin/67/2022_H1N1,plate21-A/Wisconsin/67/2022_H1N1,92,0.1487,0.1487
flu-seqneut-2026-CTS-028,A/Wisconsin/67/2022_H1N1,plate21-A/Wisconsin/67/2022_H1N1,212,0.2047,0.2047
flu-seqneut-2026-CTS-028,A/Wisconsin/67/2022_H1N1,plate21-A/Wisconsin/67/2022_H1N1,487,0.4245,0.4245
flu-seqneut-2026-CTS-028,A/Wisconsin/67/2022_H1N1,plate21-A/Wisconsin/67/2022_H1N1,1119,0.3718,0.3718
flu-seqneut-2026-CTS-028,A/Wisconsin/67/2022_H1N1,plate21-A/Wisconsin/67/2022_H1N1,2575,1.3,1
flu-seqneut-2026-CTS-028,A/Wisconsin/67/2022_H1N1,plate21-A/Wisconsin/67/2022_H1N1,5921,1.293,1
flu-seqneut-2026-CTS-028,A/Wisconsin/67/2022_H1N1,plate21-A/Wisconsin/67/2022_H1N1,1.362e+04,0.2348,0.2348
flu-seqneut-2026-CTS-028,A/Zambia/6-NIC-014/2026_H1N1,plate21-A/Zambia/6-NIC-014/2026_H1N1,40,0.005493,0.005493
flu-seqneut-2026-CTS-028,A/Zambia/6-NIC-014/2026_H1N1,plate21-A/Zambia/6-NIC-014/2026_H1N1,92,0.004406,0.004406
flu-seqneut-2026-CTS-028,A/Zambia/6-NIC-014/2026_H1N1,plate21-A/Zambia/6-NIC-014/2026_H1N1,212,0.3137,0.3137
flu-seqneut-2026-CTS-028,A/Zambia/6-NIC-014/2026_H1N1,plate21-A/Zambia/6-NIC-014/2026_H1N1,487,0.9646,0.9646
flu-seqneut-2026-CTS-028,A/Zambia/6-NIC-014/2026_H1N1,plate21-A/Zambia/6-NIC-014/2026_H1N1,1119,0.4187,0.4187
flu-seqneut-2026-CTS-028,A/Zambia/6-NIC-014/2026_H1N1,plate21-A/Zambia/6-NIC-014/2026_H1N1,2575,1.449,1
flu-seqneut-2026-CTS-028,A/Zambia/6-NIC-014/2026_H1N1,plate21-A/Zambia/6-NIC-014/2026_H1N1,5921,1.456,1
flu-seqneut-2026-CTS-028,A/Zambia/6-NIC-014/2026_H1N1,plate21-A/Zambia/6-NIC-014/2026_H1N1,1.362e+04,0.1082,0.1082
flu-seqneut-2026-CTS-029,A/California/NIRC-IS-1059/2026_H3N2,plate21-A/California/NIRC-IS-1059/2026_H3N2,40,0.006323,0.006323
flu-seqneut-2026-CTS-029,A/California/NIRC-IS-1059/2026_H3N2,plate21-A/California/NIRC-IS-1059/2026_H3N2,92,0.0116,0.0116
flu-seqneut-2026-CTS-029,A/California/NIRC-IS-1059/2026_H3N2,plate21-A/California/NIRC-IS-1059/2026_H3N2,212,0.1126,0.1126
flu-seqneut-2026-CTS-029,A/California/NIRC-IS-1059/2026_H3N2,plate21-A/California/NIRC-IS-1059/2026_H3N2,487,0.3547,0.3547
flu-seqneut-2026-CTS-029,A/California/NIRC-IS-1059/2026_H3N2,plate21-A/California/NIRC-IS-1059/2026_H3N2,1119,0.6833,0.6833
flu-seqneut-2026-CTS-029,A/California/NIRC-IS-1059/2026_H3N2,plate21-A/California/NIRC-IS-1059/2026_H3N2,2575,1.277,1
flu-seqneut-2026-CTS-029,A/California/NIRC-IS-1059/2026_H3N2,plate21-A/California/NIRC-IS-1059/2026_H3N2,5921,1.735,1
flu-seqneut-2026-CTS-029,A/California/NIRC-IS-1059/2026_H3N2,plate21-A/California/NIRC-IS-1059/2026_H3N2,1.362e+04,0.02947,0.02947
flu-seqneut-2026-CTS-029,A/Colorado/218/2024_H1N1,plate21-A/Colorado/218/2024_H1N1,40,0.03312,0.03312
flu-seqneut-2026-CTS-029,A/Colorado/218/2024_H1N1,plate21-A/Colorado/218/2024_H1N1,92,0.01235,0.01235
flu-seqneut-2026-CTS-029,A/Colorado/218/2024_H1N1,plate21-A/Colorado/218/2024_H1N1,212,0.4749,0.4749
flu-seqneut-2026-CTS-029,A/Colorado/218/2024_H1N1,plate21-A/Colorado/218/2024_H1N1,487,1.356,1
flu-seqneut-2026-CTS-029,A/Colorado/218/2024_H1N1,plate21-A/Colorado/218/2024_H1N1,1119,0.5316,0.5316
flu-seqneut-2026-CTS-029,A/Colorado/218/2024_H1N1,plate21-A/Colorado/218/2024_H1N1,2575,1.36,1
flu-seqneut-2026-CTS-029,A/Colorado/218/2024_H1N1,plate21-A/Colorado/218/2024_H1N1,5921,1.599,1
flu-seqneut-2026-CTS-029,A/Colorado/218/2024_H1N1,plate21-A/Colorado/218/2024_H1N1,1.362e+04,0.07309,0.07309
flu-seqneut-2026-CTS-029,A/District_Of_Columbia/27/2023_H3N2,plate21-A/District_Of_Columbia/27/2023_H3N2,40,0,0
flu-seqneut-2026-CTS-029,A/District_Of_Columbia/27/2023_H3N2,plate21-A/District_Of_Columbia/27/2023_H3N2,92,0.005123,0.005123
flu-seqneut-2026-CTS-029,A/District_Of_Columbia/27/2023_H3N2,plate21-A/District_Of_Columbia/27/2023_H3N2,212,0.03323,0.03323
flu-seqneut-2026-CTS-029,A/District_Of_Columbia/27/2023_H3N2,plate21-A/District_Of_Columbia/27/2023_H3N2,487,0.4835,0.4835
flu-seqneut-2026-CTS-029,A/District_Of_Columbia/27/2023_H3N2,plate21-A/District_Of_Columbia/27/2023_H3N2,1119,0.5081,0.5081
flu-seqneut-2026-CTS-029,A/District_Of_Columbia/27/2023_H3N2,plate21-A/District_Of_Columbia/27/2023_H3N2,2575,0.8062,0.8062
flu-seqneut-2026-CTS-029,A/District_Of_Columbia/27/2023_H3N2,plate21-A/District_Of_Columbia/27/2023_H3N2,5921,0.8605,0.8605
flu-seqneut-2026-CTS-029,A/District_Of_Columbia/27/2023_H3N2,plate21-A/District_Of_Columbia/27/2023_H3N2,1.362e+04,0.01887,0.01887
flu-seqneut-2026-CTS-029,A/Missouri/11/2025_cell_H1N1,plate21-A/Missouri/11/2025_cell_H1N1,40,0.06852,0.06852
flu-seqneut-2026-CTS-029,A/Missouri/11/2025_cell_H1N1,plate21-A/Missouri/11/2025_cell_H1N1,92,0.03448,0.03448
flu-seqneut-2026-CTS-029,A/Missouri/11/2025_cell_H1N1,plate21-A/Missouri/11/2025_cell_H1N1,212,0.2468,0.2468
flu-seqneut-2026-CTS-029,A/Missouri/11/2025_cell_H1N1,plate21-A/Missouri/11/2025_cell_H1N1,487,0.7643,0.7643
flu-seqneut-2026-CTS-029,A/Missouri/11/2025_cell_H1N1,plate21-A/Missouri/11/2025_cell_H1N1,1119,0.5624,0.5624
flu-seqneut-2026-CTS-029,A/Missouri/11/2025_cell_H1N1,plate21-A/Missouri/11/2025_cell_H1N1,2575,1.655,1
flu-seqneut-2026-CTS-029,A/Missouri/11/2025_cell_H1N1,plate21-A/Missouri/11/2025_cell_H1N1,5921,1.595,1
flu-seqneut-2026-CTS-029,A/Missouri/11/2025_cell_H1N1,plate21-A/Missouri/11/2025_cell_H1N1,1.362e+04,0.1317,0.1317
flu-seqneut-2026-CTS-029,A/Netherlands/543/2026_H1N1,plate21-A/Netherlands/543/2026_H1N1,40,0.0507,0.0507
flu-seqneut-2026-CTS-029,A/Netherlands/543/2026_H1N1,plate21-A/Netherlands/543/2026_H1N1,92,0.0846,0.0846
flu-seqneut-2026-CTS-029,A/Netherlands/543/2026_H1N1,plate21-A/Netherlands/543/2026_H1N1,212,0.7293,0.7293
flu-seqneut-2026-CTS-029,A/Netherlands/543/2026_H1N1,plate21-A/Netherlands/543/2026_H1N1,487,1.192,1
flu-seqneut-2026-CTS-029,A/Netherlands/543/2026_H1N1,plate21-A/Netherlands/543/2026_H1N1,1119,0.3699,0.3699
flu-seqneut-2026-CTS-029,A/Netherlands/543/2026_H1N1,plate21-A/Netherlands/543/2026_H1N1,2575,1.176,1
flu-seqneut-2026-CTS-029,A/Netherlands/543/2026_H1N1,plate21-A/Netherlands/543/2026_H1N1,5921,1.029,1
flu-seqneut-2026-CTS-029,A/Netherlands/543/2026_H1N1,plate21-A/Netherlands/543/2026_H1N1,1.362e+04,0.336,0.336
flu-seqneut-2026-CTS-029,A/Norway/9556/2025_H1N1,plate21-A/Norway/9556/2025_H1N1,40,0.02324,0.02324
flu-seqneut-2026-CTS-029,A/Norway/9556/2025_H1N1,plate21-A/Norway/9556/2025_H1N1,92,0.07638,0.07638
flu-seqneut-2026-CTS-029,A/Norway/9556/2025_H1N1,plate21-A/Norway/9556/2025_H1N1,212,0.6149,0.6149
flu-seqneut-2026-CTS-029,A/Norway/9556/2025_H1N1,plate21-A/Norway/9556/2025_H1N1,487,1.064,1
flu-seqneut-2026-CTS-029,A/Norway/9556/2025_H1N1,plate21-A/Norway/9556/2025_H1N1,1119,0.6886,0.6886
flu-seqneut-2026-CTS-029,A/Norway/9556/2025_H1N1,plate21-A/Norway/9556/2025_H1N1,2575,2.277,1
flu-seqneut-2026-CTS-029,A/Norway/9556/2025_H1N1,plate21-A/Norway/9556/2025_H1N1,5921,1.303,1
flu-seqneut-2026-CTS-029,A/Norway/9556/2025_H1N1,plate21-A/Norway/9556/2025_H1N1,1.362e+04,0.07544,0.07544
flu-seqneut-2026-CTS-029,A/Ohio/259/2024_H1N1,plate21-A/Ohio/259/2024_H1N1,40,0.08244,0.08244
flu-seqneut-2026-CTS-029,A/Ohio/259/2024_H1N1,plate21-A/Ohio/259/2024_H1N1,92,0.1162,0.1162
flu-seqneut-2026-CTS-029,A/Ohio/259/2024_H1N1,plate21-A/Ohio/259/2024_H1N1,212,0.5843,0.5843
flu-seqneut-2026-CTS-029,A/Ohio/259/2024_H1N1,plate21-A/Ohio/259/2024_H1N1,487,0.7933,0.7933
flu-seqneut-2026-CTS-029,A/Ohio/259/2024_H1N1,plate21-A/Ohio/259/2024_H1N1,1119,0.6589,0.6589
flu-seqneut-2026-CTS-029,A/Ohio/259/2024_H1N1,plate21-A/Ohio/259/2024_H1N1,2575,1.952,1
flu-seqneut-2026-CTS-029,A/Ohio/259/2024_H1N1,plate21-A/Ohio/259/2024_H1N1,5921,1.574,1
flu-seqneut-2026-CTS-029,A/Ohio/259/2024_H1N1,plate21-A/Ohio/259/2024_H1N1,1.362e+04,0.129,0.129
flu-seqneut-2026-CTS-029,A/Tokyo/EIS11-277/2024_H1N1,plate21-A/Tokyo/EIS11-277/2024_H1N1,40,0.01192,0.01192
flu-seqneut-2026-CTS-029,A/Tokyo/EIS11-277/2024_H1N1,plate21-A/Tokyo/EIS11-277/2024_H1N1,92,0.09406,0.09406
flu-seqneut-2026-CTS-029,A/Tokyo/EIS11-277/2024_H1N1,plate21-A/Tokyo/EIS11-277/2024_H1N1,212,0.5359,0.5359
flu-seqneut-2026-CTS-029,A/Tokyo/EIS11-277/2024_H1N1,plate21-A/Tokyo/EIS11-277/2024_H1N1,487,0.8339,0.8339
flu-seqneut-2026-CTS-029,A/Tokyo/EIS11-277/2024_H1N1,plate21-A/Tokyo/EIS11-277/2024_H1N1,1119,0.4181,0.4181
flu-seqneut-2026-CTS-029,A/Tokyo/EIS11-277/2024_H1N1,plate21-A/Tokyo/EIS11-277/2024_H1N1,2575,1.338,1
flu-seqneut-2026-CTS-029,A/Tokyo/EIS11-277/2024_H1N1,plate21-A/Tokyo/EIS11-277/2024_H1N1,5921,1.331,1
flu-seqneut-2026-CTS-029,A/Tokyo/EIS11-277/2024_H1N1,plate21-A/Tokyo/EIS11-277/2024_H1N1,1.362e+04,0.1656,0.1656
flu-seqneut-2026-CTS-029,A/Wisconsin/588/2019_H1N1,plate21-A/Wisconsin/588/2019_H1N1,40,0.002883,0.002883
flu-seqneut-2026-CTS-029,A/Wisconsin/588/2019_H1N1,plate21-A/Wisconsin/588/2019_H1N1,92,0.0007452,0.0007452
flu-seqneut-2026-CTS-029,A/Wisconsin/588/2019_H1N1,plate21-A/Wisconsin/588/2019_H1N1,212,0.00813,0.00813
flu-seqneut-2026-CTS-029,A/Wisconsin/588/2019_H1N1,plate21-A/Wisconsin/588/2019_H1N1,487,0.2096,0.2096
flu-seqneut-2026-CTS-029,A/Wisconsin/588/2019_H1N1,plate21-A/Wisconsin/588/2019_H1N1,1119,0.4326,0.4326
flu-seqneut-2026-CTS-029,A/Wisconsin/588/2019_H1N1,plate21-A/Wisconsin/588/2019_H1N1,2575,1.028,1
flu-seqneut-2026-CTS-029,A/Wisconsin/588/2019_H1N1,plate21-A/Wisconsin/588/2019_H1N1,5921,1.096,1
flu-seqneut-2026-CTS-029,A/Wisconsin/588/2019_H1N1,plate21-A/Wisconsin/588/2019_H1N1,1.362e+04,0.05348,0.05348
flu-seqneut-2026-CTS-029,A/Wisconsin/67/2022_H1N1,plate21-A/Wisconsin/67/2022_H1N1,40,0.106,0.106
flu-seqneut-2026-CTS-029,A/Wisconsin/67/2022_H1N1,plate21-A/Wisconsin/67/2022_H1N1,92,0.06557,0.06557
flu-seqneut-2026-CTS-029,A/Wisconsin/67/2022_H1N1,plate21-A/Wisconsin/67/2022_H1N1,212,0.3067,0.3067
flu-seqneut-2026-CTS-029,A/Wisconsin/67/2022_H1N1,plate21-A/Wisconsin/67/2022_H1N1,487,0.539,0.539
flu-seqneut-2026-CTS-029,A/Wisconsin/67/2022_H1N1,plate21-A/Wisconsin/67/2022_H1N1,1119,0.6653,0.6653
flu-seqneut-2026-CTS-029,A/Wisconsin/67/2022_H1N1,plate21-A/Wisconsin/67/2022_H1N1,2575,1.919,1
flu-seqneut-2026-CTS-029,A/Wisconsin/67/2022_H1N1,plate21-A/Wisconsin/67/2022_H1N1,5921,1.763,1
flu-seqneut-2026-CTS-029,A/Wisconsin/67/2022_H1N1,plate21-A/Wisconsin/67/2022_H1N1,1.362e+04,0.1836,0.1836
flu-seqneut-2026-CTS-031,A/Andalucia/PMC-01217/2025_H1N1,plate21-A/Andalucia/PMC-01217/2025_H1N1,40,0.01537,0.01537
flu-seqneut-2026-CTS-031,A/Andalucia/PMC-01217/2025_H1N1,plate21-A/Andalucia/PMC-01217/2025_H1N1,92,0.0751,0.0751
flu-seqneut-2026-CTS-031,A/Andalucia/PMC-01217/2025_H1N1,plate21-A/Andalucia/PMC-01217/2025_H1N1,487,1.795,1
flu-seqneut-2026-CTS-031,A/Andalucia/PMC-01217/2025_H1N1,plate21-A/Andalucia/PMC-01217/2025_H1N1,1119,0.6652,0.6652
flu-seqneut-2026-CTS-031,A/Andalucia/PMC-01217/2025_H1N1,plate21-A/Andalucia/PMC-01217/2025_H1N1,2575,1.865,1
flu-seqneut-2026-CTS-031,A/Andalucia/PMC-01217/2025_H1N1,plate21-A/Andalucia/PMC-01217/2025_H1N1,5921,2.13,1
flu-seqneut-2026-CTS-031,A/Andalucia/PMC-01217/2025_H1N1,plate21-A/Andalucia/PMC-01217/2025_H1N1,1.362e+04,0.07666,0.07666
flu-seqneut-2026-CTS-031,A/Andalucia/PMC-01495/2025_H1N1,plate21-A/Andalucia/PMC-01495/2025_H1N1,40,0.01236,0.01236
flu-seqneut-2026-CTS-031,A/Andalucia/PMC-01495/2025_H1N1,plate21-A/Andalucia/PMC-01495/2025_H1N1,92,0.0469,0.0469
flu-seqneut-2026-CTS-031,A/Andalucia/PMC-01495/2025_H1N1,plate21-A/Andalucia/PMC-01495/2025_H1N1,487,1.654,1
flu-seqneut-2026-CTS-031,A/Andalucia/PMC-01495/2025_H1N1,plate21-A/Andalucia/PMC-01495/2025_H1N1,1119,0.5869,0.5869
flu-seqneut-2026-CTS-031,A/Andalucia/PMC-01495/2025_H1N1,plate21-A/Andalucia/PMC-01495/2025_H1N1,2575,1.515,1
flu-seqneut-2026-CTS-031,A/Andalucia/PMC-01495/2025_H1N1,plate21-A/Andalucia/PMC-01495/2025_H1N1,5921,1.619,1
flu-seqneut-2026-CTS-031,A/Andalucia/PMC-01495/2025_H1N1,plate21-A/Andalucia/PMC-01495/2025_H1N1,1.362e+04,0.09287,0.09287
flu-seqneut-2026-CTS-031,A/Arizona/40/2026_H1N1,plate21-A/Arizona/40/2026_H1N1,40,0.007933,0.007933
flu-seqneut-2026-CTS-031,A/Arizona/40/2026_H1N1,plate21-A/Arizona/40/2026_H1N1,92,0.01003,0.01003
flu-seqneut-2026-CTS-031,A/Arizona/40/2026_H1N1,plate21-A/Arizona/40/2026_H1N1,487,1.339,1
flu-seqneut-2026-CTS-031,A/Arizona/40/2026_H1N1,plate21-A/Arizona/40/2026_H1N1,1119,0.5425,0.5425
flu-seqneut-2026-CTS-031,A/Arizona/40/2026_H1N1,plate21-A/Arizona/40/2026_H1N1,2575,1.798,1
flu-seqneut-2026-CTS-031,A/Arizona/40/2026_H1N1,plate21-A/Arizona/40/2026_H1N1,5921,1.287,1
flu-seqneut-2026-CTS-031,A/Arizona/40/2026_H1N1,plate21-A/Arizona/40/2026_H1N1,1.362e+04,0.115,0.115
flu-seqneut-2026-CTS-031,A/BritishColumbia/RV00022-26/2025_H1N1,plate21-A/BritishColumbia/RV00022-26/2025_H1N1,40,0.004282,0.004282
flu-seqneut-2026-CTS-031,A/BritishColumbia/RV00022-26/2025_H1N1,plate21-A/BritishColumbia/RV00022-26/2025_H1N1,92,0.03688,0.03688
flu-seqneut-2026-CTS-031,A/BritishColumbia/RV00022-26/2025_H1N1,plate21-A/BritishColumbia/RV00022-26/2025_H1N1,487,1.825,1
flu-seqneut-2026-CTS-031,A/BritishColumbia/RV00022-26/2025_H1N1,plate21-A/BritishColumbia/RV00022-26/2025_H1N1,1119,0.4807,0.4807
flu-seqneut-2026-CTS-031,A/BritishColumbia/RV00022-26/2025_H1N1,plate21-A/BritishColumbia/RV00022-26/2025_H1N1,2575,2.502,1
flu-seqneut-2026-CTS-031,A/BritishColumbia/RV00022-26/2025_H1N1,plate21-A/BritishColumbia/RV00022-26/2025_H1N1,5921,1.515,1
flu-seqneut-2026-CTS-031,A/BritishColumbia/RV00022-26/2025_H1N1,plate21-A/BritishColumbia/RV00022-26/2025_H1N1,1.362e+04,0.1489,0.1489
flu-seqneut-2026-CTS-031,A/BritishColumbia/RV01350-26/2026_H1N1,plate21-A/BritishColumbia/RV01350-26/2026_H1N1,40,0.02099,0.02099
flu-seqneut-2026-CTS-031,A/BritishColumbia/RV01350-26/2026_H1N1,plate21-A/BritishColumbia/RV01350-26/2026_H1N1,92,0.02839,0.02839
flu-seqneut-2026-CTS-031,A/BritishColumbia/RV01350-26/2026_H1N1,plate21-A/BritishColumbia/RV01350-26/2026_H1N1,487,1.339,1
flu-seqneut-2026-CTS-031,A/BritishColumbia/RV01350-26/2026_H1N1,plate21-A/BritishColumbia/RV01350-26/2026_H1N1,1119,0.4095,0.4095
flu-seqneut-2026-CTS-031,A/BritishColumbia/RV01350-26/2026_H1N1,plate21-A/BritishColumbia/RV01350-26/2026_H1N1,2575,1.46,1
flu-seqneut-2026-CTS-031,A/BritishColumbia/RV01350-26/2026_H1N1,plate21-A/BritishColumbia/RV01350-26/2026_H1N1,5921,1.682,1
flu-seqneut-2026-CTS-031,A/BritishColumbia/RV01350-26/2026_H1N1,plate21-A/BritishColumbia/RV01350-26/2026_H1N1,1.362e+04,0.1748,0.1748
flu-seqneut-2026-CTS-031,A/California/NIRC-IS-1356/2025_H1N1,plate21-A/California/NIRC-IS-1356/2025_H1N1,40,0.03243,0.03243
flu-seqneut-2026-CTS-031,A/California/NIRC-IS-1356/2025_H1N1,plate21-A/California/NIRC-IS-1356/2025_H1N1,92,0.0531,0.0531
flu-seqneut-2026-CTS-031,A/California/NIRC-IS-1356/2025_H1N1,plate21-A/California/NIRC-IS-1356/2025_H1N1,487,1.073,1
flu-seqneut-2026-CTS-031,A/California/NIRC-IS-1356/2025_H1N1,plate21-A/California/NIRC-IS-1356/2025_H1N1,1119,0.4372,0.4372
flu-seqneut-2026-CTS-031,A/California/NIRC-IS-1356/2025_H1N1,plate21-A/California/NIRC-IS-1356/2025_H1N1,2575,1.207,1
flu-seqneut-2026-CTS-031,A/California/NIRC-IS-1356/2025_H1N1,plate21-A/California/NIRC-IS-1356/2025_H1N1,5921,1.845,1
flu-seqneut-2026-CTS-031,A/California/NIRC-IS-1356/2025_H1N1,plate21-A/California/NIRC-IS-1356/2025_H1N1,1.362e+04,0.1452,0.1452
flu-seqneut-2026-CTS-031,A/Darwin/1454/2025_H3N2,plate21-A/Darwin/1454/2025_H3N2,40,0,0
flu-seqneut-2026-CTS-031,A/Darwin/1454/2025_H3N2,plate21-A/Darwin/1454/2025_H3N2,92,0,0
flu-seqneut-2026-CTS-031,A/Darwin/1454/2025_H3N2,plate21-A/Darwin/1454/2025_H3N2,487,0.1407,0.1407
flu-seqneut-2026-CTS-031,A/Darwin/1454/2025_H3N2,plate21-A/Darwin/1454/2025_H3N2,1119,0.1569,0.1569
flu-seqneut-2026-CTS-031,A/Darwin/1454/2025_H3N2,plate21-A/Darwin/1454/2025_H3N2,2575,1.565,1
flu-seqneut-2026-CTS-031,A/Darwin/1454/2025_H3N2,plate21-A/Darwin/1454/2025_H3N2,5921,1.019,1
flu-seqneut-2026-CTS-031,A/Darwin/1454/2025_H3N2,plate21-A/Darwin/1454/2025_H3N2,1.362e+04,0.06248,0.06248
flu-seqneut-2026-CTS-031,A/District_Of_Columbia/27/2023_H3N2,plate21-A/District_Of_Columbia/27/2023_H3N2,40,0,0
flu-seqneut-2026-CTS-031,A/District_Of_Columbia/27/2023_H3N2,plate21-A/District_Of_Columbia/27/2023_H3N2,92,0,0
flu-seqneut-2026-CTS-031,A/District_Of_Columbia/27/2023_H3N2,plate21-A/District_Of_Columbia/27/2023_H3N2,487,0.0429,0.0429
flu-seqneut-2026-CTS-031,A/District_Of_Columbia/27/2023_H3N2,plate21-A/District_Of_Columbia/27/2023_H3N2,1119,0.2212,0.2212
flu-seqneut-2026-CTS-031,A/District_Of_Columbia/27/2023_H3N2,plate21-A/District_Of_Columbia/27/2023_H3N2,2575,1.133,1
flu-seqneut-2026-CTS-031,A/District_Of_Columbia/27/2023_H3N2,plate21-A/District_Of_Columbia/27/2023_H3N2,5921,0.9962,0.9962
flu-seqneut-2026-CTS-031,A/District_Of_Columbia/27/2023_H3N2,plate21-A/District_Of_Columbia/27/2023_H3N2,1.362e+04,0.01754,0.01754
flu-seqneut-2026-CTS-031,A/France/ARA-HCL026031894402/2026_H3N2,plate21-A/France/ARA-HCL026031894402/2026_H3N2,40,0.0001037,0.0001037
flu-seqneut-2026-CTS-031,A/France/ARA-HCL026031894402/2026_H3N2,plate21-A/France/ARA-HCL026031894402/2026_H3N2,92,0.001573,0.001573
flu-seqneut-2026-CTS-031,A/France/ARA-HCL026031894402/2026_H3N2,plate21-A/France/ARA-HCL026031894402/2026_H3N2,487,0.1314,0.1314
flu-seqneut-2026-CTS-031,A/France/ARA-HCL026031894402/2026_H3N2,plate21-A/France/ARA-HCL026031894402/2026_H3N2,1119,0.5788,0.5788
flu-seqneut-2026-CTS-031,A/France/ARA-HCL026031894402/2026_H3N2,plate21-A/France/ARA-HCL026031894402/2026_H3N2,2575,0.7603,0.7603
flu-seqneut-2026-CTS-031,A/France/ARA-HCL026031894402/2026_H3N2,plate21-A/France/ARA-HCL026031894402/2026_H3N2,5921,1.239,1
flu-seqneut-2026-CTS-031,A/France/ARA-HCL026031894402/2026_H3N2,plate21-A/France/ARA-HCL026031894402/2026_H3N2,1.362e+04,0.02709,0.02709
flu-seqneut-2026-CTS-031,A/France/NAQ-HCL026046169102/2025_H1N1,plate21-A/France/NAQ-HCL026046169102/2025_H1N1,40,0.01846,0.01846
flu-seqneut-2026-CTS-031,A/France/NAQ-HCL026046169102/2025_H1N1,plate21-A/France/NAQ-HCL026046169102/2025_H1N1,92,0.05387,0.05387
flu-seqneut-2026-CTS-031,A/France/NAQ-HCL026046169102/2025_H1N1,plate21-A/France/NAQ-HCL026046169102/2025_H1N1,487,1.59,1
flu-seqneut-2026-CTS-031,A/France/NAQ-HCL026046169102/2025_H1N1,plate21-A/France/NAQ-HCL026046169102/2025_H1N1,1119,1.7,1
flu-seqneut-2026-CTS-031,A/France/NAQ-HCL026046169102/2025_H1N1,plate21-A/France/NAQ-HCL026046169102/2025_H1N1,2575,1.43,1
flu-seqneut-2026-CTS-031,A/France/NAQ-HCL026046169102/2025_H1N1,plate21-A/France/NAQ-HCL026046169102/2025_H1N1,5921,1.231,1
flu-seqneut-2026-CTS-031,A/France/NAQ-HCL026046169102/2025_H1N1,plate21-A/France/NAQ-HCL026046169102/2025_H1N1,1.362e+04,0,0
flu-seqneut-2026-CTS-031,A/France/OCC-HCL026013263701/2026_H3N2,plate21-A/France/OCC-HCL026013263701/2026_H3N2,40,0.004677,0.004677
flu-seqneut-2026-CTS-031,A/France/OCC-HCL026013263701/2026_H3N2,plate21-A/France/OCC-HCL026013263701/2026_H3N2,92,0.004435,0.004435
flu-seqneut-2026-CTS-031,A/France/OCC-HCL026013263701/2026_H3N2,plate21-A/France/OCC-HCL026013263701/2026_H3N2,487,0.8389,0.8389
flu-seqneut-2026-CTS-031,A/France/OCC-HCL026013263701/2026_H3N2,plate21-A/France/OCC-HCL026013263701/2026_H3N2,1119,0.5858,0.5858
flu-seqneut-2026-CTS-031,A/France/OCC-HCL026013263701/2026_H3N2,plate21-A/France/OCC-HCL026013263701/2026_H3N2,2575,1.164,1
flu-seqneut-2026-CTS-031,A/France/OCC-HCL026013263701/2026_H3N2,plate21-A/France/OCC-HCL026013263701/2026_H3N2,5921,0.8358,0.8358
flu-seqneut-2026-CTS-031,A/France/OCC-HCL026013263701/2026_H3N2,plate21-A/France/OCC-HCL026013263701/2026_H3N2,1.362e+04,0.03932,0.03932
flu-seqneut-2026-CTS-031,A/Galicia/GA-CHUAC-612/2025_H1N1,plate21-A/Galicia/GA-CHUAC-612/2025_H1N1,40,0.01837,0.01837
flu-seqneut-2026-CTS-031,A/Galicia/GA-CHUAC-612/2025_H1N1,plate21-A/Galicia/GA-CHUAC-612/2025_H1N1,92,0.04671,0.04671
flu-seqneut-2026-CTS-031,A/Galicia/GA-CHUAC-612/2025_H1N1,plate21-A/Galicia/GA-CHUAC-612/2025_H1N1,487,1.42,1
flu-seqneut-2026-CTS-031,A/Galicia/GA-CHUAC-612/2025_H1N1,plate21-A/Galicia/GA-CHUAC-612/2025_H1N1,1119,0.6567,0.6567
flu-seqneut-2026-CTS-031,A/Galicia/GA-CHUAC-612/2025_H1N1,plate21-A/Galicia/GA-CHUAC-612/2025_H1N1,2575,1.535,1
flu-seqneut-2026-CTS-031,A/Galicia/GA-CHUAC-612/2025_H1N1,plate21-A/Galicia/GA-CHUAC-612/2025_H1N1,5921,1.482,1
flu-seqneut-2026-CTS-031,A/Galicia/GA-CHUAC-612/2025_H1N1,plate21-A/Galicia/GA-CHUAC-612/2025_H1N1,1.362e+04,0.1016,0.1016
flu-seqneut-2026-CTS-031,A/Hawaii/ISC-1140/2025_H1N1,plate21-A/Hawaii/ISC-1140/2025_H1N1,40,0.005031,0.005031
flu-seqneut-2026-CTS-031,A/Hawaii/ISC-1140/2025_H1N1,plate21-A/Hawaii/ISC-1140/2025_H1N1,92,0.0334,0.0334
flu-seqneut-2026-CTS-031,A/Hawaii/ISC-1140/2025_H1N1,plate21-A/Hawaii/ISC-1140/2025_H1N1,487,0.8859,0.8859
flu-seqneut-2026-CTS-031,A/Hawaii/ISC-1140/2025_H1N1,plate21-A/Hawaii/ISC-1140/2025_H1N1,1119,0.483,0.483
flu-seqneut-2026-CTS-031,A/Hawaii/ISC-1140/2025_H1N1,plate21-A/Hawaii/ISC-1140/2025_H1N1,2575,1.29,1
flu-seqneut-2026-CTS-031,A/Hawaii/ISC-1140/2025_H1N1,plate21-A/Hawaii/ISC-1140/2025_H1N1,5921,1.125,1
flu-seqneut-2026-CTS-031,A/Hawaii/ISC-1140/2025_H1N1,plate21-A/Hawaii/ISC-1140/2025_H1N1,1.362e+04,0.09494,0.09494
flu-seqneut-2026-CTS-031,A/Lisboa/216/2023_H3N2,plate21-A/Lisboa/216/2023_H3N2,40,0,0
flu-seqneut-2026-CTS-031,A/Lisboa/216/2023_H3N2,plate21-A/Lisboa/216/2023_H3N2,92,0,0
flu-seqneut-2026-CTS-031,A/Lisboa/216/2023_H3N2,plate21-A/Lisboa/216/2023_H3N2,487,0.01467,0.01467
flu-seqneut-2026-CTS-031,A/Lisboa/216/2023_H3N2,plate21-A/Lisboa/216/2023_H3N2,1119,0.1857,0.1857
flu-seqneut-2026-CTS-031,A/Lisboa/216/2023_H3N2,plate21-A/Lisboa/216/2023_H3N2,2575,0.6985,0.6985
flu-seqneut-2026-CTS-031,A/Lisboa/216/2023_H3N2,plate21-A/Lisboa/216/2023_H3N2,5921,0.752,0.752
flu-seqneut-2026-CTS-031,A/Lisboa/216/2023_H3N2,plate21-A/Lisboa/216/2023_H3N2,1.362e+04,0.09676,0.09676
flu-seqneut-2026-CTS-031,A/Massachusetts/18/2022_H3N2,plate21-A/Massachusetts/18/2022_H3N2,40,0,0
flu-seqneut-2026-CTS-031,A/Massachusetts/18/2022_H3N2,plate21-A/Massachusetts/18/2022_H3N2,92,0,0
flu-seqneut-2026-CTS-031,A/Massachusetts/18/2022_H3N2,plate21-A/Massachusetts/18/2022_H3N2,487,0.1693,0.1693
flu-seqneut-2026-CTS-031,A/Massachusetts/18/2022_H3N2,plate21-A/Massachusetts/18/2022_H3N2,1119,0.06612,0.06612
flu-seqneut-2026-CTS-031,A/Massachusetts/18/2022_H3N2,plate21-A/Massachusetts/18/2022_H3N2,2575,0.7578,0.7578
flu-seqneut-2026-CTS-031,A/Massachusetts/18/2022_H3N2,plate21-A/Massachusetts/18/2022_H3N2,5921,1.105,1
flu-seqneut-2026-CTS-031,A/Massachusetts/18/2022_H3N2,plate21-A/Massachusetts/18/2022_H3N2,1.362e+04,0.06841,0.06841
flu-seqneut-2026-CTS-031,A/Mauritius/26000203/2026_H1N1,plate21-A/Mauritius/26000203/2026_H1N1,40,0.009604,0.009604
flu-seqneut-2026-CTS-031,A/Mauritius/26000203/2026_H1N1,plate21-A/Mauritius/26000203/2026_H1N1,92,0.01653,0.01653
flu-seqneut-2026-CTS-031,A/Mauritius/26000203/2026_H1N1,plate21-A/Mauritius/26000203/2026_H1N1,487,1.2,1
flu-seqneut-2026-CTS-031,A/Mauritius/26000203/2026_H1N1,plate21-A/Mauritius/26000203/2026_H1N1,1119,0.5091,0.5091
flu-seqneut-2026-CTS-031,A/Mauritius/26000203/2026_H1N1,plate21-A/Mauritius/26000203/2026_H1N1,2575,1.743,1
flu-seqneut-2026-CTS-031,A/Mauritius/26000203/2026_H1N1,plate21-A/Mauritius/26000203/2026_H1N1,5921,1.131,1
flu-seqneut-2026-CTS-031,A/Mauritius/26000203/2026_H1N1,plate21-A/Mauritius/26000203/2026_H1N1,1.362e+04,0.09628,0.09628
flu-seqneut-2026-CTS-031,A/Missouri/11/2025_cell_H1N1,plate21-A/Missouri/11/2025_cell_H1N1,40,0.009626,0.009626
flu-seqneut-2026-CTS-031,A/Missouri/11/2025_cell_H1N1,plate21-A/Missouri/11/2025_cell_H1N1,92,0.02971,0.02971
flu-seqneut-2026-CTS-031,A/Missouri/11/2025_cell_H1N1,plate21-A/Missouri/11/2025_cell_H1N1,487,1.27,1
flu-seqneut-2026-CTS-031,A/Missouri/11/2025_cell_H1N1,plate21-A/Missouri/11/2025_cell_H1N1,1119,1.943,1
flu-seqneut-2026-CTS-031,A/Missouri/11/2025_cell_H1N1,plate21-A/Missouri/11/2025_cell_H1N1,2575,1.723,1
flu-seqneut-2026-CTS-031,A/Missouri/11/2025_cell_H1N1,plate21-A/Missouri/11/2025_cell_H1N1,5921,2.151,1
flu-seqneut-2026-CTS-031,A/Missouri/11/2025_cell_H1N1,plate21-A/Missouri/11/2025_cell_H1N1,1.362e+04,0.03842,0.03842
flu-seqneut-2026-CTS-031,A/Netherlands/2398/2025_H1N1,plate21-A/Netherlands/2398/2025_H1N1,40,0.01801,0.01801
flu-seqneut-2026-CTS-031,A/Netherlands/2398/2025_H1N1,plate21-A/Netherlands/2398/2025_H1N1,92,0.08397,0.08397
flu-seqneut-2026-CTS-031,A/Netherlands/2398/2025_H1N1,plate21-A/Netherlands/2398/2025_H1N1,487,2.305,1
flu-seqneut-2026-CTS-031,A/Netherlands/2398/2025_H1N1,plate21-A/Netherlands/2398/2025_H1N1,1119,0.7103,0.7103
flu-seqneut-2026-CTS-031,A/Netherlands/2398/2025_H1N1,plate21-A/Netherlands/2398/2025_H1N1,2575,1.374,1
flu-seqneut-2026-CTS-031,A/Netherlands/2398/2025_H1N1,plate21-A/Netherlands/2398/2025_H1N1,5921,1.783,1
flu-seqneut-2026-CTS-031,A/Netherlands/2398/2025_H1N1,plate21-A/Netherlands/2398/2025_H1N1,1.362e+04,0.1254,0.1254
flu-seqneut-2026-CTS-031,A/Netherlands/543/2026_H1N1,plate21-A/Netherlands/543/2026_H1N1,40,0.004575,0.004575
flu-seqneut-2026-CTS-031,A/Netherlands/543/2026_H1N1,plate21-A/Netherlands/543/2026_H1N1,92,0.04963,0.04963
flu-seqneut-2026-CTS-031,A/Netherlands/543/2026_H1N1,plate21-A/Netherlands/543/2026_H1N1,487,1.348,1
flu-seqneut-2026-CTS-031,A/Netherlands/543/2026_H1N1,plate21-A/Netherlands/543/2026_H1N1,1119,0.7225,0.7225
flu-seqneut-2026-CTS-031,A/Netherlands/543/2026_H1N1,plate21-A/Netherlands/543/2026_H1N1,2575,1.139,1
flu-seqneut-2026-CTS-031,A/Netherlands/543/2026_H1N1,plate21-A/Netherlands/543/2026_H1N1,5921,1.459,1
flu-seqneut-2026-CTS-031,A/Netherlands/543/2026_H1N1,plate21-A/Netherlands/543/2026_H1N1,1.362e+04,0.05257,0.05257
flu-seqneut-2026-CTS-031,A/Saskatchewan/SKFLU490586/2026_H1N1,plate21-A/Saskatchewan/SKFLU490586/2026_H1N1,40,0.001119,0.001119
flu-seqneut-2026-CTS-031,A/Saskatchewan/SKFLU490586/2026_H1N1,plate21-A/Saskatchewan/SKFLU490586/2026_H1N1,92,0.02839,0.02839
flu-seqneut-2026-CTS-031,A/Saskatchewan/SKFLU490586/2026_H1N1,plate21-A/Saskatchewan/SKFLU490586/2026_H1N1,487,0.9299,0.9299
flu-seqneut-2026-CTS-031,A/Saskatchewan/SKFLU490586/2026_H1N1,plate21-A/Saskatchewan/SKFLU490586/2026_H1N1,1119,0.6056,0.6056
flu-seqneut-2026-CTS-031,A/Saskatchewan/SKFLU490586/2026_H1N1,plate21-A/Saskatchewan/SKFLU490586/2026_H1N1,2575,1.104,1
flu-seqneut-2026-CTS-031,A/Saskatchewan/SKFLU490586/2026_H1N1,plate21-A/Saskatchewan/SKFLU490586/2026_H1N1,5921,1.719,1
flu-seqneut-2026-CTS-031,A/Saskatchewan/SKFLU490586/2026_H1N1,plate21-A/Saskatchewan/SKFLU490586/2026_H1N1,1.362e+04,0.05251,0.05251
flu-seqneut-2026-CTS-031,A/Singapore/GP20238/2024_H3N2,plate21-A/Singapore/GP20238/2024_H3N2,40,0.0008949,0.0008949
flu-seqneut-2026-CTS-031,A/Singapore/GP20238/2024_H3N2,plate21-A/Singapore/GP20238/2024_H3N2,92,0.002182,0.002182
flu-seqneut-2026-CTS-031,A/Singapore/GP20238/2024_H3N2,plate21-A/Singapore/GP20238/2024_H3N2,487,0.002552,0.002552
flu-seqneut-2026-CTS-031,A/Singapore/GP20238/2024_H3N2,plate21-A/Singapore/GP20238/2024_H3N2,1119,0.005783,0.005783
flu-seqneut-2026-CTS-031,A/Singapore/GP20238/2024_H3N2,plate21-A/Singapore/GP20238/2024_H3N2,2575,0.8897,0.8897
flu-seqneut-2026-CTS-031,A/Singapore/GP20238/2024_H3N2,plate21-A/Singapore/GP20238/2024_H3N2,5921,1.26,1
flu-seqneut-2026-CTS-031,A/Singapore/GP20238/2024_H3N2,plate21-A/Singapore/GP20238/2024_H3N2,1.362e+04,0.0334,0.0334
flu-seqneut-2026-CTS-031,A/Singapore/KK2768/2025_H1N1,plate21-A/Singapore/KK2768/2025_H1N1,40,0.001817,0.001817
flu-seqneut-2026-CTS-031,A/Singapore/KK2768/2025_H1N1,plate21-A/Singapore/KK2768/2025_H1N1,92,0.03231,0.03231
flu-seqneut-2026-CTS-031,A/Singapore/KK2768/2025_H1N1,plate21-A/Singapore/KK2768/2025_H1N1,487,1.682,1
flu-seqneut-2026-CTS-031,A/Singapore/KK2768/2025_H1N1,plate21-A/Singapore/KK2768/2025_H1N1,1119,0.8086,0.8086
flu-seqneut-2026-CTS-031,A/Singapore/KK2768/2025_H1N1,plate21-A/Singapore/KK2768/2025_H1N1,2575,1.247,1
flu-seqneut-2026-CTS-031,A/Singapore/KK2768/2025_H1N1,plate21-A/Singapore/KK2768/2025_H1N1,5921,1.515,1
flu-seqneut-2026-CTS-031,A/Singapore/KK2768/2025_H1N1,plate21-A/Singapore/KK2768/2025_H1N1,1.362e+04,0.03279,0.03279
flu-seqneut-2026-CTS-031,A/SouthAfrica/NHLS-SU-CERI-C075557/2026_H1N1,plate21-A/SouthAfrica/NHLS-SU-CERI-C075557/2026_H1N1,40,0.003983,0.003983
flu-seqneut-2026-CTS-031,A/SouthAfrica/NHLS-SU-CERI-C075557/2026_H1N1,plate21-A/SouthAfrica/NHLS-SU-CERI-C075557/2026_H1N1,92,0.03708,0.03708
flu-seqneut-2026-CTS-031,A/SouthAfrica/NHLS-SU-CERI-C075557/2026_H1N1,plate21-A/SouthAfrica/NHLS-SU-CERI-C075557/2026_H1N1,487,2.88,1
flu-seqneut-2026-CTS-031,A/SouthAfrica/NHLS-SU-CERI-C075557/2026_H1N1,plate21-A/SouthAfrica/NHLS-SU-CERI-C075557/2026_H1N1,1119,0.4995,0.4995
flu-seqneut-2026-CTS-031,A/SouthAfrica/NHLS-SU-CERI-C075557/2026_H1N1,plate21-A/SouthAfrica/NHLS-SU-CERI-C075557/2026_H1N1,2575,1.542,1
flu-seqneut-2026-CTS-031,A/SouthAfrica/NHLS-SU-CERI-C075557/2026_H1N1,plate21-A/SouthAfrica/NHLS-SU-CERI-C075557/2026_H1N1,5921,1.12,1
flu-seqneut-2026-CTS-031,A/SouthAfrica/NHLS-SU-CERI-C075557/2026_H1N1,plate21-A/SouthAfrica/NHLS-SU-CERI-C075557/2026_H1N1,1.362e+04,0.08624,0.08624
flu-seqneut-2026-CTS-031,A/SouthAfrica/PATH-CERI-C073366/2025_H1N1,plate21-A/SouthAfrica/PATH-CERI-C073366/2025_H1N1,40,0.009066,0.009066
flu-seqneut-2026-CTS-031,A/SouthAfrica/PATH-CERI-C073366/2025_H1N1,plate21-A/SouthAfrica/PATH-CERI-C073366/2025_H1N1,92,0.03844,0.03844
flu-seqneut-2026-CTS-031,A/SouthAfrica/PATH-CERI-C073366/2025_H1N1,plate21-A/SouthAfrica/PATH-CERI-C073366/2025_H1N1,487,1.159,1
flu-seqneut-2026-CTS-031,A/SouthAfrica/PATH-CERI-C073366/2025_H1N1,plate21-A/SouthAfrica/PATH-CERI-C073366/2025_H1N1,1119,0.6892,0.6892
flu-seqneut-2026-CTS-031,A/SouthAfrica/PATH-CERI-C073366/2025_H1N1,plate21-A/SouthAfrica/PATH-CERI-C073366/2025_H1N1,2575,1.835,1
flu-seqneut-2026-CTS-031,A/SouthAfrica/PATH-CERI-C073366/2025_H1N1,plate21-A/SouthAfrica/PATH-CERI-C073366/2025_H1N1,5921,1.577,1
flu-seqneut-2026-CTS-031,A/SouthAfrica/PATH-CERI-C073366/2025_H1N1,plate21-A/SouthAfrica/PATH-CERI-C073366/2025_H1N1,1.362e+04,0.116,0.116
flu-seqneut-2026-CTS-031,A/SouthAfrica/PATH-CERI-C075119/2026_H1N1,plate21-A/SouthAfrica/PATH-CERI-C075119/2026_H1N1,40,0.007495,0.007495
flu-seqneut-2026-CTS-031,A/SouthAfrica/PATH-CERI-C075119/2026_H1N1,plate21-A/SouthAfrica/PATH-CERI-C075119/2026_H1N1,92,0.02877,0.02877
flu-seqneut-2026-CTS-031,A/SouthAfrica/PATH-CERI-C075119/2026_H1N1,plate21-A/SouthAfrica/PATH-CERI-C075119/2026_H1N1,487,1.437,1
flu-seqneut-2026-CTS-031,A/SouthAfrica/PATH-CERI-C075119/2026_H1N1,plate21-A/SouthAfrica/PATH-CERI-C075119/2026_H1N1,1119,0.4878,0.4878
flu-seqneut-2026-CTS-031,A/SouthAfrica/PATH-CERI-C075119/2026_H1N1,plate21-A/SouthAfrica/PATH-CERI-C075119/2026_H1N1,2575,1.306,1
flu-seqneut-2026-CTS-031,A/SouthAfrica/PATH-CERI-C075119/2026_H1N1,plate21-A/SouthAfrica/PATH-CERI-C075119/2026_H1N1,5921,1.421,1
flu-seqneut-2026-CTS-031,A/SouthAfrica/PATH-CERI-C075119/2026_H1N1,plate21-A/SouthAfrica/PATH-CERI-C075119/2026_H1N1,1.362e+04,0.2043,0.2043
flu-seqneut-2026-CTS-031,A/SouthCarolina/USAFSAM-17046/2026_H3N2,plate21-A/SouthCarolina/USAFSAM-17046/2026_H3N2,40,0.001134,0.001134
flu-seqneut-2026-CTS-031,A/SouthCarolina/USAFSAM-17046/2026_H3N2,plate21-A/SouthCarolina/USAFSAM-17046/2026_H3N2,92,0.006094,0.006094
flu-seqneut-2026-CTS-031,A/SouthCarolina/USAFSAM-17046/2026_H3N2,plate21-A/SouthCarolina/USAFSAM-17046/2026_H3N2,487,0.1717,0.1717
flu-seqneut-2026-CTS-031,A/SouthCarolina/USAFSAM-17046/2026_H3N2,plate21-A/SouthCarolina/USAFSAM-17046/2026_H3N2,1119,0.1258,0.1258
flu-seqneut-2026-CTS-031,A/SouthCarolina/USAFSAM-17046/2026_H3N2,plate21-A/SouthCarolina/USAFSAM-17046/2026_H3N2,2575,1.338,1
flu-seqneut-2026-CTS-031,A/SouthCarolina/USAFSAM-17046/2026_H3N2,plate21-A/SouthCarolina/USAFSAM-17046/2026_H3N2,5921,1.04,1
flu-seqneut-2026-CTS-031,A/SouthCarolina/USAFSAM-17046/2026_H3N2,plate21-A/SouthCarolina/USAFSAM-17046/2026_H3N2,1.362e+04,0.0592,0.0592
flu-seqneut-2026-CTS-031,A/Switzerland/UN-SNRCI-HUG-053/2025_H1N1,plate21-A/Switzerland/UN-SNRCI-HUG-053/2025_H1N1,40,0.002097,0.002097
flu-seqneut-2026-CTS-031,A/Switzerland/UN-SNRCI-HUG-053/2025_H1N1,plate21-A/Switzerland/UN-SNRCI-HUG-053/2025_H1N1,92,0.03513,0.03513
flu-seqneut-2026-CTS-031,A/Switzerland/UN-SNRCI-HUG-053/2025_H1N1,plate21-A/Switzerland/UN-SNRCI-HUG-053/2025_H1N1,487,1.378,1
flu-seqneut-2026-CTS-031,A/Switzerland/UN-SNRCI-HUG-053/2025_H1N1,plate21-A/Switzerland/UN-SNRCI-HUG-053/2025_H1N1,1119,0.5013,0.5013
flu-seqneut-2026-CTS-031,A/Switzerland/UN-SNRCI-HUG-053/2025_H1N1,plate21-A/Switzerland/UN-SNRCI-HUG-053/2025_H1N1,2575,1.415,1
flu-seqneut-2026-CTS-031,A/Switzerland/UN-SNRCI-HUG-053/2025_H1N1,plate21-A/Switzerland/UN-SNRCI-HUG-053/2025_H1N1,5921,1.294,1
flu-seqneut-2026-CTS-031,A/Switzerland/UN-SNRCI-HUG-053/2025_H1N1,plate21-A/Switzerland/UN-SNRCI-HUG-053/2025_H1N1,1.362e+04,0.108,0.108
flu-seqneut-2026-CTS-031,A/Sydney/1359/2024_H3N2,plate21-A/Sydney/1359/2024_H3N2,40,0,0
flu-seqneut-2026-CTS-031,A/Sydney/1359/2024_H3N2,plate21-A/Sydney/1359/2024_H3N2,92,0.0002748,0.0002748
flu-seqneut-2026-CTS-031,A/Sydney/1359/2024_H3N2,plate21-A/Sydney/1359/2024_H3N2,487,0.05061,0.05061
flu-seqneut-2026-CTS-031,A/Sydney/1359/2024_H3N2,plate21-A/Sydney/1359/2024_H3N2,1119,0.06928,0.06928
flu-seqneut-2026-CTS-031,A/Sydney/1359/2024_H3N2,plate21-A/Sydney/1359/2024_H3N2,2575,1.042,1
flu-seqneut-2026-CTS-031,A/Sydney/1359/2024_H3N2,plate21-A/Sydney/1359/2024_H3N2,5921,0.8811,0.8811
flu-seqneut-2026-CTS-031,A/Sydney/1359/2024_H3N2,plate21-A/Sydney/1359/2024_H3N2,1.362e+04,0,0
flu-seqneut-2026-CTS-031,A/Tokyo/EIS11-277/2024_H1N1,plate21-A/Tokyo/EIS11-277/2024_H1N1,40,0.004679,0.004679
flu-seqneut-2026-CTS-031,A/Tokyo/EIS11-277/2024_H1N1,plate21-A/Tokyo/EIS11-277/2024_H1N1,92,0.03727,0.03727
flu-seqneut-2026-CTS-031,A/Tokyo/EIS11-277/2024_H1N1,plate21-A/Tokyo/EIS11-277/2024_H1N1,487,1.322,1
flu-seqneut-2026-CTS-031,A/Tokyo/EIS11-277/2024_H1N1,plate21-A/Tokyo/EIS11-277/2024_H1N1,1119,0.5221,0.5221
flu-seqneut-2026-CTS-031,A/Tokyo/EIS11-277/2024_H1N1,plate21-A/Tokyo/EIS11-277/2024_H1N1,2575,1.174,1
flu-seqneut-2026-CTS-031,A/Tokyo/EIS11-277/2024_H1N1,plate21-A/Tokyo/EIS11-277/2024_H1N1,5921,1.418,1
flu-seqneut-2026-CTS-031,A/Tokyo/EIS11-277/2024_H1N1,plate21-A/Tokyo/EIS11-277/2024_H1N1,1.362e+04,0.07498,0.07498
flu-seqneut-2026-CTS-031,A/Ukraine/5214/2026_H1N1,plate21-A/Ukraine/5214/2026_H1N1,40,0.01423,0.01423
flu-seqneut-2026-CTS-031,A/Ukraine/5214/2026_H1N1,plate21-A/Ukraine/5214/2026_H1N1,92,0.03659,0.03659
flu-seqneut-2026-CTS-031,A/Ukraine/5214/2026_H1N1,plate21-A/Ukraine/5214/2026_H1N1,487,1.686,1
flu-seqneut-2026-CTS-031,A/Ukraine/5214/2026_H1N1,plate21-A/Ukraine/5214/2026_H1N1,1119,0.4517,0.4517
flu-seqneut-2026-CTS-031,A/Ukraine/5214/2026_H1N1,plate21-A/Ukraine/5214/2026_H1N1,2575,1.02,1
flu-seqneut-2026-CTS-031,A/Ukraine/5214/2026_H1N1,plate21-A/Ukraine/5214/2026_H1N1,5921,1.643,1
flu-seqneut-2026-CTS-031,A/Ukraine/5214/2026_H1N1,plate21-A/Ukraine/5214/2026_H1N1,1.362e+04,0.2242,0.2242
flu-seqneut-2026-CTS-031,A/Uppsala/SE26-01293/2026_H1N1,plate21-A/Uppsala/SE26-01293/2026_H1N1,40,0.009085,0.009085
flu-seqneut-2026-CTS-031,A/Uppsala/SE26-01293/2026_H1N1,plate21-A/Uppsala/SE26-01293/2026_H1N1,92,0.01445,0.01445
flu-seqneut-2026-CTS-031,A/Uppsala/SE26-01293/2026_H1N1,plate21-A/Uppsala/SE26-01293/2026_H1N1,487,0.759,0.759
flu-seqneut-2026-CTS-031,A/Uppsala/SE26-01293/2026_H1N1,plate21-A/Uppsala/SE26-01293/2026_H1N1,1119,0.7754,0.7754
flu-seqneut-2026-CTS-031,A/Uppsala/SE26-01293/2026_H1N1,plate21-A/Uppsala/SE26-01293/2026_H1N1,2575,1.836,1
flu-seqneut-2026-CTS-031,A/Uppsala/SE26-01293/2026_H1N1,plate21-A/Uppsala/SE26-01293/2026_H1N1,5921,1.024,1
flu-seqneut-2026-CTS-031,A/Uppsala/SE26-01293/2026_H1N1,plate21-A/Uppsala/SE26-01293/2026_H1N1,1.362e+04,0.02454,0.02454
flu-seqneut-2026-CTS-031,A/Vietnam/F7324/2024_H3N2,plate21-A/Vietnam/F7324/2024_H3N2,40,0,0
flu-seqneut-2026-CTS-031,A/Vietnam/F7324/2024_H3N2,plate21-A/Vietnam/F7324/2024_H3N2,92,0,0
flu-seqneut-2026-CTS-031,A/Vietnam/F7324/2024_H3N2,plate21-A/Vietnam/F7324/2024_H3N2,487,0.02963,0.02963
flu-seqneut-2026-CTS-031,A/Vietnam/F7324/2024_H3N2,plate21-A/Vietnam/F7324/2024_H3N2,1119,0.02775,0.02775
flu-seqneut-2026-CTS-031,A/Vietnam/F7324/2024_H3N2,plate21-A/Vietnam/F7324/2024_H3N2,2575,0.8551,0.8551
flu-seqneut-2026-CTS-031,A/Vietnam/F7324/2024_H3N2,plate21-A/Vietnam/F7324/2024_H3N2,5921,1.103,1
flu-seqneut-2026-CTS-031,A/Vietnam/F7324/2024_H3N2,plate21-A/Vietnam/F7324/2024_H3N2,1.362e+04,0.00383,0.00383
flu-seqneut-2026-CTS-031,A/Wisconsin/67/2022_H1N1,plate21-A/Wisconsin/67/2022_H1N1,40,0.01418,0.01418
flu-seqneut-2026-CTS-031,A/Wisconsin/67/2022_H1N1,plate21-A/Wisconsin/67/2022_H1N1,92,0.0378,0.0378
flu-seqneut-2026-CTS-031,A/Wisconsin/67/2022_H1N1,plate21-A/Wisconsin/67/2022_H1N1,487,0.6194,0.6194
flu-seqneut-2026-CTS-031,A/Wisconsin/67/2022_H1N1,plate21-A/Wisconsin/67/2022_H1N1,1119,0.7502,0.7502
flu-seqneut-2026-CTS-031,A/Wisconsin/67/2022_H1N1,plate21-A/Wisconsin/67/2022_H1N1,2575,1.055,1
flu-seqneut-2026-CTS-031,A/Wisconsin/67/2022_H1N1,plate21-A/Wisconsin/67/2022_H1N1,5921,1.243,1
flu-seqneut-2026-CTS-031,A/Wisconsin/67/2022_H1N1,plate21-A/Wisconsin/67/2022_H1N1,1.362e+04,0.2106,0.2106
flu-seqneut-2026-CTS-032,A/Andalucia/PMC-00977/2025_H1N1,plate21-A/Andalucia/PMC-00977/2025_H1N1,40,0,0
flu-seqneut-2026-CTS-032,A/Andalucia/PMC-00977/2025_H1N1,plate21-A/Andalucia/PMC-00977/2025_H1N1,92,0.001661,0.001661
flu-seqneut-2026-CTS-032,A/Andalucia/PMC-00977/2025_H1N1,plate21-A/Andalucia/PMC-00977/2025_H1N1,212,0.04751,0.04751
flu-seqneut-2026-CTS-032,A/Andalucia/PMC-00977/2025_H1N1,plate21-A/Andalucia/PMC-00977/2025_H1N1,487,0.4057,0.4057
flu-seqneut-2026-CTS-032,A/Andalucia/PMC-00977/2025_H1N1,plate21-A/Andalucia/PMC-00977/2025_H1N1,1119,0.3413,0.3413
flu-seqneut-2026-CTS-032,A/Andalucia/PMC-00977/2025_H1N1,plate21-A/Andalucia/PMC-00977/2025_H1N1,2575,1.154,1
flu-seqneut-2026-CTS-032,A/Andalucia/PMC-00977/2025_H1N1,plate21-A/Andalucia/PMC-00977/2025_H1N1,5921,1.133,1
flu-seqneut-2026-CTS-032,A/Andalucia/PMC-01217/2025_H1N1,plate21-A/Andalucia/PMC-01217/2025_H1N1,40,0,0
flu-seqneut-2026-CTS-032,A/Andalucia/PMC-01217/2025_H1N1,plate21-A/Andalucia/PMC-01217/2025_H1N1,92,0,0
flu-seqneut-2026-CTS-032,A/Andalucia/PMC-01217/2025_H1N1,plate21-A/Andalucia/PMC-01217/2025_H1N1,212,0.01793,0.01793
flu-seqneut-2026-CTS-032,A/Andalucia/PMC-01217/2025_H1N1,plate21-A/Andalucia/PMC-01217/2025_H1N1,487,0.442,0.442
flu-seqneut-2026-CTS-032,A/Andalucia/PMC-01217/2025_H1N1,plate21-A/Andalucia/PMC-01217/2025_H1N1,1119,0.2607,0.2607
flu-seqneut-2026-CTS-032,A/Andalucia/PMC-01217/2025_H1N1,plate21-A/Andalucia/PMC-01217/2025_H1N1,2575,1.324,1
flu-seqneut-2026-CTS-032,A/Andalucia/PMC-01217/2025_H1N1,plate21-A/Andalucia/PMC-01217/2025_H1N1,5921,1.734,1
flu-seqneut-2026-CTS-032,A/Andalucia/PMC-01495/2025_H1N1,plate21-A/Andalucia/PMC-01495/2025_H1N1,40,0,0
flu-seqneut-2026-CTS-032,A/Andalucia/PMC-01495/2025_H1N1,plate21-A/Andalucia/PMC-01495/2025_H1N1,92,0,0
flu-seqneut-2026-CTS-032,A/Andalucia/PMC-01495/2025_H1N1,plate21-A/Andalucia/PMC-01495/2025_H1N1,212,0.1954,0.1954
flu-seqneut-2026-CTS-032,A/Andalucia/PMC-01495/2025_H1N1,plate21-A/Andalucia/PMC-01495/2025_H1N1,487,0.3507,0.3507
flu-seqneut-2026-CTS-032,A/Andalucia/PMC-01495/2025_H1N1,plate21-A/Andalucia/PMC-01495/2025_H1N1,1119,0.3271,0.3271
flu-seqneut-2026-CTS-032,A/Andalucia/PMC-01495/2025_H1N1,plate21-A/Andalucia/PMC-01495/2025_H1N1,2575,1.417,1
flu-seqneut-2026-CTS-032,A/Andalucia/PMC-01495/2025_H1N1,plate21-A/Andalucia/PMC-01495/2025_H1N1,5921,1.721,1
flu-seqneut-2026-CTS-032,A/Arizona/40/2026_H1N1,plate21-A/Arizona/40/2026_H1N1,40,0.001757,0.001757
flu-seqneut-2026-CTS-032,A/Arizona/40/2026_H1N1,plate21-A/Arizona/40/2026_H1N1,92,0.001602,0.001602
flu-seqneut-2026-CTS-032,A/Arizona/40/2026_H1N1,plate21-A/Arizona/40/2026_H1N1,212,0.04042,0.04042
flu-seqneut-2026-CTS-032,A/Arizona/40/2026_H1N1,plate21-A/Arizona/40/2026_H1N1,487,0.3267,0.3267
flu-seqneut-2026-CTS-032,A/Arizona/40/2026_H1N1,plate21-A/Arizona/40/2026_H1N1,1119,0.4075,0.4075
flu-seqneut-2026-CTS-032,A/Arizona/40/2026_H1N1,plate21-A/Arizona/40/2026_H1N1,2575,1.047,1
flu-seqneut-2026-CTS-032,A/Arizona/40/2026_H1N1,plate21-A/Arizona/40/2026_H1N1,5921,1.405,1
flu-seqneut-2026-CTS-032,A/Astrakhan/RII-MH273373S/2025_H3N2,plate21-A/Astrakhan/RII-MH273373S/2025_H3N2,40,0.002086,0.002086
flu-seqneut-2026-CTS-032,A/Astrakhan/RII-MH273373S/2025_H3N2,plate21-A/Astrakhan/RII-MH273373S/2025_H3N2,92,0.0006338,0.0006338
flu-seqneut-2026-CTS-032,A/Astrakhan/RII-MH273373S/2025_H3N2,plate21-A/Astrakhan/RII-MH273373S/2025_H3N2,212,0.01555,0.01555
flu-seqneut-2026-CTS-032,A/Astrakhan/RII-MH273373S/2025_H3N2,plate21-A/Astrakhan/RII-MH273373S/2025_H3N2,487,0.1567,0.1567
flu-seqneut-2026-CTS-032,A/Astrakhan/RII-MH273373S/2025_H3N2,plate21-A/Astrakhan/RII-MH273373S/2025_H3N2,1119,0.1568,0.1568
flu-seqneut-2026-CTS-032,A/Astrakhan/RII-MH273373S/2025_H3N2,plate21-A/Astrakhan/RII-MH273373S/2025_H3N2,2575,1.044,1
flu-seqneut-2026-CTS-032,A/Astrakhan/RII-MH273373S/2025_H3N2,plate21-A/Astrakhan/RII-MH273373S/2025_H3N2,5921,1.059,1
flu-seqneut-2026-CTS-032,A/Asturias/232590913/2025_H1N1,plate21-A/Asturias/232590913/2025_H1N1,40,0,0
flu-seqneut-2026-CTS-032,A/Asturias/232590913/2025_H1N1,plate21-A/Asturias/232590913/2025_H1N1,92,0,0
flu-seqneut-2026-CTS-032,A/Asturias/232590913/2025_H1N1,plate21-A/Asturias/232590913/2025_H1N1,212,0.03928,0.03928
flu-seqneut-2026-CTS-032,A/Asturias/232590913/2025_H1N1,plate21-A/Asturias/232590913/2025_H1N1,487,0.2784,0.2784
flu-seqneut-2026-CTS-032,A/Asturias/232590913/2025_H1N1,plate21-A/Asturias/232590913/2025_H1N1,1119,0.2426,0.2426
flu-seqneut-2026-CTS-032,A/Asturias/232590913/2025_H1N1,plate21-A/Asturias/232590913/2025_H1N1,2575,1.217,1
flu-seqneut-2026-CTS-032,A/Asturias/232590913/2025_H1N1,plate21-A/Asturias/232590913/2025_H1N1,5921,1.025,1
flu-seqneut-2026-CTS-032,A/Badajoz/18738342/2026_H3N2,plate21-A/Badajoz/18738342/2026_H3N2,40,0.004925,0.004925
flu-seqneut-2026-CTS-032,A/Badajoz/18738342/2026_H3N2,plate21-A/Badajoz/18738342/2026_H3N2,92,0.001428,0.001428
flu-seqneut-2026-CTS-032,A/Badajoz/18738342/2026_H3N2,plate21-A/Badajoz/18738342/2026_H3N2,212,0.03347,0.03347
flu-seqneut-2026-CTS-032,A/Badajoz/18738342/2026_H3N2,plate21-A/Badajoz/18738342/2026_H3N2,487,0.2999,0.2999
flu-seqneut-2026-CTS-032,A/Badajoz/18738342/2026_H3N2,plate21-A/Badajoz/18738342/2026_H3N2,1119,0.2264,0.2264
flu-seqneut-2026-CTS-032,A/Badajoz/18738342/2026_H3N2,plate21-A/Badajoz/18738342/2026_H3N2,2575,1.163,1
flu-seqneut-2026-CTS-032,A/Badajoz/18738342/2026_H3N2,plate21-A/Badajoz/18738342/2026_H3N2,5921,1.627,1
flu-seqneut-2026-CTS-032,A/Badajoz/18811358/2026_H3N2,plate21-A/Badajoz/18811358/2026_H3N2,40,0.001633,0.001633
flu-seqneut-2026-CTS-032,A/Badajoz/18811358/2026_H3N2,plate21-A/Badajoz/18811358/2026_H3N2,92,0.01067,0.01067
flu-seqneut-2026-CTS-032,A/Badajoz/18811358/2026_H3N2,plate21-A/Badajoz/18811358/2026_H3N2,212,0.04208,0.04208
flu-seqneut-2026-CTS-032,A/Badajoz/18811358/2026_H3N2,plate21-A/Badajoz/18811358/2026_H3N2,487,0.3809,0.3809
flu-seqneut-2026-CTS-032,A/Badajoz/18811358/2026_H3N2,plate21-A/Badajoz/18811358/2026_H3N2,1119,0.2736,0.2736
flu-seqneut-2026-CTS-032,A/Badajoz/18811358/2026_H3N2,plate21-A/Badajoz/18811358/2026_H3N2,2575,0.6766,0.6766
flu-seqneut-2026-CTS-032,A/Badajoz/18811358/2026_H3N2,plate21-A/Badajoz/18811358/2026_H3N2,5921,1.322,1
flu-seqneut-2026-CTS-032,A/Badajoz/18813527/2026_H3N2,plate21-A/Badajoz/18813527/2026_H3N2,40,0.000868,0.000868
flu-seqneut-2026-CTS-032,A/Badajoz/18813527/2026_H3N2,plate21-A/Badajoz/18813527/2026_H3N2,92,0.002637,0.002637
flu-seqneut-2026-CTS-032,A/Badajoz/18813527/2026_H3N2,plate21-A/Badajoz/18813527/2026_H3N2,212,0.01331,0.01331
flu-seqneut-2026-CTS-032,A/Badajoz/18813527/2026_H3N2,plate21-A/Badajoz/18813527/2026_H3N2,487,0.2385,0.2385
flu-seqneut-2026-CTS-032,A/Badajoz/18813527/2026_H3N2,plate21-A/Badajoz/18813527/2026_H3N2,1119,0.2573,0.2573
flu-seqneut-2026-CTS-032,A/Badajoz/18813527/2026_H3N2,plate21-A/Badajoz/18813527/2026_H3N2,2575,1.108,1
flu-seqneut-2026-CTS-032,A/Badajoz/18813527/2026_H3N2,plate21-A/Badajoz/18813527/2026_H3N2,5921,1.428,1
flu-seqneut-2026-CTS-032,A/Bangkok/P2390/2025_H3N2,plate21-A/Bangkok/P2390/2025_H3N2,40,0,0
flu-seqneut-2026-CTS-032,A/Bangkok/P2390/2025_H3N2,plate21-A/Bangkok/P2390/2025_H3N2,92,0.0006016,0.0006016
flu-seqneut-2026-CTS-032,A/Bangkok/P2390/2025_H3N2,plate21-A/Bangkok/P2390/2025_H3N2,212,0.08941,0.08941
flu-seqneut-2026-CTS-032,A/Bangkok/P2390/2025_H3N2,plate21-A/Bangkok/P2390/2025_H3N2,487,0.3057,0.3057
flu-seqneut-2026-CTS-032,A/Bangkok/P2390/2025_H3N2,plate21-A/Bangkok/P2390/2025_H3N2,1119,0.2095,0.2095
flu-seqneut-2026-CTS-032,A/Bangkok/P2390/2025_H3N2,plate21-A/Bangkok/P2390/2025_H3N2,2575,0.8812,0.8812
flu-seqneut-2026-CTS-032,A/Bangkok/P2390/2025_H3N2,plate21-A/Bangkok/P2390/2025_H3N2,5921,1.368,1
flu-seqneut-2026-CTS-032,A/Bangkok/P2391/2025_H3N2,plate21-A/Bangkok/P2391/2025_H3N2,40,0.03381,0.03381
flu-seqneut-2026-CTS-032,A/Bangkok/P2391/2025_H3N2,plate21-A/Bangkok/P2391/2025_H3N2,92,0.02459,0.02459
flu-seqneut-2026-CTS-032,A/Bangkok/P2391/2025_H3N2,plate21-A/Bangkok/P2391/2025_H3N2,212,0.3439,0.3439
flu-seqneut-2026-CTS-032,A/Bangkok/P2391/2025_H3N2,plate21-A/Bangkok/P2391/2025_H3N2,487,2.283,1
flu-seqneut-2026-CTS-032,A/Bangkok/P2391/2025_H3N2,plate21-A/Bangkok/P2391/2025_H3N2,1119,0.1959,0.1959
flu-seqneut-2026-CTS-032,A/Bangkok/P2391/2025_H3N2,plate21-A/Bangkok/P2391/2025_H3N2,2575,0.6657,0.6657
flu-seqneut-2026-CTS-032,A/Bangkok/P2391/2025_H3N2,plate21-A/Bangkok/P2391/2025_H3N2,5921,1.193,1
flu-seqneut-2026-CTS-032,A/Blaenavon/6687/2026_H3N2,plate21-A/Blaenavon/6687/2026_H3N2,40,0.01609,0.01609
flu-seqneut-2026-CTS-032,A/Blaenavon/6687/2026_H3N2,plate21-A/Blaenavon/6687/2026_H3N2,92,0.01914,0.01914
flu-seqneut-2026-CTS-032,A/Blaenavon/6687/2026_H3N2,plate21-A/Blaenavon/6687/2026_H3N2,212,0.1516,0.1516
flu-seqneut-2026-CTS-032,A/Blaenavon/6687/2026_H3N2,plate21-A/Blaenavon/6687/2026_H3N2,487,1.526,1
flu-seqneut-2026-CTS-032,A/Blaenavon/6687/2026_H3N2,plate21-A/Blaenavon/6687/2026_H3N2,1119,0.3512,0.3512
flu-seqneut-2026-CTS-032,A/Blaenavon/6687/2026_H3N2,plate21-A/Blaenavon/6687/2026_H3N2,2575,1.068,1
flu-seqneut-2026-CTS-032,A/Blaenavon/6687/2026_H3N2,plate21-A/Blaenavon/6687/2026_H3N2,5921,1.959,1
flu-seqneut-2026-CTS-032,A/Bolivia/OR5702/2025_H3N2,plate21-A/Bolivia/OR5702/2025_H3N2,40,0.01713,0.01713
flu-seqneut-2026-CTS-032,A/Bolivia/OR5702/2025_H3N2,plate21-A/Bolivia/OR5702/2025_H3N2,92,0.04545,0.04545
flu-seqneut-2026-CTS-032,A/Bolivia/OR5702/2025_H3N2,plate21-A/Bolivia/OR5702/2025_H3N2,212,0.2147,0.2147
flu-seqneut-2026-CTS-032,A/Bolivia/OR5702/2025_H3N2,plate21-A/Bolivia/OR5702/2025_H3N2,487,1.341,1
flu-seqneut-2026-CTS-032,A/Bolivia/OR5702/2025_H3N2,plate21-A/Bolivia/OR5702/2025_H3N2,1119,0.2906,0.2906
flu-seqneut-2026-CTS-032,A/Bolivia/OR5702/2025_H3N2,plate21-A/Bolivia/OR5702/2025_H3N2,2575,1.073,1
flu-seqneut-2026-CTS-032,A/Bolivia/OR5702/2025_H3N2,plate21-A/Bolivia/OR5702/2025_H3N2,5921,1.489,1
flu-seqneut-2026-CTS-032,A/BritishColumbia/RV00022-26/2025_H1N1,plate21-A/BritishColumbia/RV00022-26/2025_H1N1,40,0.0003161,0.0003161
flu-seqneut-2026-CTS-032,A/BritishColumbia/RV00022-26/2025_H1N1,plate21-A/BritishColumbia/RV00022-26/2025_H1N1,92,0.001729,0.001729
flu-seqneut-2026-CTS-032,A/BritishColumbia/RV00022-26/2025_H1N1,plate21-A/BritishColumbia/RV00022-26/2025_H1N1,212,0.04847,0.04847
flu-seqneut-2026-CTS-032,A/BritishColumbia/RV00022-26/2025_H1N1,plate21-A/BritishColumbia/RV00022-26/2025_H1N1,487,0.6809,0.6809
flu-seqneut-2026-CTS-032,A/BritishColumbia/RV00022-26/2025_H1N1,plate21-A/BritishColumbia/RV00022-26/2025_H1N1,1119,0.3518,0.3518
flu-seqneut-2026-CTS-032,A/BritishColumbia/RV00022-26/2025_H1N1,plate21-A/BritishColumbia/RV00022-26/2025_H1N1,2575,1.402,1
flu-seqneut-2026-CTS-032,A/BritishColumbia/RV00022-26/2025_H1N1,plate21-A/BritishColumbia/RV00022-26/2025_H1N1,5921,1.712,1
flu-seqneut-2026-CTS-032,A/BritishColumbia/RV00279-26/2025_H3N2,plate21-A/BritishColumbia/RV00279-26/2025_H3N2,40,0.00808,0.00808
flu-seqneut-2026-CTS-032,A/BritishColumbia/RV00279-26/2025_H3N2,plate21-A/BritishColumbia/RV00279-26/2025_H3N2,92,0.004124,0.004124
flu-seqneut-2026-CTS-032,A/BritishColumbia/RV00279-26/2025_H3N2,plate21-A/BritishColumbia/RV00279-26/2025_H3N2,212,0.02602,0.02602
flu-seqneut-2026-CTS-032,A/BritishColumbia/RV00279-26/2025_H3N2,plate21-A/BritishColumbia/RV00279-26/2025_H3N2,487,0.396,0.396
flu-seqneut-2026-CTS-032,A/BritishColumbia/RV00279-26/2025_H3N2,plate21-A/BritishColumbia/RV00279-26/2025_H3N2,1119,0.198,0.198
flu-seqneut-2026-CTS-032,A/BritishColumbia/RV00279-26/2025_H3N2,plate21-A/BritishColumbia/RV00279-26/2025_H3N2,2575,1.133,1
flu-seqneut-2026-CTS-032,A/BritishColumbia/RV00279-26/2025_H3N2,plate21-A/BritishColumbia/RV00279-26/2025_H3N2,5921,1.623,1
flu-seqneut-2026-CTS-032,A/BritishColumbia/RV01350-26/2026_H1N1,plate21-A/BritishColumbia/RV01350-26/2026_H1N1,40,0,0
flu-seqneut-2026-CTS-032,A/BritishColumbia/RV01350-26/2026_H1N1,plate21-A/BritishColumbia/RV01350-26/2026_H1N1,92,0.004395,0.004395
flu-seqneut-2026-CTS-032,A/BritishColumbia/RV01350-26/2026_H1N1,plate21-A/BritishColumbia/RV01350-26/2026_H1N1,212,0.05546,0.05546
flu-seqneut-2026-CTS-032,A/BritishColumbia/RV01350-26/2026_H1N1,plate21-A/BritishColumbia/RV01350-26/2026_H1N1,487,0.6913,0.6913
flu-seqneut-2026-CTS-032,A/BritishColumbia/RV01350-26/2026_H1N1,plate21-A/BritishColumbia/RV01350-26/2026_H1N1,1119,0.2681,0.2681
flu-seqneut-2026-CTS-032,A/BritishColumbia/RV01350-26/2026_H1N1,plate21-A/BritishColumbia/RV01350-26/2026_H1N1,2575,1.11,1
flu-seqneut-2026-CTS-032,A/BritishColumbia/RV01350-26/2026_H1N1,plate21-A/BritishColumbia/RV01350-26/2026_H1N1,5921,1.193,1
flu-seqneut-2026-CTS-032,A/BritishColumbia/RV05508-25/2025_H1N1,plate21-A/BritishColumbia/RV05508-25/2025_H1N1,40,0,0
flu-seqneut-2026-CTS-032,A/BritishColumbia/RV05508-25/2025_H1N1,plate21-A/BritishColumbia/RV05508-25/2025_H1N1,92,0.01392,0.01392
flu-seqneut-2026-CTS-032,A/BritishColumbia/RV05508-25/2025_H1N1,plate21-A/BritishColumbia/RV05508-25/2025_H1N1,212,0.2334,0.2334
flu-seqneut-2026-CTS-032,A/BritishColumbia/RV05508-25/2025_H1N1,plate21-A/BritishColumbia/RV05508-25/2025_H1N1,487,0.9155,0.9155
flu-seqneut-2026-CTS-032,A/BritishColumbia/RV05508-25/2025_H1N1,plate21-A/BritishColumbia/RV05508-25/2025_H1N1,1119,0.516,0.516
flu-seqneut-2026-CTS-032,A/BritishColumbia/RV05508-25/2025_H1N1,plate21-A/BritishColumbia/RV05508-25/2025_H1N1,2575,1.423,1
flu-seqneut-2026-CTS-032,A/BritishColumbia/RV05508-25/2025_H1N1,plate21-A/BritishColumbia/RV05508-25/2025_H1N1,5921,1.525,1
flu-seqneut-2026-CTS-032,A/California/GKISBBBH79910/2026_H3N2,plate21-A/California/GKISBBBH79910/2026_H3N2,40,0.003459,0.003459
flu-seqneut-2026-CTS-032,A/California/GKISBBBH79910/2026_H3N2,plate21-A/California/GKISBBBH79910/2026_H3N2,92,0.01773,0.01773
flu-seqneut-2026-CTS-032,A/California/GKISBBBH79910/2026_H3N2,plate21-A/California/GKISBBBH79910/2026_H3N2,212,0.04309,0.04309
flu-seqneut-2026-CTS-032,A/California/GKISBBBH79910/2026_H3N2,plate21-A/California/GKISBBBH79910/2026_H3N2,487,0.934,0.934
flu-seqneut-2026-CTS-032,A/California/GKISBBBH79910/2026_H3N2,plate21-A/California/GKISBBBH79910/2026_H3N2,1119,0.1882,0.1882
flu-seqneut-2026-CTS-032,A/California/GKISBBBH79910/2026_H3N2,plate21-A/California/GKISBBBH79910/2026_H3N2,2575,0.9494,0.9494
flu-seqneut-2026-CTS-032,A/California/GKISBBBH79910/2026_H3N2,plate21-A/California/GKISBBBH79910/2026_H3N2,5921,1.488,1
flu-seqneut-2026-CTS-032,A/California/NIRC-IS-1019/2026_H1N1,plate21-A/California/NIRC-IS-1019/2026_H1N1,40,0.001108,0.001108
flu-seqneut-2026-CTS-032,A/California/NIRC-IS-1019/2026_H1N1,plate21-A/California/NIRC-IS-1019/2026_H1N1,92,0.00505,0.00505
flu-seqneut-2026-CTS-032,A/California/NIRC-IS-1019/2026_H1N1,plate21-A/California/NIRC-IS-1019/2026_H1N1,212,0.06683,0.06683
flu-seqneut-2026-CTS-032,A/California/NIRC-IS-1019/2026_H1N1,plate21-A/California/NIRC-IS-1019/2026_H1N1,487,0.8085,0.8085
flu-seqneut-2026-CTS-032,A/California/NIRC-IS-1019/2026_H1N1,plate21-A/California/NIRC-IS-1019/2026_H1N1,1119,0.3028,0.3028
flu-seqneut-2026-CTS-032,A/California/NIRC-IS-1019/2026_H1N1,plate21-A/California/NIRC-IS-1019/2026_H1N1,2575,1.168,1
flu-seqneut-2026-CTS-032,A/California/NIRC-IS-1019/2026_H1N1,plate21-A/California/NIRC-IS-1019/2026_H1N1,5921,1.551,1
flu-seqneut-2026-CTS-032,A/California/NIRC-IS-1059/2026_H3N2,plate21-A/California/NIRC-IS-1059/2026_H3N2,40,0.002581,0.002581
flu-seqneut-2026-CTS-032,A/California/NIRC-IS-1059/2026_H3N2,plate21-A/California/NIRC-IS-1059/2026_H3N2,92,0.006414,0.006414
flu-seqneut-2026-CTS-032,A/California/NIRC-IS-1059/2026_H3N2,plate21-A/California/NIRC-IS-1059/2026_H3N2,212,0.06654,0.06654
flu-seqneut-2026-CTS-032,A/California/NIRC-IS-1059/2026_H3N2,plate21-A/California/NIRC-IS-1059/2026_H3N2,487,0.6736,0.6736
flu-seqneut-2026-CTS-032,A/California/NIRC-IS-1059/2026_H3N2,plate21-A/California/NIRC-IS-1059/2026_H3N2,1119,0.3821,0.3821
flu-seqneut-2026-CTS-032,A/California/NIRC-IS-1059/2026_H3N2,plate21-A/California/NIRC-IS-1059/2026_H3N2,2575,0.8178,0.8178
flu-seqneut-2026-CTS-032,A/California/NIRC-IS-1059/2026_H3N2,plate21-A/California/NIRC-IS-1059/2026_H3N2,5921,1.254,1
flu-seqneut-2026-CTS-032,A/California/NIRC-IS-1067/2026_H3N2,plate21-A/California/NIRC-IS-1067/2026_H3N2,40,0.002592,0.002592
flu-seqneut-2026-CTS-032,A/California/NIRC-IS-1067/2026_H3N2,plate21-A/California/NIRC-IS-1067/2026_H3N2,92,0.004724,0.004724
flu-seqneut-2026-CTS-032,A/California/NIRC-IS-1067/2026_H3N2,plate21-A/California/NIRC-IS-1067/2026_H3N2,212,0.03679,0.03679
flu-seqneut-2026-CTS-032,A/California/NIRC-IS-1067/2026_H3N2,plate21-A/California/NIRC-IS-1067/2026_H3N2,487,0.5102,0.5102
flu-seqneut-2026-CTS-032,A/California/NIRC-IS-1067/2026_H3N2,plate21-A/California/NIRC-IS-1067/2026_H3N2,1119,0.2451,0.2451
flu-seqneut-2026-CTS-032,A/California/NIRC-IS-1067/2026_H3N2,plate21-A/California/NIRC-IS-1067/2026_H3N2,2575,0.6173,0.6173
flu-seqneut-2026-CTS-032,A/California/NIRC-IS-1067/2026_H3N2,plate21-A/California/NIRC-IS-1067/2026_H3N2,5921,1.078,1
flu-seqneut-2026-CTS-032,A/California/NIRC-IS-1356/2025_H1N1,plate21-A/California/NIRC-IS-1356/2025_H1N1,40,0.0008269,0.0008269
flu-seqneut-2026-CTS-032,A/California/NIRC-IS-1356/2025_H1N1,plate21-A/California/NIRC-IS-1356/2025_H1N1,92,0.08704,0.08704
flu-seqneut-2026-CTS-032,A/California/NIRC-IS-1356/2025_H1N1,plate21-A/California/NIRC-IS-1356/2025_H1N1,212,0.2002,0.2002
flu-seqneut-2026-CTS-032,A/California/NIRC-IS-1356/2025_H1N1,plate21-A/California/NIRC-IS-1356/2025_H1N1,487,1.066,1
flu-seqneut-2026-CTS-032,A/California/NIRC-IS-1356/2025_H1N1,plate21-A/California/NIRC-IS-1356/2025_H1N1,1119,0.5105,0.5105
flu-seqneut-2026-CTS-032,A/California/NIRC-IS-1356/2025_H1N1,plate21-A/California/NIRC-IS-1356/2025_H1N1,2575,1.25,1
flu-seqneut-2026-CTS-032,A/California/NIRC-IS-1356/2025_H1N1,plate21-A/California/NIRC-IS-1356/2025_H1N1,5921,1.622,1
flu-seqneut-2026-CTS-032,A/Castellon/VAHNSI_02_02400/2025_H3N2,plate21-A/Castellon/VAHNSI_02_02400/2025_H3N2,40,0.0006056,0.0006056
flu-seqneut-2026-CTS-032,A/Castellon/VAHNSI_02_02400/2025_H3N2,plate21-A/Castellon/VAHNSI_02_02400/2025_H3N2,92,0.004047,0.004047
flu-seqneut-2026-CTS-032,A/Castellon/VAHNSI_02_02400/2025_H3N2,plate21-A/Castellon/VAHNSI_02_02400/2025_H3N2,212,0.03843,0.03843
flu-seqneut-2026-CTS-032,A/Castellon/VAHNSI_02_02400/2025_H3N2,plate21-A/Castellon/VAHNSI_02_02400/2025_H3N2,487,0.3725,0.3725
flu-seqneut-2026-CTS-032,A/Castellon/VAHNSI_02_02400/2025_H3N2,plate21-A/Castellon/VAHNSI_02_02400/2025_H3N2,1119,0.231,0.231
flu-seqneut-2026-CTS-032,A/Castellon/VAHNSI_02_02400/2025_H3N2,plate21-A/Castellon/VAHNSI_02_02400/2025_H3N2,2575,0.996,0.996
flu-seqneut-2026-CTS-032,A/Castellon/VAHNSI_02_02400/2025_H3N2,plate21-A/Castellon/VAHNSI_02_02400/2025_H3N2,5921,1.371,1
flu-seqneut-2026-CTS-032,A/Colombia/1851/2024_H3N2,plate21-A/Colombia/1851/2024_H3N2,40,0,0
flu-seqneut-2026-CTS-032,A/Colombia/1851/2024_H3N2,plate21-A/Colombia/1851/2024_H3N2,92,0.0132,0.0132
flu-seqneut-2026-CTS-032,A/Colombia/1851/2024_H3N2,plate21-A/Colombia/1851/2024_H3N2,212,0.06162,0.06162
flu-seqneut-2026-CTS-032,A/Colombia/1851/2024_H3N2,plate21-A/Colombia/1851/2024_H3N2,487,0.7852,0.7852
flu-seqneut-2026-CTS-032,A/Colombia/1851/2024_H3N2,plate21-A/Colombia/1851/2024_H3N2,1119,0.2087,0.2087
flu-seqneut-2026-CTS-032,A/Colombia/1851/2024_H3N2,plate21-A/Colombia/1851/2024_H3N2,2575,0.9375,0.9375
flu-seqneut-2026-CTS-032,A/Colombia/1851/2024_H3N2,plate21-A/Colombia/1851/2024_H3N2,5921,1.991,1
flu-seqneut-2026-CTS-032,A/Colorado/218/2024_H1N1,plate21-A/Colorado/218/2024_H1N1,40,0,0
flu-seqneut-2026-CTS-032,A/Colorado/218/2024_H1N1,plate21-A/Colorado/218/2024_H1N1,92,0.01444,0.01444
flu-seqneut-2026-CTS-032,A/Colorado/218/2024_H1N1,plate21-A/Colorado/218/2024_H1N1,212,0.008677,0.008677
flu-seqneut-2026-CTS-032,A/Colorado/218/2024_H1N1,plate21-A/Colorado/218/2024_H1N1,487,0.1221,0.1221
flu-seqneut-2026-CTS-032,A/Colorado/218/2024_H1N1,plate21-A/Colorado/218/2024_H1N1,1119,0.9813,0.9813
flu-seqneut-2026-CTS-032,A/Colorado/218/2024_H1N1,plate21-A/Colorado/218/2024_H1N1,2575,1.808,1
flu-seqneut-2026-CTS-032,A/Colorado/218/2024_H1N1,plate21-A/Colorado/218/2024_H1N1,5921,1.255,1
flu-seqneut-2026-CTS-032,A/Connecticut/5/2026_H3N2,plate21-A/Connecticut/5/2026_H3N2,40,0.009733,0.009733
flu-seqneut-2026-CTS-032,A/Connecticut/5/2026_H3N2,plate21-A/Connecticut/5/2026_H3N2,92,0.03766,0.03766
flu-seqneut-2026-CTS-032,A/Connecticut/5/2026_H3N2,plate21-A/Connecticut/5/2026_H3N2,212,0.1108,0.1108
flu-seqneut-2026-CTS-032,A/Connecticut/5/2026_H3N2,plate21-A/Connecticut/5/2026_H3N2,487,0.8572,0.8572
flu-seqneut-2026-CTS-032,A/Connecticut/5/2026_H3N2,plate21-A/Connecticut/5/2026_H3N2,1119,0.3298,0.3298
flu-seqneut-2026-CTS-032,A/Connecticut/5/2026_H3N2,plate21-A/Connecticut/5/2026_H3N2,2575,0.8603,0.8603
flu-seqneut-2026-CTS-032,A/Connecticut/5/2026_H3N2,plate21-A/Connecticut/5/2026_H3N2,5921,1.219,1
flu-seqneut-2026-CTS-032,A/Croatia/10136RV/2023_H3N2,plate21-A/Croatia/10136RV/2023_H3N2,40,0.0005492,0.0005492
flu-seqneut-2026-CTS-032,A/Croatia/10136RV/2023_H3N2,plate21-A/Croatia/10136RV/2023_H3N2,92,0.004576,0.004576
flu-seqneut-2026-CTS-032,A/Croatia/10136RV/2023_H3N2,plate21-A/Croatia/10136RV/2023_H3N2,212,0.1139,0.1139
flu-seqneut-2026-CTS-032,A/Croatia/10136RV/2023_H3N2,plate21-A/Croatia/10136RV/2023_H3N2,487,0.1655,0.1655
flu-seqneut-2026-CTS-032,A/Croatia/10136RV/2023_H3N2,plate21-A/Croatia/10136RV/2023_H3N2,1119,0.1169,0.1169
flu-seqneut-2026-CTS-032,A/Croatia/10136RV/2023_H3N2,plate21-A/Croatia/10136RV/2023_H3N2,2575,0.4396,0.4396
flu-seqneut-2026-CTS-032,A/Croatia/10136RV/2023_H3N2,plate21-A/Croatia/10136RV/2023_H3N2,5921,1.092,1
flu-seqneut-2026-CTS-032,A/Darwin/1415/2025_H3N2,plate21-A/Darwin/1415/2025_H3N2,40,0,0
flu-seqneut-2026-CTS-032,A/Darwin/1415/2025_H3N2,plate21-A/Darwin/1415/2025_H3N2,92,0,0
flu-seqneut-2026-CTS-032,A/Darwin/1415/2025_H3N2,plate21-A/Darwin/1415/2025_H3N2,212,0.005814,0.005814
flu-seqneut-2026-CTS-032,A/Darwin/1415/2025_H3N2,plate21-A/Darwin/1415/2025_H3N2,487,0.3467,0.3467
flu-seqneut-2026-CTS-032,A/Darwin/1415/2025_H3N2,plate21-A/Darwin/1415/2025_H3N2,1119,0.175,0.175
flu-seqneut-2026-CTS-032,A/Darwin/1415/2025_H3N2,plate21-A/Darwin/1415/2025_H3N2,2575,1.055,1
flu-seqneut-2026-CTS-032,A/Darwin/1415/2025_H3N2,plate21-A/Darwin/1415/2025_H3N2,5921,1.141,1
flu-seqneut-2026-CTS-032,A/Darwin/1454/2025_H3N2,plate21-A/Darwin/1454/2025_H3N2,40,0,0
flu-seqneut-2026-CTS-032,A/Darwin/1454/2025_H3N2,plate21-A/Darwin/1454/2025_H3N2,92,0,0
flu-seqneut-2026-CTS-032,A/Darwin/1454/2025_H3N2,plate21-A/Darwin/1454/2025_H3N2,212,0.001774,0.001774
flu-seqneut-2026-CTS-032,A/Darwin/1454/2025_H3N2,plate21-A/Darwin/1454/2025_H3N2,487,0.08296,0.08296
flu-seqneut-2026-CTS-032,A/Darwin/1454/2025_H3N2,plate21-A/Darwin/1454/2025_H3N2,1119,0.1465,0.1465
flu-seqneut-2026-CTS-032,A/Darwin/1454/2025_H3N2,plate21-A/Darwin/1454/2025_H3N2,2575,1.098,1
flu-seqneut-2026-CTS-032,A/Darwin/1454/2025_H3N2,plate21-A/Darwin/1454/2025_H3N2,5921,1.328,1
flu-seqneut-2026-CTS-032,A/Denmark/3940/2025_H3N2,plate21-A/Denmark/3940/2025_H3N2,40,0.003275,0.003275
flu-seqneut-2026-CTS-032,A/Denmark/3940/2025_H3N2,plate21-A/Denmark/3940/2025_H3N2,92,0.004264,0.004264
flu-seqneut-2026-CTS-032,A/Denmark/3940/2025_H3N2,plate21-A/Denmark/3940/2025_H3N2,212,0.05579,0.05579
flu-seqneut-2026-CTS-032,A/Denmark/3940/2025_H3N2,plate21-A/Denmark/3940/2025_H3N2,487,0.6128,0.6128
flu-seqneut-2026-CTS-032,A/Denmark/3940/2025_H3N2,plate21-A/Denmark/3940/2025_H3N2,1119,0.2555,0.2555
flu-seqneut-2026-CTS-032,A/Denmark/3940/2025_H3N2,plate21-A/Denmark/3940/2025_H3N2,2575,0.8835,0.8835
flu-seqneut-2026-CTS-032,A/Denmark/3940/2025_H3N2,plate21-A/Denmark/3940/2025_H3N2,5921,1.265,1
flu-seqneut-2026-CTS-032,A/Denmark/4547/2025_H1N1,plate21-A/Denmark/4547/2025_H1N1,40,0,0
flu-seqneut-2026-CTS-032,A/Denmark/4547/2025_H1N1,plate21-A/Denmark/4547/2025_H1N1,92,0,0
flu-seqneut-2026-CTS-032,A/Denmark/4547/2025_H1N1,plate21-A/Denmark/4547/2025_H1N1,212,0.09224,0.09224
flu-seqneut-2026-CTS-032,A/Denmark/4547/2025_H1N1,plate21-A/Denmark/4547/2025_H1N1,487,0.9079,0.9079
flu-seqneut-2026-CTS-032,A/Denmark/4547/2025_H1N1,plate21-A/Denmark/4547/2025_H1N1,1119,0.313,0.313
flu-seqneut-2026-CTS-032,A/Denmark/4547/2025_H1N1,plate21-A/Denmark/4547/2025_H1N1,2575,1.617,1
flu-seqneut-2026-CTS-032,A/Denmark/4547/2025_H1N1,plate21-A/Denmark/4547/2025_H1N1,5921,1.838,1
flu-seqneut-2026-CTS-032,A/Denmark/4774/2025_H1N1,plate21-A/Denmark/4774/2025_H1N1,40,0,0
flu-seqneut-2026-CTS-032,A/Denmark/4774/2025_H1N1,plate21-A/Denmark/4774/2025_H1N1,92,0.4297,0.4297
flu-seqneut-2026-CTS-032,A/Denmark/4774/2025_H1N1,plate21-A/Denmark/4774/2025_H1N1,212,0.1886,0.1886
flu-seqneut-2026-CTS-032,A/Denmark/4774/2025_H1N1,plate21-A/Denmark/4774/2025_H1N1,487,0.7927,0.7927
flu-seqneut-2026-CTS-032,A/Denmark/4774/2025_H1N1,plate21-A/Denmark/4774/2025_H1N1,1119,0.346,0.346
flu-seqneut-2026-CTS-032,A/Denmark/4774/2025_H1N1,plate21-A/Denmark/4774/2025_H1N1,2575,1.018,1
flu-seqneut-2026-CTS-032,A/Denmark/4774/2025_H1N1,plate21-A/Denmark/4774/2025_H1N1,5921,0.971,0.971
flu-seqneut-2026-CTS-032,A/District_Of_Columbia/27/2023_H3N2,plate21-A/District_Of_Columbia/27/2023_H3N2,40,0,0
flu-seqneut-2026-CTS-032,A/District_Of_Columbia/27/2023_H3N2,plate21-A/District_Of_Columbia/27/2023_H3N2,92,0,0
flu-seqneut-2026-CTS-032,A/District_Of_Columbia/27/2023_H3N2,plate21-A/District_Of_Columbia/27/2023_H3N2,212,0.0547,0.0547
flu-seqneut-2026-CTS-032,A/District_Of_Columbia/27/2023_H3N2,plate21-A/District_Of_Columbia/27/2023_H3N2,487,1.146,1
flu-seqneut-2026-CTS-032,A/District_Of_Columbia/27/2023_H3N2,plate21-A/District_Of_Columbia/27/2023_H3N2,1119,0.209,0.209
flu-seqneut-2026-CTS-032,A/District_Of_Columbia/27/2023_H3N2,plate21-A/District_Of_Columbia/27/2023_H3N2,2575,0.7458,0.7458
flu-seqneut-2026-CTS-032,A/District_Of_Columbia/27/2023_H3N2,plate21-A/District_Of_Columbia/27/2023_H3N2,5921,1.126,1
flu-seqneut-2026-CTS-032,A/Distrito_Federal/250106000728/2025_H3N2,plate21-A/Distrito_Federal/250106000728/2025_H3N2,40,0.001516,0.001516
flu-seqneut-2026-CTS-032,A/Distrito_Federal/250106000728/2025_H3N2,plate21-A/Distrito_Federal/250106000728/2025_H3N2,92,0.004539,0.004539
flu-seqneut-2026-CTS-032,A/Distrito_Federal/250106000728/2025_H3N2,plate21-A/Distrito_Federal/250106000728/2025_H3N2,212,0.09794,0.09794
flu-seqneut-2026-CTS-032,A/Distrito_Federal/250106000728/2025_H3N2,plate21-A/Distrito_Federal/250106000728/2025_H3N2,487,1.151,1
flu-seqneut-2026-CTS-032,A/Distrito_Federal/250106000728/2025_H3N2,plate21-A/Distrito_Federal/250106000728/2025_H3N2,1119,0.2251,0.2251
flu-seqneut-2026-CTS-032,A/Distrito_Federal/250106000728/2025_H3N2,plate21-A/Distrito_Federal/250106000728/2025_H3N2,2575,0.6874,0.6874
flu-seqneut-2026-CTS-032,A/Distrito_Federal/250106000728/2025_H3N2,plate21-A/Distrito_Federal/250106000728/2025_H3N2,5921,1.558,1
flu-seqneut-2026-CTS-032,A/England/1893256/2026_H1N1,plate21-A/England/1893256/2026_H1N1,40,0,0
flu-seqneut-2026-CTS-032,A/England/1893256/2026_H1N1,plate21-A/England/1893256/2026_H1N1,92,0,0
flu-seqneut-2026-CTS-032,A/England/1893256/2026_H1N1,plate21-A/England/1893256/2026_H1N1,212,0.03272,0.03272
flu-seqneut-2026-CTS-032,A/England/1893256/2026_H1N1,plate21-A/England/1893256/2026_H1N1,487,0.4358,0.4358
flu-seqneut-2026-CTS-032,A/England/1893256/2026_H1N1,plate21-A/England/1893256/2026_H1N1,1119,0.2502,0.2502
flu-seqneut-2026-CTS-032,A/England/1893256/2026_H1N1,plate21-A/England/1893256/2026_H1N1,2575,0.9396,0.9396
flu-seqneut-2026-CTS-032,A/England/1893256/2026_H1N1,plate21-A/England/1893256/2026_H1N1,5921,1.023,1
flu-seqneut-2026-CTS-032,A/Florida/ISC-1069/2026_H3N2,plate21-A/Florida/ISC-1069/2026_H3N2,40,0.00759,0.00759
flu-seqneut-2026-CTS-032,A/Florida/ISC-1069/2026_H3N2,plate21-A/Florida/ISC-1069/2026_H3N2,92,0.004256,0.004256
flu-seqneut-2026-CTS-032,A/Florida/ISC-1069/2026_H3N2,plate21-A/Florida/ISC-1069/2026_H3N2,212,0.03034,0.03034
flu-seqneut-2026-CTS-032,A/Florida/ISC-1069/2026_H3N2,plate21-A/Florida/ISC-1069/2026_H3N2,487,0.3547,0.3547
flu-seqneut-2026-CTS-032,A/Florida/ISC-1069/2026_H3N2,plate21-A/Florida/ISC-1069/2026_H3N2,1119,0.1856,0.1856
flu-seqneut-2026-CTS-032,A/Florida/ISC-1069/2026_H3N2,plate21-A/Florida/ISC-1069/2026_H3N2,2575,0.9501,0.9501
flu-seqneut-2026-CTS-032,A/Florida/ISC-1069/2026_H3N2,plate21-A/Florida/ISC-1069/2026_H3N2,5921,0.9733,0.9733
flu-seqneut-2026-CTS-032,A/France/ARA-HCL025195259501/2025_H1N1,plate21-A/France/ARA-HCL025195259501/2025_H1N1,40,0.001796,0.001796
flu-seqneut-2026-CTS-032,A/France/ARA-HCL025195259501/2025_H1N1,plate21-A/France/ARA-HCL025195259501/2025_H1N1,92,0.00304,0.00304
flu-seqneut-2026-CTS-032,A/France/ARA-HCL025195259501/2025_H1N1,plate21-A/France/ARA-HCL025195259501/2025_H1N1,212,0.07245,0.07245
flu-seqneut-2026-CTS-032,A/France/ARA-HCL025195259501/2025_H1N1,plate21-A/France/ARA-HCL025195259501/2025_H1N1,487,0.5514,0.5514
flu-seqneut-2026-CTS-032,A/France/ARA-HCL025195259501/2025_H1N1,plate21-A/France/ARA-HCL025195259501/2025_H1N1,1119,0.2567,0.2567
flu-seqneut-2026-CTS-032,A/France/ARA-HCL025195259501/2025_H1N1,plate21-A/France/ARA-HCL025195259501/2025_H1N1,2575,1.058,1
flu-seqneut-2026-CTS-032,A/France/ARA-HCL025195259501/2025_H1N1,plate21-A/France/ARA-HCL025195259501/2025_H1N1,5921,1.294,1
flu-seqneut-2026-CTS-032,A/France/ARA-HCL026031894402/2026_H3N2,plate21-A/France/ARA-HCL026031894402/2026_H3N2,40,0.003858,0.003858
flu-seqneut-2026-CTS-032,A/France/ARA-HCL026031894402/2026_H3N2,plate21-A/France/ARA-HCL026031894402/2026_H3N2,92,0.008037,0.008037
flu-seqneut-2026-CTS-032,A/France/ARA-HCL026031894402/2026_H3N2,plate21-A/France/ARA-HCL026031894402/2026_H3N2,212,0.06949,0.06949
flu-seqneut-2026-CTS-032,A/France/ARA-HCL026031894402/2026_H3N2,plate21-A/France/ARA-HCL026031894402/2026_H3N2,487,0.9329,0.9329
flu-seqneut-2026-CTS-032,A/France/ARA-HCL026031894402/2026_H3N2,plate21-A/France/ARA-HCL026031894402/2026_H3N2,1119,0.1571,0.1571
flu-seqneut-2026-CTS-032,A/France/ARA-HCL026031894402/2026_H3N2,plate21-A/France/ARA-HCL026031894402/2026_H3N2,2575,0.858,0.858
flu-seqneut-2026-CTS-032,A/France/ARA-HCL026031894402/2026_H3N2,plate21-A/France/ARA-HCL026031894402/2026_H3N2,5921,1.436,1
flu-seqneut-2026-CTS-032,A/France/GES-IPP00659/2026_H1N1,plate21-A/France/GES-IPP00659/2026_H1N1,40,0,0
flu-seqneut-2026-CTS-032,A/France/GES-IPP00659/2026_H1N1,plate21-A/France/GES-IPP00659/2026_H1N1,92,0.01177,0.01177
flu-seqneut-2026-CTS-032,A/France/GES-IPP00659/2026_H1N1,plate21-A/France/GES-IPP00659/2026_H1N1,212,0.1643,0.1643
flu-seqneut-2026-CTS-032,A/France/GES-IPP00659/2026_H1N1,plate21-A/France/GES-IPP00659/2026_H1N1,487,1.252,1
flu-seqneut-2026-CTS-032,A/France/GES-IPP00659/2026_H1N1,plate21-A/France/GES-IPP00659/2026_H1N1,1119,0.5527,0.5527
flu-seqneut-2026-CTS-032,A/France/GES-IPP00659/2026_H1N1,plate21-A/France/GES-IPP00659/2026_H1N1,2575,1.104,1
flu-seqneut-2026-CTS-032,A/France/GES-IPP00659/2026_H1N1,plate21-A/France/GES-IPP00659/2026_H1N1,5921,1.517,1
flu-seqneut-2026-CTS-032,A/France/GES-IPP01077/2026_H3N2,plate21-A/France/GES-IPP01077/2026_H3N2,40,0,0
flu-seqneut-2026-CTS-032,A/France/GES-IPP01077/2026_H3N2,plate21-A/France/GES-IPP01077/2026_H3N2,92,0,0
flu-seqneut-2026-CTS-032,A/France/GES-IPP01077/2026_H3N2,plate21-A/France/GES-IPP01077/2026_H3N2,212,0.007682,0.007682
flu-seqneut-2026-CTS-032,A/France/GES-IPP01077/2026_H3N2,plate21-A/France/GES-IPP01077/2026_H3N2,487,0.2673,0.2673
flu-seqneut-2026-CTS-032,A/France/GES-IPP01077/2026_H3N2,plate21-A/France/GES-IPP01077/2026_H3N2,1119,0.1104,0.1104
flu-seqneut-2026-CTS-032,A/France/GES-IPP01077/2026_H3N2,plate21-A/France/GES-IPP01077/2026_H3N2,2575,1.459,1
flu-seqneut-2026-CTS-032,A/France/GES-IPP01077/2026_H3N2,plate21-A/France/GES-IPP01077/2026_H3N2,5921,1.78,1
flu-seqneut-2026-CTS-032,A/France/HDF-IPP01550/2026_H3N2,plate21-A/France/HDF-IPP01550/2026_H3N2,40,0.0009383,0.0009383
flu-seqneut-2026-CTS-032,A/France/HDF-IPP01550/2026_H3N2,plate21-A/France/HDF-IPP01550/2026_H3N2,92,0.002565,0.002565
flu-seqneut-2026-CTS-032,A/France/HDF-IPP01550/2026_H3N2,plate21-A/France/HDF-IPP01550/2026_H3N2,212,0.08895,0.08895
flu-seqneut-2026-CTS-032,A/France/HDF-IPP01550/2026_H3N2,plate21-A/France/HDF-IPP01550/2026_H3N2,487,1.308,1
flu-seqneut-2026-CTS-032,A/France/HDF-IPP01550/2026_H3N2,plate21-A/France/HDF-IPP01550/2026_H3N2,1119,0.2995,0.2995
flu-seqneut-2026-CTS-032,A/France/HDF-IPP01550/2026_H3N2,plate21-A/France/HDF-IPP01550/2026_H3N2,2575,0.9825,0.9825
flu-seqneut-2026-CTS-032,A/France/HDF-IPP01550/2026_H3N2,plate21-A/France/HDF-IPP01550/2026_H3N2,5921,1.567,1
flu-seqneut-2026-CTS-032,A/France/HDF-RELAB-IPP00300/2026_H3N2,plate21-A/France/HDF-RELAB-IPP00300/2026_H3N2,40,0.005569,0.005569
flu-seqneut-2026-CTS-032,A/France/HDF-RELAB-IPP00300/2026_H3N2,plate21-A/France/HDF-RELAB-IPP00300/2026_H3N2,92,0.004845,0.004845
flu-seqneut-2026-CTS-032,A/France/HDF-RELAB-IPP00300/2026_H3N2,plate21-A/France/HDF-RELAB-IPP00300/2026_H3N2,212,0.03655,0.03655
flu-seqneut-2026-CTS-032,A/France/HDF-RELAB-IPP00300/2026_H3N2,plate21-A/France/HDF-RELAB-IPP00300/2026_H3N2,487,0.7432,0.7432
flu-seqneut-2026-CTS-032,A/France/HDF-RELAB-IPP00300/2026_H3N2,plate21-A/France/HDF-RELAB-IPP00300/2026_H3N2,1119,0.224,0.224
flu-seqneut-2026-CTS-032,A/France/HDF-RELAB-IPP00300/2026_H3N2,plate21-A/France/HDF-RELAB-IPP00300/2026_H3N2,2575,1.186,1
flu-seqneut-2026-CTS-032,A/France/HDF-RELAB-IPP00300/2026_H3N2,plate21-A/France/HDF-RELAB-IPP00300/2026_H3N2,5921,0.968,0.968
flu-seqneut-2026-CTS-032,A/France/HDF-RELAB-IPP00303/2026_H3N2,plate21-A/France/HDF-RELAB-IPP00303/2026_H3N2,40,0.003373,0.003373
flu-seqneut-2026-CTS-032,A/France/HDF-RELAB-IPP00303/2026_H3N2,plate21-A/France/HDF-RELAB-IPP00303/2026_H3N2,92,0.006328,0.006328
flu-seqneut-2026-CTS-032,A/France/HDF-RELAB-IPP00303/2026_H3N2,plate21-A/France/HDF-RELAB-IPP00303/2026_H3N2,212,0.05019,0.05019
flu-seqneut-2026-CTS-032,A/France/HDF-RELAB-IPP00303/2026_H3N2,plate21-A/France/HDF-RELAB-IPP00303/2026_H3N2,487,0.9322,0.9322
flu-seqneut-2026-CTS-032,A/France/HDF-RELAB-IPP00303/2026_H3N2,plate21-A/France/HDF-RELAB-IPP00303/2026_H3N2,1119,0.2952,0.2952
flu-seqneut-2026-CTS-032,A/France/HDF-RELAB-IPP00303/2026_H3N2,plate21-A/France/HDF-RELAB-IPP00303/2026_H3N2,2575,0.9592,0.9592
flu-seqneut-2026-CTS-032,A/France/HDF-RELAB-IPP00303/2026_H3N2,plate21-A/France/HDF-RELAB-IPP00303/2026_H3N2,5921,1.682,1
flu-seqneut-2026-CTS-032,A/France/HDF-RELAB-IPP07969/2025_H1N1,plate21-A/France/HDF-RELAB-IPP07969/2025_H1N1,40,0,0
flu-seqneut-2026-CTS-032,A/France/HDF-RELAB-IPP07969/2025_H1N1,plate21-A/France/HDF-RELAB-IPP07969/2025_H1N1,92,0.002971,0.002971
flu-seqneut-2026-CTS-032,A/France/HDF-RELAB-IPP07969/2025_H1N1,plate21-A/France/HDF-RELAB-IPP07969/2025_H1N1,212,0.123,0.123
flu-seqneut-2026-CTS-032,A/France/HDF-RELAB-IPP07969/2025_H1N1,plate21-A/France/HDF-RELAB-IPP07969/2025_H1N1,487,0.5153,0.5153
flu-seqneut-2026-CTS-032,A/France/HDF-RELAB-IPP07969/2025_H1N1,plate21-A/France/HDF-RELAB-IPP07969/2025_H1N1,1119,0.3211,0.3211
flu-seqneut-2026-CTS-032,A/France/HDF-RELAB-IPP07969/2025_H1N1,plate21-A/France/HDF-RELAB-IPP07969/2025_H1N1,2575,0.7282,0.7282
flu-seqneut-2026-CTS-032,A/France/HDF-RELAB-IPP07969/2025_H1N1,plate21-A/France/HDF-RELAB-IPP07969/2025_H1N1,5921,1.373,1
flu-seqneut-2026-CTS-032,A/France/NAQ-HCL026010957001/2026_H3N2,plate21-A/France/NAQ-HCL026010957001/2026_H3N2,40,0,0
flu-seqneut-2026-CTS-032,A/France/NAQ-HCL026010957001/2026_H3N2,plate21-A/France/NAQ-HCL026010957001/2026_H3N2,92,0.005756,0.005756
flu-seqneut-2026-CTS-032,A/France/NAQ-HCL026010957001/2026_H3N2,plate21-A/France/NAQ-HCL026010957001/2026_H3N2,212,0.02226,0.02226
flu-seqneut-2026-CTS-032,A/France/NAQ-HCL026010957001/2026_H3N2,plate21-A/France/NAQ-HCL026010957001/2026_H3N2,487,0.2777,0.2777
flu-seqneut-2026-CTS-032,A/France/NAQ-HCL026010957001/2026_H3N2,plate21-A/France/NAQ-HCL026010957001/2026_H3N2,1119,0.1518,0.1518
flu-seqneut-2026-CTS-032,A/France/NAQ-HCL026010957001/2026_H3N2,plate21-A/France/NAQ-HCL026010957001/2026_H3N2,2575,0.5979,0.5979
flu-seqneut-2026-CTS-032,A/France/NAQ-HCL026010957001/2026_H3N2,plate21-A/France/NAQ-HCL026010957001/2026_H3N2,5921,1.296,1
flu-seqneut-2026-CTS-032,A/France/NAQ-HCL026046169102/2025_H1N1,plate21-A/France/NAQ-HCL026046169102/2025_H1N1,40,0,0
flu-seqneut-2026-CTS-032,A/France/NAQ-HCL026046169102/2025_H1N1,plate21-A/France/NAQ-HCL026046169102/2025_H1N1,92,0,0
flu-seqneut-2026-CTS-032,A/France/NAQ-HCL026046169102/2025_H1N1,plate21-A/France/NAQ-HCL026046169102/2025_H1N1,212,0.03795,0.03795
flu-seqneut-2026-CTS-032,A/France/NAQ-HCL026046169102/2025_H1N1,plate21-A/France/NAQ-HCL026046169102/2025_H1N1,487,0.539,0.539
flu-seqneut-2026-CTS-032,A/France/NAQ-HCL026046169102/2025_H1N1,plate21-A/France/NAQ-HCL026046169102/2025_H1N1,1119,0.2715,0.2715
flu-seqneut-2026-CTS-032,A/France/NAQ-HCL026046169102/2025_H1N1,plate21-A/France/NAQ-HCL026046169102/2025_H1N1,2575,0.7788,0.7788
flu-seqneut-2026-CTS-032,A/France/NAQ-HCL026046169102/2025_H1N1,plate21-A/France/NAQ-HCL026046169102/2025_H1N1,5921,0.7937,0.7937
flu-seqneut-2026-CTS-032,A/France/OCC-HCL026013263701/2026_H3N2,plate21-A/France/OCC-HCL026013263701/2026_H3N2,40,0.001219,0.001219
flu-seqneut-2026-CTS-032,A/France/OCC-HCL026013263701/2026_H3N2,plate21-A/France/OCC-HCL026013263701/2026_H3N2,92,0.003332,0.003332
flu-seqneut-2026-CTS-032,A/France/OCC-HCL026013263701/2026_H3N2,plate21-A/France/OCC-HCL026013263701/2026_H3N2,212,0.01931,0.01931
flu-seqneut-2026-CTS-032,A/France/OCC-HCL026013263701/2026_H3N2,plate21-A/France/OCC-HCL026013263701/2026_H3N2,487,0.363,0.363
flu-seqneut-2026-CTS-032,A/France/OCC-HCL026013263701/2026_H3N2,plate21-A/France/OCC-HCL026013263701/2026_H3N2,1119,0.3662,0.3662
flu-seqneut-2026-CTS-032,A/France/OCC-HCL026013263701/2026_H3N2,plate21-A/France/OCC-HCL026013263701/2026_H3N2,2575,1.284,1
flu-seqneut-2026-CTS-032,A/France/OCC-HCL026013263701/2026_H3N2,plate21-A/France/OCC-HCL026013263701/2026_H3N2,5921,1.225,1
flu-seqneut-2026-CTS-032,A/France/PAC-RELAB-HCL026021993801/2026_H3N2,plate21-A/France/PAC-RELAB-HCL026021993801/2026_H3N2,40,0.002039,0.002039
flu-seqneut-2026-CTS-032,A/France/PAC-RELAB-HCL026021993801/2026_H3N2,plate21-A/France/PAC-RELAB-HCL026021993801/2026_H3N2,92,0.002522,0.002522
flu-seqneut-2026-CTS-032,A/France/PAC-RELAB-HCL026021993801/2026_H3N2,plate21-A/France/PAC-RELAB-HCL026021993801/2026_H3N2,212,0.03331,0.03331
flu-seqneut-2026-CTS-032,A/France/PAC-RELAB-HCL026021993801/2026_H3N2,plate21-A/France/PAC-RELAB-HCL026021993801/2026_H3N2,487,0.4015,0.4015
flu-seqneut-2026-CTS-032,A/France/PAC-RELAB-HCL026021993801/2026_H3N2,plate21-A/France/PAC-RELAB-HCL026021993801/2026_H3N2,1119,0.1257,0.1257
flu-seqneut-2026-CTS-032,A/France/PAC-RELAB-HCL026021993801/2026_H3N2,plate21-A/France/PAC-RELAB-HCL026021993801/2026_H3N2,2575,0.957,0.957
flu-seqneut-2026-CTS-032,A/France/PAC-RELAB-HCL026021993801/2026_H3N2,plate21-A/France/PAC-RELAB-HCL026021993801/2026_H3N2,5921,1.07,1
flu-seqneut-2026-CTS-032,A/Galicia/GA-CHUAC-451/2025_H3N2,plate21-A/Galicia/GA-CHUAC-451/2025_H3N2,40,0,0
flu-seqneut-2026-CTS-032,A/Galicia/GA-CHUAC-451/2025_H3N2,plate21-A/Galicia/GA-CHUAC-451/2025_H3N2,92,0.004938,0.004938
flu-seqneut-2026-CTS-032,A/Galicia/GA-CHUAC-451/2025_H3N2,plate21-A/Galicia/GA-CHUAC-451/2025_H3N2,212,0.1312,0.1312
flu-seqneut-2026-CTS-032,A/Galicia/GA-CHUAC-451/2025_H3N2,plate21-A/Galicia/GA-CHUAC-451/2025_H3N2,487,0.6539,0.6539
flu-seqneut-2026-CTS-032,A/Galicia/GA-CHUAC-451/2025_H3N2,plate21-A/Galicia/GA-CHUAC-451/2025_H3N2,1119,0.2127,0.2127
flu-seqneut-2026-CTS-032,A/Galicia/GA-CHUAC-451/2025_H3N2,plate21-A/Galicia/GA-CHUAC-451/2025_H3N2,2575,0.8406,0.8406
flu-seqneut-2026-CTS-032,A/Galicia/GA-CHUAC-451/2025_H3N2,plate21-A/Galicia/GA-CHUAC-451/2025_H3N2,5921,1.459,1
flu-seqneut-2026-CTS-032,A/Galicia/GA-CHUAC-612/2025_H1N1,plate21-A/Galicia/GA-CHUAC-612/2025_H1N1,40,0,0
flu-seqneut-2026-CTS-032,A/Galicia/GA-CHUAC-612/2025_H1N1,plate21-A/Galicia/GA-CHUAC-612/2025_H1N1,92,0.006944,0.006944
flu-seqneut-2026-CTS-032,A/Galicia/GA-CHUAC-612/2025_H1N1,plate21-A/Galicia/GA-CHUAC-612/2025_H1N1,212,0.06903,0.06903
flu-seqneut-2026-CTS-032,A/Galicia/GA-CHUAC-612/2025_H1N1,plate21-A/Galicia/GA-CHUAC-612/2025_H1N1,487,0.909,0.909
flu-seqneut-2026-CTS-032,A/Galicia/GA-CHUAC-612/2025_H1N1,plate21-A/Galicia/GA-CHUAC-612/2025_H1N1,1119,0.2274,0.2274
flu-seqneut-2026-CTS-032,A/Galicia/GA-CHUAC-612/2025_H1N1,plate21-A/Galicia/GA-CHUAC-612/2025_H1N1,2575,1.64,1
flu-seqneut-2026-CTS-032,A/Galicia/GA-CHUAC-612/2025_H1N1,plate21-A/Galicia/GA-CHUAC-612/2025_H1N1,5921,1.656,1
flu-seqneut-2026-CTS-032,A/Germany/LRMC_0104/2025_H3N2,plate21-A/Germany/LRMC_0104/2025_H3N2,40,0,0
flu-seqneut-2026-CTS-032,A/Germany/LRMC_0104/2025_H3N2,plate21-A/Germany/LRMC_0104/2025_H3N2,92,0.004277,0.004277
flu-seqneut-2026-CTS-032,A/Germany/LRMC_0104/2025_H3N2,plate21-A/Germany/LRMC_0104/2025_H3N2,212,0.0271,0.0271
flu-seqneut-2026-CTS-032,A/Germany/LRMC_0104/2025_H3N2,plate21-A/Germany/LRMC_0104/2025_H3N2,487,0.203,0.203
flu-seqneut-2026-CTS-032,A/Germany/LRMC_0104/2025_H3N2,plate21-A/Germany/LRMC_0104/2025_H3N2,1119,0.2125,0.2125
flu-seqneut-2026-CTS-032,A/Germany/LRMC_0104/2025_H3N2,plate21-A/Germany/LRMC_0104/2025_H3N2,2575,1.743,1
flu-seqneut-2026-CTS-032,A/Germany/LRMC_0104/2025_H3N2,plate21-A/Germany/LRMC_0104/2025_H3N2,5921,1.012,1
flu-seqneut-2026-CTS-032,A/Germany/LRMC_0113/2025_H3N2,plate21-A/Germany/LRMC_0113/2025_H3N2,40,0.0008968,0.0008968
flu-seqneut-2026-CTS-032,A/Germany/LRMC_0113/2025_H3N2,plate21-A/Germany/LRMC_0113/2025_H3N2,92,0.001634,0.001634
flu-seqneut-2026-CTS-032,A/Germany/LRMC_0113/2025_H3N2,plate21-A/Germany/LRMC_0113/2025_H3N2,212,0.02597,0.02597
flu-seqneut-2026-CTS-032,A/Germany/LRMC_0113/2025_H3N2,plate21-A/Germany/LRMC_0113/2025_H3N2,487,0.4161,0.4161
flu-seqneut-2026-CTS-032,A/Germany/LRMC_0113/2025_H3N2,plate21-A/Germany/LRMC_0113/2025_H3N2,1119,0.2343,0.2343
flu-seqneut-2026-CTS-032,A/Germany/LRMC_0113/2025_H3N2,plate21-A/Germany/LRMC_0113/2025_H3N2,2575,0.7043,0.7043
flu-seqneut-2026-CTS-032,A/Germany/LRMC_0113/2025_H3N2,plate21-A/Germany/LRMC_0113/2025_H3N2,5921,0.9418,0.9418
flu-seqneut-2026-CTS-032,A/Hawaii/70/2019_H1N1,plate21-A/Hawaii/70/2019_H1N1,40,0,0
flu-seqneut-2026-CTS-032,A/Hawaii/70/2019_H1N1,plate21-A/Hawaii/70/2019_H1N1,92,0.0002509,0.0002509
flu-seqneut-2026-CTS-032,A/Hawaii/70/2019_H1N1,plate21-A/Hawaii/70/2019_H1N1,212,0.005629,0.005629
flu-seqneut-2026-CTS-032,A/Hawaii/70/2019_H1N1,plate21-A/Hawaii/70/2019_H1N1,487,0.006857,0.006857
flu-seqneut-2026-CTS-032,A/Hawaii/70/2019_H1N1,plate21-A/Hawaii/70/2019_H1N1,1119,0.1575,0.1575
flu-seqneut-2026-CTS-032,A/Hawaii/70/2019_H1N1,plate21-A/Hawaii/70/2019_H1N1,2575,0.4247,0.4247
flu-seqneut-2026-CTS-032,A/Hawaii/70/2019_H1N1,plate21-A/Hawaii/70/2019_H1N1,5921,0.8355,0.8355
flu-seqneut-2026-CTS-032,A/Hawaii/ISC-1140/2025_H1N1,plate21-A/Hawaii/ISC-1140/2025_H1N1,40,0.001274,0.001274
flu-seqneut-2026-CTS-032,A/Hawaii/ISC-1140/2025_H1N1,plate21-A/Hawaii/ISC-1140/2025_H1N1,92,0.004063,0.004063
flu-seqneut-2026-CTS-032,A/Hawaii/ISC-1140/2025_H1N1,plate21-A/Hawaii/ISC-1140/2025_H1N1,212,0.02685,0.02685
flu-seqneut-2026-CTS-032,A/Hawaii/ISC-1140/2025_H1N1,plate21-A/Hawaii/ISC-1140/2025_H1N1,487,0.1618,0.1618
flu-seqneut-2026-CTS-032,A/Hawaii/ISC-1140/2025_H1N1,plate21-A/Hawaii/ISC-1140/2025_H1N1,1119,0.221,0.221
flu-seqneut-2026-CTS-032,A/Hawaii/ISC-1140/2025_H1N1,plate21-A/Hawaii/ISC-1140/2025_H1N1,2575,1.099,1
flu-seqneut-2026-CTS-032,A/Hawaii/ISC-1140/2025_H1N1,plate21-A/Hawaii/ISC-1140/2025_H1N1,5921,1.206,1
flu-seqneut-2026-CTS-032,A/Hessen/18/2026_H1N1,plate21-A/Hessen/18/2026_H1N1,40,0,0
flu-seqneut-2026-CTS-032,A/Hessen/18/2026_H1N1,plate21-A/Hessen/18/2026_H1N1,92,0.001362,0.001362
flu-seqneut-2026-CTS-032,A/Hessen/18/2026_H1N1,plate21-A/Hessen/18/2026_H1N1,212,0.01064,0.01064
flu-seqneut-2026-CTS-032,A/Hessen/18/2026_H1N1,plate21-A/Hessen/18/2026_H1N1,487,0.6397,0.6397
flu-seqneut-2026-CTS-032,A/Hessen/18/2026_H1N1,plate21-A/Hessen/18/2026_H1N1,1119,0.205,0.205
flu-seqneut-2026-CTS-032,A/Hessen/18/2026_H1N1,plate21-A/Hessen/18/2026_H1N1,2575,0.9993,0.9993
flu-seqneut-2026-CTS-032,A/Hessen/18/2026_H1N1,plate21-A/Hessen/18/2026_H1N1,5921,1.135,1
flu-seqneut-2026-CTS-032,A/Ireland/91576/2025_H3N2,plate21-A/Ireland/91576/2025_H3N2,40,0.0009518,0.0009518
flu-seqneut-2026-CTS-032,A/Ireland/91576/2025_H3N2,plate21-A/Ireland/91576/2025_H3N2,92,0.00824,0.00824
flu-seqneut-2026-CTS-032,A/Ireland/91576/2025_H3N2,plate21-A/Ireland/91576/2025_H3N2,212,0.02939,0.02939
flu-seqneut-2026-CTS-032,A/Ireland/91576/2025_H3N2,plate21-A/Ireland/91576/2025_H3N2,487,0.568,0.568
flu-seqneut-2026-CTS-032,A/Ireland/91576/2025_H3N2,plate21-A/Ireland/91576/2025_H3N2,1119,0.2559,0.2559
flu-seqneut-2026-CTS-032,A/Ireland/91576/2025_H3N2,plate21-A/Ireland/91576/2025_H3N2,2575,0.9981,0.9981
flu-seqneut-2026-CTS-032,A/Ireland/91576/2025_H3N2,plate21-A/Ireland/91576/2025_H3N2,5921,0.9591,0.9591
flu-seqneut-2026-CTS-032,A/Kentucky/80/2025_H1N1,plate21-A/Kentucky/80/2025_H1N1,40,0,0
flu-seqneut-2026-CTS-032,A/Kentucky/80/2025_H1N1,plate21-A/Kentucky/80/2025_H1N1,92,0.0016,0.0016
flu-seqneut-2026-CTS-032,A/Kentucky/80/2025_H1N1,plate21-A/Kentucky/80/2025_H1N1,212,0.02767,0.02767
flu-seqneut-2026-CTS-032,A/Kentucky/80/2025_H1N1,plate21-A/Kentucky/80/2025_H1N1,487,0.2201,0.2201
flu-seqneut-2026-CTS-032,A/Kentucky/80/2025_H1N1,plate21-A/Kentucky/80/2025_H1N1,1119,0.1816,0.1816
flu-seqneut-2026-CTS-032,A/Kentucky/80/2025_H1N1,plate21-A/Kentucky/80/2025_H1N1,2575,0.7345,0.7345
flu-seqneut-2026-CTS-032,A/Kentucky/80/2025_H1N1,plate21-A/Kentucky/80/2025_H1N1,5921,1.223,1
flu-seqneut-2026-CTS-032,A/Lisboa/216/2023_H3N2,plate21-A/Lisboa/216/2023_H3N2,40,0,0
flu-seqneut-2026-CTS-032,A/Lisboa/216/2023_H3N2,plate21-A/Lisboa/216/2023_H3N2,92,0.001582,0.001582
flu-seqneut-2026-CTS-032,A/Lisboa/216/2023_H3N2,plate21-A/Lisboa/216/2023_H3N2,212,0.022,0.022
flu-seqneut-2026-CTS-032,A/Lisboa/216/2023_H3N2,plate21-A/Lisboa/216/2023_H3N2,487,0.1189,0.1189
flu-seqneut-2026-CTS-032,A/Lisboa/216/2023_H3N2,plate21-A/Lisboa/216/2023_H3N2,1119,0.1911,0.1911
flu-seqneut-2026-CTS-032,A/Lisboa/216/2023_H3N2,plate21-A/Lisboa/216/2023_H3N2,2575,1.239,1
flu-seqneut-2026-CTS-032,A/Lisboa/216/2023_H3N2,plate21-A/Lisboa/216/2023_H3N2,5921,0.8288,0.8288
flu-seqneut-2026-CTS-032,A/Luxembourg/LNS9132577/2026_H3N2,plate21-A/Luxembourg/LNS9132577/2026_H3N2,40,0.002086,0.002086
flu-seqneut-2026-CTS-032,A/Luxembourg/LNS9132577/2026_H3N2,plate21-A/Luxembourg/LNS9132577/2026_H3N2,92,0.001426,0.001426
flu-seqneut-2026-CTS-032,A/Luxembourg/LNS9132577/2026_H3N2,plate21-A/Luxembourg/LNS9132577/2026_H3N2,212,0.03065,0.03065
flu-seqneut-2026-CTS-032,A/Luxembourg/LNS9132577/2026_H3N2,plate21-A/Luxembourg/LNS9132577/2026_H3N2,487,0.6033,0.6033
flu-seqneut-2026-CTS-032,A/Luxembourg/LNS9132577/2026_H3N2,plate21-A/Luxembourg/LNS9132577/2026_H3N2,1119,0.1856,0.1856
flu-seqneut-2026-CTS-032,A/Luxembourg/LNS9132577/2026_H3N2,plate21-A/Luxembourg/LNS9132577/2026_H3N2,2575,1.006,1
flu-seqneut-2026-CTS-032,A/Luxembourg/LNS9132577/2026_H3N2,plate21-A/Luxembourg/LNS9132577/2026_H3N2,5921,1.699,1
flu-seqneut-2026-CTS-032,A/Maine/25/2026_H1N1,plate21-A/Maine/25/2026_H1N1,40,0.0003693,0.0003693
flu-seqneut-2026-CTS-032,A/Maine/25/2026_H1N1,plate21-A/Maine/25/2026_H1N1,92,0.00101,0.00101
flu-seqneut-2026-CTS-032,A/Maine/25/2026_H1N1,plate21-A/Maine/25/2026_H1N1,212,0.0604,0.0604
flu-seqneut-2026-CTS-032,A/Maine/25/2026_H1N1,plate21-A/Maine/25/2026_H1N1,487,0.618,0.618
flu-seqneut-2026-CTS-032,A/Maine/25/2026_H1N1,plate21-A/Maine/25/2026_H1N1,1119,0.2915,0.2915
flu-seqneut-2026-CTS-032,A/Maine/25/2026_H1N1,plate21-A/Maine/25/2026_H1N1,2575,1.028,1
flu-seqneut-2026-CTS-032,A/Maine/25/2026_H1N1,plate21-A/Maine/25/2026_H1N1,5921,1.46,1
flu-seqneut-2026-CTS-032,A/Malaysia/IMR/SARI/2406/2025_H3N2,plate21-A/Malaysia/IMR/SARI/2406/2025_H3N2,40,0,0
flu-seqneut-2026-CTS-032,A/Malaysia/IMR/SARI/2406/2025_H3N2,plate21-A/Malaysia/IMR/SARI/2406/2025_H3N2,92,0.0529,0.0529
flu-seqneut-2026-CTS-032,A/Malaysia/IMR/SARI/2406/2025_H3N2,plate21-A/Malaysia/IMR/SARI/2406/2025_H3N2,212,0.2447,0.2447
flu-seqneut-2026-CTS-032,A/Malaysia/IMR/SARI/2406/2025_H3N2,plate21-A/Malaysia/IMR/SARI/2406/2025_H3N2,487,1.446,1
flu-seqneut-2026-CTS-032,A/Malaysia/IMR/SARI/2406/2025_H3N2,plate21-A/Malaysia/IMR/SARI/2406/2025_H3N2,1119,0.2811,0.2811
flu-seqneut-2026-CTS-032,A/Malaysia/IMR/SARI/2406/2025_H3N2,plate21-A/Malaysia/IMR/SARI/2406/2025_H3N2,2575,1.186,1
flu-seqneut-2026-CTS-032,A/Malaysia/IMR/SARI/2406/2025_H3N2,plate21-A/Malaysia/IMR/SARI/2406/2025_H3N2,5921,2.149,1
flu-seqneut-2026-CTS-032,A/Massachusetts/18/2022_H3N2,plate21-A/Massachusetts/18/2022_H3N2,40,0,0
flu-seqneut-2026-CTS-032,A/Massachusetts/18/2022_H3N2,plate21-A/Massachusetts/18/2022_H3N2,92,0.003276,0.003276
flu-seqneut-2026-CTS-032,A/Massachusetts/18/2022_H3N2,plate21-A/Massachusetts/18/2022_H3N2,212,0.2152,0.2152
flu-seqneut-2026-CTS-032,A/Massachusetts/18/2022_H3N2,plate21-A/Massachusetts/18/2022_H3N2,487,0.5215,0.5215
flu-seqneut-2026-CTS-032,A/Massachusetts/18/2022_H3N2,plate21-A/Massachusetts/18/2022_H3N2,1119,0.2817,0.2817
flu-seqneut-2026-CTS-032,A/Massachusetts/18/2022_H3N2,plate21-A/Massachusetts/18/2022_H3N2,2575,0.7868,0.7868
flu-seqneut-2026-CTS-032,A/Massachusetts/18/2022_H3N2,plate21-A/Massachusetts/18/2022_H3N2,5921,1.001,1
flu-seqneut-2026-CTS-032,A/Massachusetts/ISC-1856/2025_H3N2,plate21-A/Massachusetts/ISC-1856/2025_H3N2,40,0,0
flu-seqneut-2026-CTS-032,A/Massachusetts/ISC-1856/2025_H3N2,plate21-A/Massachusetts/ISC-1856/2025_H3N2,92,0.008044,0.008044
flu-seqneut-2026-CTS-032,A/Massachusetts/ISC-1856/2025_H3N2,plate21-A/Massachusetts/ISC-1856/2025_H3N2,212,0.03788,0.03788
flu-seqneut-2026-CTS-032,A/Massachusetts/ISC-1856/2025_H3N2,plate21-A/Massachusetts/ISC-1856/2025_H3N2,487,0.1781,0.1781
flu-seqneut-2026-CTS-032,A/Massachusetts/ISC-1856/2025_H3N2,plate21-A/Massachusetts/ISC-1856/2025_H3N2,1119,0.2038,0.2038
flu-seqneut-2026-CTS-032,A/Massachusetts/ISC-1856/2025_H3N2,plate21-A/Massachusetts/ISC-1856/2025_H3N2,2575,0.7878,0.7878
flu-seqneut-2026-CTS-032,A/Massachusetts/ISC-1856/2025_H3N2,plate21-A/Massachusetts/ISC-1856/2025_H3N2,5921,1.709,1
flu-seqneut-2026-CTS-032,A/Mauritius/26000203/2026_H1N1,plate21-A/Mauritius/26000203/2026_H1N1,40,0.0009456,0.0009456
flu-seqneut-2026-CTS-032,A/Mauritius/26000203/2026_H1N1,plate21-A/Mauritius/26000203/2026_H1N1,92,0,0
flu-seqneut-2026-CTS-032,A/Mauritius/26000203/2026_H1N1,plate21-A/Mauritius/26000203/2026_H1N1,212,0.006846,0.006846
flu-seqneut-2026-CTS-032,A/Mauritius/26000203/2026_H1N1,plate21-A/Mauritius/26000203/2026_H1N1,487,0.1954,0.1954
flu-seqneut-2026-CTS-032,A/Mauritius/26000203/2026_H1N1,plate21-A/Mauritius/26000203/2026_H1N1,1119,0.2739,0.2739
flu-seqneut-2026-CTS-032,A/Mauritius/26000203/2026_H1N1,plate21-A/Mauritius/26000203/2026_H1N1,2575,0.9322,0.9322
flu-seqneut-2026-CTS-032,A/Mauritius/26000203/2026_H1N1,plate21-A/Mauritius/26000203/2026_H1N1,5921,1.143,1
flu-seqneut-2026-CTS-032,A/Michigan/8/2026_H3N2,plate21-A/Michigan/8/2026_H3N2,40,0.0006541,0.0006541
flu-seqneut-2026-CTS-032,A/Michigan/8/2026_H3N2,plate21-A/Michigan/8/2026_H3N2,92,0.003577,0.003577
flu-seqneut-2026-CTS-032,A/Michigan/8/2026_H3N2,plate21-A/Michigan/8/2026_H3N2,212,0.06296,0.06296
flu-seqneut-2026-CTS-032,A/Michigan/8/2026_H3N2,plate21-A/Michigan/8/2026_H3N2,487,0.512,0.512
flu-seqneut-2026-CTS-032,A/Michigan/8/2026_H3N2,plate21-A/Michigan/8/2026_H3N2,1119,0.2607,0.2607
flu-seqneut-2026-CTS-032,A/Michigan/8/2026_H3N2,plate21-A/Michigan/8/2026_H3N2,2575,0.8938,0.8938
flu-seqneut-2026-CTS-032,A/Michigan/8/2026_H3N2,plate21-A/Michigan/8/2026_H3N2,5921,0.9841,0.9841
flu-seqneut-2026-CTS-032,A/Michigan/UM-10068071276/2025_H3N2,plate21-A/Michigan/UM-10068071276/2025_H3N2,40,0.003873,0.003873
flu-seqneut-2026-CTS-032,A/Michigan/UM-10068071276/2025_H3N2,plate21-A/Michigan/UM-10068071276/2025_H3N2,92,0.00873,0.00873
flu-seqneut-2026-CTS-032,A/Michigan/UM-10068071276/2025_H3N2,plate21-A/Michigan/UM-10068071276/2025_H3N2,212,0.08203,0.08203
flu-seqneut-2026-CTS-032,A/Michigan/UM-10068071276/2025_H3N2,plate21-A/Michigan/UM-10068071276/2025_H3N2,487,0.5187,0.5187
flu-seqneut-2026-CTS-032,A/Michigan/UM-10068071276/2025_H3N2,plate21-A/Michigan/UM-10068071276/2025_H3N2,1119,0.2052,0.2052
flu-seqneut-2026-CTS-032,A/Michigan/UM-10068071276/2025_H3N2,plate21-A/Michigan/UM-10068071276/2025_H3N2,2575,0.6403,0.6403
flu-seqneut-2026-CTS-032,A/Michigan/UM-10068071276/2025_H3N2,plate21-A/Michigan/UM-10068071276/2025_H3N2,5921,1.043,1
flu-seqneut-2026-CTS-032,A/Michigan/UM-10068134090/2025_H3N2,plate21-A/Michigan/UM-10068134090/2025_H3N2,40,0.0004679,0.0004679
flu-seqneut-2026-CTS-032,A/Michigan/UM-10068134090/2025_H3N2,plate21-A/Michigan/UM-10068134090/2025_H3N2,92,0.0006822,0.0006822
flu-seqneut-2026-CTS-032,A/Michigan/UM-10068134090/2025_H3N2,plate21-A/Michigan/UM-10068134090/2025_H3N2,212,0.01315,0.01315
flu-seqneut-2026-CTS-032,A/Michigan/UM-10068134090/2025_H3N2,plate21-A/Michigan/UM-10068134090/2025_H3N2,487,0.1156,0.1156
flu-seqneut-2026-CTS-032,A/Michigan/UM-10068134090/2025_H3N2,plate21-A/Michigan/UM-10068134090/2025_H3N2,1119,0.3823,0.3823
flu-seqneut-2026-CTS-032,A/Michigan/UM-10068134090/2025_H3N2,plate21-A/Michigan/UM-10068134090/2025_H3N2,2575,0.5367,0.5367
flu-seqneut-2026-CTS-032,A/Michigan/UM-10068134090/2025_H3N2,plate21-A/Michigan/UM-10068134090/2025_H3N2,5921,0.7017,0.7017
flu-seqneut-2026-CTS-032,A/Michigan/UM-10068449788/2025_H3N2,plate21-A/Michigan/UM-10068449788/2025_H3N2,40,0,0
flu-seqneut-2026-CTS-032,A/Michigan/UM-10068449788/2025_H3N2,plate21-A/Michigan/UM-10068449788/2025_H3N2,92,0.008466,0.008466
flu-seqneut-2026-CTS-032,A/Michigan/UM-10068449788/2025_H3N2,plate21-A/Michigan/UM-10068449788/2025_H3N2,212,0.05095,0.05095
flu-seqneut-2026-CTS-032,A/Michigan/UM-10068449788/2025_H3N2,plate21-A/Michigan/UM-10068449788/2025_H3N2,487,0.5704,0.5704
flu-seqneut-2026-CTS-032,A/Michigan/UM-10068449788/2025_H3N2,plate21-A/Michigan/UM-10068449788/2025_H3N2,1119,0.2571,0.2571
flu-seqneut-2026-CTS-032,A/Michigan/UM-10068449788/2025_H3N2,plate21-A/Michigan/UM-10068449788/2025_H3N2,2575,0.5269,0.5269
flu-seqneut-2026-CTS-032,A/Michigan/UM-10068449788/2025_H3N2,plate21-A/Michigan/UM-10068449788/2025_H3N2,5921,1.182,1
flu-seqneut-2026-CTS-032,A/Michigan/UM-10068456988/2025_H3N2,plate21-A/Michigan/UM-10068456988/2025_H3N2,40,0.008892,0.008892
flu-seqneut-2026-CTS-032,A/Michigan/UM-10068456988/2025_H3N2,plate21-A/Michigan/UM-10068456988/2025_H3N2,92,0.01494,0.01494
flu-seqneut-2026-CTS-032,A/Michigan/UM-10068456988/2025_H3N2,plate21-A/Michigan/UM-10068456988/2025_H3N2,212,0.1174,0.1174
flu-seqneut-2026-CTS-032,A/Michigan/UM-10068456988/2025_H3N2,plate21-A/Michigan/UM-10068456988/2025_H3N2,487,0.6985,0.6985
flu-seqneut-2026-CTS-032,A/Michigan/UM-10068456988/2025_H3N2,plate21-A/Michigan/UM-10068456988/2025_H3N2,1119,0.2011,0.2011
flu-seqneut-2026-CTS-032,A/Michigan/UM-10068456988/2025_H3N2,plate21-A/Michigan/UM-10068456988/2025_H3N2,2575,0.5938,0.5938
flu-seqneut-2026-CTS-032,A/Michigan/UM-10068456988/2025_H3N2,plate21-A/Michigan/UM-10068456988/2025_H3N2,5921,1.02,1
flu-seqneut-2026-CTS-032,A/Michigan/UM-10068747355/2026_H3N2,plate21-A/Michigan/UM-10068747355/2026_H3N2,40,0,0
flu-seqneut-2026-CTS-032,A/Michigan/UM-10068747355/2026_H3N2,plate21-A/Michigan/UM-10068747355/2026_H3N2,92,0,0
flu-seqneut-2026-CTS-032,A/Michigan/UM-10068747355/2026_H3N2,plate21-A/Michigan/UM-10068747355/2026_H3N2,212,0.00166,0.00166
flu-seqneut-2026-CTS-032,A/Michigan/UM-10068747355/2026_H3N2,plate21-A/Michigan/UM-10068747355/2026_H3N2,487,0.5135,0.5135
flu-seqneut-2026-CTS-032,A/Michigan/UM-10068747355/2026_H3N2,plate21-A/Michigan/UM-10068747355/2026_H3N2,1119,0.2543,0.2543
flu-seqneut-2026-CTS-032,A/Michigan/UM-10068747355/2026_H3N2,plate21-A/Michigan/UM-10068747355/2026_H3N2,2575,1.02,1
flu-seqneut-2026-CTS-032,A/Michigan/UM-10068747355/2026_H3N2,plate21-A/Michigan/UM-10068747355/2026_H3N2,5921,1.481,1
flu-seqneut-2026-CTS-032,A/MinasGerais/410/2026_H1N1,plate21-A/MinasGerais/410/2026_H1N1,40,0,0
flu-seqneut-2026-CTS-032,A/MinasGerais/410/2026_H1N1,plate21-A/MinasGerais/410/2026_H1N1,92,0,0
flu-seqneut-2026-CTS-032,A/MinasGerais/410/2026_H1N1,plate21-A/MinasGerais/410/2026_H1N1,212,0.001518,0.001518
flu-seqneut-2026-CTS-032,A/MinasGerais/410/2026_H1N1,plate21-A/MinasGerais/410/2026_H1N1,487,0.4748,0.4748
flu-seqneut-2026-CTS-032,A/MinasGerais/410/2026_H1N1,plate21-A/MinasGerais/410/2026_H1N1,1119,0.2526,0.2526
flu-seqneut-2026-CTS-032,A/MinasGerais/410/2026_H1N1,plate21-A/MinasGerais/410/2026_H1N1,2575,0.7859,0.7859
flu-seqneut-2026-CTS-032,A/MinasGerais/410/2026_H1N1,plate21-A/MinasGerais/410/2026_H1N1,5921,1.146,1
flu-seqneut-2026-CTS-032,A/MinasGerais/671/2026_H1N1,plate21-A/MinasGerais/671/2026_H1N1,40,0,0
flu-seqneut-2026-CTS-032,A/MinasGerais/671/2026_H1N1,plate21-A/MinasGerais/671/2026_H1N1,92,0.005567,0.005567
flu-seqneut-2026-CTS-032,A/MinasGerais/671/2026_H1N1,plate21-A/MinasGerais/671/2026_H1N1,212,0.1447,0.1447
flu-seqneut-2026-CTS-032,A/MinasGerais/671/2026_H1N1,plate21-A/MinasGerais/671/2026_H1N1,487,1.028,1
flu-seqneut-2026-CTS-032,A/MinasGerais/671/2026_H1N1,plate21-A/MinasGerais/671/2026_H1N1,1119,0.3198,0.3198
flu-seqneut-2026-CTS-032,A/MinasGerais/671/2026_H1N1,plate21-A/MinasGerais/671/2026_H1N1,2575,1.019,1
flu-seqneut-2026-CTS-032,A/MinasGerais/671/2026_H1N1,plate21-A/MinasGerais/671/2026_H1N1,5921,1.359,1
flu-seqneut-2026-CTS-032,A/Mississippi/20/2026_H1N1,plate21-A/Mississippi/20/2026_H1N1,40,0.0002369,0.0002369
flu-seqneut-2026-CTS-032,A/Mississippi/20/2026_H1N1,plate21-A/Mississippi/20/2026_H1N1,92,0.0008637,0.0008637
flu-seqneut-2026-CTS-032,A/Mississippi/20/2026_H1N1,plate21-A/Mississippi/20/2026_H1N1,212,0.03845,0.03845
flu-seqneut-2026-CTS-032,A/Mississippi/20/2026_H1N1,plate21-A/Mississippi/20/2026_H1N1,487,0.649,0.649
flu-seqneut-2026-CTS-032,A/Mississippi/20/2026_H1N1,plate21-A/Mississippi/20/2026_H1N1,1119,0.3129,0.3129
flu-seqneut-2026-CTS-032,A/Mississippi/20/2026_H1N1,plate21-A/Mississippi/20/2026_H1N1,2575,1.961,1
flu-seqneut-2026-CTS-032,A/Mississippi/20/2026_H1N1,plate21-A/Mississippi/20/2026_H1N1,5921,1.751,1
flu-seqneut-2026-CTS-032,A/Missouri/11/2025_cell_H1N1,plate21-A/Missouri/11/2025_cell_H1N1,40,0.007024,0.007024
flu-seqneut-2026-CTS-032,A/Missouri/11/2025_cell_H1N1,plate21-A/Missouri/11/2025_cell_H1N1,92,0.006097,0.006097
flu-seqneut-2026-CTS-032,A/Missouri/11/2025_cell_H1N1,plate21-A/Missouri/11/2025_cell_H1N1,212,0.03633,0.03633
flu-seqneut-2026-CTS-032,A/Missouri/11/2025_cell_H1N1,plate21-A/Missouri/11/2025_cell_H1N1,487,0.1824,0.1824
flu-seqneut-2026-CTS-032,A/Missouri/11/2025_cell_H1N1,plate21-A/Missouri/11/2025_cell_H1N1,1119,0.3383,0.3383
flu-seqneut-2026-CTS-032,A/Missouri/11/2025_cell_H1N1,plate21-A/Missouri/11/2025_cell_H1N1,2575,1.275,1
flu-seqneut-2026-CTS-032,A/Missouri/11/2025_cell_H1N1,plate21-A/Missouri/11/2025_cell_H1N1,5921,1.167,1
flu-seqneut-2026-CTS-032,A/Missouri/11/2025_egg_H1N1,plate21-A/Missouri/11/2025_egg_H1N1,40,0,0
flu-seqneut-2026-CTS-032,A/Missouri/11/2025_egg_H1N1,plate21-A/Missouri/11/2025_egg_H1N1,92,0.0002652,0.0002652
flu-seqneut-2026-CTS-032,A/Missouri/11/2025_egg_H1N1,plate21-A/Missouri/11/2025_egg_H1N1,212,0,0
flu-seqneut-2026-CTS-032,A/Missouri/11/2025_egg_H1N1,plate21-A/Missouri/11/2025_egg_H1N1,487,0.003261,0.003261
flu-seqneut-2026-CTS-032,A/Missouri/11/2025_egg_H1N1,plate21-A/Missouri/11/2025_egg_H1N1,1119,0.01023,0.01023
flu-seqneut-2026-CTS-032,A/Missouri/11/2025_egg_H1N1,plate21-A/Missouri/11/2025_egg_H1N1,2575,0.2031,0.2031
flu-seqneut-2026-CTS-032,A/Missouri/11/2025_egg_H1N1,plate21-A/Missouri/11/2025_egg_H1N1,5921,0.4189,0.4189
flu-seqneut-2026-CTS-032,A/Missouri/NIRC-AV-1003/2025_H3N2,plate21-A/Missouri/NIRC-AV-1003/2025_H3N2,40,0.002185,0.002185
flu-seqneut-2026-CTS-032,A/Missouri/NIRC-AV-1003/2025_H3N2,plate21-A/Missouri/NIRC-AV-1003/2025_H3N2,92,0,0
flu-seqneut-2026-CTS-032,A/Missouri/NIRC-AV-1003/2025_H3N2,plate21-A/Missouri/NIRC-AV-1003/2025_H3N2,212,0.01349,0.01349
flu-seqneut-2026-CTS-032,A/Missouri/NIRC-AV-1003/2025_H3N2,plate21-A/Missouri/NIRC-AV-1003/2025_H3N2,487,0.253,0.253
flu-seqneut-2026-CTS-032,A/Missouri/NIRC-AV-1003/2025_H3N2,plate21-A/Missouri/NIRC-AV-1003/2025_H3N2,1119,0.3831,0.3831
flu-seqneut-2026-CTS-032,A/Missouri/NIRC-AV-1003/2025_H3N2,plate21-A/Missouri/NIRC-AV-1003/2025_H3N2,2575,1.381,1
flu-seqneut-2026-CTS-032,A/Missouri/NIRC-AV-1003/2025_H3N2,plate21-A/Missouri/NIRC-AV-1003/2025_H3N2,5921,2.664,1
flu-seqneut-2026-CTS-032,A/Montana/51/2025_H3N2,plate21-A/Montana/51/2025_H3N2,40,0.0007344,0.0007344
flu-seqneut-2026-CTS-032,A/Montana/51/2025_H3N2,plate21-A/Montana/51/2025_H3N2,92,0.001874,0.001874
flu-seqneut-2026-CTS-032,A/Montana/51/2025_H3N2,plate21-A/Montana/51/2025_H3N2,212,0.01858,0.01858
flu-seqneut-2026-CTS-032,A/Montana/51/2025_H3N2,plate21-A/Montana/51/2025_H3N2,487,0.4678,0.4678
flu-seqneut-2026-CTS-032,A/Montana/51/2025_H3N2,plate21-A/Montana/51/2025_H3N2,1119,0.2142,0.2142
flu-seqneut-2026-CTS-032,A/Montana/51/2025_H3N2,plate21-A/Montana/51/2025_H3N2,2575,1.063,1
flu-seqneut-2026-CTS-032,A/Montana/51/2025_H3N2,plate21-A/Montana/51/2025_H3N2,5921,1.295,1
flu-seqneut-2026-CTS-032,A/NakhonPhanom/P495/2026_H3N2,plate21-A/NakhonPhanom/P495/2026_H3N2,40,0.001535,0.001535
flu-seqneut-2026-CTS-032,A/NakhonPhanom/P495/2026_H3N2,plate21-A/NakhonPhanom/P495/2026_H3N2,92,0.02396,0.02396
flu-seqneut-2026-CTS-032,A/NakhonPhanom/P495/2026_H3N2,plate21-A/NakhonPhanom/P495/2026_H3N2,212,0.06351,0.06351
flu-seqneut-2026-CTS-032,A/NakhonPhanom/P495/2026_H3N2,plate21-A/NakhonPhanom/P495/2026_H3N2,487,0.6571,0.6571
flu-seqneut-2026-CTS-032,A/NakhonPhanom/P495/2026_H3N2,plate21-A/NakhonPhanom/P495/2026_H3N2,1119,0.3471,0.3471
flu-seqneut-2026-CTS-032,A/NakhonPhanom/P495/2026_H3N2,plate21-A/NakhonPhanom/P495/2026_H3N2,2575,1.091,1
flu-seqneut-2026-CTS-032,A/NakhonPhanom/P495/2026_H3N2,plate21-A/NakhonPhanom/P495/2026_H3N2,5921,1.666,1
flu-seqneut-2026-CTS-032,A/Navarra/260009/2025_H3N2,plate21-A/Navarra/260009/2025_H3N2,40,0,0
flu-seqneut-2026-CTS-032,A/Navarra/260009/2025_H3N2,plate21-A/Navarra/260009/2025_H3N2,92,0.01606,0.01606
flu-seqneut-2026-CTS-032,A/Navarra/260009/2025_H3N2,plate21-A/Navarra/260009/2025_H3N2,212,0.009787,0.009787
flu-seqneut-2026-CTS-032,A/Navarra/260009/2025_H3N2,plate21-A/Navarra/260009/2025_H3N2,487,0.7337,0.7337
flu-seqneut-2026-CTS-032,A/Navarra/260009/2025_H3N2,plate21-A/Navarra/260009/2025_H3N2,1119,0.1616,0.1616
flu-seqneut-2026-CTS-032,A/Navarra/260009/2025_H3N2,plate21-A/Navarra/260009/2025_H3N2,2575,0.9478,0.9478
flu-seqneut-2026-CTS-032,A/Navarra/260009/2025_H3N2,plate21-A/Navarra/260009/2025_H3N2,5921,0.8287,0.8287
flu-seqneut-2026-CTS-032,A/Nebraska/34/2026_H1N1,plate21-A/Nebraska/34/2026_H1N1,40,0,0
flu-seqneut-2026-CTS-032,A/Nebraska/34/2026_H1N1,plate21-A/Nebraska/34/2026_H1N1,92,0.002415,0.002415
flu-seqneut-2026-CTS-032,A/Nebraska/34/2026_H1N1,plate21-A/Nebraska/34/2026_H1N1,212,0.02427,0.02427
flu-seqneut-2026-CTS-032,A/Nebraska/34/2026_H1N1,plate21-A/Nebraska/34/2026_H1N1,487,0.3432,0.3432
flu-seqneut-2026-CTS-032,A/Nebraska/34/2026_H1N1,plate21-A/Nebraska/34/2026_H1N1,1119,0.2852,0.2852
flu-seqneut-2026-CTS-032,A/Nebraska/34/2026_H1N1,plate21-A/Nebraska/34/2026_H1N1,2575,1.217,1
flu-seqneut-2026-CTS-032,A/Nebraska/34/2026_H1N1,plate21-A/Nebraska/34/2026_H1N1,5921,1.071,1
flu-seqneut-2026-CTS-032,A/Netherlands/10008/2026_H1N1,plate21-A/Netherlands/10008/2026_H1N1,40,0.001756,0.001756
flu-seqneut-2026-CTS-032,A/Netherlands/10008/2026_H1N1,plate21-A/Netherlands/10008/2026_H1N1,92,0.0016,0.0016
flu-seqneut-2026-CTS-032,A/Netherlands/10008/2026_H1N1,plate21-A/Netherlands/10008/2026_H1N1,212,0.05534,0.05534
flu-seqneut-2026-CTS-032,A/Netherlands/10008/2026_H1N1,plate21-A/Netherlands/10008/2026_H1N1,487,0.4146,0.4146
flu-seqneut-2026-CTS-032,A/Netherlands/10008/2026_H1N1,plate21-A/Netherlands/10008/2026_H1N1,1119,0.2955,0.2955
flu-seqneut-2026-CTS-032,A/Netherlands/10008/2026_H1N1,plate21-A/Netherlands/10008/2026_H1N1,2575,0.9842,0.9842
flu-seqneut-2026-CTS-032,A/Netherlands/10008/2026_H1N1,plate21-A/Netherlands/10008/2026_H1N1,5921,1.01,1
flu-seqneut-2026-CTS-032,A/Netherlands/2398/2025_H1N1,plate21-A/Netherlands/2398/2025_H1N1,40,0.002659,0.002659
flu-seqneut-2026-CTS-032,A/Netherlands/2398/2025_H1N1,plate21-A/Netherlands/2398/2025_H1N1,92,0.001212,0.001212
flu-seqneut-2026-CTS-032,A/Netherlands/2398/2025_H1N1,plate21-A/Netherlands/2398/2025_H1N1,212,0.02251,0.02251
flu-seqneut-2026-CTS-032,A/Netherlands/2398/2025_H1N1,plate21-A/Netherlands/2398/2025_H1N1,487,0.5952,0.5952
flu-seqneut-2026-CTS-032,A/Netherlands/2398/2025_H1N1,plate21-A/Netherlands/2398/2025_H1N1,1119,0.2182,0.2182
flu-seqneut-2026-CTS-032,A/Netherlands/2398/2025_H1N1,plate21-A/Netherlands/2398/2025_H1N1,2575,1.414,1
flu-seqneut-2026-CTS-032,A/Netherlands/2398/2025_H1N1,plate21-A/Netherlands/2398/2025_H1N1,5921,1.794,1
flu-seqneut-2026-CTS-032,A/Netherlands/543/2026_H1N1,plate21-A/Netherlands/543/2026_H1N1,40,0,0
flu-seqneut-2026-CTS-032,A/Netherlands/543/2026_H1N1,plate21-A/Netherlands/543/2026_H1N1,92,0.0002955,0.0002955
flu-seqneut-2026-CTS-032,A/Netherlands/543/2026_H1N1,plate21-A/Netherlands/543/2026_H1N1,212,0.05635,0.05635
flu-seqneut-2026-CTS-032,A/Netherlands/543/2026_H1N1,plate21-A/Netherlands/543/2026_H1N1,487,0.6436,0.6436
flu-seqneut-2026-CTS-032,A/Netherlands/543/2026_H1N1,plate21-A/Netherlands/543/2026_H1N1,1119,0.5383,0.5383
flu-seqneut-2026-CTS-032,A/Netherlands/543/2026_H1N1,plate21-A/Netherlands/543/2026_H1N1,2575,2.134,1
flu-seqneut-2026-CTS-032,A/Netherlands/543/2026_H1N1,plate21-A/Netherlands/543/2026_H1N1,5921,1.317,1
flu-seqneut-2026-CTS-032,A/Netherlands/864/2026_H1N1,plate21-A/Netherlands/864/2026_H1N1,40,0,0
flu-seqneut-2026-CTS-032,A/Netherlands/864/2026_H1N1,plate21-A/Netherlands/864/2026_H1N1,92,0,0
flu-seqneut-2026-CTS-032,A/Netherlands/864/2026_H1N1,plate21-A/Netherlands/864/2026_H1N1,212,0.04319,0.04319
flu-seqneut-2026-CTS-032,A/Netherlands/864/2026_H1N1,plate21-A/Netherlands/864/2026_H1N1,487,0.8317,0.8317
flu-seqneut-2026-CTS-032,A/Netherlands/864/2026_H1N1,plate21-A/Netherlands/864/2026_H1N1,1119,0.27,0.27
flu-seqneut-2026-CTS-032,A/Netherlands/864/2026_H1N1,plate21-A/Netherlands/864/2026_H1N1,2575,1.151,1
flu-seqneut-2026-CTS-032,A/Netherlands/864/2026_H1N1,plate21-A/Netherlands/864/2026_H1N1,5921,1.592,1
flu-seqneut-2026-CTS-032,A/Netherlands/888/2026_H3N2,plate21-A/Netherlands/888/2026_H3N2,40,0.001206,0.001206
flu-seqneut-2026-CTS-032,A/Netherlands/888/2026_H3N2,plate21-A/Netherlands/888/2026_H3N2,92,0.004213,0.004213
flu-seqneut-2026-CTS-032,A/Netherlands/888/2026_H3N2,plate21-A/Netherlands/888/2026_H3N2,212,0.05958,0.05958
flu-seqneut-2026-CTS-032,A/Netherlands/888/2026_H3N2,plate21-A/Netherlands/888/2026_H3N2,487,0.4432,0.4432
flu-seqneut-2026-CTS-032,A/Netherlands/888/2026_H3N2,plate21-A/Netherlands/888/2026_H3N2,1119,0.26,0.26
flu-seqneut-2026-CTS-032,A/Netherlands/888/2026_H3N2,plate21-A/Netherlands/888/2026_H3N2,2575,1.092,1
flu-seqneut-2026-CTS-032,A/Netherlands/888/2026_H3N2,plate21-A/Netherlands/888/2026_H3N2,5921,1.291,1
flu-seqneut-2026-CTS-032,A/Netherlands/968/2026_H3N2,plate21-A/Netherlands/968/2026_H3N2,40,0.005381,0.005381
flu-seqneut-2026-CTS-032,A/Netherlands/968/2026_H3N2,plate21-A/Netherlands/968/2026_H3N2,92,0.01038,0.01038
flu-seqneut-2026-CTS-032,A/Netherlands/968/2026_H3N2,plate21-A/Netherlands/968/2026_H3N2,212,0.0275,0.0275
flu-seqneut-2026-CTS-032,A/Netherlands/968/2026_H3N2,plate21-A/Netherlands/968/2026_H3N2,487,0.3247,0.3247
flu-seqneut-2026-CTS-032,A/Netherlands/968/2026_H3N2,plate21-A/Netherlands/968/2026_H3N2,1119,0.3701,0.3701
flu-seqneut-2026-CTS-032,A/Netherlands/968/2026_H3N2,plate21-A/Netherlands/968/2026_H3N2,2575,0.9197,0.9197
flu-seqneut-2026-CTS-032,A/Netherlands/968/2026_H3N2,plate21-A/Netherlands/968/2026_H3N2,5921,1.272,1
flu-seqneut-2026-CTS-032,A/NewBrunswick/NBPHLFLUA10B-MM00057R/2026_H1N1,plate21-A/NewBrunswick/NBPHLFLUA10B-MM00057R/2026_H1N1,40,0,0
flu-seqneut-2026-CTS-032,A/NewBrunswick/NBPHLFLUA10B-MM00057R/2026_H1N1,plate21-A/NewBrunswick/NBPHLFLUA10B-MM00057R/2026_H1N1,92,0.0004893,0.0004893
flu-seqneut-2026-CTS-032,A/NewBrunswick/NBPHLFLUA10B-MM00057R/2026_H1N1,plate21-A/NewBrunswick/NBPHLFLUA10B-MM00057R/2026_H1N1,212,0.02744,0.02744
flu-seqneut-2026-CTS-032,A/NewBrunswick/NBPHLFLUA10B-MM00057R/2026_H1N1,plate21-A/NewBrunswick/NBPHLFLUA10B-MM00057R/2026_H1N1,487,0.3677,0.3677
flu-seqneut-2026-CTS-032,A/NewBrunswick/NBPHLFLUA10B-MM00057R/2026_H1N1,plate21-A/NewBrunswick/NBPHLFLUA10B-MM00057R/2026_H1N1,1119,0.3835,0.3835
flu-seqneut-2026-CTS-032,A/NewBrunswick/NBPHLFLUA10B-MM00057R/2026_H1N1,plate21-A/NewBrunswick/NBPHLFLUA10B-MM00057R/2026_H1N1,2575,1.246,1
flu-seqneut-2026-CTS-032,A/NewBrunswick/NBPHLFLUA10B-MM00057R/2026_H1N1,plate21-A/NewBrunswick/NBPHLFLUA10B-MM00057R/2026_H1N1,5921,1.58,1
flu-seqneut-2026-CTS-032,A/NewYork/NIRC-IS-1086/2026_H3N2,plate21-A/NewYork/NIRC-IS-1086/2026_H3N2,40,0.01366,0.01366
flu-seqneut-2026-CTS-032,A/NewYork/NIRC-IS-1086/2026_H3N2,plate21-A/NewYork/NIRC-IS-1086/2026_H3N2,92,0.02841,0.02841
flu-seqneut-2026-CTS-032,A/NewYork/NIRC-IS-1086/2026_H3N2,plate21-A/NewYork/NIRC-IS-1086/2026_H3N2,212,0.1305,0.1305
flu-seqneut-2026-CTS-032,A/NewYork/NIRC-IS-1086/2026_H3N2,plate21-A/NewYork/NIRC-IS-1086/2026_H3N2,487,1.036,1
flu-seqneut-2026-CTS-032,A/NewYork/NIRC-IS-1086/2026_H3N2,plate21-A/NewYork/NIRC-IS-1086/2026_H3N2,1119,0.3426,0.3426
flu-seqneut-2026-CTS-032,A/NewYork/NIRC-IS-1086/2026_H3N2,plate21-A/NewYork/NIRC-IS-1086/2026_H3N2,2575,1.261,1
flu-seqneut-2026-CTS-032,A/NewYork/NIRC-IS-1086/2026_H3N2,plate21-A/NewYork/NIRC-IS-1086/2026_H3N2,5921,1.831,1
flu-seqneut-2026-CTS-032,A/NordrheinWestfalen/54/2026_H3N2,plate21-A/NordrheinWestfalen/54/2026_H3N2,40,0.004077,0.004077
flu-seqneut-2026-CTS-032,A/NordrheinWestfalen/54/2026_H3N2,plate21-A/NordrheinWestfalen/54/2026_H3N2,92,0.04979,0.04979
flu-seqneut-2026-CTS-032,A/NordrheinWestfalen/54/2026_H3N2,plate21-A/NordrheinWestfalen/54/2026_H3N2,212,0.2933,0.2933
flu-seqneut-2026-CTS-032,A/NordrheinWestfalen/54/2026_H3N2,plate21-A/NordrheinWestfalen/54/2026_H3N2,487,1.084,1
flu-seqneut-2026-CTS-032,A/NordrheinWestfalen/54/2026_H3N2,plate21-A/NordrheinWestfalen/54/2026_H3N2,1119,0.3059,0.3059
flu-seqneut-2026-CTS-032,A/NordrheinWestfalen/54/2026_H3N2,plate21-A/NordrheinWestfalen/54/2026_H3N2,2575,1.259,1
flu-seqneut-2026-CTS-032,A/NordrheinWestfalen/54/2026_H3N2,plate21-A/NordrheinWestfalen/54/2026_H3N2,5921,1.284,1
flu-seqneut-2026-CTS-032,A/NordrheinWestfalen/96/2026_H1N1,plate21-A/NordrheinWestfalen/96/2026_H1N1,40,0,0
flu-seqneut-2026-CTS-032,A/NordrheinWestfalen/96/2026_H1N1,plate21-A/NordrheinWestfalen/96/2026_H1N1,92,0.001234,0.001234
flu-seqneut-2026-CTS-032,A/NordrheinWestfalen/96/2026_H1N1,plate21-A/NordrheinWestfalen/96/2026_H1N1,212,0.04109,0.04109
flu-seqneut-2026-CTS-032,A/NordrheinWestfalen/96/2026_H1N1,plate21-A/NordrheinWestfalen/96/2026_H1N1,487,0.3034,0.3034
flu-seqneut-2026-CTS-032,A/NordrheinWestfalen/96/2026_H1N1,plate21-A/NordrheinWestfalen/96/2026_H1N1,1119,0.4053,0.4053
flu-seqneut-2026-CTS-032,A/NordrheinWestfalen/96/2026_H1N1,plate21-A/NordrheinWestfalen/96/2026_H1N1,2575,1.389,1
flu-seqneut-2026-CTS-032,A/NordrheinWestfalen/96/2026_H1N1,plate21-A/NordrheinWestfalen/96/2026_H1N1,5921,1.278,1
flu-seqneut-2026-CTS-032,A/Norway/9556/2025_H1N1,plate21-A/Norway/9556/2025_H1N1,40,0,0
flu-seqneut-2026-CTS-032,A/Norway/9556/2025_H1N1,plate21-A/Norway/9556/2025_H1N1,92,0.03423,0.03423
flu-seqneut-2026-CTS-032,A/Norway/9556/2025_H1N1,plate21-A/Norway/9556/2025_H1N1,212,0.395,0.395
flu-seqneut-2026-CTS-032,A/Norway/9556/2025_H1N1,plate21-A/Norway/9556/2025_H1N1,487,1.124,1
flu-seqneut-2026-CTS-032,A/Norway/9556/2025_H1N1,plate21-A/Norway/9556/2025_H1N1,1119,0.6594,0.6594
flu-seqneut-2026-CTS-032,A/Norway/9556/2025_H1N1,plate21-A/Norway/9556/2025_H1N1,2575,1.284,1
flu-seqneut-2026-CTS-032,A/Norway/9556/2025_H1N1,plate21-A/Norway/9556/2025_H1N1,5921,1.625,1
flu-seqneut-2026-CTS-032,A/NovaScotia/25-365-06099/2025_H3N2,plate21-A/NovaScotia/25-365-06099/2025_H3N2,40,0.0009249,0.0009249
flu-seqneut-2026-CTS-032,A/NovaScotia/25-365-06099/2025_H3N2,plate21-A/NovaScotia/25-365-06099/2025_H3N2,92,0.002529,0.002529
flu-seqneut-2026-CTS-032,A/NovaScotia/25-365-06099/2025_H3N2,plate21-A/NovaScotia/25-365-06099/2025_H3N2,212,0.08059,0.08059
flu-seqneut-2026-CTS-032,A/NovaScotia/25-365-06099/2025_H3N2,plate21-A/NovaScotia/25-365-06099/2025_H3N2,487,0.5361,0.5361
flu-seqneut-2026-CTS-032,A/NovaScotia/25-365-06099/2025_H3N2,plate21-A/NovaScotia/25-365-06099/2025_H3N2,1119,0.1697,0.1697
flu-seqneut-2026-CTS-032,A/NovaScotia/25-365-06099/2025_H3N2,plate21-A/NovaScotia/25-365-06099/2025_H3N2,2575,0.787,0.787
flu-seqneut-2026-CTS-032,A/NovaScotia/25-365-06099/2025_H3N2,plate21-A/NovaScotia/25-365-06099/2025_H3N2,5921,1.162,1
flu-seqneut-2026-CTS-032,A/Ohio/259/2024_H1N1,plate21-A/Ohio/259/2024_H1N1,40,0,0
flu-seqneut-2026-CTS-032,A/Ohio/259/2024_H1N1,plate21-A/Ohio/259/2024_H1N1,92,0.001936,0.001936
flu-seqneut-2026-CTS-032,A/Ohio/259/2024_H1N1,plate21-A/Ohio/259/2024_H1N1,212,0.1254,0.1254
flu-seqneut-2026-CTS-032,A/Ohio/259/2024_H1N1,plate21-A/Ohio/259/2024_H1N1,487,0.2031,0.2031
flu-seqneut-2026-CTS-032,A/Ohio/259/2024_H1N1,plate21-A/Ohio/259/2024_H1N1,1119,0.2497,0.2497
flu-seqneut-2026-CTS-032,A/Ohio/259/2024_H1N1,plate21-A/Ohio/259/2024_H1N1,2575,0.7494,0.7494
flu-seqneut-2026-CTS-032,A/Ohio/259/2024_H1N1,plate21-A/Ohio/259/2024_H1N1,5921,1.028,1
flu-seqneut-2026-CTS-032,A/Ontario/PHL202550193/2025_H3N2,plate21-A/Ontario/PHL202550193/2025_H3N2,40,0.001815,0.001815
flu-seqneut-2026-CTS-032,A/Ontario/PHL202550193/2025_H3N2,plate21-A/Ontario/PHL202550193/2025_H3N2,92,0.006107,0.006107
flu-seqneut-2026-CTS-032,A/Ontario/PHL202550193/2025_H3N2,plate21-A/Ontario/PHL202550193/2025_H3N2,212,0.02283,0.02283
flu-seqneut-2026-CTS-032,A/Ontario/PHL202550193/2025_H3N2,plate21-A/Ontario/PHL202550193/2025_H3N2,487,0.4064,0.4064
flu-seqneut-2026-CTS-032,A/Ontario/PHL202550193/2025_H3N2,plate21-A/Ontario/PHL202550193/2025_H3N2,1119,0.1266,0.1266
flu-seqneut-2026-CTS-032,A/Ontario/PHL202550193/2025_H3N2,plate21-A/Ontario/PHL202550193/2025_H3N2,2575,0.7487,0.7487
flu-seqneut-2026-CTS-032,A/Ontario/PHL202550193/2025_H3N2,plate21-A/Ontario/PHL202550193/2025_H3N2,5921,0.6873,0.6873
flu-seqneut-2026-CTS-032,A/Oregon/81/2025_H3N2,plate21-A/Oregon/81/2025_H3N2,40,0.007971,0.007971
flu-seqneut-2026-CTS-032,A/Oregon/81/2025_H3N2,plate21-A/Oregon/81/2025_H3N2,92,0.009002,0.009002
flu-seqneut-2026-CTS-032,A/Oregon/81/2025_H3N2,plate21-A/Oregon/81/2025_H3N2,212,0.03365,0.03365
flu-seqneut-2026-CTS-032,A/Oregon/81/2025_H3N2,plate21-A/Oregon/81/2025_H3N2,487,1.072,1
flu-seqneut-2026-CTS-032,A/Oregon/81/2025_H3N2,plate21-A/Oregon/81/2025_H3N2,1119,0.3161,0.3161
flu-seqneut-2026-CTS-032,A/Oregon/81/2025_H3N2,plate21-A/Oregon/81/2025_H3N2,2575,1.516,1
flu-seqneut-2026-CTS-032,A/Oregon/81/2025_H3N2,plate21-A/Oregon/81/2025_H3N2,5921,2.545,1
flu-seqneut-2026-CTS-032,A/PaisVasco/70369726/2026_H1N1,plate21-A/PaisVasco/70369726/2026_H1N1,40,0.001193,0.001193
flu-seqneut-2026-CTS-032,A/PaisVasco/70369726/2026_H1N1,plate21-A/PaisVasco/70369726/2026_H1N1,92,0.001305,0.001305
flu-seqneut-2026-CTS-032,A/PaisVasco/70369726/2026_H1N1,plate21-A/PaisVasco/70369726/2026_H1N1,212,0.0372,0.0372
flu-seqneut-2026-CTS-032,A/PaisVasco/70369726/2026_H1N1,plate21-A/PaisVasco/70369726/2026_H1N1,487,0.4974,0.4974
flu-seqneut-2026-CTS-032,A/PaisVasco/70369726/2026_H1N1,plate21-A/PaisVasco/70369726/2026_H1N1,1119,0.25,0.25
flu-seqneut-2026-CTS-032,A/PaisVasco/70369726/2026_H1N1,plate21-A/PaisVasco/70369726/2026_H1N1,2575,0.6935,0.6935
flu-seqneut-2026-CTS-032,A/PaisVasco/70369726/2026_H1N1,plate21-A/PaisVasco/70369726/2026_H1N1,5921,1.377,1
flu-seqneut-2026-CTS-032,A/Parana/416133590/2026_H3N2,plate21-A/Parana/416133590/2026_H3N2,40,0.03526,0.03526
flu-seqneut-2026-CTS-032,A/Parana/416133590/2026_H3N2,plate21-A/Parana/416133590/2026_H3N2,92,0.01988,0.01988
flu-seqneut-2026-CTS-032,A/Parana/416133590/2026_H3N2,plate21-A/Parana/416133590/2026_H3N2,212,0.1196,0.1196
flu-seqneut-2026-CTS-032,A/Parana/416133590/2026_H3N2,plate21-A/Parana/416133590/2026_H3N2,487,1.655,1
flu-seqneut-2026-CTS-032,A/Parana/416133590/2026_H3N2,plate21-A/Parana/416133590/2026_H3N2,1119,0.3324,0.3324
flu-seqneut-2026-CTS-032,A/Parana/416133590/2026_H3N2,plate21-A/Parana/416133590/2026_H3N2,2575,1.227,1
flu-seqneut-2026-CTS-032,A/Parana/416133590/2026_H3N2,plate21-A/Parana/416133590/2026_H3N2,5921,1.271,1
flu-seqneut-2026-CTS-032,A/Peru/ANC-INS-062/2026_H3N2,plate21-A/Peru/ANC-INS-062/2026_H3N2,40,0,0
flu-seqneut-2026-CTS-032,A/Peru/ANC-INS-062/2026_H3N2,plate21-A/Peru/ANC-INS-062/2026_H3N2,92,0.0009944,0.0009944
flu-seqneut-2026-CTS-032,A/Peru/ANC-INS-062/2026_H3N2,plate21-A/Peru/ANC-INS-062/2026_H3N2,212,0.06431,0.06431
flu-seqneut-2026-CTS-032,A/Peru/ANC-INS-062/2026_H3N2,plate21-A/Peru/ANC-INS-062/2026_H3N2,487,0.2034,0.2034
flu-seqneut-2026-CTS-032,A/Peru/ANC-INS-062/2026_H3N2,plate21-A/Peru/ANC-INS-062/2026_H3N2,1119,0.1424,0.1424
flu-seqneut-2026-CTS-032,A/Peru/ANC-INS-062/2026_H3N2,plate21-A/Peru/ANC-INS-062/2026_H3N2,2575,0.9213,0.9213
flu-seqneut-2026-CTS-032,A/Peru/ANC-INS-062/2026_H3N2,plate21-A/Peru/ANC-INS-062/2026_H3N2,5921,1.428,1
flu-seqneut-2026-CTS-032,A/Rhode_Island/11/2026_H1N1,plate21-A/Rhode_Island/11/2026_H1N1,40,0.0002152,0.0002152
flu-seqneut-2026-CTS-032,A/Rhode_Island/11/2026_H1N1,plate21-A/Rhode_Island/11/2026_H1N1,92,0.003725,0.003725
flu-seqneut-2026-CTS-032,A/Rhode_Island/11/2026_H1N1,plate21-A/Rhode_Island/11/2026_H1N1,212,0.03931,0.03931
flu-seqneut-2026-CTS-032,A/Rhode_Island/11/2026_H1N1,plate21-A/Rhode_Island/11/2026_H1N1,487,0.4334,0.4334
flu-seqneut-2026-CTS-032,A/Rhode_Island/11/2026_H1N1,plate21-A/Rhode_Island/11/2026_H1N1,1119,0.2505,0.2505
flu-seqneut-2026-CTS-032,A/Rhode_Island/11/2026_H1N1,plate21-A/Rhode_Island/11/2026_H1N1,2575,1.036,1
flu-seqneut-2026-CTS-032,A/Rhode_Island/11/2026_H1N1,plate21-A/Rhode_Island/11/2026_H1N1,5921,1.237,1
flu-seqneut-2026-CTS-032,A/RiodeJaneiro/331/2026_H3N2,plate21-A/RiodeJaneiro/331/2026_H3N2,40,0.009378,0.009378
flu-seqneut-2026-CTS-032,A/RiodeJaneiro/331/2026_H3N2,plate21-A/RiodeJaneiro/331/2026_H3N2,92,0.09467,0.09467
flu-seqneut-2026-CTS-032,A/RiodeJaneiro/331/2026_H3N2,plate21-A/RiodeJaneiro/331/2026_H3N2,212,0.2354,0.2354
flu-seqneut-2026-CTS-032,A/RiodeJaneiro/331/2026_H3N2,plate21-A/RiodeJaneiro/331/2026_H3N2,487,0.9832,0.9832
flu-seqneut-2026-CTS-032,A/RiodeJaneiro/331/2026_H3N2,plate21-A/RiodeJaneiro/331/2026_H3N2,1119,0.2003,0.2003
flu-seqneut-2026-CTS-032,A/RiodeJaneiro/331/2026_H3N2,plate21-A/RiodeJaneiro/331/2026_H3N2,2575,0.7395,0.7395
flu-seqneut-2026-CTS-032,A/RiodeJaneiro/331/2026_H3N2,plate21-A/RiodeJaneiro/331/2026_H3N2,5921,0.928,0.928
flu-seqneut-2026-CTS-032,A/Romania/612042/2026_H3N2,plate21-A/Romania/612042/2026_H3N2,40,0.008763,0.008763
flu-seqneut-2026-CTS-032,A/Romania/612042/2026_H3N2,plate21-A/Romania/612042/2026_H3N2,92,0.002922,0.002922
flu-seqneut-2026-CTS-032,A/Romania/612042/2026_H3N2,plate21-A/Romania/612042/2026_H3N2,212,0.04287,0.04287
flu-seqneut-2026-CTS-032,A/Romania/612042/2026_H3N2,plate21-A/Romania/612042/2026_H3N2,487,0.3874,0.3874
flu-seqneut-2026-CTS-032,A/Romania/612042/2026_H3N2,plate21-A/Romania/612042/2026_H3N2,1119,0.2195,0.2195
flu-seqneut-2026-CTS-032,A/Romania/612042/2026_H3N2,plate21-A/Romania/612042/2026_H3N2,2575,0.8811,0.8811
flu-seqneut-2026-CTS-032,A/Romania/612042/2026_H3N2,plate21-A/Romania/612042/2026_H3N2,5921,1.35,1
flu-seqneut-2026-CTS-032,A/SantaCatarina/508/2026_H3N2,plate21-A/SantaCatarina/508/2026_H3N2,40,0.004283,0.004283
flu-seqneut-2026-CTS-032,A/SantaCatarina/508/2026_H3N2,plate21-A/SantaCatarina/508/2026_H3N2,92,0.001464,0.001464
flu-seqneut-2026-CTS-032,A/SantaCatarina/508/2026_H3N2,plate21-A/SantaCatarina/508/2026_H3N2,212,0.02964,0.02964
flu-seqneut-2026-CTS-032,A/SantaCatarina/508/2026_H3N2,plate21-A/SantaCatarina/508/2026_H3N2,487,0.6759,0.6759
flu-seqneut-2026-CTS-032,A/SantaCatarina/508/2026_H3N2,plate21-A/SantaCatarina/508/2026_H3N2,1119,0.1663,0.1663
flu-seqneut-2026-CTS-032,A/SantaCatarina/508/2026_H3N2,plate21-A/SantaCatarina/508/2026_H3N2,2575,0.7804,0.7804
flu-seqneut-2026-CTS-032,A/SantaCatarina/508/2026_H3N2,plate21-A/SantaCatarina/508/2026_H3N2,5921,1.045,1
flu-seqneut-2026-CTS-032,A/Saskatchewan/SKFLU477299/2025_H3N2,plate21-A/Saskatchewan/SKFLU477299/2025_H3N2,40,0.002648,0.002648
flu-seqneut-2026-CTS-032,A/Saskatchewan/SKFLU477299/2025_H3N2,plate21-A/Saskatchewan/SKFLU477299/2025_H3N2,92,0.008044,0.008044
flu-seqneut-2026-CTS-032,A/Saskatchewan/SKFLU477299/2025_H3N2,plate21-A/Saskatchewan/SKFLU477299/2025_H3N2,212,0.2496,0.2496
flu-seqneut-2026-CTS-032,A/Saskatchewan/SKFLU477299/2025_H3N2,plate21-A/Saskatchewan/SKFLU477299/2025_H3N2,487,1.591,1
flu-seqneut-2026-CTS-032,A/Saskatchewan/SKFLU477299/2025_H3N2,plate21-A/Saskatchewan/SKFLU477299/2025_H3N2,1119,0.287,0.287
flu-seqneut-2026-CTS-032,A/Saskatchewan/SKFLU477299/2025_H3N2,plate21-A/Saskatchewan/SKFLU477299/2025_H3N2,2575,1.403,1
flu-seqneut-2026-CTS-032,A/Saskatchewan/SKFLU477299/2025_H3N2,plate21-A/Saskatchewan/SKFLU477299/2025_H3N2,5921,1.498,1
flu-seqneut-2026-CTS-032,A/Saskatchewan/SKFLU477727/2025_H3N2,plate21-A/Saskatchewan/SKFLU477727/2025_H3N2,40,0.002756,0.002756
flu-seqneut-2026-CTS-032,A/Saskatchewan/SKFLU477727/2025_H3N2,plate21-A/Saskatchewan/SKFLU477727/2025_H3N2,92,0.003349,0.003349
flu-seqneut-2026-CTS-032,A/Saskatchewan/SKFLU477727/2025_H3N2,plate21-A/Saskatchewan/SKFLU477727/2025_H3N2,212,0.0402,0.0402
flu-seqneut-2026-CTS-032,A/Saskatchewan/SKFLU477727/2025_H3N2,plate21-A/Saskatchewan/SKFLU477727/2025_H3N2,487,0.4392,0.4392
flu-seqneut-2026-CTS-032,A/Saskatchewan/SKFLU477727/2025_H3N2,plate21-A/Saskatchewan/SKFLU477727/2025_H3N2,1119,0.2531,0.2531
flu-seqneut-2026-CTS-032,A/Saskatchewan/SKFLU477727/2025_H3N2,plate21-A/Saskatchewan/SKFLU477727/2025_H3N2,2575,1.439,1
flu-seqneut-2026-CTS-032,A/Saskatchewan/SKFLU477727/2025_H3N2,plate21-A/Saskatchewan/SKFLU477727/2025_H3N2,5921,1.376,1
flu-seqneut-2026-CTS-032,A/Saskatchewan/SKFLU490586/2026_H1N1,plate21-A/Saskatchewan/SKFLU490586/2026_H1N1,40,0,0
flu-seqneut-2026-CTS-032,A/Saskatchewan/SKFLU490586/2026_H1N1,plate21-A/Saskatchewan/SKFLU490586/2026_H1N1,92,0.0006778,0.0006778
flu-seqneut-2026-CTS-032,A/Saskatchewan/SKFLU490586/2026_H1N1,plate21-A/Saskatchewan/SKFLU490586/2026_H1N1,212,0.02502,0.02502
flu-seqneut-2026-CTS-032,A/Saskatchewan/SKFLU490586/2026_H1N1,plate21-A/Saskatchewan/SKFLU490586/2026_H1N1,487,1.236,1
flu-seqneut-2026-CTS-032,A/Saskatchewan/SKFLU490586/2026_H1N1,plate21-A/Saskatchewan/SKFLU490586/2026_H1N1,1119,0.3526,0.3526
flu-seqneut-2026-CTS-032,A/Saskatchewan/SKFLU490586/2026_H1N1,plate21-A/Saskatchewan/SKFLU490586/2026_H1N1,2575,0.9273,0.9273
flu-seqneut-2026-CTS-032,A/Saskatchewan/SKFLU490586/2026_H1N1,plate21-A/Saskatchewan/SKFLU490586/2026_H1N1,5921,1.205,1
flu-seqneut-2026-CTS-032,A/Singapore/GP20238/2024_H3N2,plate21-A/Singapore/GP20238/2024_H3N2,40,0,0
flu-seqneut-2026-CTS-032,A/Singapore/GP20238/2024_H3N2,plate21-A/Singapore/GP20238/2024_H3N2,92,0,0
flu-seqneut-2026-CTS-032,A/Singapore/GP20238/2024_H3N2,plate21-A/Singapore/GP20238/2024_H3N2,212,0.008105,0.008105
flu-seqneut-2026-CTS-032,A/Singapore/GP20238/2024_H3N2,plate21-A/Singapore/GP20238/2024_H3N2,487,0.02595,0.02595
flu-seqneut-2026-CTS-032,A/Singapore/GP20238/2024_H3N2,plate21-A/Singapore/GP20238/2024_H3N2,1119,0.1268,0.1268
flu-seqneut-2026-CTS-032,A/Singapore/GP20238/2024_H3N2,plate21-A/Singapore/GP20238/2024_H3N2,2575,1.123,1
flu-seqneut-2026-CTS-032,A/Singapore/GP20238/2024_H3N2,plate21-A/Singapore/GP20238/2024_H3N2,5921,0.91,0.91
flu-seqneut-2026-CTS-032,A/Singapore/KK2768/2025_H1N1,plate21-A/Singapore/KK2768/2025_H1N1,40,0,0
flu-seqneut-2026-CTS-032,A/Singapore/KK2768/2025_H1N1,plate21-A/Singapore/KK2768/2025_H1N1,92,0.0007336,0.0007336
flu-seqneut-2026-CTS-032,A/Singapore/KK2768/2025_H1N1,plate21-A/Singapore/KK2768/2025_H1N1,212,0.09616,0.09616
flu-seqneut-2026-CTS-032,A/Singapore/KK2768/2025_H1N1,plate21-A/Singapore/KK2768/2025_H1N1,487,1.206,1
flu-seqneut-2026-CTS-032,A/Singapore/KK2768/2025_H1N1,plate21-A/Singapore/KK2768/2025_H1N1,1119,0.4133,0.4133
flu-seqneut-2026-CTS-032,A/Singapore/KK2768/2025_H1N1,plate21-A/Singapore/KK2768/2025_H1N1,2575,1.505,1
flu-seqneut-2026-CTS-032,A/Singapore/KK2768/2025_H1N1,plate21-A/Singapore/KK2768/2025_H1N1,5921,1.373,1
flu-seqneut-2026-CTS-032,A/Singapore/MOH0547/2024_H1N1,plate21-A/Singapore/MOH0547/2024_H1N1,40,0.00718,0.00718
flu-seqneut-2026-CTS-032,A/Singapore/MOH0547/2024_H1N1,plate21-A/Singapore/MOH0547/2024_H1N1,92,0,0
flu-seqneut-2026-CTS-032,A/Singapore/MOH0547/2024_H1N1,plate21-A/Singapore/MOH0547/2024_H1N1,212,0.01651,0.01651
flu-seqneut-2026-CTS-032,A/Singapore/MOH0547/2024_H1N1,plate21-A/Singapore/MOH0547/2024_H1N1,487,0.2563,0.2563
flu-seqneut-2026-CTS-032,A/Singapore/MOH0547/2024_H1N1,plate21-A/Singapore/MOH0547/2024_H1N1,1119,0.3015,0.3015
flu-seqneut-2026-CTS-032,A/Singapore/MOH0547/2024_H1N1,plate21-A/Singapore/MOH0547/2024_H1N1,2575,0.7993,0.7993
flu-seqneut-2026-CTS-032,A/Singapore/MOH0547/2024_H1N1,plate21-A/Singapore/MOH0547/2024_H1N1,5921,0.86,0.86
flu-seqneut-2026-CTS-032,A/Singapore/NTF0577/2025_H3N2,plate21-A/Singapore/NTF0577/2025_H3N2,40,0.001618,0.001618
flu-seqneut-2026-CTS-032,A/Singapore/NTF0577/2025_H3N2,plate21-A/Singapore/NTF0577/2025_H3N2,92,0.0001638,0.0001638
flu-seqneut-2026-CTS-032,A/Singapore/NTF0577/2025_H3N2,plate21-A/Singapore/NTF0577/2025_H3N2,212,0.04157,0.04157
flu-seqneut-2026-CTS-032,A/Singapore/NTF0577/2025_H3N2,plate21-A/Singapore/NTF0577/2025_H3N2,487,0.2059,0.2059
flu-seqneut-2026-CTS-032,A/Singapore/NTF0577/2025_H3N2,plate21-A/Singapore/NTF0577/2025_H3N2,1119,0.3077,0.3077
flu-seqneut-2026-CTS-032,A/Singapore/NTF0577/2025_H3N2,plate21-A/Singapore/NTF0577/2025_H3N2,2575,1.608,1
flu-seqneut-2026-CTS-032,A/Singapore/NTF0577/2025_H3N2,plate21-A/Singapore/NTF0577/2025_H3N2,5921,1.319,1
flu-seqneut-2026-CTS-032,A/Singapore/SAR8915/2025_H3N2,plate21-A/Singapore/SAR8915/2025_H3N2,40,0.002254,0.002254
flu-seqneut-2026-CTS-032,A/Singapore/SAR8915/2025_H3N2,plate21-A/Singapore/SAR8915/2025_H3N2,92,0.003161,0.003161
flu-seqneut-2026-CTS-032,A/Singapore/SAR8915/2025_H3N2,plate21-A/Singapore/SAR8915/2025_H3N2,212,0.07379,0.07379
flu-seqneut-2026-CTS-032,A/Singapore/SAR8915/2025_H3N2,plate21-A/Singapore/SAR8915/2025_H3N2,487,0.2708,0.2708
flu-seqneut-2026-CTS-032,A/Singapore/SAR8915/2025_H3N2,plate21-A/Singapore/SAR8915/2025_H3N2,1119,0.1656,0.1656
flu-seqneut-2026-CTS-032,A/Singapore/SAR8915/2025_H3N2,plate21-A/Singapore/SAR8915/2025_H3N2,2575,1.324,1
flu-seqneut-2026-CTS-032,A/Singapore/SAR8915/2025_H3N2,plate21-A/Singapore/SAR8915/2025_H3N2,5921,1.736,1
flu-seqneut-2026-CTS-032,A/SouthAfrica/NHLS-SU-CERI-C075557/2026_H1N1,plate21-A/SouthAfrica/NHLS-SU-CERI-C075557/2026_H1N1,40,0,0
flu-seqneut-2026-CTS-032,A/SouthAfrica/NHLS-SU-CERI-C075557/2026_H1N1,plate21-A/SouthAfrica/NHLS-SU-CERI-C075557/2026_H1N1,92,0.004385,0.004385
flu-seqneut-2026-CTS-032,A/SouthAfrica/NHLS-SU-CERI-C075557/2026_H1N1,plate21-A/SouthAfrica/NHLS-SU-CERI-C075557/2026_H1N1,212,0.01885,0.01885
flu-seqneut-2026-CTS-032,A/SouthAfrica/NHLS-SU-CERI-C075557/2026_H1N1,plate21-A/SouthAfrica/NHLS-SU-CERI-C075557/2026_H1N1,487,0.393,0.393
flu-seqneut-2026-CTS-032,A/SouthAfrica/NHLS-SU-CERI-C075557/2026_H1N1,plate21-A/SouthAfrica/NHLS-SU-CERI-C075557/2026_H1N1,1119,0.2557,0.2557
flu-seqneut-2026-CTS-032,A/SouthAfrica/NHLS-SU-CERI-C075557/2026_H1N1,plate21-A/SouthAfrica/NHLS-SU-CERI-C075557/2026_H1N1,2575,0.6718,0.6718
flu-seqneut-2026-CTS-032,A/SouthAfrica/NHLS-SU-CERI-C075557/2026_H1N1,plate21-A/SouthAfrica/NHLS-SU-CERI-C075557/2026_H1N1,5921,1.453,1
flu-seqneut-2026-CTS-032,A/SouthAfrica/NICD-R01647/2026_H1N1,plate21-A/SouthAfrica/NICD-R01647/2026_H1N1,40,0.003237,0.003237
flu-seqneut-2026-CTS-032,A/SouthAfrica/NICD-R01647/2026_H1N1,plate21-A/SouthAfrica/NICD-R01647/2026_H1N1,92,0,0
flu-seqneut-2026-CTS-032,A/SouthAfrica/NICD-R01647/2026_H1N1,plate21-A/SouthAfrica/NICD-R01647/2026_H1N1,212,0.05414,0.05414
flu-seqneut-2026-CTS-032,A/SouthAfrica/NICD-R01647/2026_H1N1,plate21-A/SouthAfrica/NICD-R01647/2026_H1N1,487,0.4932,0.4932
flu-seqneut-2026-CTS-032,A/SouthAfrica/NICD-R01647/2026_H1N1,plate21-A/SouthAfrica/NICD-R01647/2026_H1N1,1119,0.3082,0.3082
flu-seqneut-2026-CTS-032,A/SouthAfrica/NICD-R01647/2026_H1N1,plate21-A/SouthAfrica/NICD-R01647/2026_H1N1,2575,0.9439,0.9439
flu-seqneut-2026-CTS-032,A/SouthAfrica/NICD-R01647/2026_H1N1,plate21-A/SouthAfrica/NICD-R01647/2026_H1N1,5921,1.456,1
flu-seqneut-2026-CTS-032,A/SouthAfrica/NICD-R01668/2026_H1N1,plate21-A/SouthAfrica/NICD-R01668/2026_H1N1,40,0.002013,0.002013
flu-seqneut-2026-CTS-032,A/SouthAfrica/NICD-R01668/2026_H1N1,plate21-A/SouthAfrica/NICD-R01668/2026_H1N1,92,0.001529,0.001529
flu-seqneut-2026-CTS-032,A/SouthAfrica/NICD-R01668/2026_H1N1,plate21-A/SouthAfrica/NICD-R01668/2026_H1N1,212,0.05872,0.05872
flu-seqneut-2026-CTS-032,A/SouthAfrica/NICD-R01668/2026_H1N1,plate21-A/SouthAfrica/NICD-R01668/2026_H1N1,487,0.2723,0.2723
flu-seqneut-2026-CTS-032,A/SouthAfrica/NICD-R01668/2026_H1N1,plate21-A/SouthAfrica/NICD-R01668/2026_H1N1,1119,0.3545,0.3545
flu-seqneut-2026-CTS-032,A/SouthAfrica/NICD-R01668/2026_H1N1,plate21-A/SouthAfrica/NICD-R01668/2026_H1N1,2575,0.9178,0.9178
flu-seqneut-2026-CTS-032,A/SouthAfrica/NICD-R01668/2026_H1N1,plate21-A/SouthAfrica/NICD-R01668/2026_H1N1,5921,1.229,1
flu-seqneut-2026-CTS-032,A/SouthAfrica/PATH-CERI-C073358/2025_H1N1,plate21-A/SouthAfrica/PATH-CERI-C073358/2025_H1N1,40,0,0
flu-seqneut-2026-CTS-032,A/SouthAfrica/PATH-CERI-C073358/2025_H1N1,plate21-A/SouthAfrica/PATH-CERI-C073358/2025_H1N1,92,0.003776,0.003776
flu-seqneut-2026-CTS-032,A/SouthAfrica/PATH-CERI-C073358/2025_H1N1,plate21-A/SouthAfrica/PATH-CERI-C073358/2025_H1N1,212,0.03706,0.03706
flu-seqneut-2026-CTS-032,A/SouthAfrica/PATH-CERI-C073358/2025_H1N1,plate21-A/SouthAfrica/PATH-CERI-C073358/2025_H1N1,487,0.1926,0.1926
flu-seqneut-2026-CTS-032,A/SouthAfrica/PATH-CERI-C073358/2025_H1N1,plate21-A/SouthAfrica/PATH-CERI-C073358/2025_H1N1,1119,0.2763,0.2763
flu-seqneut-2026-CTS-032,A/SouthAfrica/PATH-CERI-C073358/2025_H1N1,plate21-A/SouthAfrica/PATH-CERI-C073358/2025_H1N1,2575,0.9403,0.9403
flu-seqneut-2026-CTS-032,A/SouthAfrica/PATH-CERI-C073358/2025_H1N1,plate21-A/SouthAfrica/PATH-CERI-C073358/2025_H1N1,5921,1.238,1
flu-seqneut-2026-CTS-032,A/SouthAfrica/PATH-CERI-C073366/2025_H1N1,plate21-A/SouthAfrica/PATH-CERI-C073366/2025_H1N1,40,0,0
flu-seqneut-2026-CTS-032,A/SouthAfrica/PATH-CERI-C073366/2025_H1N1,plate21-A/SouthAfrica/PATH-CERI-C073366/2025_H1N1,92,0.002297,0.002297
flu-seqneut-2026-CTS-032,A/SouthAfrica/PATH-CERI-C073366/2025_H1N1,plate21-A/SouthAfrica/PATH-CERI-C073366/2025_H1N1,212,0.0314,0.0314
flu-seqneut-2026-CTS-032,A/SouthAfrica/PATH-CERI-C073366/2025_H1N1,plate21-A/SouthAfrica/PATH-CERI-C073366/2025_H1N1,487,0.3695,0.3695
flu-seqneut-2026-CTS-032,A/SouthAfrica/PATH-CERI-C073366/2025_H1N1,plate21-A/SouthAfrica/PATH-CERI-C073366/2025_H1N1,1119,0.3122,0.3122
flu-seqneut-2026-CTS-032,A/SouthAfrica/PATH-CERI-C073366/2025_H1N1,plate21-A/SouthAfrica/PATH-CERI-C073366/2025_H1N1,2575,1.065,1
flu-seqneut-2026-CTS-032,A/SouthAfrica/PATH-CERI-C073366/2025_H1N1,plate21-A/SouthAfrica/PATH-CERI-C073366/2025_H1N1,5921,1.429,1
flu-seqneut-2026-CTS-032,A/SouthAfrica/PATH-CERI-C075119/2026_H1N1,plate21-A/SouthAfrica/PATH-CERI-C075119/2026_H1N1,40,0,0
flu-seqneut-2026-CTS-032,A/SouthAfrica/PATH-CERI-C075119/2026_H1N1,plate21-A/SouthAfrica/PATH-CERI-C075119/2026_H1N1,92,0.002017,0.002017
flu-seqneut-2026-CTS-032,A/SouthAfrica/PATH-CERI-C075119/2026_H1N1,plate21-A/SouthAfrica/PATH-CERI-C075119/2026_H1N1,212,0.04687,0.04687
flu-seqneut-2026-CTS-032,A/SouthAfrica/PATH-CERI-C075119/2026_H1N1,plate21-A/SouthAfrica/PATH-CERI-C075119/2026_H1N1,487,0.2504,0.2504
flu-seqneut-2026-CTS-032,A/SouthAfrica/PATH-CERI-C075119/2026_H1N1,plate21-A/SouthAfrica/PATH-CERI-C075119/2026_H1N1,1119,0.3604,0.3604
flu-seqneut-2026-CTS-032,A/SouthAfrica/PATH-CERI-C075119/2026_H1N1,plate21-A/SouthAfrica/PATH-CERI-C075119/2026_H1N1,2575,0.9144,0.9144
flu-seqneut-2026-CTS-032,A/SouthAfrica/PATH-CERI-C075119/2026_H1N1,plate21-A/SouthAfrica/PATH-CERI-C075119/2026_H1N1,5921,1.274,1
flu-seqneut-2026-CTS-032,A/SouthAustralia/2605715552/2026_H3N2,plate21-A/SouthAustralia/2605715552/2026_H3N2,40,0.0019,0.0019
flu-seqneut-2026-CTS-032,A/SouthAustralia/2605715552/2026_H3N2,plate21-A/SouthAustralia/2605715552/2026_H3N2,92,0.001155,0.001155
flu-seqneut-2026-CTS-032,A/SouthAustralia/2605715552/2026_H3N2,plate21-A/SouthAustralia/2605715552/2026_H3N2,212,0.07001,0.07001
flu-seqneut-2026-CTS-032,A/SouthAustralia/2605715552/2026_H3N2,plate21-A/SouthAustralia/2605715552/2026_H3N2,487,0.2445,0.2445
flu-seqneut-2026-CTS-032,A/SouthAustralia/2605715552/2026_H3N2,plate21-A/SouthAustralia/2605715552/2026_H3N2,1119,0.2131,0.2131
flu-seqneut-2026-CTS-032,A/SouthAustralia/2605715552/2026_H3N2,plate21-A/SouthAustralia/2605715552/2026_H3N2,2575,0.7731,0.7731
flu-seqneut-2026-CTS-032,A/SouthAustralia/2605715552/2026_H3N2,plate21-A/SouthAustralia/2605715552/2026_H3N2,5921,0.988,0.988
flu-seqneut-2026-CTS-032,A/SouthCarolina/USAFSAM-17046/2026_H3N2,plate21-A/SouthCarolina/USAFSAM-17046/2026_H3N2,40,0.001005,0.001005
flu-seqneut-2026-CTS-032,A/SouthCarolina/USAFSAM-17046/2026_H3N2,plate21-A/SouthCarolina/USAFSAM-17046/2026_H3N2,92,0.0006105,0.0006105
flu-seqneut-2026-CTS-032,A/SouthCarolina/USAFSAM-17046/2026_H3N2,plate21-A/SouthCarolina/USAFSAM-17046/2026_H3N2,212,0.05478,0.05478
flu-seqneut-2026-CTS-032,A/SouthCarolina/USAFSAM-17046/2026_H3N2,plate21-A/SouthCarolina/USAFSAM-17046/2026_H3N2,487,0.7114,0.7114
flu-seqneut-2026-CTS-032,A/SouthCarolina/USAFSAM-17046/2026_H3N2,plate21-A/SouthCarolina/USAFSAM-17046/2026_H3N2,1119,0.3105,0.3105
flu-seqneut-2026-CTS-032,A/SouthCarolina/USAFSAM-17046/2026_H3N2,plate21-A/SouthCarolina/USAFSAM-17046/2026_H3N2,2575,0.8642,0.8642
flu-seqneut-2026-CTS-032,A/SouthCarolina/USAFSAM-17046/2026_H3N2,plate21-A/SouthCarolina/USAFSAM-17046/2026_H3N2,5921,0.8871,0.8871
flu-seqneut-2026-CTS-032,A/South_Australia/2523812314/2025_H3N2,plate21-A/South_Australia/2523812314/2025_H3N2,40,0.001008,0.001008
flu-seqneut-2026-CTS-032,A/South_Australia/2523812314/2025_H3N2,plate21-A/South_Australia/2523812314/2025_H3N2,92,0,0
flu-seqneut-2026-CTS-032,A/South_Australia/2523812314/2025_H3N2,plate21-A/South_Australia/2523812314/2025_H3N2,212,0.006697,0.006697
flu-seqneut-2026-CTS-032,A/South_Australia/2523812314/2025_H3N2,plate21-A/South_Australia/2523812314/2025_H3N2,487,0.2139,0.2139
flu-seqneut-2026-CTS-032,A/South_Australia/2523812314/2025_H3N2,plate21-A/South_Australia/2523812314/2025_H3N2,1119,0.1034,0.1034
flu-seqneut-2026-CTS-032,A/South_Australia/2523812314/2025_H3N2,plate21-A/South_Australia/2523812314/2025_H3N2,2575,0.8701,0.8701
flu-seqneut-2026-CTS-032,A/South_Australia/2523812314/2025_H3N2,plate21-A/South_Australia/2523812314/2025_H3N2,5921,0.9443,0.9443
flu-seqneut-2026-CTS-032,A/South_Australia/2527213276/2025_H3N2,plate21-A/South_Australia/2527213276/2025_H3N2,40,0,0
flu-seqneut-2026-CTS-032,A/South_Australia/2527213276/2025_H3N2,plate21-A/South_Australia/2527213276/2025_H3N2,92,0,0
flu-seqneut-2026-CTS-032,A/South_Australia/2527213276/2025_H3N2,plate21-A/South_Australia/2527213276/2025_H3N2,212,0.2201,0.2201
flu-seqneut-2026-CTS-032,A/South_Australia/2527213276/2025_H3N2,plate21-A/South_Australia/2527213276/2025_H3N2,487,0.4518,0.4518
flu-seqneut-2026-CTS-032,A/South_Australia/2527213276/2025_H3N2,plate21-A/South_Australia/2527213276/2025_H3N2,1119,0.2013,0.2013
flu-seqneut-2026-CTS-032,A/South_Australia/2527213276/2025_H3N2,plate21-A/South_Australia/2527213276/2025_H3N2,2575,0.9868,0.9868
flu-seqneut-2026-CTS-032,A/South_Australia/2527213276/2025_H3N2,plate21-A/South_Australia/2527213276/2025_H3N2,5921,1.557,1
flu-seqneut-2026-CTS-032,A/StPetersburg/RII-25-2042S/2025_H3N2,plate21-A/StPetersburg/RII-25-2042S/2025_H3N2,40,0.003089,0.003089
flu-seqneut-2026-CTS-032,A/StPetersburg/RII-25-2042S/2025_H3N2,plate21-A/StPetersburg/RII-25-2042S/2025_H3N2,92,0.003378,0.003378
flu-seqneut-2026-CTS-032,A/StPetersburg/RII-25-2042S/2025_H3N2,plate21-A/StPetersburg/RII-25-2042S/2025_H3N2,212,0.09077,0.09077
flu-seqneut-2026-CTS-032,A/StPetersburg/RII-25-2042S/2025_H3N2,plate21-A/StPetersburg/RII-25-2042S/2025_H3N2,487,0.6053,0.6053
flu-seqneut-2026-CTS-032,A/StPetersburg/RII-25-2042S/2025_H3N2,plate21-A/StPetersburg/RII-25-2042S/2025_H3N2,1119,0.3085,0.3085
flu-seqneut-2026-CTS-032,A/StPetersburg/RII-25-2042S/2025_H3N2,plate21-A/StPetersburg/RII-25-2042S/2025_H3N2,2575,1.242,1
flu-seqneut-2026-CTS-032,A/StPetersburg/RII-25-2042S/2025_H3N2,plate21-A/StPetersburg/RII-25-2042S/2025_H3N2,5921,1.473,1
flu-seqneut-2026-CTS-032,A/StPetersburg/RII-25-2321S/2025_H3N2,plate21-A/StPetersburg/RII-25-2321S/2025_H3N2,40,0.003059,0.003059
flu-seqneut-2026-CTS-032,A/StPetersburg/RII-25-2321S/2025_H3N2,plate21-A/StPetersburg/RII-25-2321S/2025_H3N2,92,0.001267,0.001267
flu-seqneut-2026-CTS-032,A/StPetersburg/RII-25-2321S/2025_H3N2,plate21-A/StPetersburg/RII-25-2321S/2025_H3N2,212,0.04158,0.04158
flu-seqneut-2026-CTS-032,A/StPetersburg/RII-25-2321S/2025_H3N2,plate21-A/StPetersburg/RII-25-2321S/2025_H3N2,487,0.401,0.401
flu-seqneut-2026-CTS-032,A/StPetersburg/RII-25-2321S/2025_H3N2,plate21-A/StPetersburg/RII-25-2321S/2025_H3N2,1119,0.1361,0.1361
flu-seqneut-2026-CTS-032,A/StPetersburg/RII-25-2321S/2025_H3N2,plate21-A/StPetersburg/RII-25-2321S/2025_H3N2,2575,0.7845,0.7845
flu-seqneut-2026-CTS-032,A/StPetersburg/RII-25-2321S/2025_H3N2,plate21-A/StPetersburg/RII-25-2321S/2025_H3N2,5921,1.051,1
flu-seqneut-2026-CTS-032,A/StPetersburg/RII-25-2506S/2026_H3N2,plate21-A/StPetersburg/RII-25-2506S/2026_H3N2,40,0.00311,0.00311
flu-seqneut-2026-CTS-032,A/StPetersburg/RII-25-2506S/2026_H3N2,plate21-A/StPetersburg/RII-25-2506S/2026_H3N2,92,0.003868,0.003868
flu-seqneut-2026-CTS-032,A/StPetersburg/RII-25-2506S/2026_H3N2,plate21-A/StPetersburg/RII-25-2506S/2026_H3N2,212,0.03216,0.03216
flu-seqneut-2026-CTS-032,A/StPetersburg/RII-25-2506S/2026_H3N2,plate21-A/StPetersburg/RII-25-2506S/2026_H3N2,487,0.4043,0.4043
flu-seqneut-2026-CTS-032,A/StPetersburg/RII-25-2506S/2026_H3N2,plate21-A/StPetersburg/RII-25-2506S/2026_H3N2,1119,0.3571,0.3571
flu-seqneut-2026-CTS-032,A/StPetersburg/RII-25-2506S/2026_H3N2,plate21-A/StPetersburg/RII-25-2506S/2026_H3N2,2575,1.124,1
flu-seqneut-2026-CTS-032,A/StPetersburg/RII-25-2506S/2026_H3N2,plate21-A/StPetersburg/RII-25-2506S/2026_H3N2,5921,1.083,1
flu-seqneut-2026-CTS-032,A/StPetersburg/RII-25-2600S/2026_H3N2,plate21-A/StPetersburg/RII-25-2600S/2026_H3N2,40,0.001326,0.001326
flu-seqneut-2026-CTS-032,A/StPetersburg/RII-25-2600S/2026_H3N2,plate21-A/StPetersburg/RII-25-2600S/2026_H3N2,92,0.004835,0.004835
flu-seqneut-2026-CTS-032,A/StPetersburg/RII-25-2600S/2026_H3N2,plate21-A/StPetersburg/RII-25-2600S/2026_H3N2,212,0.04406,0.04406
flu-seqneut-2026-CTS-032,A/StPetersburg/RII-25-2600S/2026_H3N2,plate21-A/StPetersburg/RII-25-2600S/2026_H3N2,487,0.4016,0.4016
flu-seqneut-2026-CTS-032,A/StPetersburg/RII-25-2600S/2026_H3N2,plate21-A/StPetersburg/RII-25-2600S/2026_H3N2,1119,0.2222,0.2222
flu-seqneut-2026-CTS-032,A/StPetersburg/RII-25-2600S/2026_H3N2,plate21-A/StPetersburg/RII-25-2600S/2026_H3N2,2575,0.9735,0.9735
flu-seqneut-2026-CTS-032,A/StPetersburg/RII-25-2600S/2026_H3N2,plate21-A/StPetersburg/RII-25-2600S/2026_H3N2,5921,1.447,1
flu-seqneut-2026-CTS-032,A/Switzerland/UN-SNRCI-HUG-053/2025_H1N1,plate21-A/Switzerland/UN-SNRCI-HUG-053/2025_H1N1,40,0.001858,0.001858
flu-seqneut-2026-CTS-032,A/Switzerland/UN-SNRCI-HUG-053/2025_H1N1,plate21-A/Switzerland/UN-SNRCI-HUG-053/2025_H1N1,92,0,0
flu-seqneut-2026-CTS-032,A/Switzerland/UN-SNRCI-HUG-053/2025_H1N1,plate21-A/Switzerland/UN-SNRCI-HUG-053/2025_H1N1,212,0.1266,0.1266
flu-seqneut-2026-CTS-032,A/Switzerland/UN-SNRCI-HUG-053/2025_H1N1,plate21-A/Switzerland/UN-SNRCI-HUG-053/2025_H1N1,487,0.9299,0.9299
flu-seqneut-2026-CTS-032,A/Switzerland/UN-SNRCI-HUG-053/2025_H1N1,plate21-A/Switzerland/UN-SNRCI-HUG-053/2025_H1N1,1119,0.5508,0.5508
flu-seqneut-2026-CTS-032,A/Switzerland/UN-SNRCI-HUG-053/2025_H1N1,plate21-A/Switzerland/UN-SNRCI-HUG-053/2025_H1N1,2575,1.209,1
flu-seqneut-2026-CTS-032,A/Switzerland/UN-SNRCI-HUG-053/2025_H1N1,plate21-A/Switzerland/UN-SNRCI-HUG-053/2025_H1N1,5921,1.565,1
flu-seqneut-2026-CTS-032,A/Sydney/1359/2024_H3N2,plate21-A/Sydney/1359/2024_H3N2,40,0.0007703,0.0007703
flu-seqneut-2026-CTS-032,A/Sydney/1359/2024_H3N2,plate21-A/Sydney/1359/2024_H3N2,92,0,0
flu-seqneut-2026-CTS-032,A/Sydney/1359/2024_H3N2,plate21-A/Sydney/1359/2024_H3N2,212,0.1112,0.1112
flu-seqneut-2026-CTS-032,A/Sydney/1359/2024_H3N2,plate21-A/Sydney/1359/2024_H3N2,487,0.3702,0.3702
flu-seqneut-2026-CTS-032,A/Sydney/1359/2024_H3N2,plate21-A/Sydney/1359/2024_H3N2,1119,0.1726,0.1726
flu-seqneut-2026-CTS-032,A/Sydney/1359/2024_H3N2,plate21-A/Sydney/1359/2024_H3N2,2575,1.022,1
flu-seqneut-2026-CTS-032,A/Sydney/1359/2024_H3N2,plate21-A/Sydney/1359/2024_H3N2,5921,1.127,1
flu-seqneut-2026-CTS-032,A/Sydney/50/2026_H1N1,plate21-A/Sydney/50/2026_H1N1,40,0,0
flu-seqneut-2026-CTS-032,A/Sydney/50/2026_H1N1,plate21-A/Sydney/50/2026_H1N1,92,0.01925,0.01925
flu-seqneut-2026-CTS-032,A/Sydney/50/2026_H1N1,plate21-A/Sydney/50/2026_H1N1,212,0.3239,0.3239
flu-seqneut-2026-CTS-032,A/Sydney/50/2026_H1N1,plate21-A/Sydney/50/2026_H1N1,487,1.281,1
flu-seqneut-2026-CTS-032,A/Sydney/50/2026_H1N1,plate21-A/Sydney/50/2026_H1N1,1119,0.3687,0.3687
flu-seqneut-2026-CTS-032,A/Sydney/50/2026_H1N1,plate21-A/Sydney/50/2026_H1N1,2575,1.341,1
flu-seqneut-2026-CTS-032,A/Sydney/50/2026_H1N1,plate21-A/Sydney/50/2026_H1N1,5921,1.543,1
flu-seqneut-2026-CTS-032,A/Texas/29/2026_H1N1,plate21-A/Texas/29/2026_H1N1,40,0.00157,0.00157
flu-seqneut-2026-CTS-032,A/Texas/29/2026_H1N1,plate21-A/Texas/29/2026_H1N1,92,0.002862,0.002862
flu-seqneut-2026-CTS-032,A/Texas/29/2026_H1N1,plate21-A/Texas/29/2026_H1N1,212,0.02976,0.02976
flu-seqneut-2026-CTS-032,A/Texas/29/2026_H1N1,plate21-A/Texas/29/2026_H1N1,487,0.3688,0.3688
flu-seqneut-2026-CTS-032,A/Texas/29/2026_H1N1,plate21-A/Texas/29/2026_H1N1,1119,0.3321,0.3321
flu-seqneut-2026-CTS-032,A/Texas/29/2026_H1N1,plate21-A/Texas/29/2026_H1N1,2575,1.117,1
flu-seqneut-2026-CTS-032,A/Texas/29/2026_H1N1,plate21-A/Texas/29/2026_H1N1,5921,1.467,1
flu-seqneut-2026-CTS-032,A/Thailand/8/2022_H3N2,plate21-A/Thailand/8/2022_H3N2,40,0.0003257,0.0003257
flu-seqneut-2026-CTS-032,A/Thailand/8/2022_H3N2,plate21-A/Thailand/8/2022_H3N2,92,0.0006529,0.0006529
flu-seqneut-2026-CTS-032,A/Thailand/8/2022_H3N2,plate21-A/Thailand/8/2022_H3N2,212,0.01107,0.01107
flu-seqneut-2026-CTS-032,A/Thailand/8/2022_H3N2,plate21-A/Thailand/8/2022_H3N2,487,0.2,0.2
flu-seqneut-2026-CTS-032,A/Thailand/8/2022_H3N2,plate21-A/Thailand/8/2022_H3N2,1119,0.2751,0.2751
flu-seqneut-2026-CTS-032,A/Thailand/8/2022_H3N2,plate21-A/Thailand/8/2022_H3N2,2575,0.9539,0.9539
flu-seqneut-2026-CTS-032,A/Thailand/8/2022_H3N2,plate21-A/Thailand/8/2022_H3N2,5921,0.996,0.996
flu-seqneut-2026-CTS-032,A/Thuringen/16/2026_H3N2,plate21-A/Thuringen/16/2026_H3N2,40,0.002135,0.002135
flu-seqneut-2026-CTS-032,A/Thuringen/16/2026_H3N2,plate21-A/Thuringen/16/2026_H3N2,92,0.006918,0.006918
flu-seqneut-2026-CTS-032,A/Thuringen/16/2026_H3N2,plate21-A/Thuringen/16/2026_H3N2,212,0.1109,0.1109
flu-seqneut-2026-CTS-032,A/Thuringen/16/2026_H3N2,plate21-A/Thuringen/16/2026_H3N2,487,0.3591,0.3591
flu-seqneut-2026-CTS-032,A/Thuringen/16/2026_H3N2,plate21-A/Thuringen/16/2026_H3N2,1119,0.2355,0.2355
flu-seqneut-2026-CTS-032,A/Thuringen/16/2026_H3N2,plate21-A/Thuringen/16/2026_H3N2,2575,1.113,1
flu-seqneut-2026-CTS-032,A/Thuringen/16/2026_H3N2,plate21-A/Thuringen/16/2026_H3N2,5921,1.553,1
flu-seqneut-2026-CTS-032,A/Thuringen/39/2026_H3N2,plate21-A/Thuringen/39/2026_H3N2,40,0.0007418,0.0007418
flu-seqneut-2026-CTS-032,A/Thuringen/39/2026_H3N2,plate21-A/Thuringen/39/2026_H3N2,92,0.009735,0.009735
flu-seqneut-2026-CTS-032,A/Thuringen/39/2026_H3N2,plate21-A/Thuringen/39/2026_H3N2,212,0.0381,0.0381
flu-seqneut-2026-CTS-032,A/Thuringen/39/2026_H3N2,plate21-A/Thuringen/39/2026_H3N2,487,0.5638,0.5638
flu-seqneut-2026-CTS-032,A/Thuringen/39/2026_H3N2,plate21-A/Thuringen/39/2026_H3N2,1119,0.3736,0.3736
flu-seqneut-2026-CTS-032,A/Thuringen/39/2026_H3N2,plate21-A/Thuringen/39/2026_H3N2,2575,0.8629,0.8629
flu-seqneut-2026-CTS-032,A/Thuringen/39/2026_H3N2,plate21-A/Thuringen/39/2026_H3N2,5921,0.8769,0.8769
flu-seqneut-2026-CTS-032,A/Tokyo/EIS11-277/2024_H1N1,plate21-A/Tokyo/EIS11-277/2024_H1N1,40,0,0
flu-seqneut-2026-CTS-032,A/Tokyo/EIS11-277/2024_H1N1,plate21-A/Tokyo/EIS11-277/2024_H1N1,92,0.001259,0.001259
flu-seqneut-2026-CTS-032,A/Tokyo/EIS11-277/2024_H1N1,plate21-A/Tokyo/EIS11-277/2024_H1N1,212,0.01554,0.01554
flu-seqneut-2026-CTS-032,A/Tokyo/EIS11-277/2024_H1N1,plate21-A/Tokyo/EIS11-277/2024_H1N1,487,0.3152,0.3152
flu-seqneut-2026-CTS-032,A/Tokyo/EIS11-277/2024_H1N1,plate21-A/Tokyo/EIS11-277/2024_H1N1,1119,0.9263,0.9263
flu-seqneut-2026-CTS-032,A/Tokyo/EIS11-277/2024_H1N1,plate21-A/Tokyo/EIS11-277/2024_H1N1,2575,1.137,1
flu-seqneut-2026-CTS-032,A/Tokyo/EIS11-277/2024_H1N1,plate21-A/Tokyo/EIS11-277/2024_H1N1,5921,1.33,1
flu-seqneut-2026-CTS-032,A/Trieste/257/2025_H3N2,plate21-A/Trieste/257/2025_H3N2,40,0.003369,0.003369
flu-seqneut-2026-CTS-032,A/Trieste/257/2025_H3N2,plate21-A/Trieste/257/2025_H3N2,92,0.004129,0.004129
flu-seqneut-2026-CTS-032,A/Trieste/257/2025_H3N2,plate21-A/Trieste/257/2025_H3N2,212,0.06501,0.06501
flu-seqneut-2026-CTS-032,A/Trieste/257/2025_H3N2,plate21-A/Trieste/257/2025_H3N2,487,0.738,0.738
flu-seqneut-2026-CTS-032,A/Trieste/257/2025_H3N2,plate21-A/Trieste/257/2025_H3N2,1119,0.2749,0.2749
flu-seqneut-2026-CTS-032,A/Trieste/257/2025_H3N2,plate21-A/Trieste/257/2025_H3N2,2575,1.12,1
flu-seqneut-2026-CTS-032,A/Trieste/257/2025_H3N2,plate21-A/Trieste/257/2025_H3N2,5921,1.25,1
flu-seqneut-2026-CTS-032,A/Trieste/380/2026_H3N2,plate21-A/Trieste/380/2026_H3N2,40,0.007069,0.007069
flu-seqneut-2026-CTS-032,A/Trieste/380/2026_H3N2,plate21-A/Trieste/380/2026_H3N2,92,0.005368,0.005368
flu-seqneut-2026-CTS-032,A/Trieste/380/2026_H3N2,plate21-A/Trieste/380/2026_H3N2,212,0.1269,0.1269
flu-seqneut-2026-CTS-032,A/Trieste/380/2026_H3N2,plate21-A/Trieste/380/2026_H3N2,487,0.9123,0.9123
flu-seqneut-2026-CTS-032,A/Trieste/380/2026_H3N2,plate21-A/Trieste/380/2026_H3N2,1119,0.1805,0.1805
flu-seqneut-2026-CTS-032,A/Trieste/380/2026_H3N2,plate21-A/Trieste/380/2026_H3N2,2575,1.265,1
flu-seqneut-2026-CTS-032,A/Trieste/380/2026_H3N2,plate21-A/Trieste/380/2026_H3N2,5921,1.912,1
flu-seqneut-2026-CTS-032,A/Ukraine/5214/2026_H1N1,plate21-A/Ukraine/5214/2026_H1N1,40,0.005605,0.005605
flu-seqneut-2026-CTS-032,A/Ukraine/5214/2026_H1N1,plate21-A/Ukraine/5214/2026_H1N1,92,0.00613,0.00613
flu-seqneut-2026-CTS-032,A/Ukraine/5214/2026_H1N1,plate21-A/Ukraine/5214/2026_H1N1,212,0.07018,0.07018
flu-seqneut-2026-CTS-032,A/Ukraine/5214/2026_H1N1,plate21-A/Ukraine/5214/2026_H1N1,487,0.3559,0.3559
flu-seqneut-2026-CTS-032,A/Ukraine/5214/2026_H1N1,plate21-A/Ukraine/5214/2026_H1N1,1119,0.3268,0.3268
flu-seqneut-2026-CTS-032,A/Ukraine/5214/2026_H1N1,plate21-A/Ukraine/5214/2026_H1N1,2575,1.087,1
flu-seqneut-2026-CTS-032,A/Ukraine/5214/2026_H1N1,plate21-A/Ukraine/5214/2026_H1N1,5921,1.164,1
flu-seqneut-2026-CTS-032,A/Uppsala/SE26-01293/2026_H1N1,plate21-A/Uppsala/SE26-01293/2026_H1N1,40,0,0
flu-seqneut-2026-CTS-032,A/Uppsala/SE26-01293/2026_H1N1,plate21-A/Uppsala/SE26-01293/2026_H1N1,92,0.001183,0.001183
flu-seqneut-2026-CTS-032,A/Uppsala/SE26-01293/2026_H1N1,plate21-A/Uppsala/SE26-01293/2026_H1N1,212,0.006635,0.006635
flu-seqneut-2026-CTS-032,A/Uppsala/SE26-01293/2026_H1N1,plate21-A/Uppsala/SE26-01293/2026_H1N1,487,0.3065,0.3065
flu-seqneut-2026-CTS-032,A/Uppsala/SE26-01293/2026_H1N1,plate21-A/Uppsala/SE26-01293/2026_H1N1,1119,0.4595,0.4595
flu-seqneut-2026-CTS-032,A/Uppsala/SE26-01293/2026_H1N1,plate21-A/Uppsala/SE26-01293/2026_H1N1,2575,1.391,1
flu-seqneut-2026-CTS-032,A/Uppsala/SE26-01293/2026_H1N1,plate21-A/Uppsala/SE26-01293/2026_H1N1,5921,0.8611,0.8611
flu-seqneut-2026-CTS-032,A/Valencia/VAHNSI_09_02564/2025_H1N1,plate21-A/Valencia/VAHNSI_09_02564/2025_H1N1,40,0,0
flu-seqneut-2026-CTS-032,A/Valencia/VAHNSI_09_02564/2025_H1N1,plate21-A/Valencia/VAHNSI_09_02564/2025_H1N1,92,0.001295,0.001295
flu-seqneut-2026-CTS-032,A/Valencia/VAHNSI_09_02564/2025_H1N1,plate21-A/Valencia/VAHNSI_09_02564/2025_H1N1,212,0.06024,0.06024
flu-seqneut-2026-CTS-032,A/Valencia/VAHNSI_09_02564/2025_H1N1,plate21-A/Valencia/VAHNSI_09_02564/2025_H1N1,487,0.5929,0.5929
flu-seqneut-2026-CTS-032,A/Valencia/VAHNSI_09_02564/2025_H1N1,plate21-A/Valencia/VAHNSI_09_02564/2025_H1N1,1119,0.3199,0.3199
flu-seqneut-2026-CTS-032,A/Valencia/VAHNSI_09_02564/2025_H1N1,plate21-A/Valencia/VAHNSI_09_02564/2025_H1N1,2575,0.8414,0.8414
flu-seqneut-2026-CTS-032,A/Valencia/VAHNSI_09_02564/2025_H1N1,plate21-A/Valencia/VAHNSI_09_02564/2025_H1N1,5921,1.445,1
flu-seqneut-2026-CTS-032,A/Victoria/2948/2025_H3N2,plate21-A/Victoria/2948/2025_H3N2,40,0.001468,0.001468
flu-seqneut-2026-CTS-032,A/Victoria/2948/2025_H3N2,plate21-A/Victoria/2948/2025_H3N2,92,0.003678,0.003678
flu-seqneut-2026-CTS-032,A/Victoria/2948/2025_H3N2,plate21-A/Victoria/2948/2025_H3N2,212,0.1289,0.1289
flu-seqneut-2026-CTS-032,A/Victoria/2948/2025_H3N2,plate21-A/Victoria/2948/2025_H3N2,487,0.8095,0.8095
flu-seqneut-2026-CTS-032,A/Victoria/2948/2025_H3N2,plate21-A/Victoria/2948/2025_H3N2,1119,0.1847,0.1847
flu-seqneut-2026-CTS-032,A/Victoria/2948/2025_H3N2,plate21-A/Victoria/2948/2025_H3N2,2575,1.502,1
flu-seqneut-2026-CTS-032,A/Victoria/2948/2025_H3N2,plate21-A/Victoria/2948/2025_H3N2,5921,1.545,1
flu-seqneut-2026-CTS-032,A/Victoria/4897/2022_IVR-238_H1N1,plate21-A/Victoria/4897/2022_IVR-238_H1N1,40,0,0
flu-seqneut-2026-CTS-032,A/Victoria/4897/2022_IVR-238_H1N1,plate21-A/Victoria/4897/2022_IVR-238_H1N1,92,0.005642,0.005642
flu-seqneut-2026-CTS-032,A/Victoria/4897/2022_IVR-238_H1N1,plate21-A/Victoria/4897/2022_IVR-238_H1N1,212,0.004449,0.004449
flu-seqneut-2026-CTS-032,A/Victoria/4897/2022_IVR-238_H1N1,plate21-A/Victoria/4897/2022_IVR-238_H1N1,487,0.02312,0.02312
flu-seqneut-2026-CTS-032,A/Victoria/4897/2022_IVR-238_H1N1,plate21-A/Victoria/4897/2022_IVR-238_H1N1,1119,0.02601,0.02601
flu-seqneut-2026-CTS-032,A/Victoria/4897/2022_IVR-238_H1N1,plate21-A/Victoria/4897/2022_IVR-238_H1N1,2575,0.4636,0.4636
flu-seqneut-2026-CTS-032,A/Victoria/4897/2022_IVR-238_H1N1,plate21-A/Victoria/4897/2022_IVR-238_H1N1,5921,0.8946,0.8946
flu-seqneut-2026-CTS-032,A/Vietnam/F7324/2024_H3N2,plate21-A/Vietnam/F7324/2024_H3N2,40,0,0
flu-seqneut-2026-CTS-032,A/Vietnam/F7324/2024_H3N2,plate21-A/Vietnam/F7324/2024_H3N2,92,0.001428,0.001428
flu-seqneut-2026-CTS-032,A/Vietnam/F7324/2024_H3N2,plate21-A/Vietnam/F7324/2024_H3N2,212,0.02517,0.02517
flu-seqneut-2026-CTS-032,A/Vietnam/F7324/2024_H3N2,plate21-A/Vietnam/F7324/2024_H3N2,487,0.5725,0.5725
flu-seqneut-2026-CTS-032,A/Vietnam/F7324/2024_H3N2,plate21-A/Vietnam/F7324/2024_H3N2,1119,0.1991,0.1991
flu-seqneut-2026-CTS-032,A/Vietnam/F7324/2024_H3N2,plate21-A/Vietnam/F7324/2024_H3N2,2575,0.8496,0.8496
flu-seqneut-2026-CTS-032,A/Vietnam/F7324/2024_H3N2,plate21-A/Vietnam/F7324/2024_H3N2,5921,1.292,1
flu-seqneut-2026-CTS-032,A/Vietnam/PF125413/2025_H1N1,plate21-A/Vietnam/PF125413/2025_H1N1,40,0.003396,0.003396
flu-seqneut-2026-CTS-032,A/Vietnam/PF125413/2025_H1N1,plate21-A/Vietnam/PF125413/2025_H1N1,92,0,0
flu-seqneut-2026-CTS-032,A/Vietnam/PF125413/2025_H1N1,plate21-A/Vietnam/PF125413/2025_H1N1,212,0.1209,0.1209
flu-seqneut-2026-CTS-032,A/Vietnam/PF125413/2025_H1N1,plate21-A/Vietnam/PF125413/2025_H1N1,487,0.6616,0.6616
flu-seqneut-2026-CTS-032,A/Vietnam/PF125413/2025_H1N1,plate21-A/Vietnam/PF125413/2025_H1N1,1119,0.4299,0.4299
flu-seqneut-2026-CTS-032,A/Vietnam/PF125413/2025_H1N1,plate21-A/Vietnam/PF125413/2025_H1N1,2575,1.462,1
flu-seqneut-2026-CTS-032,A/Vietnam/PF125413/2025_H1N1,plate21-A/Vietnam/PF125413/2025_H1N1,5921,1.447,1
flu-seqneut-2026-CTS-032,A/Vietnam/PF126009/2026_H1N1,plate21-A/Vietnam/PF126009/2026_H1N1,40,0,0
flu-seqneut-2026-CTS-032,A/Vietnam/PF126009/2026_H1N1,plate21-A/Vietnam/PF126009/2026_H1N1,92,0,0
flu-seqneut-2026-CTS-032,A/Vietnam/PF126009/2026_H1N1,plate21-A/Vietnam/PF126009/2026_H1N1,212,0.05321,0.05321
flu-seqneut-2026-CTS-032,A/Vietnam/PF126009/2026_H1N1,plate21-A/Vietnam/PF126009/2026_H1N1,487,0.9865,0.9865
flu-seqneut-2026-CTS-032,A/Vietnam/PF126009/2026_H1N1,plate21-A/Vietnam/PF126009/2026_H1N1,1119,0.3899,0.3899
flu-seqneut-2026-CTS-032,A/Vietnam/PF126009/2026_H1N1,plate21-A/Vietnam/PF126009/2026_H1N1,2575,1.067,1
flu-seqneut-2026-CTS-032,A/Vietnam/PF126009/2026_H1N1,plate21-A/Vietnam/PF126009/2026_H1N1,5921,1.231,1
flu-seqneut-2026-CTS-032,A/Virginia/82/2025_H1N1,plate21-A/Virginia/82/2025_H1N1,40,0.002188,0.002188
flu-seqneut-2026-CTS-032,A/Virginia/82/2025_H1N1,plate21-A/Virginia/82/2025_H1N1,92,0.002243,0.002243
flu-seqneut-2026-CTS-032,A/Virginia/82/2025_H1N1,plate21-A/Virginia/82/2025_H1N1,212,0.04507,0.04507
flu-seqneut-2026-CTS-032,A/Virginia/82/2025_H1N1,plate21-A/Virginia/82/2025_H1N1,487,0.6816,0.6816
flu-seqneut-2026-CTS-032,A/Virginia/82/2025_H1N1,plate21-A/Virginia/82/2025_H1N1,1119,0.2227,0.2227
flu-seqneut-2026-CTS-032,A/Virginia/82/2025_H1N1,plate21-A/Virginia/82/2025_H1N1,2575,0.6656,0.6656
flu-seqneut-2026-CTS-032,A/Virginia/82/2025_H1N1,plate21-A/Virginia/82/2025_H1N1,5921,1.47,1
flu-seqneut-2026-CTS-032,A/Wisconsin/588/2019_H1N1,plate21-A/Wisconsin/588/2019_H1N1,40,0.001605,0.001605
flu-seqneut-2026-CTS-032,A/Wisconsin/588/2019_H1N1,plate21-A/Wisconsin/588/2019_H1N1,92,0,0
flu-seqneut-2026-CTS-032,A/Wisconsin/588/2019_H1N1,plate21-A/Wisconsin/588/2019_H1N1,212,0.002392,0.002392
flu-seqneut-2026-CTS-032,A/Wisconsin/588/2019_H1N1,plate21-A/Wisconsin/588/2019_H1N1,487,0.05594,0.05594
flu-seqneut-2026-CTS-032,A/Wisconsin/588/2019_H1N1,plate21-A/Wisconsin/588/2019_H1N1,1119,0.1271,0.1271
flu-seqneut-2026-CTS-032,A/Wisconsin/588/2019_H1N1,plate21-A/Wisconsin/588/2019_H1N1,2575,0.4365,0.4365
flu-seqneut-2026-CTS-032,A/Wisconsin/588/2019_H1N1,plate21-A/Wisconsin/588/2019_H1N1,5921,1.285,1
flu-seqneut-2026-CTS-032,A/Wisconsin/67/2022_H1N1,plate21-A/Wisconsin/67/2022_H1N1,40,0,0
flu-seqneut-2026-CTS-032,A/Wisconsin/67/2022_H1N1,plate21-A/Wisconsin/67/2022_H1N1,92,0.01095,0.01095
flu-seqneut-2026-CTS-032,A/Wisconsin/67/2022_H1N1,plate21-A/Wisconsin/67/2022_H1N1,212,0.02605,0.02605
flu-seqneut-2026-CTS-032,A/Wisconsin/67/2022_H1N1,plate21-A/Wisconsin/67/2022_H1N1,487,0.2521,0.2521
flu-seqneut-2026-CTS-032,A/Wisconsin/67/2022_H1N1,plate21-A/Wisconsin/67/2022_H1N1,1119,0.3939,0.3939
flu-seqneut-2026-CTS-032,A/Wisconsin/67/2022_H1N1,plate21-A/Wisconsin/67/2022_H1N1,2575,1.752,1
flu-seqneut-2026-CTS-032,A/Wisconsin/67/2022_H1N1,plate21-A/Wisconsin/67/2022_H1N1,5921,0.922,0.922
flu-seqneut-2026-CTS-032,A/Zacapa/FLU-012/2025_H1N1,plate21-A/Zacapa/FLU-012/2025_H1N1,40,0,0
flu-seqneut-2026-CTS-032,A/Zacapa/FLU-012/2025_H1N1,plate21-A/Zacapa/FLU-012/2025_H1N1,92,0.001026,0.001026
flu-seqneut-2026-CTS-032,A/Zacapa/FLU-012/2025_H1N1,plate21-A/Zacapa/FLU-012/2025_H1N1,212,0.01324,0.01324
flu-seqneut-2026-CTS-032,A/Zacapa/FLU-012/2025_H1N1,plate21-A/Zacapa/FLU-012/2025_H1N1,487,0.4835,0.4835
flu-seqneut-2026-CTS-032,A/Zacapa/FLU-012/2025_H1N1,plate21-A/Zacapa/FLU-012/2025_H1N1,1119,0.3901,0.3901
flu-seqneut-2026-CTS-032,A/Zacapa/FLU-012/2025_H1N1,plate21-A/Zacapa/FLU-012/2025_H1N1,2575,1.011,1
flu-seqneut-2026-CTS-032,A/Zacapa/FLU-012/2025_H1N1,plate21-A/Zacapa/FLU-012/2025_H1N1,5921,1.064,1
flu-seqneut-2026-CTS-032,A/Zambia/6-NIC-014/2026_H1N1,plate21-A/Zambia/6-NIC-014/2026_H1N1,40,0,0
flu-seqneut-2026-CTS-032,A/Zambia/6-NIC-014/2026_H1N1,plate21-A/Zambia/6-NIC-014/2026_H1N1,92,0.0007013,0.0007013
flu-seqneut-2026-CTS-032,A/Zambia/6-NIC-014/2026_H1N1,plate21-A/Zambia/6-NIC-014/2026_H1N1,212,0.04064,0.04064
flu-seqneut-2026-CTS-032,A/Zambia/6-NIC-014/2026_H1N1,plate21-A/Zambia/6-NIC-014/2026_H1N1,487,0.4382,0.4382
flu-seqneut-2026-CTS-032,A/Zambia/6-NIC-014/2026_H1N1,plate21-A/Zambia/6-NIC-014/2026_H1N1,1119,0.2257,0.2257
flu-seqneut-2026-CTS-032,A/Zambia/6-NIC-014/2026_H1N1,plate21-A/Zambia/6-NIC-014/2026_H1N1,2575,0.9111,0.9111
flu-seqneut-2026-CTS-032,A/Zambia/6-NIC-014/2026_H1N1,plate21-A/Zambia/6-NIC-014/2026_H1N1,5921,1.112,1
flu-seqneut-2026-CTS-032,A/Zambia/7-NIC-313/2026_H1N1,plate21-A/Zambia/7-NIC-313/2026_H1N1,40,0,0
flu-seqneut-2026-CTS-032,A/Zambia/7-NIC-313/2026_H1N1,plate21-A/Zambia/7-NIC-313/2026_H1N1,92,0.0009221,0.0009221
flu-seqneut-2026-CTS-032,A/Zambia/7-NIC-313/2026_H1N1,plate21-A/Zambia/7-NIC-313/2026_H1N1,212,0.2226,0.2226
flu-seqneut-2026-CTS-032,A/Zambia/7-NIC-313/2026_H1N1,plate21-A/Zambia/7-NIC-313/2026_H1N1,487,0.262,0.262
flu-seqneut-2026-CTS-032,A/Zambia/7-NIC-313/2026_H1N1,plate21-A/Zambia/7-NIC-313/2026_H1N1,1119,0.2217,0.2217
flu-seqneut-2026-CTS-032,A/Zambia/7-NIC-313/2026_H1N1,plate21-A/Zambia/7-NIC-313/2026_H1N1,2575,0.9297,0.9297
flu-seqneut-2026-CTS-032,A/Zambia/7-NIC-313/2026_H1N1,plate21-A/Zambia/7-NIC-313/2026_H1N1,5921,1.026,1
flu-seqneut-2026-CTS-036,A/Bangkok/P2391/2025_H3N2,plate21-A/Bangkok/P2391/2025_H3N2,40,0,0
flu-seqneut-2026-CTS-036,A/Bangkok/P2391/2025_H3N2,plate21-A/Bangkok/P2391/2025_H3N2,92,0.0001132,0.0001132
flu-seqneut-2026-CTS-036,A/Bangkok/P2391/2025_H3N2,plate21-A/Bangkok/P2391/2025_H3N2,487,0.1288,0.1288
flu-seqneut-2026-CTS-036,A/Bangkok/P2391/2025_H3N2,plate21-A/Bangkok/P2391/2025_H3N2,1119,0.1637,0.1637
flu-seqneut-2026-CTS-036,A/Bangkok/P2391/2025_H3N2,plate21-A/Bangkok/P2391/2025_H3N2,2575,1.702,1
flu-seqneut-2026-CTS-036,A/Bangkok/P2391/2025_H3N2,plate21-A/Bangkok/P2391/2025_H3N2,5921,1.531,1
flu-seqneut-2026-CTS-036,A/Bangkok/P2391/2025_H3N2,plate21-A/Bangkok/P2391/2025_H3N2,1.362e+04,0.03922,0.03922
flu-seqneut-2026-CTS-036,A/California/NIRC-IS-1019/2026_H1N1,plate21-A/California/NIRC-IS-1019/2026_H1N1,40,0.07051,0.07051
flu-seqneut-2026-CTS-036,A/California/NIRC-IS-1019/2026_H1N1,plate21-A/California/NIRC-IS-1019/2026_H1N1,92,0.1889,0.1889
flu-seqneut-2026-CTS-036,A/California/NIRC-IS-1019/2026_H1N1,plate21-A/California/NIRC-IS-1019/2026_H1N1,487,1.78,1
flu-seqneut-2026-CTS-036,A/California/NIRC-IS-1019/2026_H1N1,plate21-A/California/NIRC-IS-1019/2026_H1N1,1119,0.3039,0.3039
flu-seqneut-2026-CTS-036,A/California/NIRC-IS-1019/2026_H1N1,plate21-A/California/NIRC-IS-1019/2026_H1N1,2575,1.294,1
flu-seqneut-2026-CTS-036,A/California/NIRC-IS-1019/2026_H1N1,plate21-A/California/NIRC-IS-1019/2026_H1N1,5921,1.636,1
flu-seqneut-2026-CTS-036,A/California/NIRC-IS-1019/2026_H1N1,plate21-A/California/NIRC-IS-1019/2026_H1N1,1.362e+04,0.3888,0.3888
flu-seqneut-2026-CTS-036,A/Darwin/1454/2025_H3N2,plate21-A/Darwin/1454/2025_H3N2,40,0,0
flu-seqneut-2026-CTS-036,A/Darwin/1454/2025_H3N2,plate21-A/Darwin/1454/2025_H3N2,92,0.0006552,0.0006552
flu-seqneut-2026-CTS-036,A/Darwin/1454/2025_H3N2,plate21-A/Darwin/1454/2025_H3N2,487,0.04397,0.04397
flu-seqneut-2026-CTS-036,A/Darwin/1454/2025_H3N2,plate21-A/Darwin/1454/2025_H3N2,1119,0.1588,0.1588
flu-seqneut-2026-CTS-036,A/Darwin/1454/2025_H3N2,plate21-A/Darwin/1454/2025_H3N2,2575,0.9047,0.9047
flu-seqneut-2026-CTS-036,A/Darwin/1454/2025_H3N2,plate21-A/Darwin/1454/2025_H3N2,5921,1.096,1
flu-seqneut-2026-CTS-036,A/Darwin/1454/2025_H3N2,plate21-A/Darwin/1454/2025_H3N2,1.362e+04,0.1173,0.1173
flu-seqneut-2026-CTS-036,A/Kentucky/80/2025_H1N1,plate21-A/Kentucky/80/2025_H1N1,40,0,0
flu-seqneut-2026-CTS-036,A/Kentucky/80/2025_H1N1,plate21-A/Kentucky/80/2025_H1N1,92,0.0005526,0.0005526
flu-seqneut-2026-CTS-036,A/Kentucky/80/2025_H1N1,plate21-A/Kentucky/80/2025_H1N1,487,0.4676,0.4676
flu-seqneut-2026-CTS-036,A/Kentucky/80/2025_H1N1,plate21-A/Kentucky/80/2025_H1N1,1119,0.1569,0.1569
flu-seqneut-2026-CTS-036,A/Kentucky/80/2025_H1N1,plate21-A/Kentucky/80/2025_H1N1,2575,0.8861,0.8861
flu-seqneut-2026-CTS-036,A/Kentucky/80/2025_H1N1,plate21-A/Kentucky/80/2025_H1N1,5921,1.158,1
flu-seqneut-2026-CTS-036,A/Kentucky/80/2025_H1N1,plate21-A/Kentucky/80/2025_H1N1,1.362e+04,0.2854,0.2854
flu-seqneut-2026-CTS-036,A/PaisVasco/70369726/2026_H1N1,plate21-A/PaisVasco/70369726/2026_H1N1,40,0.02551,0.02551
flu-seqneut-2026-CTS-036,A/PaisVasco/70369726/2026_H1N1,plate21-A/PaisVasco/70369726/2026_H1N1,92,0.08538,0.08538
flu-seqneut-2026-CTS-036,A/PaisVasco/70369726/2026_H1N1,plate21-A/PaisVasco/70369726/2026_H1N1,487,1.256,1
flu-seqneut-2026-CTS-036,A/PaisVasco/70369726/2026_H1N1,plate21-A/PaisVasco/70369726/2026_H1N1,1119,0.3165,0.3165
flu-seqneut-2026-CTS-036,A/PaisVasco/70369726/2026_H1N1,plate21-A/PaisVasco/70369726/2026_H1N1,2575,0.9704,0.9704
flu-seqneut-2026-CTS-036,A/PaisVasco/70369726/2026_H1N1,plate21-A/PaisVasco/70369726/2026_H1N1,5921,1.145,1
flu-seqneut-2026-CTS-036,A/PaisVasco/70369726/2026_H1N1,plate21-A/PaisVasco/70369726/2026_H1N1,1.362e+04,0.3203,0.3203
flu-seqneut-2026-CTS-036,A/Singapore/GP20238/2024_H3N2,plate21-A/Singapore/GP20238/2024_H3N2,40,0,0
flu-seqneut-2026-CTS-036,A/Singapore/GP20238/2024_H3N2,plate21-A/Singapore/GP20238/2024_H3N2,92,0,0
flu-seqneut-2026-CTS-036,A/Singapore/GP20238/2024_H3N2,plate21-A/Singapore/GP20238/2024_H3N2,487,0.01248,0.01248
flu-seqneut-2026-CTS-036,A/Singapore/GP20238/2024_H3N2,plate21-A/Singapore/GP20238/2024_H3N2,1119,0.06849,0.06849
flu-seqneut-2026-CTS-036,A/Singapore/GP20238/2024_H3N2,plate21-A/Singapore/GP20238/2024_H3N2,2575,0.629,0.629
flu-seqneut-2026-CTS-036,A/Singapore/GP20238/2024_H3N2,plate21-A/Singapore/GP20238/2024_H3N2,5921,1.132,1
flu-seqneut-2026-CTS-036,A/Singapore/GP20238/2024_H3N2,plate21-A/Singapore/GP20238/2024_H3N2,1.362e+04,0.05394,0.05394
flu-seqneut-2026-CTS-036,A/SouthAfrica/PATH-CERI-C075119/2026_H1N1,plate21-A/SouthAfrica/PATH-CERI-C075119/2026_H1N1,40,0.05064,0.05064
flu-seqneut-2026-CTS-036,A/SouthAfrica/PATH-CERI-C075119/2026_H1N1,plate21-A/SouthAfrica/PATH-CERI-C075119/2026_H1N1,92,0.1896,0.1896
flu-seqneut-2026-CTS-036,A/SouthAfrica/PATH-CERI-C075119/2026_H1N1,plate21-A/SouthAfrica/PATH-CERI-C075119/2026_H1N1,487,1.463,1
flu-seqneut-2026-CTS-036,A/SouthAfrica/PATH-CERI-C075119/2026_H1N1,plate21-A/SouthAfrica/PATH-CERI-C075119/2026_H1N1,1119,0.5651,0.5651
flu-seqneut-2026-CTS-036,A/SouthAfrica/PATH-CERI-C075119/2026_H1N1,plate21-A/SouthAfrica/PATH-CERI-C075119/2026_H1N1,2575,1.387,1
flu-seqneut-2026-CTS-036,A/SouthAfrica/PATH-CERI-C075119/2026_H1N1,plate21-A/SouthAfrica/PATH-CERI-C075119/2026_H1N1,5921,1.344,1
flu-seqneut-2026-CTS-036,A/SouthAfrica/PATH-CERI-C075119/2026_H1N1,plate21-A/SouthAfrica/PATH-CERI-C075119/2026_H1N1,1.362e+04,0.2365,0.2365
flu-seqneut-2026-CTS-036,A/Thailand/8/2022_H3N2,plate21-A/Thailand/8/2022_H3N2,40,0.001338,0.001338
flu-seqneut-2026-CTS-036,A/Thailand/8/2022_H3N2,plate21-A/Thailand/8/2022_H3N2,92,0.002029,0.002029
flu-seqneut-2026-CTS-036,A/Thailand/8/2022_H3N2,plate21-A/Thailand/8/2022_H3N2,487,0.1485,0.1485
flu-seqneut-2026-CTS-036,A/Thailand/8/2022_H3N2,plate21-A/Thailand/8/2022_H3N2,1119,0.08345,0.08345
flu-seqneut-2026-CTS-036,A/Thailand/8/2022_H3N2,plate21-A/Thailand/8/2022_H3N2,2575,1.147,1
flu-seqneut-2026-CTS-036,A/Thailand/8/2022_H3N2,plate21-A/Thailand/8/2022_H3N2,5921,1.155,1
flu-seqneut-2026-CTS-036,A/Thailand/8/2022_H3N2,plate21-A/Thailand/8/2022_H3N2,1.362e+04,0.04597,0.04597
flu-seqneut-2026-CTS-036,A/Victoria/4897/2022_IVR-238_H1N1,plate21-A/Victoria/4897/2022_IVR-238_H1N1,40,0.001784,0.001784
flu-seqneut-2026-CTS-036,A/Victoria/4897/2022_IVR-238_H1N1,plate21-A/Victoria/4897/2022_IVR-238_H1N1,92,0.01169,0.01169
flu-seqneut-2026-CTS-036,A/Victoria/4897/2022_IVR-238_H1N1,plate21-A/Victoria/4897/2022_IVR-238_H1N1,487,0.06181,0.06181
flu-seqneut-2026-CTS-036,A/Victoria/4897/2022_IVR-238_H1N1,plate21-A/Victoria/4897/2022_IVR-238_H1N1,1119,0.1109,0.1109
flu-seqneut-2026-CTS-036,A/Victoria/4897/2022_IVR-238_H1N1,plate21-A/Victoria/4897/2022_IVR-238_H1N1,2575,1.207,1
flu-seqneut-2026-CTS-036,A/Victoria/4897/2022_IVR-238_H1N1,plate21-A/Victoria/4897/2022_IVR-238_H1N1,5921,1.172,1
flu-seqneut-2026-CTS-036,A/Victoria/4897/2022_IVR-238_H1N1,plate21-A/Victoria/4897/2022_IVR-238_H1N1,1.362e+04,0.1312,0.1312
flu-seqneut-2026-CTS-037,A/Andalucia/PMC-01217/2025_H1N1,plate21-A/Andalucia/PMC-01217/2025_H1N1,40,0.01127,0.01127
flu-seqneut-2026-CTS-037,A/Andalucia/PMC-01217/2025_H1N1,plate21-A/Andalucia/PMC-01217/2025_H1N1,92,0.1772,0.1772
flu-seqneut-2026-CTS-037,A/Andalucia/PMC-01217/2025_H1N1,plate21-A/Andalucia/PMC-01217/2025_H1N1,212,0.4412,0.4412
flu-seqneut-2026-CTS-037,A/Andalucia/PMC-01217/2025_H1N1,plate21-A/Andalucia/PMC-01217/2025_H1N1,487,1.123,1
flu-seqneut-2026-CTS-037,A/Andalucia/PMC-01217/2025_H1N1,plate21-A/Andalucia/PMC-01217/2025_H1N1,1119,0.3824,0.3824
flu-seqneut-2026-CTS-037,A/Andalucia/PMC-01217/2025_H1N1,plate21-A/Andalucia/PMC-01217/2025_H1N1,2575,0.9354,0.9354
flu-seqneut-2026-CTS-037,A/Andalucia/PMC-01217/2025_H1N1,plate21-A/Andalucia/PMC-01217/2025_H1N1,5921,1.732,1
flu-seqneut-2026-CTS-037,A/Andalucia/PMC-01217/2025_H1N1,plate21-A/Andalucia/PMC-01217/2025_H1N1,1.362e+04,0.5018,0.5018
flu-seqneut-2026-CTS-037,A/Arizona/40/2026_H1N1,plate21-A/Arizona/40/2026_H1N1,40,0.0394,0.0394
flu-seqneut-2026-CTS-037,A/Arizona/40/2026_H1N1,plate21-A/Arizona/40/2026_H1N1,92,0.1575,0.1575
flu-seqneut-2026-CTS-037,A/Arizona/40/2026_H1N1,plate21-A/Arizona/40/2026_H1N1,212,0.492,0.492
flu-seqneut-2026-CTS-037,A/Arizona/40/2026_H1N1,plate21-A/Arizona/40/2026_H1N1,487,1.901,1
flu-seqneut-2026-CTS-037,A/Arizona/40/2026_H1N1,plate21-A/Arizona/40/2026_H1N1,1119,0.568,0.568
flu-seqneut-2026-CTS-037,A/Arizona/40/2026_H1N1,plate21-A/Arizona/40/2026_H1N1,2575,1.064,1
flu-seqneut-2026-CTS-037,A/Arizona/40/2026_H1N1,plate21-A/Arizona/40/2026_H1N1,5921,1.545,1
flu-seqneut-2026-CTS-037,A/Arizona/40/2026_H1N1,plate21-A/Arizona/40/2026_H1N1,1.362e+04,0.174,0.174
flu-seqneut-2026-CTS-037,A/Colorado/218/2024_H1N1,plate21-A/Colorado/218/2024_H1N1,40,0.007724,0.007724
flu-seqneut-2026-CTS-037,A/Colorado/218/2024_H1N1,plate21-A/Colorado/218/2024_H1N1,92,0.1157,0.1157
flu-seqneut-2026-CTS-037,A/Colorado/218/2024_H1N1,plate21-A/Colorado/218/2024_H1N1,212,2.168,1
flu-seqneut-2026-CTS-037,A/Colorado/218/2024_H1N1,plate21-A/Colorado/218/2024_H1N1,487,0.9836,0.9836
flu-seqneut-2026-CTS-037,A/Colorado/218/2024_H1N1,plate21-A/Colorado/218/2024_H1N1,1119,0.4418,0.4418
flu-seqneut-2026-CTS-037,A/Colorado/218/2024_H1N1,plate21-A/Colorado/218/2024_H1N1,2575,1.446,1
flu-seqneut-2026-CTS-037,A/Colorado/218/2024_H1N1,plate21-A/Colorado/218/2024_H1N1,1.362e+04,0.2233,0.2233
flu-seqneut-2026-CTS-037,A/Galicia/GA-CHUAC-612/2025_H1N1,plate21-A/Galicia/GA-CHUAC-612/2025_H1N1,40,0.01418,0.01418
flu-seqneut-2026-CTS-037,A/Galicia/GA-CHUAC-612/2025_H1N1,plate21-A/Galicia/GA-CHUAC-612/2025_H1N1,92,0.299,0.299
flu-seqneut-2026-CTS-037,A/Galicia/GA-CHUAC-612/2025_H1N1,plate21-A/Galicia/GA-CHUAC-612/2025_H1N1,212,0.4792,0.4792
flu-seqneut-2026-CTS-037,A/Galicia/GA-CHUAC-612/2025_H1N1,plate21-A/Galicia/GA-CHUAC-612/2025_H1N1,487,1.349,1
flu-seqneut-2026-CTS-037,A/Galicia/GA-CHUAC-612/2025_H1N1,plate21-A/Galicia/GA-CHUAC-612/2025_H1N1,1119,0.5952,0.5952
flu-seqneut-2026-CTS-037,A/Galicia/GA-CHUAC-612/2025_H1N1,plate21-A/Galicia/GA-CHUAC-612/2025_H1N1,2575,0.8835,0.8835
flu-seqneut-2026-CTS-037,A/Galicia/GA-CHUAC-612/2025_H1N1,plate21-A/Galicia/GA-CHUAC-612/2025_H1N1,5921,1.249,1
flu-seqneut-2026-CTS-037,A/Galicia/GA-CHUAC-612/2025_H1N1,plate21-A/Galicia/GA-CHUAC-612/2025_H1N1,1.362e+04,0.3336,0.3336
flu-seqneut-2026-CTS-037,A/Hawaii/70/2019_H1N1,plate21-A/Hawaii/70/2019_H1N1,40,0.004698,0.004698
flu-seqneut-2026-CTS-037,A/Hawaii/70/2019_H1N1,plate21-A/Hawaii/70/2019_H1N1,92,0.009744,0.009744
flu-seqneut-2026-CTS-037,A/Hawaii/70/2019_H1N1,plate21-A/Hawaii/70/2019_H1N1,212,0.1572,0.1572
flu-seqneut-2026-CTS-037,A/Hawaii/70/2019_H1N1,plate21-A/Hawaii/70/2019_H1N1,487,0.7166,0.7166
flu-seqneut-2026-CTS-037,A/Hawaii/70/2019_H1N1,plate21-A/Hawaii/70/2019_H1N1,1119,0.3892,0.3892
flu-seqneut-2026-CTS-037,A/Hawaii/70/2019_H1N1,plate21-A/Hawaii/70/2019_H1N1,2575,0.9139,0.9139
flu-seqneut-2026-CTS-037,A/Hawaii/70/2019_H1N1,plate21-A/Hawaii/70/2019_H1N1,5921,1.095,1
flu-seqneut-2026-CTS-037,A/Hawaii/70/2019_H1N1,plate21-A/Hawaii/70/2019_H1N1,1.362e+04,0.177,0.177
flu-seqneut-2026-CTS-037,A/Hawaii/ISC-1140/2025_H1N1,plate21-A/Hawaii/ISC-1140/2025_H1N1,40,0.04035,0.04035
flu-seqneut-2026-CTS-037,A/Hawaii/ISC-1140/2025_H1N1,plate21-A/Hawaii/ISC-1140/2025_H1N1,92,0.1127,0.1127
flu-seqneut-2026-CTS-037,A/Hawaii/ISC-1140/2025_H1N1,plate21-A/Hawaii/ISC-1140/2025_H1N1,212,0.5272,0.5272
flu-seqneut-2026-CTS-037,A/Hawaii/ISC-1140/2025_H1N1,plate21-A/Hawaii/ISC-1140/2025_H1N1,487,0.9837,0.9837
flu-seqneut-2026-CTS-037,A/Hawaii/ISC-1140/2025_H1N1,plate21-A/Hawaii/ISC-1140/2025_H1N1,1119,0.3467,0.3467
flu-seqneut-2026-CTS-037,A/Hawaii/ISC-1140/2025_H1N1,plate21-A/Hawaii/ISC-1140/2025_H1N1,2575,0.782,0.782
flu-seqneut-2026-CTS-037,A/Hawaii/ISC-1140/2025_H1N1,plate21-A/Hawaii/ISC-1140/2025_H1N1,5921,1.174,1
flu-seqneut-2026-CTS-037,A/Hawaii/ISC-1140/2025_H1N1,plate21-A/Hawaii/ISC-1140/2025_H1N1,1.362e+04,0.2642,0.2642
flu-seqneut-2026-CTS-037,A/Missouri/11/2025_cell_H1N1,plate21-A/Missouri/11/2025_cell_H1N1,40,0.009619,0.009619
flu-seqneut-2026-CTS-037,A/Missouri/11/2025_cell_H1N1,plate21-A/Missouri/11/2025_cell_H1N1,92,0.1898,0.1898
flu-seqneut-2026-CTS-037,A/Missouri/11/2025_cell_H1N1,plate21-A/Missouri/11/2025_cell_H1N1,212,0.2766,0.2766
flu-seqneut-2026-CTS-037,A/Missouri/11/2025_cell_H1N1,plate21-A/Missouri/11/2025_cell_H1N1,487,1.264,1
flu-seqneut-2026-CTS-037,A/Missouri/11/2025_cell_H1N1,plate21-A/Missouri/11/2025_cell_H1N1,1119,0.5296,0.5296
flu-seqneut-2026-CTS-037,A/Missouri/11/2025_cell_H1N1,plate21-A/Missouri/11/2025_cell_H1N1,2575,1.07,1
flu-seqneut-2026-CTS-037,A/Missouri/11/2025_cell_H1N1,plate21-A/Missouri/11/2025_cell_H1N1,5921,1.085,1
flu-seqneut-2026-CTS-037,A/Missouri/11/2025_cell_H1N1,plate21-A/Missouri/11/2025_cell_H1N1,1.362e+04,0.2768,0.2768
flu-seqneut-2026-CTS-037,A/Missouri/11/2025_egg_H1N1,plate21-A/Missouri/11/2025_egg_H1N1,40,0.004113,0.004113
flu-seqneut-2026-CTS-037,A/Missouri/11/2025_egg_H1N1,plate21-A/Missouri/11/2025_egg_H1N1,92,0.0005148,0.0005148
flu-seqneut-2026-CTS-037,A/Missouri/11/2025_egg_H1N1,plate21-A/Missouri/11/2025_egg_H1N1,212,0.02154,0.02154
flu-seqneut-2026-CTS-037,A/Missouri/11/2025_egg_H1N1,plate21-A/Missouri/11/2025_egg_H1N1,487,0.189,0.189
flu-seqneut-2026-CTS-037,A/Missouri/11/2025_egg_H1N1,plate21-A/Missouri/11/2025_egg_H1N1,1119,0.1118,0.1118
flu-seqneut-2026-CTS-037,A/Missouri/11/2025_egg_H1N1,plate21-A/Missouri/11/2025_egg_H1N1,2575,0.7383,0.7383
flu-seqneut-2026-CTS-037,A/Missouri/11/2025_egg_H1N1,plate21-A/Missouri/11/2025_egg_H1N1,5921,1.106,1
flu-seqneut-2026-CTS-037,A/Missouri/11/2025_egg_H1N1,plate21-A/Missouri/11/2025_egg_H1N1,1.362e+04,0.148,0.148
flu-seqneut-2026-CTS-037,A/Netherlands/2398/2025_H1N1,plate21-A/Netherlands/2398/2025_H1N1,40,0.001458,0.001458
flu-seqneut-2026-CTS-037,A/Netherlands/2398/2025_H1N1,plate21-A/Netherlands/2398/2025_H1N1,92,0.1247,0.1247
flu-seqneut-2026-CTS-037,A/Netherlands/2398/2025_H1N1,plate21-A/Netherlands/2398/2025_H1N1,212,0.3928,0.3928
flu-seqneut-2026-CTS-037,A/Netherlands/2398/2025_H1N1,plate21-A/Netherlands/2398/2025_H1N1,487,1.606,1
flu-seqneut-2026-CTS-037,A/Netherlands/2398/2025_H1N1,plate21-A/Netherlands/2398/2025_H1N1,1119,0.3849,0.3849
flu-seqneut-2026-CTS-037,A/Netherlands/2398/2025_H1N1,plate21-A/Netherlands/2398/2025_H1N1,2575,0.9547,0.9547
flu-seqneut-2026-CTS-037,A/Netherlands/2398/2025_H1N1,plate21-A/Netherlands/2398/2025_H1N1,5921,1.476,1
flu-seqneut-2026-CTS-037,A/Netherlands/2398/2025_H1N1,plate21-A/Netherlands/2398/2025_H1N1,1.362e+04,0.3639,0.3639
flu-seqneut-2026-CTS-037,A/NewBrunswick/NBPHLFLUA10B-MM00057R/2026_H1N1,plate21-A/NewBrunswick/NBPHLFLUA10B-MM00057R/2026_H1N1,40,0.04802,0.04802
flu-seqneut-2026-CTS-037,A/NewBrunswick/NBPHLFLUA10B-MM00057R/2026_H1N1,plate21-A/NewBrunswick/NBPHLFLUA10B-MM00057R/2026_H1N1,92,0.09563,0.09563
flu-seqneut-2026-CTS-037,A/NewBrunswick/NBPHLFLUA10B-MM00057R/2026_H1N1,plate21-A/NewBrunswick/NBPHLFLUA10B-MM00057R/2026_H1N1,212,0.4972,0.4972
flu-seqneut-2026-CTS-037,A/NewBrunswick/NBPHLFLUA10B-MM00057R/2026_H1N1,plate21-A/NewBrunswick/NBPHLFLUA10B-MM00057R/2026_H1N1,487,1.626,1
flu-seqneut-2026-CTS-037,A/NewBrunswick/NBPHLFLUA10B-MM00057R/2026_H1N1,plate21-A/NewBrunswick/NBPHLFLUA10B-MM00057R/2026_H1N1,1119,0.4483,0.4483
flu-seqneut-2026-CTS-037,A/NewBrunswick/NBPHLFLUA10B-MM00057R/2026_H1N1,plate21-A/NewBrunswick/NBPHLFLUA10B-MM00057R/2026_H1N1,2575,1.069,1
flu-seqneut-2026-CTS-037,A/NewBrunswick/NBPHLFLUA10B-MM00057R/2026_H1N1,plate21-A/NewBrunswick/NBPHLFLUA10B-MM00057R/2026_H1N1,5921,1.02,1
flu-seqneut-2026-CTS-037,A/NewBrunswick/NBPHLFLUA10B-MM00057R/2026_H1N1,plate21-A/NewBrunswick/NBPHLFLUA10B-MM00057R/2026_H1N1,1.362e+04,0.2036,0.2036
flu-seqneut-2026-CTS-037,A/Ohio/259/2024_H1N1,plate21-A/Ohio/259/2024_H1N1,40,0,0
flu-seqneut-2026-CTS-037,A/Ohio/259/2024_H1N1,plate21-A/Ohio/259/2024_H1N1,92,0.006013,0.006013
flu-seqneut-2026-CTS-037,A/Ohio/259/2024_H1N1,plate21-A/Ohio/259/2024_H1N1,212,0.0538,0.0538
flu-seqneut-2026-CTS-037,A/Ohio/259/2024_H1N1,plate21-A/Ohio/259/2024_H1N1,487,0.7248,0.7248
flu-seqneut-2026-CTS-037,A/Ohio/259/2024_H1N1,plate21-A/Ohio/259/2024_H1N1,1119,0.3581,0.3581
flu-seqneut-2026-CTS-037,A/Ohio/259/2024_H1N1,plate21-A/Ohio/259/2024_H1N1,2575,0.7147,0.7147
flu-seqneut-2026-CTS-037,A/Ohio/259/2024_H1N1,plate21-A/Ohio/259/2024_H1N1,5921,0.8265,0.8265
flu-seqneut-2026-CTS-037,A/Ohio/259/2024_H1N1,plate21-A/Ohio/259/2024_H1N1,1.362e+04,0.1776,0.1776
flu-seqneut-2026-CTS-037,A/Singapore/KK2768/2025_H1N1,plate21-A/Singapore/KK2768/2025_H1N1,40,0.004904,0.004904
flu-seqneut-2026-CTS-037,A/Singapore/KK2768/2025_H1N1,plate21-A/Singapore/KK2768/2025_H1N1,92,0.03371,0.03371
flu-seqneut-2026-CTS-037,A/Singapore/KK2768/2025_H1N1,plate21-A/Singapore/KK2768/2025_H1N1,212,0.3946,0.3946
flu-seqneut-2026-CTS-037,A/Singapore/KK2768/2025_H1N1,plate21-A/Singapore/KK2768/2025_H1N1,487,1.996,1
flu-seqneut-2026-CTS-037,A/Singapore/KK2768/2025_H1N1,plate21-A/Singapore/KK2768/2025_H1N1,1119,0.4177,0.4177
flu-seqneut-2026-CTS-037,A/Singapore/KK2768/2025_H1N1,plate21-A/Singapore/KK2768/2025_H1N1,2575,0.8702,0.8702
flu-seqneut-2026-CTS-037,A/Singapore/KK2768/2025_H1N1,plate21-A/Singapore/KK2768/2025_H1N1,5921,1.267,1
flu-seqneut-2026-CTS-037,A/Singapore/KK2768/2025_H1N1,plate21-A/Singapore/KK2768/2025_H1N1,1.362e+04,0.1306,0.1306
flu-seqneut-2026-CTS-037,A/SouthAfrica/NHLS-SU-CERI-C075557/2026_H1N1,plate21-A/SouthAfrica/NHLS-SU-CERI-C075557/2026_H1N1,40,0.02127,0.02127
flu-seqneut-2026-CTS-037,A/SouthAfrica/NHLS-SU-CERI-C075557/2026_H1N1,plate21-A/SouthAfrica/NHLS-SU-CERI-C075557/2026_H1N1,92,0.1294,0.1294
flu-seqneut-2026-CTS-037,A/SouthAfrica/NHLS-SU-CERI-C075557/2026_H1N1,plate21-A/SouthAfrica/NHLS-SU-CERI-C075557/2026_H1N1,212,0.4561,0.4561
flu-seqneut-2026-CTS-037,A/SouthAfrica/NHLS-SU-CERI-C075557/2026_H1N1,plate21-A/SouthAfrica/NHLS-SU-CERI-C075557/2026_H1N1,487,1.368,1
flu-seqneut-2026-CTS-037,A/SouthAfrica/NHLS-SU-CERI-C075557/2026_H1N1,plate21-A/SouthAfrica/NHLS-SU-CERI-C075557/2026_H1N1,1119,0.386,0.386
flu-seqneut-2026-CTS-037,A/SouthAfrica/NHLS-SU-CERI-C075557/2026_H1N1,plate21-A/SouthAfrica/NHLS-SU-CERI-C075557/2026_H1N1,2575,1.053,1
flu-seqneut-2026-CTS-037,A/SouthAfrica/NHLS-SU-CERI-C075557/2026_H1N1,plate21-A/SouthAfrica/NHLS-SU-CERI-C075557/2026_H1N1,5921,1.176,1
flu-seqneut-2026-CTS-037,A/SouthAfrica/NHLS-SU-CERI-C075557/2026_H1N1,plate21-A/SouthAfrica/NHLS-SU-CERI-C075557/2026_H1N1,1.362e+04,0.2379,0.2379
flu-seqneut-2026-CTS-037,A/SouthAfrica/PATH-CERI-C073358/2025_H1N1,plate21-A/SouthAfrica/PATH-CERI-C073358/2025_H1N1,40,0.02266,0.02266
flu-seqneut-2026-CTS-037,A/SouthAfrica/PATH-CERI-C073358/2025_H1N1,plate21-A/SouthAfrica/PATH-CERI-C073358/2025_H1N1,92,0.09611,0.09611
flu-seqneut-2026-CTS-037,A/SouthAfrica/PATH-CERI-C073358/2025_H1N1,plate21-A/SouthAfrica/PATH-CERI-C073358/2025_H1N1,212,0.4141,0.4141
flu-seqneut-2026-CTS-037,A/SouthAfrica/PATH-CERI-C073358/2025_H1N1,plate21-A/SouthAfrica/PATH-CERI-C073358/2025_H1N1,487,1.097,1
flu-seqneut-2026-CTS-037,A/SouthAfrica/PATH-CERI-C073358/2025_H1N1,plate21-A/SouthAfrica/PATH-CERI-C073358/2025_H1N1,1119,0.3194,0.3194
flu-seqneut-2026-CTS-037,A/SouthAfrica/PATH-CERI-C073358/2025_H1N1,plate21-A/SouthAfrica/PATH-CERI-C073358/2025_H1N1,2575,1.073,1
flu-seqneut-2026-CTS-037,A/SouthAfrica/PATH-CERI-C073358/2025_H1N1,plate21-A/SouthAfrica/PATH-CERI-C073358/2025_H1N1,5921,2.026,1
flu-seqneut-2026-CTS-037,A/SouthAfrica/PATH-CERI-C073358/2025_H1N1,plate21-A/SouthAfrica/PATH-CERI-C073358/2025_H1N1,1.362e+04,0.3209,0.3209
flu-seqneut-2026-CTS-037,A/SouthAfrica/PATH-CERI-C073366/2025_H1N1,plate21-A/SouthAfrica/PATH-CERI-C073366/2025_H1N1,40,0.02196,0.02196
flu-seqneut-2026-CTS-037,A/SouthAfrica/PATH-CERI-C073366/2025_H1N1,plate21-A/SouthAfrica/PATH-CERI-C073366/2025_H1N1,92,0.1334,0.1334
flu-seqneut-2026-CTS-037,A/SouthAfrica/PATH-CERI-C073366/2025_H1N1,plate21-A/SouthAfrica/PATH-CERI-C073366/2025_H1N1,212,0.5368,0.5368
flu-seqneut-2026-CTS-037,A/SouthAfrica/PATH-CERI-C073366/2025_H1N1,plate21-A/SouthAfrica/PATH-CERI-C073366/2025_H1N1,487,1.733,1
flu-seqneut-2026-CTS-037,A/SouthAfrica/PATH-CERI-C073366/2025_H1N1,plate21-A/SouthAfrica/PATH-CERI-C073366/2025_H1N1,1119,0.3457,0.3457
flu-seqneut-2026-CTS-037,A/SouthAfrica/PATH-CERI-C073366/2025_H1N1,plate21-A/SouthAfrica/PATH-CERI-C073366/2025_H1N1,2575,0.9065,0.9065
flu-seqneut-2026-CTS-037,A/SouthAfrica/PATH-CERI-C073366/2025_H1N1,plate21-A/SouthAfrica/PATH-CERI-C073366/2025_H1N1,5921,1.044,1
flu-seqneut-2026-CTS-037,A/SouthAfrica/PATH-CERI-C073366/2025_H1N1,plate21-A/SouthAfrica/PATH-CERI-C073366/2025_H1N1,1.362e+04,0.3318,0.3318
flu-seqneut-2026-CTS-037,A/SouthAfrica/PATH-CERI-C075119/2026_H1N1,plate21-A/SouthAfrica/PATH-CERI-C075119/2026_H1N1,40,0.02405,0.02405
flu-seqneut-2026-CTS-037,A/SouthAfrica/PATH-CERI-C075119/2026_H1N1,plate21-A/SouthAfrica/PATH-CERI-C075119/2026_H1N1,92,0.113,0.113
flu-seqneut-2026-CTS-037,A/SouthAfrica/PATH-CERI-C075119/2026_H1N1,plate21-A/SouthAfrica/PATH-CERI-C075119/2026_H1N1,212,0.4397,0.4397
flu-seqneut-2026-CTS-037,A/SouthAfrica/PATH-CERI-C075119/2026_H1N1,plate21-A/SouthAfrica/PATH-CERI-C075119/2026_H1N1,487,1.488,1
flu-seqneut-2026-CTS-037,A/SouthAfrica/PATH-CERI-C075119/2026_H1N1,plate21-A/SouthAfrica/PATH-CERI-C075119/2026_H1N1,1119,0.5753,0.5753
flu-seqneut-2026-CTS-037,A/SouthAfrica/PATH-CERI-C075119/2026_H1N1,plate21-A/SouthAfrica/PATH-CERI-C075119/2026_H1N1,2575,1.17,1
flu-seqneut-2026-CTS-037,A/SouthAfrica/PATH-CERI-C075119/2026_H1N1,plate21-A/SouthAfrica/PATH-CERI-C075119/2026_H1N1,5921,1.085,1
flu-seqneut-2026-CTS-037,A/SouthAfrica/PATH-CERI-C075119/2026_H1N1,plate21-A/SouthAfrica/PATH-CERI-C075119/2026_H1N1,1.362e+04,0.2627,0.2627
flu-seqneut-2026-CTS-037,A/Tokyo/EIS11-277/2024_H1N1,plate21-A/Tokyo/EIS11-277/2024_H1N1,40,0.002425,0.002425
flu-seqneut-2026-CTS-037,A/Tokyo/EIS11-277/2024_H1N1,plate21-A/Tokyo/EIS11-277/2024_H1N1,92,0.02315,0.02315
flu-seqneut-2026-CTS-037,A/Tokyo/EIS11-277/2024_H1N1,plate21-A/Tokyo/EIS11-277/2024_H1N1,212,0.1704,0.1704
flu-seqneut-2026-CTS-037,A/Tokyo/EIS11-277/2024_H1N1,plate21-A/Tokyo/EIS11-277/2024_H1N1,487,1.377,1
flu-seqneut-2026-CTS-037,A/Tokyo/EIS11-277/2024_H1N1,plate21-A/Tokyo/EIS11-277/2024_H1N1,1119,0.3239,0.3239
flu-seqneut-2026-CTS-037,A/Tokyo/EIS11-277/2024_H1N1,plate21-A/Tokyo/EIS11-277/2024_H1N1,2575,1.198,1
flu-seqneut-2026-CTS-037,A/Tokyo/EIS11-277/2024_H1N1,plate21-A/Tokyo/EIS11-277/2024_H1N1,5921,0.9768,0.9768
flu-seqneut-2026-CTS-037,A/Tokyo/EIS11-277/2024_H1N1,plate21-A/Tokyo/EIS11-277/2024_H1N1,1.362e+04,0.1891,0.1891
flu-seqneut-2026-CTS-037,A/Ukraine/5214/2026_H1N1,plate21-A/Ukraine/5214/2026_H1N1,40,0.01612,0.01612
flu-seqneut-2026-CTS-037,A/Ukraine/5214/2026_H1N1,plate21-A/Ukraine/5214/2026_H1N1,92,0.2585,0.2585
flu-seqneut-2026-CTS-037,A/Ukraine/5214/2026_H1N1,plate21-A/Ukraine/5214/2026_H1N1,212,0.7344,0.7344
flu-seqneut-2026-CTS-037,A/Ukraine/5214/2026_H1N1,plate21-A/Ukraine/5214/2026_H1N1,487,1.209,1
flu-seqneut-2026-CTS-037,A/Ukraine/5214/2026_H1N1,plate21-A/Ukraine/5214/2026_H1N1,1119,0.3864,0.3864
flu-seqneut-2026-CTS-037,A/Ukraine/5214/2026_H1N1,plate21-A/Ukraine/5214/2026_H1N1,2575,1.152,1
flu-seqneut-2026-CTS-037,A/Ukraine/5214/2026_H1N1,plate21-A/Ukraine/5214/2026_H1N1,5921,1.199,1
flu-seqneut-2026-CTS-037,A/Ukraine/5214/2026_H1N1,plate21-A/Ukraine/5214/2026_H1N1,1.362e+04,0.5672,0.5672
flu-seqneut-2026-CTS-037,A/Uppsala/SE26-01293/2026_H1N1,plate21-A/Uppsala/SE26-01293/2026_H1N1,40,0.00772,0.00772
flu-seqneut-2026-CTS-037,A/Uppsala/SE26-01293/2026_H1N1,plate21-A/Uppsala/SE26-01293/2026_H1N1,92,0.2227,0.2227
flu-seqneut-2026-CTS-037,A/Uppsala/SE26-01293/2026_H1N1,plate21-A/Uppsala/SE26-01293/2026_H1N1,212,0.3711,0.3711
flu-seqneut-2026-CTS-037,A/Uppsala/SE26-01293/2026_H1N1,plate21-A/Uppsala/SE26-01293/2026_H1N1,487,1.781,1
flu-seqneut-2026-CTS-037,A/Uppsala/SE26-01293/2026_H1N1,plate21-A/Uppsala/SE26-01293/2026_H1N1,1119,0.9186,0.9186
flu-seqneut-2026-CTS-037,A/Uppsala/SE26-01293/2026_H1N1,plate21-A/Uppsala/SE26-01293/2026_H1N1,2575,1.622,1
flu-seqneut-2026-CTS-037,A/Uppsala/SE26-01293/2026_H1N1,plate21-A/Uppsala/SE26-01293/2026_H1N1,5921,2.105,1
flu-seqneut-2026-CTS-037,A/Uppsala/SE26-01293/2026_H1N1,plate21-A/Uppsala/SE26-01293/2026_H1N1,1.362e+04,0.3523,0.3523
flu-seqneut-2026-CTS-037,A/Victoria/4897/2022_IVR-238_H1N1,plate21-A/Victoria/4897/2022_IVR-238_H1N1,40,0.004338,0.004338
flu-seqneut-2026-CTS-037,A/Victoria/4897/2022_IVR-238_H1N1,plate21-A/Victoria/4897/2022_IVR-238_H1N1,92,0.006846,0.006846
flu-seqneut-2026-CTS-037,A/Victoria/4897/2022_IVR-238_H1N1,plate21-A/Victoria/4897/2022_IVR-238_H1N1,212,0.007566,0.007566
flu-seqneut-2026-CTS-037,A/Victoria/4897/2022_IVR-238_H1N1,plate21-A/Victoria/4897/2022_IVR-238_H1N1,487,0.07244,0.07244
flu-seqneut-2026-CTS-037,A/Victoria/4897/2022_IVR-238_H1N1,plate21-A/Victoria/4897/2022_IVR-238_H1N1,1119,0.1022,0.1022
flu-seqneut-2026-CTS-037,A/Victoria/4897/2022_IVR-238_H1N1,plate21-A/Victoria/4897/2022_IVR-238_H1N1,2575,0.7801,0.7801
flu-seqneut-2026-CTS-037,A/Victoria/4897/2022_IVR-238_H1N1,plate21-A/Victoria/4897/2022_IVR-238_H1N1,5921,1.095,1
flu-seqneut-2026-CTS-037,A/Victoria/4897/2022_IVR-238_H1N1,plate21-A/Victoria/4897/2022_IVR-238_H1N1,1.362e+04,0.2327,0.2327
flu-seqneut-2026-CTS-037,A/Vietnam/PF125413/2025_H1N1,plate21-A/Vietnam/PF125413/2025_H1N1,40,0.003103,0.003103
flu-seqneut-2026-CTS-037,A/Vietnam/PF125413/2025_H1N1,plate21-A/Vietnam/PF125413/2025_H1N1,92,0.04306,0.04306
flu-seqneut-2026-CTS-037,A/Vietnam/PF125413/2025_H1N1,plate21-A/Vietnam/PF125413/2025_H1N1,212,0.4162,0.4162
flu-seqneut-2026-CTS-037,A/Vietnam/PF125413/2025_H1N1,plate21-A/Vietnam/PF125413/2025_H1N1,487,1.409,1
flu-seqneut-2026-CTS-037,A/Vietnam/PF125413/2025_H1N1,plate21-A/Vietnam/PF125413/2025_H1N1,1119,0.6251,0.6251
flu-seqneut-2026-CTS-037,A/Vietnam/PF125413/2025_H1N1,plate21-A/Vietnam/PF125413/2025_H1N1,2575,1.073,1
flu-seqneut-2026-CTS-037,A/Vietnam/PF125413/2025_H1N1,plate21-A/Vietnam/PF125413/2025_H1N1,5921,0.7964,0.7964
flu-seqneut-2026-CTS-037,A/Vietnam/PF125413/2025_H1N1,plate21-A/Vietnam/PF125413/2025_H1N1,1.362e+04,0.1801,0.1801
flu-seqneut-2026-CTS-037,A/Wisconsin/588/2019_H1N1,plate21-A/Wisconsin/588/2019_H1N1,40,0.002346,0.002346
flu-seqneut-2026-CTS-037,A/Wisconsin/588/2019_H1N1,plate21-A/Wisconsin/588/2019_H1N1,92,0.01104,0.01104
flu-seqneut-2026-CTS-037,A/Wisconsin/588/2019_H1N1,plate21-A/Wisconsin/588/2019_H1N1,212,0.0254,0.0254
flu-seqneut-2026-CTS-037,A/Wisconsin/588/2019_H1N1,plate21-A/Wisconsin/588/2019_H1N1,487,0.4995,0.4995
flu-seqneut-2026-CTS-037,A/Wisconsin/588/2019_H1N1,plate21-A/Wisconsin/588/2019_H1N1,1119,0.3415,0.3415
flu-seqneut-2026-CTS-037,A/Wisconsin/588/2019_H1N1,plate21-A/Wisconsin/588/2019_H1N1,2575,0.8066,0.8066
flu-seqneut-2026-CTS-037,A/Wisconsin/588/2019_H1N1,plate21-A/Wisconsin/588/2019_H1N1,5921,1.302,1
flu-seqneut-2026-CTS-037,A/Wisconsin/588/2019_H1N1,plate21-A/Wisconsin/588/2019_H1N1,1.362e+04,0.2346,0.2346
flu-seqneut-2026-CTS-037,A/Wisconsin/67/2022_H1N1,plate21-A/Wisconsin/67/2022_H1N1,40,0.01225,0.01225
flu-seqneut-2026-CTS-037,A/Wisconsin/67/2022_H1N1,plate21-A/Wisconsin/67/2022_H1N1,92,0.116,0.116
flu-seqneut-2026-CTS-037,A/Wisconsin/67/2022_H1N1,plate21-A/Wisconsin/67/2022_H1N1,212,0.3197,0.3197
flu-seqneut-2026-CTS-037,A/Wisconsin/67/2022_H1N1,plate21-A/Wisconsin/67/2022_H1N1,487,1.085,1
flu-seqneut-2026-CTS-037,A/Wisconsin/67/2022_H1N1,plate21-A/Wisconsin/67/2022_H1N1,1119,0.3235,0.3235
flu-seqneut-2026-CTS-037,A/Wisconsin/67/2022_H1N1,plate21-A/Wisconsin/67/2022_H1N1,2575,0.6797,0.6797
flu-seqneut-2026-CTS-037,A/Wisconsin/67/2022_H1N1,plate21-A/Wisconsin/67/2022_H1N1,5921,1.357,1
flu-seqneut-2026-CTS-037,A/Wisconsin/67/2022_H1N1,plate21-A/Wisconsin/67/2022_H1N1,1.362e+04,0.309,0.309
