group,plate,serum,virus,replicate,ic50,ic50_bound,midpoint,midpoint_bound,midpoint_bound_type,slope,top,bottom,r2,rmsd
human,plate15,flu-seqneut-2026-UWMC-049,A/Andalucia/PMC-00977/2025_H1N1,plate15-A/Andalucia/PMC-00977/2025_H1N1,0.00765,interpolated,0.007828,0.007828,interpolated,1.173,0.9867,0,0.9034,0.09482
human,plate15,flu-seqneut-2026-UWMC-049,A/Andalucia/PMC-01217/2025_H1N1,plate15-A/Andalucia/PMC-01217/2025_H1N1,0.00915,interpolated,0.009285,0.009285,interpolated,2.205,0.9841,0,0.9856,0.03945
human,plate15,flu-seqneut-2026-UWMC-049,A/Andalucia/PMC-01495/2025_H1N1,plate15-A/Andalucia/PMC-01495/2025_H1N1,0.005124,interpolated,0.005124,0.005124,interpolated,1.815,1,0,0.9628,0.07087
human,plate15,flu-seqneut-2026-UWMC-049,A/Arizona/40/2026_H1N1,plate15-A/Arizona/40/2026_H1N1,0.007477,interpolated,0.007477,0.007477,interpolated,2.473,1,0,0.9977,0.01702
human,plate15,flu-seqneut-2026-UWMC-049,A/Astrakhan/RII-MH273373S/2025_H3N2,plate15-A/Astrakhan/RII-MH273373S/2025_H3N2,0.002958,interpolated,0.003627,0.003627,interpolated,0.8,0.9248,0,0.6254,0.1889
human,plate15,flu-seqneut-2026-UWMC-049,A/Asturias/232590913/2025_H1N1,plate15-A/Asturias/232590913/2025_H1N1,0.004925,interpolated,0.005045,0.005045,interpolated,2.052,0.9758,0,0.9756,0.05547
human,plate15,flu-seqneut-2026-UWMC-049,A/Badajoz/18738342/2026_H3N2,plate15-A/Badajoz/18738342/2026_H3N2,0.002086,interpolated,0.002086,0.002086,interpolated,0.8,1,0,0.9419,0.07486
human,plate15,flu-seqneut-2026-UWMC-049,A/Badajoz/18811358/2026_H3N2,plate15-A/Badajoz/18811358/2026_H3N2,0.001576,interpolated,0.001692,0.001692,interpolated,0.8,0.9722,0,0.8861,0.1012
human,plate15,flu-seqneut-2026-UWMC-049,A/Badajoz/18813527/2026_H3N2,plate15-A/Badajoz/18813527/2026_H3N2,0.002982,interpolated,0.003507,0.003507,interpolated,1.554,0.8887,0,0.9186,0.09833
human,plate15,flu-seqneut-2026-UWMC-049,A/Bangkok/P2390/2025_H3N2,plate15-A/Bangkok/P2390/2025_H3N2,0.001876,interpolated,0.002262,0.002262,interpolated,0.8,0.9305,0,0.8918,0.09401
human,plate15,flu-seqneut-2026-UWMC-049,A/Blaenavon/6687/2026_H3N2,plate15-A/Blaenavon/6687/2026_H3N2,0.001402,interpolated,0.001458,0.001458,interpolated,4.249,0.9242,0,0.9739,0.06983
human,plate15,flu-seqneut-2026-UWMC-049,A/Bolivia/OR5702/2025_H3N2,plate15-A/Bolivia/OR5702/2025_H3N2,0.002321,interpolated,0.00244,0.00244,interpolated,1.089,0.9736,0,0.902,0.1088
human,plate15,flu-seqneut-2026-UWMC-049,A/BritishColumbia/RV00022-26/2025_H1N1,plate15-A/BritishColumbia/RV00022-26/2025_H1N1,0.006765,interpolated,0.006984,0.006984,interpolated,1.797,0.9723,0,0.9543,0.07224
human,plate15,flu-seqneut-2026-UWMC-049,A/BritishColumbia/RV00279-26/2025_H3N2,plate15-A/BritishColumbia/RV00279-26/2025_H3N2,0.007752,interpolated,0.008436,0.008436,interpolated,5.997,0.801,0,0.8456,0.132
human,plate15,flu-seqneut-2026-UWMC-049,A/BritishColumbia/RV01350-26/2026_H1N1,plate15-A/BritishColumbia/RV01350-26/2026_H1N1,0.005448,interpolated,0.005448,0.005448,interpolated,2.079,1,0,0.9989,0.0123
human,plate15,flu-seqneut-2026-UWMC-049,A/BritishColumbia/RV05508-25/2025_H1N1,plate15-A/BritishColumbia/RV05508-25/2025_H1N1,0.0073,interpolated,0.0073,0.0073,interpolated,1.516,1,0,0.9784,0.04774
human,plate15,flu-seqneut-2026-UWMC-049,A/California/GKISBBBH79910/2026_H3N2,plate15-A/California/GKISBBBH79910/2026_H3N2,0.004528,interpolated,0.005212,0.005212,interpolated,0.8675,0.9426,0,0.7674,0.1433
human,plate15,flu-seqneut-2026-UWMC-049,A/California/NIRC-IS-1019/2026_H1N1,plate15-A/California/NIRC-IS-1019/2026_H1N1,0.006241,interpolated,0.006289,0.006289,interpolated,1.403,0.9947,0,0.976,0.05066
human,plate15,flu-seqneut-2026-UWMC-049,A/California/NIRC-IS-1059/2026_H3N2,plate15-A/California/NIRC-IS-1059/2026_H3N2,0.001664,interpolated,0.001732,0.001732,interpolated,0.8,0.9844,0,0.9288,0.08002
human,plate15,flu-seqneut-2026-UWMC-049,A/California/NIRC-IS-1067/2026_H3N2,plate15-A/California/NIRC-IS-1067/2026_H3N2,0.001749,interpolated,0.002275,0.002275,interpolated,0.8,0.9052,0,0.9003,0.08981
human,plate15,flu-seqneut-2026-UWMC-049,A/California/NIRC-IS-1356/2025_H1N1,plate15-A/California/NIRC-IS-1356/2025_H1N1,0.008046,interpolated,0.008046,0.008046,interpolated,1.649,1,0,0.9447,0.07793
human,plate15,flu-seqneut-2026-UWMC-049,A/Castellon/VAHNSI_02_02400/2025_H3N2,plate15-A/Castellon/VAHNSI_02_02400/2025_H3N2,0.003465,interpolated,0.004732,0.004732,interpolated,1.073,0.8579,0,0.8977,0.09218
human,plate15,flu-seqneut-2026-UWMC-049,A/Colombia/1851/2024_H3N2,plate15-A/Colombia/1851/2024_H3N2,0.002509,interpolated,0.003724,0.003724,interpolated,1.403,0.7873,0,0.8566,0.1172
human,plate15,flu-seqneut-2026-UWMC-049,A/Colorado/218/2024_H1N1,plate15-A/Colorado/218/2024_H1N1,0.003119,interpolated,0.003479,0.003479,interpolated,1.148,0.941,0,0.9192,0.09394
human,plate15,flu-seqneut-2026-UWMC-049,A/Connecticut/5/2026_H3N2,plate15-A/Connecticut/5/2026_H3N2,0.003471,interpolated,0.003471,0.003471,interpolated,0.8,1,0,0.877,0.1032
human,plate15,flu-seqneut-2026-UWMC-049,A/Croatia/10136RV/2023_H3N2,plate15-A/Croatia/10136RV/2023_H3N2,0.005617,interpolated,0.00635,0.00635,interpolated,5.65,0.75,0,0.7694,0.1713
human,plate15,flu-seqneut-2026-UWMC-049,A/Darwin/1415/2025_H3N2,plate15-A/Darwin/1415/2025_H3N2,0.001719,interpolated,0.002339,0.002339,interpolated,0.8,0.8908,0,0.8376,0.1152
human,plate15,flu-seqneut-2026-UWMC-049,A/Darwin/1454/2025_H3N2,plate15-A/Darwin/1454/2025_H3N2,0.001038,interpolated,0.001038,0.001038,interpolated,0.8817,1,0,0.9189,0.09632
human,plate15,flu-seqneut-2026-UWMC-049,A/Denmark/3940/2025_H3N2,plate15-A/Denmark/3940/2025_H3N2,0.001897,interpolated,0.001897,0.001897,interpolated,0.9698,1,0,0.9765,0.05209
human,plate15,flu-seqneut-2026-UWMC-049,A/Denmark/4547/2025_H1N1,plate15-A/Denmark/4547/2025_H1N1,0.00689,interpolated,0.007178,0.007178,interpolated,1.67,0.9669,0,0.9273,0.09214
human,plate15,flu-seqneut-2026-UWMC-049,A/Denmark/4774/2025_H1N1,plate15-A/Denmark/4774/2025_H1N1,0.009612,interpolated,0.009612,0.009612,interpolated,0.9458,1,0,0.9618,0.04999
human,plate15,flu-seqneut-2026-UWMC-049,A/District_Of_Columbia/27/2023_H3N2,plate15-A/District_Of_Columbia/27/2023_H3N2,0.002152,interpolated,0.002152,0.002152,interpolated,0.9224,1,0,0.8203,0.1573
human,plate15,flu-seqneut-2026-UWMC-049,A/Distrito_Federal/250106000728/2025_H3N2,plate15-A/Distrito_Federal/250106000728/2025_H3N2,0.001825,interpolated,0.00225,0.00225,interpolated,0.8624,0.9175,0,0.8953,0.09763
human,plate15,flu-seqneut-2026-UWMC-049,A/England/1893256/2026_H1N1,plate15-A/England/1893256/2026_H1N1,0.006903,interpolated,0.008317,0.008317,interpolated,1.483,0.8793,0,0.8381,0.12
human,plate15,flu-seqneut-2026-UWMC-049,A/Florida/ISC-1069/2026_H3N2,plate15-A/Florida/ISC-1069/2026_H3N2,0.002737,interpolated,0.002869,0.002869,interpolated,1.111,0.9744,0,0.979,0.04923
human,plate15,flu-seqneut-2026-UWMC-049,A/France/ARA-HCL025195259501/2025_H1N1,plate15-A/France/ARA-HCL025195259501/2025_H1N1,0.004092,interpolated,0.004129,0.004129,interpolated,1.47,0.9935,0,0.9933,0.02888
human,plate15,flu-seqneut-2026-UWMC-049,A/France/ARA-HCL026031894402/2026_H3N2,plate15-A/France/ARA-HCL026031894402/2026_H3N2,0.005462,interpolated,0.005462,0.005462,interpolated,1.097,1,0,0.8931,0.109
human,plate15,flu-seqneut-2026-UWMC-049,A/France/GES-IPP00659/2026_H1N1,plate15-A/France/GES-IPP00659/2026_H1N1,0.004097,interpolated,0.004097,0.004097,interpolated,1.557,1,0,0.9924,0.03103
human,plate15,flu-seqneut-2026-UWMC-049,A/France/GES-IPP01077/2026_H3N2,plate15-A/France/GES-IPP01077/2026_H3N2,0.005571,interpolated,0.006587,0.006587,interpolated,1.573,0.8842,0,0.7944,0.1513
human,plate15,flu-seqneut-2026-UWMC-049,A/France/HDF-IPP01550/2026_H3N2,plate15-A/France/HDF-IPP01550/2026_H3N2,0.007163,interpolated,0.007515,0.007515,interpolated,1.654,0.9618,0,0.9702,0.05503
human,plate15,flu-seqneut-2026-UWMC-049,A/France/HDF-RELAB-IPP00300/2026_H3N2,plate15-A/France/HDF-RELAB-IPP00300/2026_H3N2,0.003283,interpolated,0.003835,0.003835,interpolated,1.254,0.9114,0,0.9152,0.09041
human,plate15,flu-seqneut-2026-UWMC-049,A/France/HDF-RELAB-IPP00303/2026_H3N2,plate15-A/France/HDF-RELAB-IPP00303/2026_H3N2,0.003908,interpolated,0.003908,0.003908,interpolated,1.338,1,0,0.9663,0.06473
human,plate15,flu-seqneut-2026-UWMC-049,A/France/HDF-RELAB-IPP07969/2025_H1N1,plate15-A/France/HDF-RELAB-IPP07969/2025_H1N1,0.01022,interpolated,0.01103,0.01103,interpolated,3.026,0.8968,0,0.8904,0.1027
human,plate15,flu-seqneut-2026-UWMC-049,A/France/NAQ-HCL026010957001/2026_H3N2,plate15-A/France/NAQ-HCL026010957001/2026_H3N2,0.002373,interpolated,0.002373,0.002373,interpolated,0.8,1,0,0.7898,0.1551
human,plate15,flu-seqneut-2026-UWMC-049,A/France/NAQ-HCL026046169102/2025_H1N1,plate15-A/France/NAQ-HCL026046169102/2025_H1N1,0.006536,interpolated,0.00665,0.00665,interpolated,2.457,0.9792,0,0.995,0.02572
human,plate15,flu-seqneut-2026-UWMC-049,A/France/OCC-HCL026013263701/2026_H3N2,plate15-A/France/OCC-HCL026013263701/2026_H3N2,0.001204,interpolated,0.001478,0.001478,interpolated,0.8,0.9242,0,0.8923,0.09846
human,plate15,flu-seqneut-2026-UWMC-049,A/France/PAC-RELAB-HCL026021993801/2026_H3N2,plate15-A/France/PAC-RELAB-HCL026021993801/2026_H3N2,0.002773,interpolated,0.002793,0.002793,interpolated,0.8,0.9971,0,0.8272,0.1324
human,plate15,flu-seqneut-2026-UWMC-049,A/Galicia/GA-CHUAC-451/2025_H3N2,plate15-A/Galicia/GA-CHUAC-451/2025_H3N2,0.002517,interpolated,0.002517,0.002517,interpolated,1.33,1,0,0.9811,0.0506
human,plate15,flu-seqneut-2026-UWMC-049,A/Galicia/GA-CHUAC-612/2025_H1N1,plate15-A/Galicia/GA-CHUAC-612/2025_H1N1,0.00547,interpolated,0.00613,0.00613,interpolated,1.416,0.9255,0,0.9328,0.07813
human,plate15,flu-seqneut-2026-UWMC-049,A/Germany/LRMC_0104/2025_H3N2,plate15-A/Germany/LRMC_0104/2025_H3N2,0.009355,interpolated,0.009708,0.009708,interpolated,10,0.8452,0,0.8232,0.1458
human,plate15,flu-seqneut-2026-UWMC-049,A/Germany/LRMC_0113/2025_H3N2,plate15-A/Germany/LRMC_0113/2025_H3N2,0.00278,interpolated,0.00278,0.00278,interpolated,0.9233,1,0,0.9581,0.06717
human,plate15,flu-seqneut-2026-UWMC-049,A/Hawaii/70/2019_H1N1,plate15-A/Hawaii/70/2019_H1N1,0.003504,interpolated,0.003539,0.003539,interpolated,3.943,0.9809,0,0.9953,0.02901
human,plate15,flu-seqneut-2026-UWMC-049,A/Hawaii/ISC-1140/2025_H1N1,plate15-A/Hawaii/ISC-1140/2025_H1N1,0.002093,interpolated,0.002406,0.002406,interpolated,1.002,0.9349,0,0.975,0.04942
human,plate15,flu-seqneut-2026-UWMC-049,A/Hessen/18/2026_H1N1,plate15-A/Hessen/18/2026_H1N1,0.01008,interpolated,0.01008,0.01008,interpolated,7.118,1,0,0.9998,0.004787
human,plate15,flu-seqneut-2026-UWMC-049,A/Ireland/91576/2025_H3N2,plate15-A/Ireland/91576/2025_H3N2,0.004346,interpolated,0.004965,0.004965,interpolated,1.589,0.9047,0,0.937,0.08371
human,plate15,flu-seqneut-2026-UWMC-049,A/Kentucky/80/2025_H1N1,plate15-A/Kentucky/80/2025_H1N1,0.003456,interpolated,0.00369,0.00369,interpolated,1.966,0.9395,0,0.9896,0.03743
human,plate15,flu-seqneut-2026-UWMC-049,A/Lisboa/216/2023_H3N2,plate15-A/Lisboa/216/2023_H3N2,0.001765,interpolated,0.001838,0.001838,interpolated,1.648,0.9675,0,0.9082,0.1212
human,plate15,flu-seqneut-2026-UWMC-049,A/Luxembourg/LNS9132577/2026_H3N2,plate15-A/Luxembourg/LNS9132577/2026_H3N2,0.003006,interpolated,0.003239,0.003239,interpolated,0.8,0.971,0,0.9405,0.0707
human,plate15,flu-seqneut-2026-UWMC-049,A/Maine/25/2026_H1N1,plate15-A/Maine/25/2026_H1N1,0.005687,interpolated,0.006165,0.006165,interpolated,1.846,0.9308,0,0.9326,0.08957
human,plate15,flu-seqneut-2026-UWMC-049,A/Malaysia/IMR/SARI/2406/2025_H3N2,plate15-A/Malaysia/IMR/SARI/2406/2025_H3N2,0.001435,interpolated,0.002832,0.002832,interpolated,0.8,0.7903,0,0.9496,0.05088
human,plate15,flu-seqneut-2026-UWMC-049,A/Massachusetts/18/2022_H3N2,plate15-A/Massachusetts/18/2022_H3N2,0.0006547,interpolated,0.0006547,0.0006547,interpolated,0.8131,1,0,0.9442,0.07295
human,plate15,flu-seqneut-2026-UWMC-049,A/Massachusetts/ISC-1856/2025_H3N2,plate15-A/Massachusetts/ISC-1856/2025_H3N2,0.001146,interpolated,0.001583,0.001583,interpolated,0.8,0.8862,0,0.8769,0.09883
human,plate15,flu-seqneut-2026-UWMC-049,A/Mauritius/26000203/2026_H1N1,plate15-A/Mauritius/26000203/2026_H1N1,0.005205,interpolated,0.005398,0.005398,interpolated,2.18,0.9619,0,0.9887,0.03831
human,plate15,flu-seqneut-2026-UWMC-049,A/Michigan/8/2026_H3N2,plate15-A/Michigan/8/2026_H3N2,0.002046,interpolated,0.002793,0.002793,interpolated,1.14,0.8507,0,0.9101,0.09265
human,plate15,flu-seqneut-2026-UWMC-049,A/Michigan/UM-10068071276/2025_H3N2,plate15-A/Michigan/UM-10068071276/2025_H3N2,0.001135,interpolated,0.001135,0.001135,interpolated,2.223,1,0,0.9909,0.04024
human,plate15,flu-seqneut-2026-UWMC-049,A/Michigan/UM-10068134090/2025_H3N2,plate15-A/Michigan/UM-10068134090/2025_H3N2,0.001885,interpolated,0.001885,0.001885,interpolated,0.839,1,0,0.9243,0.08923
human,plate15,flu-seqneut-2026-UWMC-049,A/Michigan/UM-10068449788/2025_H3N2,plate15-A/Michigan/UM-10068449788/2025_H3N2,0.002385,interpolated,0.002385,0.002385,interpolated,1.706,1,0,0.9532,0.08746
human,plate15,flu-seqneut-2026-UWMC-049,A/Michigan/UM-10068456988/2025_H3N2,plate15-A/Michigan/UM-10068456988/2025_H3N2,0.01039,interpolated,0.01128,0.01128,interpolated,1.133,0.9555,0,0.8589,0.09907
human,plate15,flu-seqneut-2026-UWMC-049,A/Michigan/UM-10068747355/2026_H3N2,plate15-A/Michigan/UM-10068747355/2026_H3N2,0.004662,interpolated,0.005221,0.005221,interpolated,2.213,0.8892,0,0.9375,0.08817
human,plate15,flu-seqneut-2026-UWMC-049,A/MinasGerais/410/2026_H1N1,plate15-A/MinasGerais/410/2026_H1N1,0.005278,interpolated,0.005815,0.005815,interpolated,1.693,0.9243,0,0.964,0.06291
human,plate15,flu-seqneut-2026-UWMC-049,A/MinasGerais/671/2026_H1N1,plate15-A/MinasGerais/671/2026_H1N1,0.01004,interpolated,0.0102,0.0102,interpolated,1.756,0.9858,0,0.9776,0.04456
human,plate15,flu-seqneut-2026-UWMC-049,A/Mississippi/20/2026_H1N1,plate15-A/Mississippi/20/2026_H1N1,0.00961,interpolated,0.009764,0.009764,interpolated,10,0.9266,0,0.9419,0.08538
human,plate15,flu-seqneut-2026-UWMC-049,A/Missouri/11/2025_cell_H1N1,plate15-A/Missouri/11/2025_cell_H1N1,0.008354,interpolated,0.008975,0.008975,interpolated,10,0.744,0,0.8187,0.1398
human,plate15,flu-seqneut-2026-UWMC-049,A/Missouri/11/2025_egg_H1N1,plate15-A/Missouri/11/2025_egg_H1N1,0.0008786,interpolated,0.0008786,0.0008786,interpolated,2.201,1,0,0.9969,0.02349
human,plate15,flu-seqneut-2026-UWMC-049,A/Missouri/NIRC-AV-1003/2025_H3N2,plate15-A/Missouri/NIRC-AV-1003/2025_H3N2,0.001615,interpolated,0.001789,0.001789,interpolated,0.8,0.9606,0,0.7278,0.1705
human,plate15,flu-seqneut-2026-UWMC-049,A/Montana/51/2025_H3N2,plate15-A/Montana/51/2025_H3N2,0.001408,interpolated,0.001581,0.001581,interpolated,0.9262,0.9489,0,0.812,0.139
human,plate15,flu-seqneut-2026-UWMC-049,A/NakhonPhanom/P495/2026_H3N2,plate15-A/NakhonPhanom/P495/2026_H3N2,0.00256,interpolated,0.003045,0.003045,interpolated,0.9444,0.9244,0,0.9595,0.05997
human,plate15,flu-seqneut-2026-UWMC-049,A/Navarra/260009/2025_H3N2,plate15-A/Navarra/260009/2025_H3N2,0.002571,interpolated,0.002891,0.002891,interpolated,1.123,0.9382,0,0.8948,0.1089
human,plate15,flu-seqneut-2026-UWMC-049,A/Nebraska/34/2026_H1N1,plate15-A/Nebraska/34/2026_H1N1,0.003917,interpolated,0.003985,0.003985,interpolated,1.984,0.9832,0,0.9866,0.04408
human,plate15,flu-seqneut-2026-UWMC-049,A/Netherlands/10008/2026_H1N1,plate15-A/Netherlands/10008/2026_H1N1,0.005439,interpolated,0.005759,0.005759,interpolated,1.921,0.948,0,0.9447,0.0824
human,plate15,flu-seqneut-2026-UWMC-049,A/Netherlands/2398/2025_H1N1,plate15-A/Netherlands/2398/2025_H1N1,0.005591,interpolated,0.006028,0.006028,interpolated,1.988,0.9306,0,0.9744,0.05386
human,plate15,flu-seqneut-2026-UWMC-049,A/Netherlands/543/2026_H1N1,plate15-A/Netherlands/543/2026_H1N1,0.008361,interpolated,0.00846,0.00846,interpolated,2.651,0.9846,0,0.9951,0.02402
human,plate15,flu-seqneut-2026-UWMC-049,A/Netherlands/864/2026_H1N1,plate15-A/Netherlands/864/2026_H1N1,0.006825,interpolated,0.006971,0.006971,interpolated,1.374,0.9857,0,0.9397,0.08012
human,plate15,flu-seqneut-2026-UWMC-049,A/Netherlands/888/2026_H3N2,plate15-A/Netherlands/888/2026_H3N2,0.01155,interpolated,0.01224,0.01224,interpolated,3.087,0.9173,0,0.9111,0.08464
human,plate15,flu-seqneut-2026-UWMC-049,A/Netherlands/968/2026_H3N2,plate15-A/Netherlands/968/2026_H3N2,0.001405,interpolated,0.001508,0.001508,interpolated,0.8,0.9726,0,0.9138,0.08582
human,plate15,flu-seqneut-2026-UWMC-049,A/NewBrunswick/NBPHLFLUA10B-MM00057R/2026_H1N1,plate15-A/NewBrunswick/NBPHLFLUA10B-MM00057R/2026_H1N1,0.005491,interpolated,0.005785,0.005785,interpolated,2.426,0.9404,0,0.9523,0.07776
human,plate15,flu-seqneut-2026-UWMC-049,A/NewYork/NIRC-IS-1086/2026_H3N2,plate15-A/NewYork/NIRC-IS-1086/2026_H3N2,0.0004846,interpolated,0.003135,0.003135,interpolated,0.8,0.6123,0,0.8378,0.07384
human,plate15,flu-seqneut-2026-UWMC-049,A/NordrheinWestfalen/54/2026_H3N2,plate15-A/NordrheinWestfalen/54/2026_H3N2,0.003883,interpolated,0.004227,0.004227,interpolated,0.8,0.9672,0,0.8615,0.1051
human,plate15,flu-seqneut-2026-UWMC-049,A/NordrheinWestfalen/96/2026_H1N1,plate15-A/NordrheinWestfalen/96/2026_H1N1,0.008729,interpolated,0.009269,0.009269,interpolated,1.565,0.9551,0,0.9222,0.0832
human,plate15,flu-seqneut-2026-UWMC-049,A/Norway/9556/2025_H1N1,plate15-A/Norway/9556/2025_H1N1,0.01361,interpolated,0.01412,0.01412,interpolated,2.887,0.9496,0,0.9528,0.058
human,plate15,flu-seqneut-2026-UWMC-049,A/NovaScotia/25-365-06099/2025_H3N2,plate15-A/NovaScotia/25-365-06099/2025_H3N2,0.001027,interpolated,0.001269,0.001269,interpolated,0.8061,0.9215,0,0.9553,0.0598
human,plate15,flu-seqneut-2026-UWMC-049,A/Ohio/259/2024_H1N1,plate15-A/Ohio/259/2024_H1N1,0.002906,interpolated,0.003131,0.003131,interpolated,2.375,0.9189,0,0.9806,0.05337
human,plate15,flu-seqneut-2026-UWMC-049,A/Ontario/PHL202550193/2025_H3N2,plate15-A/Ontario/PHL202550193/2025_H3N2,0.002781,interpolated,0.002781,0.002781,interpolated,1.054,1,0,0.9439,0.08239
human,plate15,flu-seqneut-2026-UWMC-049,A/Oregon/81/2025_H3N2,plate15-A/Oregon/81/2025_H3N2,0.004515,interpolated,0.006427,0.006427,interpolated,1.166,0.8312,0,0.7466,0.1479
human,plate15,flu-seqneut-2026-UWMC-049,A/PaisVasco/70369726/2026_H1N1,plate15-A/PaisVasco/70369726/2026_H1N1,0.008189,interpolated,0.008216,0.008216,interpolated,2.261,0.9964,0,0.998,0.0151
human,plate15,flu-seqneut-2026-UWMC-049,A/Parana/416133590/2026_H3N2,plate15-A/Parana/416133590/2026_H3N2,0.003896,interpolated,0.003896,0.003896,interpolated,0.8,1,0,0.8724,0.1034
human,plate15,flu-seqneut-2026-UWMC-049,A/Peru/ANC-INS-062/2026_H3N2,plate15-A/Peru/ANC-INS-062/2026_H3N2,0.001884,interpolated,0.001884,0.001884,interpolated,1.026,1,0,0.9344,0.09346
human,plate15,flu-seqneut-2026-UWMC-049,A/Rhode_Island/11/2026_H1N1,plate15-A/Rhode_Island/11/2026_H1N1,0.008544,interpolated,0.01179,0.01179,interpolated,1.335,0.8253,0,0.7925,0.1143
human,plate15,flu-seqneut-2026-UWMC-049,A/RiodeJaneiro/331/2026_H3N2,plate15-A/RiodeJaneiro/331/2026_H3N2,0.002021,interpolated,0.002503,0.002503,interpolated,0.8,0.9214,0,0.916,0.08229
human,plate15,flu-seqneut-2026-UWMC-049,A/Romania/612042/2026_H3N2,plate15-A/Romania/612042/2026_H3N2,0.007561,interpolated,0.008673,0.008673,interpolated,0.8487,0.945,0,0.829,0.1029
human,plate15,flu-seqneut-2026-UWMC-049,A/SantaCatarina/508/2026_H3N2,plate15-A/SantaCatarina/508/2026_H3N2,0.00464,interpolated,0.00486,0.00486,interpolated,2.302,0.9495,0,0.9381,0.08976
human,plate15,flu-seqneut-2026-UWMC-049,A/Saskatchewan/SKFLU477299/2025_H3N2,plate15-A/Saskatchewan/SKFLU477299/2025_H3N2,0.002392,interpolated,0.003239,0.003239,interpolated,0.8,0.8923,0,0.8363,0.1059
human,plate15,flu-seqneut-2026-UWMC-049,A/Saskatchewan/SKFLU477727/2025_H3N2,plate15-A/Saskatchewan/SKFLU477727/2025_H3N2,0.009145,interpolated,0.00979,0.00979,interpolated,10,0.7528,0,0.7564,0.1497
human,plate15,flu-seqneut-2026-UWMC-049,A/Saskatchewan/SKFLU490586/2026_H1N1,plate15-A/Saskatchewan/SKFLU490586/2026_H1N1,0.003468,interpolated,0.004787,0.004787,interpolated,1.748,0.7847,0,0.782,0.1532
human,plate15,flu-seqneut-2026-UWMC-049,A/Singapore/GP20238/2024_H3N2,plate15-A/Singapore/GP20238/2024_H3N2,0.001222,interpolated,0.001546,0.001546,interpolated,1.388,0.8606,0,0.9268,0.09469
human,plate15,flu-seqneut-2026-UWMC-049,A/Singapore/KK2768/2025_H1N1,plate15-A/Singapore/KK2768/2025_H1N1,0.006303,interpolated,0.006621,0.006621,interpolated,2.666,0.9386,0,0.9691,0.06278
human,plate15,flu-seqneut-2026-UWMC-049,A/Singapore/MOH0547/2024_H1N1,plate15-A/Singapore/MOH0547/2024_H1N1,0.007695,interpolated,0.007715,0.007715,interpolated,4.748,0.994,0,0.9994,0.009857
human,plate15,flu-seqneut-2026-UWMC-049,A/Singapore/NTF0577/2025_H3N2,plate15-A/Singapore/NTF0577/2025_H3N2,0.001169,interpolated,0.002128,0.002128,interpolated,0.8,0.8095,0,0.8972,0.08081
human,plate15,flu-seqneut-2026-UWMC-049,A/Singapore/SAR8915/2025_H3N2,plate15-A/Singapore/SAR8915/2025_H3N2,0.002556,interpolated,0.002915,0.002915,interpolated,0.8,0.9501,0,0.8529,0.1156
human,plate15,flu-seqneut-2026-UWMC-049,A/SouthAfrica/NHLS-SU-CERI-C075557/2026_H1N1,plate15-A/SouthAfrica/NHLS-SU-CERI-C075557/2026_H1N1,0.0111,interpolated,0.01162,0.01162,interpolated,1.869,0.9587,0,0.8952,0.09855
human,plate15,flu-seqneut-2026-UWMC-049,A/SouthAfrica/NICD-R01647/2026_H1N1,plate15-A/SouthAfrica/NICD-R01647/2026_H1N1,0.006515,interpolated,0.006515,0.006515,interpolated,1.576,1,0,0.9948,0.02412
human,plate15,flu-seqneut-2026-UWMC-049,A/SouthAfrica/NICD-R01668/2026_H1N1,plate15-A/SouthAfrica/NICD-R01668/2026_H1N1,0.004606,interpolated,0.004725,0.004725,interpolated,1.465,0.9816,0,0.9745,0.05572
human,plate15,flu-seqneut-2026-UWMC-049,A/SouthAfrica/PATH-CERI-C073358/2025_H1N1,plate15-A/SouthAfrica/PATH-CERI-C073358/2025_H1N1,0.003059,interpolated,0.003148,0.003148,interpolated,1.31,0.9816,0,0.9668,0.06655
human,plate15,flu-seqneut-2026-UWMC-049,A/SouthAfrica/PATH-CERI-C073366/2025_H1N1,plate15-A/SouthAfrica/PATH-CERI-C073366/2025_H1N1,0.007346,interpolated,0.007561,0.007561,interpolated,2.34,0.9673,0,0.9501,0.07939
human,plate15,flu-seqneut-2026-UWMC-049,A/SouthAfrica/PATH-CERI-C075119/2026_H1N1,plate15-A/SouthAfrica/PATH-CERI-C075119/2026_H1N1,0.00295,interpolated,0.003071,0.003071,interpolated,1.327,0.9739,0,0.9768,0.05464
human,plate15,flu-seqneut-2026-UWMC-049,A/SouthAustralia/2605715552/2026_H3N2,plate15-A/SouthAustralia/2605715552/2026_H3N2,0.003916,interpolated,0.004143,0.004143,interpolated,5.794,0.8606,0,0.9133,0.1039
human,plate15,flu-seqneut-2026-UWMC-049,A/SouthCarolina/USAFSAM-17046/2026_H3N2,plate15-A/SouthCarolina/USAFSAM-17046/2026_H3N2,0.001327,interpolated,0.001434,0.001434,interpolated,0.8,0.9701,0,0.8762,0.1018
human,plate15,flu-seqneut-2026-UWMC-049,A/South_Australia/2523812314/2025_H3N2,plate15-A/South_Australia/2523812314/2025_H3N2,0.001508,interpolated,0.003405,0.003405,interpolated,1.359,0.6653,0,0.8882,0.08637
human,plate15,flu-seqneut-2026-UWMC-049,A/South_Australia/2527213276/2025_H3N2,plate15-A/South_Australia/2527213276/2025_H3N2,0.002003,interpolated,0.003004,0.003004,interpolated,1.524,0.7695,0,0.8084,0.1382
human,plate15,flu-seqneut-2026-UWMC-049,A/StPetersburg/RII-25-2042S/2025_H3N2,plate15-A/StPetersburg/RII-25-2042S/2025_H3N2,0.00653,interpolated,0.008284,0.008284,interpolated,2.581,0.7706,0,0.9125,0.08372
human,plate15,flu-seqneut-2026-UWMC-049,A/StPetersburg/RII-25-2321S/2025_H3N2,plate15-A/StPetersburg/RII-25-2321S/2025_H3N2,0.00178,interpolated,0.002114,0.002114,interpolated,0.8,0.9356,0,0.8556,0.1145
human,plate15,flu-seqneut-2026-UWMC-049,A/StPetersburg/RII-25-2506S/2026_H3N2,plate15-A/StPetersburg/RII-25-2506S/2026_H3N2,0.006655,interpolated,0.008161,0.008161,interpolated,1.19,0.8923,0,0.8368,0.1137
human,plate15,flu-seqneut-2026-UWMC-049,A/StPetersburg/RII-25-2600S/2026_H3N2,plate15-A/StPetersburg/RII-25-2600S/2026_H3N2,0.001238,interpolated,0.001238,0.001238,interpolated,0.8241,1,0,0.7893,0.1532
human,plate15,flu-seqneut-2026-UWMC-049,A/Switzerland/UN-SNRCI-HUG-053/2025_H1N1,plate15-A/Switzerland/UN-SNRCI-HUG-053/2025_H1N1,0.006235,interpolated,0.00627,0.00627,interpolated,2.781,0.9924,0,0.9931,0.03101
human,plate15,flu-seqneut-2026-UWMC-049,A/Sydney/1359/2024_H3N2,plate15-A/Sydney/1359/2024_H3N2,0.002653,interpolated,0.003432,0.003432,interpolated,1.357,0.8526,0,0.8291,0.1411
human,plate15,flu-seqneut-2026-UWMC-049,A/Sydney/50/2026_H1N1,plate15-A/Sydney/50/2026_H1N1,0.01411,interpolated,0.0144,0.0144,interpolated,3.038,0.9705,0,0.989,0.02874
human,plate15,flu-seqneut-2026-UWMC-049,A/Texas/29/2026_H1N1,plate15-A/Texas/29/2026_H1N1,0.005334,interpolated,0.005334,0.005334,interpolated,1.674,1,0,0.9932,0.02959
human,plate15,flu-seqneut-2026-UWMC-049,A/Thailand/8/2022_H3N2,plate15-A/Thailand/8/2022_H3N2,0.0002676,interpolated,0.0002676,0.0002676,interpolated,0.9318,1,0,0.9374,0.07085
human,plate15,flu-seqneut-2026-UWMC-049,A/Thuringen/16/2026_H3N2,plate15-A/Thuringen/16/2026_H3N2,0.002944,interpolated,0.003612,0.003612,interpolated,1.103,0.899,0,0.8786,0.1095
human,plate15,flu-seqneut-2026-UWMC-049,A/Thuringen/39/2026_H3N2,plate15-A/Thuringen/39/2026_H3N2,0.009748,interpolated,0.01015,0.01015,interpolated,10,0.8337,0,0.8259,0.1261
human,plate15,flu-seqneut-2026-UWMC-049,A/Tokyo/EIS11-277/2024_H1N1,plate15-A/Tokyo/EIS11-277/2024_H1N1,0.005957,interpolated,0.006662,0.006662,interpolated,1.802,0.9087,0,0.9148,0.09837
human,plate15,flu-seqneut-2026-UWMC-049,A/Trieste/257/2025_H3N2,plate15-A/Trieste/257/2025_H3N2,0.004183,interpolated,0.004587,0.004587,interpolated,0.8,0.9644,0,0.7984,0.124
human,plate15,flu-seqneut-2026-UWMC-049,A/Trieste/380/2026_H3N2,plate15-A/Trieste/380/2026_H3N2,0.007444,interpolated,0.007643,0.007643,interpolated,1.461,0.9811,0,0.8657,0.1234
human,plate15,flu-seqneut-2026-UWMC-049,A/Ukraine/5214/2026_H1N1,plate15-A/Ukraine/5214/2026_H1N1,0.00485,interpolated,0.00485,0.00485,interpolated,1.3,1,0,0.9833,0.04383
human,plate15,flu-seqneut-2026-UWMC-049,A/Uppsala/SE26-01293/2026_H1N1,plate15-A/Uppsala/SE26-01293/2026_H1N1,0.007111,interpolated,0.007169,0.007169,interpolated,3.88,0.9844,0,0.994,0.02929
human,plate15,flu-seqneut-2026-UWMC-049,A/Valencia/VAHNSI_09_02564/2025_H1N1,plate15-A/Valencia/VAHNSI_09_02564/2025_H1N1,0.00718,interpolated,0.007477,0.007477,interpolated,2.567,0.9506,0,0.9714,0.05896
human,plate15,flu-seqneut-2026-UWMC-049,A/Victoria/2948/2025_H3N2,plate15-A/Victoria/2948/2025_H3N2,0.01198,interpolated,0.01377,0.01377,interpolated,7.267,0.6823,0,0.7347,0.1331
human,plate15,flu-seqneut-2026-UWMC-049,A/Victoria/4897/2022_IVR-238_H1N1,plate15-A/Victoria/4897/2022_IVR-238_H1N1,0.001431,interpolated,0.001431,0.001431,interpolated,3.009,0.9998,0,0.9927,0.03719
human,plate15,flu-seqneut-2026-UWMC-049,A/Vietnam/F7324/2024_H3N2,plate15-A/Vietnam/F7324/2024_H3N2,0.0009635,interpolated,0.0009635,0.0009635,interpolated,1.009,1,0,0.9491,0.0801
human,plate15,flu-seqneut-2026-UWMC-049,A/Vietnam/PF125413/2025_H1N1,plate15-A/Vietnam/PF125413/2025_H1N1,0.004526,interpolated,0.004526,0.004526,interpolated,2.972,1,0,0.9817,0.05322
human,plate15,flu-seqneut-2026-UWMC-049,A/Vietnam/PF126009/2026_H1N1,plate15-A/Vietnam/PF126009/2026_H1N1,0.007305,interpolated,0.007604,0.007604,interpolated,1.975,0.962,0,0.9574,0.06938
human,plate15,flu-seqneut-2026-UWMC-049,A/Virginia/82/2025_H1N1,plate15-A/Virginia/82/2025_H1N1,0.0058,interpolated,0.0058,0.0058,interpolated,1.474,1,0,0.9791,0.04811
human,plate15,flu-seqneut-2026-UWMC-049,A/Wisconsin/588/2019_H1N1,plate15-A/Wisconsin/588/2019_H1N1,0.002071,interpolated,0.002238,0.002238,interpolated,2.093,0.925,0,0.9719,0.06512
human,plate15,flu-seqneut-2026-UWMC-049,A/Wisconsin/67/2022_H1N1,plate15-A/Wisconsin/67/2022_H1N1,0.002652,interpolated,0.002685,0.002685,interpolated,1.384,0.9915,0,0.9641,0.06885
human,plate15,flu-seqneut-2026-UWMC-049,A/Zacapa/FLU-012/2025_H1N1,plate15-A/Zacapa/FLU-012/2025_H1N1,0.004774,interpolated,0.004774,0.004774,interpolated,1.623,1,0,0.9844,0.04456
human,plate15,flu-seqneut-2026-UWMC-049,A/Zambia/6-NIC-014/2026_H1N1,plate15-A/Zambia/6-NIC-014/2026_H1N1,0.006171,interpolated,0.006494,0.006494,interpolated,1.613,0.9605,0,0.9419,0.07604
human,plate15,flu-seqneut-2026-UWMC-049,A/Zambia/7-NIC-313/2026_H1N1,plate15-A/Zambia/7-NIC-313/2026_H1N1,0.006414,interpolated,0.006414,0.006414,interpolated,1.699,1,0,0.931,0.09493
human,plate15,flu-seqneut-2026-UWMC-050,A/Andalucia/PMC-00977/2025_H1N1,plate15-A/Andalucia/PMC-00977/2025_H1N1,0.004085,interpolated,0.004179,0.004179,interpolated,10,0.8985,0,0.9376,0.1039
human,plate15,flu-seqneut-2026-UWMC-050,A/Andalucia/PMC-01217/2025_H1N1,plate15-A/Andalucia/PMC-01217/2025_H1N1,0.002024,interpolated,0.002024,0.002024,interpolated,1.455,1,0,0.9888,0.04061
human,plate15,flu-seqneut-2026-UWMC-050,A/Andalucia/PMC-01495/2025_H1N1,plate15-A/Andalucia/PMC-01495/2025_H1N1,0.00194,interpolated,0.002531,0.002531,interpolated,1.179,0.8655,0,0.927,0.08886
human,plate15,flu-seqneut-2026-UWMC-050,A/Arizona/40/2026_H1N1,plate15-A/Arizona/40/2026_H1N1,0.001978,interpolated,0.001978,0.001978,interpolated,1.395,1,0,0.9801,0.0539
human,plate15,flu-seqneut-2026-UWMC-050,A/Astrakhan/RII-MH273373S/2025_H3N2,plate15-A/Astrakhan/RII-MH273373S/2025_H3N2,0.0004106,interpolated,0.0004106,0.0004106,interpolated,1.036,1,0,0.9497,0.07161
human,plate15,flu-seqneut-2026-UWMC-050,A/Asturias/232590913/2025_H1N1,plate15-A/Asturias/232590913/2025_H1N1,0.003943,interpolated,0.004111,0.004111,interpolated,10,0.8296,0,0.8496,0.1577
human,plate15,flu-seqneut-2026-UWMC-050,A/Badajoz/18738342/2026_H3N2,plate15-A/Badajoz/18738342/2026_H3N2,0.000551,interpolated,0.000551,0.000551,interpolated,0.9643,1,0,0.9429,0.08017
human,plate15,flu-seqneut-2026-UWMC-050,A/Badajoz/18811358/2026_H3N2,plate15-A/Badajoz/18811358/2026_H3N2,0.003491,interpolated,0.003963,0.003963,interpolated,10,0.6406,0,0.7427,0.1726
human,plate15,flu-seqneut-2026-UWMC-050,A/Badajoz/18813527/2026_H3N2,plate15-A/Badajoz/18813527/2026_H3N2,0.0005406,interpolated,0.0005406,0.0005406,interpolated,0.9406,1,0,0.9431,0.07821
human,plate15,flu-seqneut-2026-UWMC-050,A/Bangkok/P2390/2025_H3N2,plate15-A/Bangkok/P2390/2025_H3N2,0.0005249,interpolated,0.0006183,0.0006183,interpolated,1.606,0.8844,0,0.943,0.08242
human,plate15,flu-seqneut-2026-UWMC-050,A/Bangkok/P2391/2025_H3N2,plate15-A/Bangkok/P2391/2025_H3N2,0.00405,interpolated,0.004274,0.004274,interpolated,10,0.7921,0,0.8654,0.1381
human,plate15,flu-seqneut-2026-UWMC-050,A/Blaenavon/6687/2026_H3N2,plate15-A/Blaenavon/6687/2026_H3N2,0.0004079,interpolated,0.0004079,0.0004079,interpolated,1.199,1,0,0.8788,0.1275
human,plate15,flu-seqneut-2026-UWMC-050,A/Bolivia/OR5702/2025_H3N2,plate15-A/Bolivia/OR5702/2025_H3N2,0.001812,interpolated,0.002152,0.002152,interpolated,0.8,0.9356,0,0.8593,0.1129
human,plate15,flu-seqneut-2026-UWMC-050,A/BritishColumbia/RV00022-26/2025_H1N1,plate15-A/BritishColumbia/RV00022-26/2025_H1N1,0.001825,interpolated,0.002361,0.002361,interpolated,1.076,0.879,0,0.9237,0.08814
human,plate15,flu-seqneut-2026-UWMC-050,A/BritishColumbia/RV00279-26/2025_H3N2,plate15-A/BritishColumbia/RV00279-26/2025_H3N2,0.0009669,interpolated,0.0009669,0.0009669,interpolated,1.419,1,0,0.985,0.04725
human,plate15,flu-seqneut-2026-UWMC-050,A/BritishColumbia/RV01350-26/2026_H1N1,plate15-A/BritishColumbia/RV01350-26/2026_H1N1,0.00247,interpolated,0.003237,0.003237,interpolated,1.8,0.8074,0,0.925,0.0919
human,plate15,flu-seqneut-2026-UWMC-050,A/BritishColumbia/RV05508-25/2025_H1N1,plate15-A/BritishColumbia/RV05508-25/2025_H1N1,0.00217,interpolated,0.00241,0.00241,interpolated,1.375,0.9328,0,0.9247,0.1034
human,plate15,flu-seqneut-2026-UWMC-050,A/California/GKISBBBH79910/2026_H3N2,plate15-A/California/GKISBBBH79910/2026_H3N2,0.0002958,interpolated,0.0002958,0.0002958,interpolated,1.066,1,0,0.9086,0.09351
human,plate15,flu-seqneut-2026-UWMC-050,A/California/NIRC-IS-1019/2026_H1N1,plate15-A/California/NIRC-IS-1019/2026_H1N1,0.002617,interpolated,0.003262,0.003262,interpolated,1.041,0.8976,0,0.9177,0.09134
human,plate15,flu-seqneut-2026-UWMC-050,A/California/NIRC-IS-1059/2026_H3N2,plate15-A/California/NIRC-IS-1059/2026_H3N2,0.0004324,interpolated,0.0004324,0.0004324,interpolated,0.8,1,0,0.8741,0.1063
human,plate15,flu-seqneut-2026-UWMC-050,A/California/NIRC-IS-1067/2026_H3N2,plate15-A/California/NIRC-IS-1067/2026_H3N2,0.0004139,interpolated,0.0004139,0.0004139,interpolated,0.9253,1,0,0.9207,0.08942
human,plate15,flu-seqneut-2026-UWMC-050,A/California/NIRC-IS-1356/2025_H1N1,plate15-A/California/NIRC-IS-1356/2025_H1N1,0.001118,interpolated,0.001118,0.001118,interpolated,0.9049,1,0,0.9501,0.07589
human,plate15,flu-seqneut-2026-UWMC-050,A/Castellon/VAHNSI_02_02400/2025_H3N2,plate15-A/Castellon/VAHNSI_02_02400/2025_H3N2,0.0004339,interpolated,0.0004339,0.0004339,interpolated,1.037,1,0,0.961,0.06464
human,plate15,flu-seqneut-2026-UWMC-050,A/Colombia/1851/2024_H3N2,plate15-A/Colombia/1851/2024_H3N2,0.0004045,interpolated,0.0004045,0.0004045,interpolated,0.8031,1,0,0.8628,0.1097
human,plate15,flu-seqneut-2026-UWMC-050,A/Colorado/218/2024_H1N1,plate15-A/Colorado/218/2024_H1N1,0.00172,interpolated,0.001749,0.001749,interpolated,5.301,0.9566,0,0.9475,0.09685
human,plate15,flu-seqneut-2026-UWMC-050,A/Connecticut/5/2026_H3N2,plate15-A/Connecticut/5/2026_H3N2,0.000596,interpolated,0.000596,0.000596,interpolated,1.11,1,0,0.9487,0.07786
human,plate15,flu-seqneut-2026-UWMC-050,A/Croatia/10136RV/2023_H3N2,plate15-A/Croatia/10136RV/2023_H3N2,0.0006391,interpolated,0.0006391,0.0006391,interpolated,1.603,1,0,0.9985,0.01488
human,plate15,flu-seqneut-2026-UWMC-050,A/Darwin/1415/2025_H3N2,plate15-A/Darwin/1415/2025_H3N2,0.0003004,interpolated,0.0003004,0.0003004,interpolated,1.251,1,0,0.9546,0.06971
human,plate15,flu-seqneut-2026-UWMC-050,A/Darwin/1454/2025_H3N2,plate15-A/Darwin/1454/2025_H3N2,0.0003448,interpolated,0.0004312,0.0004312,interpolated,1.716,0.8406,0,0.9866,0.03627
human,plate15,flu-seqneut-2026-UWMC-050,A/Denmark/3940/2025_H3N2,plate15-A/Denmark/3940/2025_H3N2,0.0002821,interpolated,0.0003086,0.0003086,interpolated,0.8,0.9654,0,0.9577,0.05252
human,plate15,flu-seqneut-2026-UWMC-050,A/Denmark/4547/2025_H1N1,plate15-A/Denmark/4547/2025_H1N1,0.003077,interpolated,0.003396,0.003396,interpolated,1.675,0.9239,0,0.9644,0.06952
human,plate15,flu-seqneut-2026-UWMC-050,A/Denmark/4774/2025_H1N1,plate15-A/Denmark/4774/2025_H1N1,0.002746,interpolated,0.003371,0.003371,interpolated,3.49,0.7444,0,0.981,0.04539
human,plate15,flu-seqneut-2026-UWMC-050,A/District_Of_Columbia/27/2023_H3N2,plate15-A/District_Of_Columbia/27/2023_H3N2,0.0009826,interpolated,0.001488,0.001488,interpolated,0.9742,0.8337,0,0.9231,0.08071
human,plate15,flu-seqneut-2026-UWMC-050,A/Distrito_Federal/250106000728/2025_H3N2,plate15-A/Distrito_Federal/250106000728/2025_H3N2,0.0004283,interpolated,0.0004283,0.0004283,interpolated,0.8,1,0,0.7078,0.1532
human,plate15,flu-seqneut-2026-UWMC-050,A/England/1893256/2026_H1N1,plate15-A/England/1893256/2026_H1N1,0.0009078,interpolated,0.0009078,0.0009078,interpolated,0.8653,1,0,0.9109,0.1007
human,plate15,flu-seqneut-2026-UWMC-050,A/Florida/ISC-1069/2026_H3N2,plate15-A/Florida/ISC-1069/2026_H3N2,0.0005295,interpolated,0.0005295,0.0005295,interpolated,0.9909,1,0,0.9683,0.05851
human,plate15,flu-seqneut-2026-UWMC-050,A/France/ARA-HCL025195259501/2025_H1N1,plate15-A/France/ARA-HCL025195259501/2025_H1N1,0.001905,interpolated,0.002635,0.002635,interpolated,1.241,0.8343,0,0.879,0.1152
human,plate15,flu-seqneut-2026-UWMC-050,A/France/ARA-HCL026031894402/2026_H3N2,plate15-A/France/ARA-HCL026031894402/2026_H3N2,0.0007804,interpolated,0.00203,0.00203,interpolated,1.684,0.6,0,0.8605,0.092
human,plate15,flu-seqneut-2026-UWMC-050,A/France/GES-IPP00659/2026_H1N1,plate15-A/France/GES-IPP00659/2026_H1N1,0.001067,interpolated,0.001067,0.001067,interpolated,0.8666,1,0,0.9522,0.07258
human,plate15,flu-seqneut-2026-UWMC-050,A/France/GES-IPP01077/2026_H3N2,plate15-A/France/GES-IPP01077/2026_H3N2,0.0002646,interpolated,0.0002646,0.0002646,interpolated,1.074,1,0,0.8967,0.09962
human,plate15,flu-seqneut-2026-UWMC-050,A/France/HDF-IPP01550/2026_H3N2,plate15-A/France/HDF-IPP01550/2026_H3N2,0.0005578,interpolated,0.0005578,0.0005578,interpolated,1.107,1,0,0.9761,0.05341
human,plate15,flu-seqneut-2026-UWMC-050,A/France/HDF-RELAB-IPP00300/2026_H3N2,plate15-A/France/HDF-RELAB-IPP00300/2026_H3N2,0.0002892,interpolated,0.0008017,0.0008017,interpolated,0.8445,0.7114,0,0.8887,0.0768
human,plate15,flu-seqneut-2026-UWMC-050,A/France/HDF-RELAB-IPP00303/2026_H3N2,plate15-A/France/HDF-RELAB-IPP00303/2026_H3N2,0.000683,interpolated,0.000683,0.000683,interpolated,0.8724,1,0,0.9354,0.082
human,plate15,flu-seqneut-2026-UWMC-050,A/France/HDF-RELAB-IPP07969/2025_H1N1,plate15-A/France/HDF-RELAB-IPP07969/2025_H1N1,0.0007805,interpolated,0.0008054,0.0008054,interpolated,0.8,0.9876,0,0.8671,0.1102
human,plate15,flu-seqneut-2026-UWMC-050,A/France/NAQ-HCL026010957001/2026_H3N2,plate15-A/France/NAQ-HCL026010957001/2026_H3N2,0.0005576,interpolated,0.0005576,0.0005576,interpolated,1.296,1,0,0.9396,0.09137
human,plate15,flu-seqneut-2026-UWMC-050,A/France/NAQ-HCL026046169102/2025_H1N1,plate15-A/France/NAQ-HCL026046169102/2025_H1N1,0.002497,interpolated,0.002497,0.002497,interpolated,1.158,1,0,0.9343,0.09704
human,plate15,flu-seqneut-2026-UWMC-050,A/France/OCC-HCL026013263701/2026_H3N2,plate15-A/France/OCC-HCL026013263701/2026_H3N2,0.0002842,interpolated,0.0002842,0.0002842,interpolated,0.9757,1,0,0.8261,0.1329
human,plate15,flu-seqneut-2026-UWMC-050,A/France/PAC-RELAB-HCL026021993801/2026_H3N2,plate15-A/France/PAC-RELAB-HCL026021993801/2026_H3N2,0.0006459,interpolated,0.0006459,0.0006459,interpolated,0.8632,1,0,0.8809,0.1152
human,plate15,flu-seqneut-2026-UWMC-050,A/Galicia/GA-CHUAC-451/2025_H3N2,plate15-A/Galicia/GA-CHUAC-451/2025_H3N2,0.0009011,interpolated,0.0009011,0.0009011,interpolated,1.074,1,0,0.9637,0.06822
human,plate15,flu-seqneut-2026-UWMC-050,A/Galicia/GA-CHUAC-612/2025_H1N1,plate15-A/Galicia/GA-CHUAC-612/2025_H1N1,0.002142,interpolated,0.002142,0.002142,interpolated,1.068,1,0,0.9268,0.09863
human,plate15,flu-seqneut-2026-UWMC-050,A/Germany/LRMC_0104/2025_H3N2,plate15-A/Germany/LRMC_0104/2025_H3N2,0.0005304,interpolated,0.0005304,0.0005304,interpolated,0.9677,1,0,0.9557,0.06937
human,plate15,flu-seqneut-2026-UWMC-050,A/Germany/LRMC_0113/2025_H3N2,plate15-A/Germany/LRMC_0113/2025_H3N2,0.0003187,interpolated,0.0003187,0.0003187,interpolated,0.8,1,0,0.878,0.0981
human,plate15,flu-seqneut-2026-UWMC-050,A/Hawaii/70/2019_H1N1,plate15-A/Hawaii/70/2019_H1N1,0.0008299,interpolated,0.0008299,0.0008299,interpolated,0.9987,1,0,0.9343,0.08633
human,plate15,flu-seqneut-2026-UWMC-050,A/Hawaii/ISC-1140/2025_H1N1,plate15-A/Hawaii/ISC-1140/2025_H1N1,0.000834,interpolated,0.000834,0.000834,interpolated,0.9002,1,0,0.8457,0.1439
human,plate15,flu-seqneut-2026-UWMC-050,A/Hessen/18/2026_H1N1,plate15-A/Hessen/18/2026_H1N1,0.001161,interpolated,0.001161,0.001161,interpolated,0.8,1,0,0.9117,0.09535
human,plate15,flu-seqneut-2026-UWMC-050,A/Ireland/91576/2025_H3N2,plate15-A/Ireland/91576/2025_H3N2,0.0004933,interpolated,0.0004933,0.0004933,interpolated,0.8255,1,0,0.9081,0.0941
human,plate15,flu-seqneut-2026-UWMC-050,A/Kentucky/80/2025_H1N1,plate15-A/Kentucky/80/2025_H1N1,0.001503,interpolated,0.001832,0.001832,interpolated,0.9934,0.9108,0,0.9243,0.08989
human,plate15,flu-seqneut-2026-UWMC-050,A/Lisboa/216/2023_H3N2,plate15-A/Lisboa/216/2023_H3N2,0.0003807,interpolated,0.0003807,0.0003807,interpolated,1.501,1,0,0.8441,0.1414
human,plate15,flu-seqneut-2026-UWMC-050,A/Luxembourg/LNS9132577/2026_H3N2,plate15-A/Luxembourg/LNS9132577/2026_H3N2,0.0004804,interpolated,0.0004804,0.0004804,interpolated,0.8907,1,0,0.9238,0.08791
human,plate15,flu-seqneut-2026-UWMC-050,A/Maine/25/2026_H1N1,plate15-A/Maine/25/2026_H1N1,0.0008764,interpolated,0.0008764,0.0008764,interpolated,0.8433,1,0,0.9169,0.09555
human,plate15,flu-seqneut-2026-UWMC-050,A/Malaysia/IMR/SARI/2406/2025_H3N2,plate15-A/Malaysia/IMR/SARI/2406/2025_H3N2,0.0008147,interpolated,0.001059,0.001059,interpolated,0.8,0.9055,0,0.8354,0.1157
human,plate15,flu-seqneut-2026-UWMC-050,A/Massachusetts/18/2022_H3N2,plate15-A/Massachusetts/18/2022_H3N2,0.0003353,interpolated,0.0003353,0.0003353,interpolated,1.092,1,0,0.9165,0.09112
human,plate15,flu-seqneut-2026-UWMC-050,A/Massachusetts/ISC-1856/2025_H3N2,plate15-A/Massachusetts/ISC-1856/2025_H3N2,0.0003662,interpolated,0.0003662,0.0003662,interpolated,1.063,1,0,0.8807,0.1137
human,plate15,flu-seqneut-2026-UWMC-050,A/Mauritius/26000203/2026_H1N1,plate15-A/Mauritius/26000203/2026_H1N1,0.002016,interpolated,0.00242,0.00242,interpolated,2.565,0.813,0,0.9123,0.1049
human,plate15,flu-seqneut-2026-UWMC-050,A/Michigan/8/2026_H3N2,plate15-A/Michigan/8/2026_H3N2,0.0005166,interpolated,0.0005166,0.0005166,interpolated,0.9886,1,0,0.9491,0.07441
human,plate15,flu-seqneut-2026-UWMC-050,A/Michigan/UM-10068071276/2025_H3N2,plate15-A/Michigan/UM-10068071276/2025_H3N2,0.0003352,interpolated,0.0003352,0.0003352,interpolated,1.623,1,0,0.9751,0.0568
human,plate15,flu-seqneut-2026-UWMC-050,A/Michigan/UM-10068134090/2025_H3N2,plate15-A/Michigan/UM-10068134090/2025_H3N2,0.0003928,interpolated,0.0003928,0.0003928,interpolated,0.8739,1,0,0.9292,0.07794
human,plate15,flu-seqneut-2026-UWMC-050,A/Michigan/UM-10068449788/2025_H3N2,plate15-A/Michigan/UM-10068449788/2025_H3N2,0.0007683,interpolated,0.0008493,0.0008493,interpolated,1.408,0.9341,0,0.9332,0.09255
human,plate15,flu-seqneut-2026-UWMC-050,A/Michigan/UM-10068456988/2025_H3N2,plate15-A/Michigan/UM-10068456988/2025_H3N2,0.0009388,interpolated,0.0009388,0.0009388,interpolated,1.451,1,0,0.975,0.05913
human,plate15,flu-seqneut-2026-UWMC-050,A/Michigan/UM-10068747355/2026_H3N2,plate15-A/Michigan/UM-10068747355/2026_H3N2,0.001442,interpolated,0.001442,0.001442,interpolated,0.801,1,0,0.8822,0.111
human,plate15,flu-seqneut-2026-UWMC-050,A/MinasGerais/410/2026_H1N1,plate15-A/MinasGerais/410/2026_H1N1,0.0009804,interpolated,0.0009804,0.0009804,interpolated,0.9424,1,0,0.9425,0.08364
human,plate15,flu-seqneut-2026-UWMC-050,A/MinasGerais/671/2026_H1N1,plate15-A/MinasGerais/671/2026_H1N1,0.002819,interpolated,0.003604,0.003604,interpolated,1.884,0.8147,0,0.9394,0.08216
human,plate15,flu-seqneut-2026-UWMC-050,A/Mississippi/20/2026_H1N1,plate15-A/Mississippi/20/2026_H1N1,0.003478,interpolated,0.003623,0.003623,interpolated,5.404,0.9009,0,0.9579,0.08154
human,plate15,flu-seqneut-2026-UWMC-050,A/Missouri/11/2025_cell_H1N1,plate15-A/Missouri/11/2025_cell_H1N1,0.0003395,interpolated,0.0003395,0.0003395,interpolated,0.8,1,0,0.8349,0.115
human,plate15,flu-seqneut-2026-UWMC-050,A/Missouri/11/2025_egg_H1N1,plate15-A/Missouri/11/2025_egg_H1N1,0.0008194,interpolated,0.0008194,0.0008194,interpolated,2.329,1,0,0.9956,0.02847
human,plate15,flu-seqneut-2026-UWMC-050,A/Missouri/NIRC-AV-1003/2025_H3N2,plate15-A/Missouri/NIRC-AV-1003/2025_H3N2,0.0003648,interpolated,0.0003648,0.0003648,interpolated,0.8393,1,0,0.9269,0.07931
human,plate15,flu-seqneut-2026-UWMC-050,A/Montana/51/2025_H3N2,plate15-A/Montana/51/2025_H3N2,0.001828,interpolated,0.00195,0.00195,interpolated,10,0.762,0,0.9459,0.08033
human,plate15,flu-seqneut-2026-UWMC-050,A/NakhonPhanom/P495/2026_H3N2,plate15-A/NakhonPhanom/P495/2026_H3N2,0.0005958,interpolated,0.0007488,0.0007488,interpolated,0.8644,0.9103,0,0.9315,0.07724
human,plate15,flu-seqneut-2026-UWMC-050,A/Navarra/260009/2025_H3N2,plate15-A/Navarra/260009/2025_H3N2,0.0004128,interpolated,0.0004128,0.0004128,interpolated,1.249,1,0,0.9194,0.09642
human,plate15,flu-seqneut-2026-UWMC-050,A/Nebraska/34/2026_H1N1,plate15-A/Nebraska/34/2026_H1N1,0.001707,interpolated,0.002429,0.002429,interpolated,2.759,0.6889,0,0.7696,0.1593
human,plate15,flu-seqneut-2026-UWMC-050,A/Netherlands/10008/2026_H1N1,plate15-A/Netherlands/10008/2026_H1N1,0.002405,interpolated,0.002438,0.002438,interpolated,1.589,0.9893,0,0.9342,0.1051
human,plate15,flu-seqneut-2026-UWMC-050,A/Netherlands/2398/2025_H1N1,plate15-A/Netherlands/2398/2025_H1N1,0.004143,interpolated,0.004307,0.004307,interpolated,10,0.8389,0,0.9303,0.09926
human,plate15,flu-seqneut-2026-UWMC-050,A/Netherlands/543/2026_H1N1,plate15-A/Netherlands/543/2026_H1N1,0.002739,interpolated,0.003669,0.003669,interpolated,1.236,0.8485,0,0.848,0.1292
human,plate15,flu-seqneut-2026-UWMC-050,A/Netherlands/864/2026_H1N1,plate15-A/Netherlands/864/2026_H1N1,0.002538,interpolated,0.002957,0.002957,interpolated,1.478,0.8987,0,0.9657,0.0642
human,plate15,flu-seqneut-2026-UWMC-050,A/Netherlands/888/2026_H3N2,plate15-A/Netherlands/888/2026_H3N2,0.0008814,interpolated,0.001019,0.001019,interpolated,1.044,0.9296,0,0.9602,0.06572
human,plate15,flu-seqneut-2026-UWMC-050,A/Netherlands/968/2026_H3N2,plate15-A/Netherlands/968/2026_H3N2,0.0004053,interpolated,0.0004053,0.0004053,interpolated,0.8031,1,0,0.7535,0.1639
human,plate15,flu-seqneut-2026-UWMC-050,A/NewBrunswick/NBPHLFLUA10B-MM00057R/2026_H1N1,plate15-A/NewBrunswick/NBPHLFLUA10B-MM00057R/2026_H1N1,0.001276,interpolated,0.001276,0.001276,interpolated,0.9174,1,0,0.9651,0.06336
human,plate15,flu-seqneut-2026-UWMC-050,A/NewYork/NIRC-IS-1086/2026_H3N2,plate15-A/NewYork/NIRC-IS-1086/2026_H3N2,0.00023,interpolated,0.00172,0.00172,interpolated,0.8,0.6,0,0.8906,0.06349
human,plate15,flu-seqneut-2026-UWMC-050,A/NordrheinWestfalen/54/2026_H3N2,plate15-A/NordrheinWestfalen/54/2026_H3N2,0.002539,interpolated,0.002994,0.002994,interpolated,5.512,0.7015,0,0.8517,0.1334
human,plate15,flu-seqneut-2026-UWMC-050,A/NordrheinWestfalen/96/2026_H1N1,plate15-A/NordrheinWestfalen/96/2026_H1N1,0.001525,interpolated,0.001757,0.001757,interpolated,1.38,0.9115,0,0.9429,0.0879
human,plate15,flu-seqneut-2026-UWMC-050,A/Norway/9556/2025_H1N1,plate15-A/Norway/9556/2025_H1N1,0.001487,interpolated,0.001944,0.001944,interpolated,1.509,0.8336,0,0.9727,0.05481
human,plate15,flu-seqneut-2026-UWMC-050,A/NovaScotia/25-365-06099/2025_H3N2,plate15-A/NovaScotia/25-365-06099/2025_H3N2,0.0002835,interpolated,0.0002835,0.0002835,interpolated,0.9282,1,0,0.8624,0.1119
human,plate15,flu-seqneut-2026-UWMC-050,A/Ohio/259/2024_H1N1,plate15-A/Ohio/259/2024_H1N1,0.001134,interpolated,0.001162,0.001162,interpolated,1.147,0.9863,0,0.9709,0.06098
human,plate15,flu-seqneut-2026-UWMC-050,A/Ontario/PHL202550193/2025_H3N2,plate15-A/Ontario/PHL202550193/2025_H3N2,0.0009639,interpolated,0.0009719,0.0009719,interpolated,1.7,0.9931,0,0.9961,0.0252
human,plate15,flu-seqneut-2026-UWMC-050,A/Oregon/81/2025_H3N2,plate15-A/Oregon/81/2025_H3N2,0.0004051,interpolated,0.0004051,0.0004051,interpolated,1.04,1,0,0.9454,0.07679
human,plate15,flu-seqneut-2026-UWMC-050,A/PaisVasco/70369726/2026_H1N1,plate15-A/PaisVasco/70369726/2026_H1N1,0.001801,interpolated,0.001801,0.001801,interpolated,1.215,1,0,0.9478,0.08718
human,plate15,flu-seqneut-2026-UWMC-050,A/Parana/416133590/2026_H3N2,plate15-A/Parana/416133590/2026_H3N2,0.001355,interpolated,0.00186,0.00186,interpolated,0.8,0.8881,0,0.8201,0.123
human,plate15,flu-seqneut-2026-UWMC-050,A/Peru/ANC-INS-062/2026_H3N2,plate15-A/Peru/ANC-INS-062/2026_H3N2,0.0004287,interpolated,0.0004287,0.0004287,interpolated,1.106,1,0,0.8619,0.1289
human,plate15,flu-seqneut-2026-UWMC-050,A/Rhode_Island/11/2026_H1N1,plate15-A/Rhode_Island/11/2026_H1N1,0.0008586,interpolated,0.0009089,0.0009089,interpolated,0.8,0.9778,0,0.8944,0.1007
human,plate15,flu-seqneut-2026-UWMC-050,A/RiodeJaneiro/331/2026_H3N2,plate15-A/RiodeJaneiro/331/2026_H3N2,0.0006546,interpolated,0.0007201,0.0007201,interpolated,0.8,0.9633,0,0.8164,0.1301
human,plate15,flu-seqneut-2026-UWMC-050,A/Romania/612042/2026_H3N2,plate15-A/Romania/612042/2026_H3N2,0.0007003,interpolated,0.0007003,0.0007003,interpolated,0.8795,1,0,0.8951,0.1089
human,plate15,flu-seqneut-2026-UWMC-050,A/SantaCatarina/508/2026_H3N2,plate15-A/SantaCatarina/508/2026_H3N2,0.001817,interpolated,0.002172,0.002172,interpolated,3.719,0.7573,0,0.8551,0.1376
human,plate15,flu-seqneut-2026-UWMC-050,A/Saskatchewan/SKFLU477299/2025_H3N2,plate15-A/Saskatchewan/SKFLU477299/2025_H3N2,0.0003759,interpolated,0.0003759,0.0003759,interpolated,1.507,1,0,0.9513,0.07902
human,plate15,flu-seqneut-2026-UWMC-050,A/Saskatchewan/SKFLU477727/2025_H3N2,plate15-A/Saskatchewan/SKFLU477727/2025_H3N2,0.0004406,interpolated,0.0004406,0.0004406,interpolated,1.306,1,0,0.9509,0.0788
human,plate15,flu-seqneut-2026-UWMC-050,A/Saskatchewan/SKFLU490586/2026_H1N1,plate15-A/Saskatchewan/SKFLU490586/2026_H1N1,0.001147,interpolated,0.001216,0.001216,interpolated,1.965,0.9461,0,0.9553,0.08358
human,plate15,flu-seqneut-2026-UWMC-050,A/Singapore/GP20238/2024_H3N2,plate15-A/Singapore/GP20238/2024_H3N2,0.0003466,interpolated,0.0003466,0.0003466,interpolated,2.587,1,0,0.9989,0.01277
human,plate15,flu-seqneut-2026-UWMC-050,A/Singapore/KK2768/2025_H1N1,plate15-A/Singapore/KK2768/2025_H1N1,0.001027,interpolated,0.001027,0.001027,interpolated,0.9479,1,0,0.8722,0.132
human,plate15,flu-seqneut-2026-UWMC-050,A/Singapore/MOH0547/2024_H1N1,plate15-A/Singapore/MOH0547/2024_H1N1,0.0007448,interpolated,0.001131,0.001131,interpolated,0.8,0.8579,0,0.8592,0.1075
human,plate15,flu-seqneut-2026-UWMC-050,A/Singapore/NTF0577/2025_H3N2,plate15-A/Singapore/NTF0577/2025_H3N2,0.0002947,interpolated,0.0004354,0.0004354,interpolated,0.8477,0.8592,0,0.9718,0.04225
human,plate15,flu-seqneut-2026-UWMC-050,A/Singapore/SAR8915/2025_H3N2,plate15-A/Singapore/SAR8915/2025_H3N2,0.0003201,interpolated,0.0003201,0.0003201,interpolated,1.082,1,0,0.9314,0.08367
human,plate15,flu-seqneut-2026-UWMC-050,A/SouthAfrica/NHLS-SU-CERI-C075557/2026_H1N1,plate15-A/SouthAfrica/NHLS-SU-CERI-C075557/2026_H1N1,0.001766,interpolated,0.001766,0.001766,interpolated,1.131,1,0,0.9653,0.06936
human,plate15,flu-seqneut-2026-UWMC-050,A/SouthAfrica/NICD-R01647/2026_H1N1,plate15-A/SouthAfrica/NICD-R01647/2026_H1N1,0.002884,interpolated,0.003307,0.003307,interpolated,1.713,0.8955,0,0.9362,0.09163
human,plate15,flu-seqneut-2026-UWMC-050,A/SouthAfrica/NICD-R01668/2026_H1N1,plate15-A/SouthAfrica/NICD-R01668/2026_H1N1,0.001315,interpolated,0.00138,0.00138,interpolated,1.04,0.9754,0,0.9566,0.07352
human,plate15,flu-seqneut-2026-UWMC-050,A/SouthAfrica/PATH-CERI-C073358/2025_H1N1,plate15-A/SouthAfrica/PATH-CERI-C073358/2025_H1N1,0.001168,interpolated,0.001237,0.001237,interpolated,1.109,0.969,0,0.9613,0.0687
human,plate15,flu-seqneut-2026-UWMC-050,A/SouthAfrica/PATH-CERI-C073366/2025_H1N1,plate15-A/SouthAfrica/PATH-CERI-C073366/2025_H1N1,0.002568,interpolated,0.003072,0.003072,interpolated,1.965,0.8517,0,0.9436,0.08362
human,plate15,flu-seqneut-2026-UWMC-050,A/SouthAfrica/PATH-CERI-C075119/2026_H1N1,plate15-A/SouthAfrica/PATH-CERI-C075119/2026_H1N1,0.001621,interpolated,0.001803,0.001803,interpolated,1.434,0.9292,0,0.9293,0.09901
human,plate15,flu-seqneut-2026-UWMC-050,A/SouthAustralia/2605715552/2026_H3N2,plate15-A/SouthAustralia/2605715552/2026_H3N2,0.0004113,interpolated,0.0004113,0.0004113,interpolated,0.9266,1,0,0.9122,0.09438
human,plate15,flu-seqneut-2026-UWMC-050,A/SouthCarolina/USAFSAM-17046/2026_H3N2,plate15-A/SouthCarolina/USAFSAM-17046/2026_H3N2,0.0005985,interpolated,0.0005985,0.0005985,interpolated,1.144,1,0,0.9684,0.06279
human,plate15,flu-seqneut-2026-UWMC-050,A/South_Australia/2523812314/2025_H3N2,plate15-A/South_Australia/2523812314/2025_H3N2,0.0002229,interpolated,0.0002229,0.0002229,interpolated,0.8962,1,0,0.9606,0.05241
human,plate15,flu-seqneut-2026-UWMC-050,A/South_Australia/2527213276/2025_H3N2,plate15-A/South_Australia/2527213276/2025_H3N2,0.001178,interpolated,0.002558,0.002558,interpolated,2.075,0.6,0,0.8723,0.0792
human,plate15,flu-seqneut-2026-UWMC-050,A/StPetersburg/RII-25-2042S/2025_H3N2,plate15-A/StPetersburg/RII-25-2042S/2025_H3N2,0.0009233,interpolated,0.001223,0.001223,interpolated,0.8,0.8992,0,0.9175,0.08077
human,plate15,flu-seqneut-2026-UWMC-050,A/StPetersburg/RII-25-2321S/2025_H3N2,plate15-A/StPetersburg/RII-25-2321S/2025_H3N2,0.0007434,interpolated,0.0007842,0.0007842,interpolated,10,0.7932,0,0.8919,0.1162
human,plate15,flu-seqneut-2026-UWMC-050,A/StPetersburg/RII-25-2506S/2026_H3N2,plate15-A/StPetersburg/RII-25-2506S/2026_H3N2,0.0006955,interpolated,0.0006955,0.0006955,interpolated,0.921,1,0,0.9196,0.09718
human,plate15,flu-seqneut-2026-UWMC-050,A/StPetersburg/RII-25-2600S/2026_H3N2,plate15-A/StPetersburg/RII-25-2600S/2026_H3N2,0.0003984,interpolated,0.0003984,0.0003984,interpolated,0.9927,1,0,0.9293,0.08619
human,plate15,flu-seqneut-2026-UWMC-050,A/Switzerland/UN-SNRCI-HUG-053/2025_H1N1,plate15-A/Switzerland/UN-SNRCI-HUG-053/2025_H1N1,0.001773,interpolated,0.002229,0.002229,interpolated,1.496,0.8552,0,0.9437,0.08157
human,plate15,flu-seqneut-2026-UWMC-050,A/Sydney/1359/2024_H3N2,plate15-A/Sydney/1359/2024_H3N2,0.0003449,interpolated,0.0003449,0.0003449,interpolated,1.014,1,0,0.8955,0.1049
human,plate15,flu-seqneut-2026-UWMC-050,A/Sydney/50/2026_H1N1,plate15-A/Sydney/50/2026_H1N1,0.001491,interpolated,0.001888,0.001888,interpolated,0.8,0.9139,0,0.8311,0.1268
human,plate15,flu-seqneut-2026-UWMC-050,A/Texas/29/2026_H1N1,plate15-A/Texas/29/2026_H1N1,0.0017,interpolated,0.0017,0.0017,interpolated,1.034,1,0,0.933,0.09434
human,plate15,flu-seqneut-2026-UWMC-050,A/Thailand/8/2022_H3N2,plate15-A/Thailand/8/2022_H3N2,0.0003456,interpolated,0.0003456,0.0003456,interpolated,0.9525,1,0,0.9156,0.0884
human,plate15,flu-seqneut-2026-UWMC-050,A/Thuringen/16/2026_H3N2,plate15-A/Thuringen/16/2026_H3N2,0.0005305,interpolated,0.0005305,0.0005305,interpolated,0.8,1,0,0.8474,0.1251
human,plate15,flu-seqneut-2026-UWMC-050,A/Thuringen/39/2026_H3N2,plate15-A/Thuringen/39/2026_H3N2,0.0004922,interpolated,0.0004922,0.0004922,interpolated,0.8893,1,0,0.9488,0.06923
human,plate15,flu-seqneut-2026-UWMC-050,A/Tokyo/EIS11-277/2024_H1N1,plate15-A/Tokyo/EIS11-277/2024_H1N1,0.001084,interpolated,0.001084,0.001084,interpolated,0.9357,1,0,0.936,0.08848
human,plate15,flu-seqneut-2026-UWMC-050,A/Trieste/257/2025_H3N2,plate15-A/Trieste/257/2025_H3N2,0.0007408,interpolated,0.002059,0.002059,interpolated,1.574,0.6,0,0.9382,0.06103
human,plate15,flu-seqneut-2026-UWMC-050,A/Trieste/380/2026_H3N2,plate15-A/Trieste/380/2026_H3N2,0.00203,interpolated,0.00246,0.00246,interpolated,4.88,0.6961,0,0.868,0.1252
human,plate15,flu-seqneut-2026-UWMC-050,A/Ukraine/5214/2026_H1N1,plate15-A/Ukraine/5214/2026_H1N1,0.002416,interpolated,0.002821,0.002821,interpolated,2.947,0.8166,0,0.9447,0.08363
human,plate15,flu-seqneut-2026-UWMC-050,A/Uppsala/SE26-01293/2026_H1N1,plate15-A/Uppsala/SE26-01293/2026_H1N1,0.003035,interpolated,0.003035,0.003035,interpolated,1.019,1,0,0.8661,0.132
human,plate15,flu-seqneut-2026-UWMC-050,A/Valencia/VAHNSI_09_02564/2025_H1N1,plate15-A/Valencia/VAHNSI_09_02564/2025_H1N1,0.001362,interpolated,0.001362,0.001362,interpolated,1.042,1,0,0.9516,0.08018
human,plate15,flu-seqneut-2026-UWMC-050,A/Victoria/2948/2025_H3N2,plate15-A/Victoria/2948/2025_H3N2,0.001067,interpolated,0.001493,0.001493,interpolated,2.776,0.6965,0,0.9723,0.05258
human,plate15,flu-seqneut-2026-UWMC-050,A/Victoria/4897/2022_IVR-238_H1N1,plate15-A/Victoria/4897/2022_IVR-238_H1N1,0.001765,interpolated,0.001842,0.001842,interpolated,10,0.8275,0,0.9517,0.08735
human,plate15,flu-seqneut-2026-UWMC-050,A/Vietnam/F7324/2024_H3N2,plate15-A/Vietnam/F7324/2024_H3N2,0.0004342,interpolated,0.0005468,0.0005468,interpolated,0.8,0.9158,0,0.9053,0.08423
human,plate15,flu-seqneut-2026-UWMC-050,A/Vietnam/PF125413/2025_H1N1,plate15-A/Vietnam/PF125413/2025_H1N1,0.002497,interpolated,0.003451,0.003451,interpolated,1.927,0.7679,0,0.8796,0.112
human,plate15,flu-seqneut-2026-UWMC-050,A/Vietnam/PF126009/2026_H1N1,plate15-A/Vietnam/PF126009/2026_H1N1,0.00407,interpolated,0.004226,0.004226,interpolated,10,0.8435,0,0.824,0.1749
human,plate15,flu-seqneut-2026-UWMC-050,A/Virginia/82/2025_H1N1,plate15-A/Virginia/82/2025_H1N1,0.001267,interpolated,0.001457,0.001457,interpolated,0.9532,0.9378,0,0.9308,0.087
human,plate15,flu-seqneut-2026-UWMC-050,A/Wisconsin/588/2019_H1N1,plate15-A/Wisconsin/588/2019_H1N1,0.001802,interpolated,0.001802,0.001802,interpolated,2.027,1,0,0.9586,0.08663
human,plate15,flu-seqneut-2026-UWMC-050,A/Wisconsin/67/2022_H1N1,plate15-A/Wisconsin/67/2022_H1N1,0.0008369,interpolated,0.0008369,0.0008369,interpolated,1.088,1,0,0.9877,0.03907
human,plate15,flu-seqneut-2026-UWMC-050,A/Zacapa/FLU-012/2025_H1N1,plate15-A/Zacapa/FLU-012/2025_H1N1,0.001039,interpolated,0.001039,0.001039,interpolated,0.9662,1,0,0.9636,0.06615
human,plate15,flu-seqneut-2026-UWMC-050,A/Zambia/6-NIC-014/2026_H1N1,plate15-A/Zambia/6-NIC-014/2026_H1N1,0.00258,interpolated,0.00315,0.00315,interpolated,1.838,0.8465,0,0.9596,0.06966
human,plate15,flu-seqneut-2026-UWMC-050,A/Zambia/7-NIC-313/2026_H1N1,plate15-A/Zambia/7-NIC-313/2026_H1N1,0.001648,interpolated,0.001648,0.001648,interpolated,0.9446,1,0,0.9377,0.08728
human,plate15,flu-seqneut-2026-UWMC-051,A/Andalucia/PMC-00977/2025_H1N1,plate15-A/Andalucia/PMC-00977/2025_H1N1,0.0008538,interpolated,0.0008686,0.0008686,interpolated,3.955,0.9671,0,0.996,0.02742
human,plate15,flu-seqneut-2026-UWMC-051,A/Andalucia/PMC-01217/2025_H1N1,plate15-A/Andalucia/PMC-01217/2025_H1N1,0.0008038,interpolated,0.0008038,0.0008038,interpolated,2.971,1,0,0.9994,0.01066
human,plate15,flu-seqneut-2026-UWMC-051,A/Andalucia/PMC-01495/2025_H1N1,plate15-A/Andalucia/PMC-01495/2025_H1N1,0.0008471,interpolated,0.0008471,0.0008471,interpolated,4.766,1,0,0.9988,0.0161
human,plate15,flu-seqneut-2026-UWMC-051,A/Arizona/40/2026_H1N1,plate15-A/Arizona/40/2026_H1N1,0.0006502,interpolated,0.0006576,0.0006576,interpolated,3.392,0.9813,0,0.9993,0.01112
human,plate15,flu-seqneut-2026-UWMC-051,A/Astrakhan/RII-MH273373S/2025_H3N2,plate15-A/Astrakhan/RII-MH273373S/2025_H3N2,0.002597,interpolated,0.002597,0.002597,interpolated,0.9721,1,0,0.9018,0.1114
human,plate15,flu-seqneut-2026-UWMC-051,A/Asturias/232590913/2025_H1N1,plate15-A/Asturias/232590913/2025_H1N1,0.0005609,interpolated,0.0005609,0.0005609,interpolated,2.226,1,0,0.9952,0.02881
human,plate15,flu-seqneut-2026-UWMC-051,A/Badajoz/18738342/2026_H3N2,plate15-A/Badajoz/18738342/2026_H3N2,0.003985,interpolated,0.004107,0.004107,interpolated,10,0.8706,0,0.9078,0.1201
human,plate15,flu-seqneut-2026-UWMC-051,A/Badajoz/18811358/2026_H3N2,plate15-A/Badajoz/18811358/2026_H3N2,0.002648,interpolated,0.002747,0.002747,interpolated,1.862,0.9671,0,0.99,0.03908
human,plate15,flu-seqneut-2026-UWMC-051,A/Badajoz/18813527/2026_H3N2,plate15-A/Badajoz/18813527/2026_H3N2,0.003531,interpolated,0.004655,0.004655,interpolated,1.869,0.7983,0,0.8649,0.1172
human,plate15,flu-seqneut-2026-UWMC-051,A/Bangkok/P2390/2025_H3N2,plate15-A/Bangkok/P2390/2025_H3N2,0.003359,interpolated,0.004496,0.004496,interpolated,1.285,0.8438,0,0.9113,0.09133
human,plate15,flu-seqneut-2026-UWMC-051,A/Bangkok/P2391/2025_H3N2,plate15-A/Bangkok/P2391/2025_H3N2,0.002967,interpolated,0.002967,0.002967,interpolated,0.8164,1,0,0.9043,0.0978
human,plate15,flu-seqneut-2026-UWMC-051,A/Blaenavon/6687/2026_H3N2,plate15-A/Blaenavon/6687/2026_H3N2,0.004466,interpolated,0.004497,0.004497,interpolated,10,0.9666,0,0.9615,0.07597
human,plate15,flu-seqneut-2026-UWMC-051,A/Bolivia/OR5702/2025_H3N2,plate15-A/Bolivia/OR5702/2025_H3N2,0.002805,interpolated,0.002805,0.002805,interpolated,0.8,1,0,0.8702,0.11
human,plate15,flu-seqneut-2026-UWMC-051,A/BritishColumbia/RV00022-26/2025_H1N1,plate15-A/BritishColumbia/RV00022-26/2025_H1N1,0.0009309,interpolated,0.0009619,0.0009619,interpolated,3.726,0.9426,0,0.9886,0.04559
human,plate15,flu-seqneut-2026-UWMC-051,A/BritishColumbia/RV00279-26/2025_H3N2,plate15-A/BritishColumbia/RV00279-26/2025_H3N2,0.004693,interpolated,0.005486,0.005486,interpolated,2.117,0.8593,0,0.9027,0.1069
human,plate15,flu-seqneut-2026-UWMC-051,A/BritishColumbia/RV01350-26/2026_H1N1,plate15-A/BritishColumbia/RV01350-26/2026_H1N1,0.0007201,interpolated,0.0007201,0.0007201,interpolated,3.613,1,0,0.9981,0.01926
human,plate15,flu-seqneut-2026-UWMC-051,A/BritishColumbia/RV05508-25/2025_H1N1,plate15-A/BritishColumbia/RV05508-25/2025_H1N1,0.00096,interpolated,0.0009771,0.0009771,interpolated,2.587,0.9777,0,0.9812,0.05852
human,plate15,flu-seqneut-2026-UWMC-051,A/California/GKISBBBH79910/2026_H3N2,plate15-A/California/GKISBBBH79910/2026_H3N2,0.001952,interpolated,0.001953,0.001953,interpolated,0.8,0.9997,0,0.9329,0.08011
human,plate15,flu-seqneut-2026-UWMC-051,A/California/NIRC-IS-1019/2026_H1N1,plate15-A/California/NIRC-IS-1019/2026_H1N1,0.0006982,interpolated,0.0006982,0.0006982,interpolated,1.772,1,0,0.9889,0.04282
human,plate15,flu-seqneut-2026-UWMC-051,A/California/NIRC-IS-1059/2026_H3N2,plate15-A/California/NIRC-IS-1059/2026_H3N2,0.01022,interpolated,0.0109,0.0109,interpolated,10,0.7617,0,0.7479,0.1389
human,plate15,flu-seqneut-2026-UWMC-051,A/California/NIRC-IS-1067/2026_H3N2,plate15-A/California/NIRC-IS-1067/2026_H3N2,0.001669,interpolated,0.001878,0.001878,interpolated,1.736,0.9077,0,0.9623,0.07088
human,plate15,flu-seqneut-2026-UWMC-051,A/California/NIRC-IS-1356/2025_H1N1,plate15-A/California/NIRC-IS-1356/2025_H1N1,0.0008089,interpolated,0.0008833,0.0008833,interpolated,2.48,0.9019,0,0.9819,0.05297
human,plate15,flu-seqneut-2026-UWMC-051,A/Castellon/VAHNSI_02_02400/2025_H3N2,plate15-A/Castellon/VAHNSI_02_02400/2025_H3N2,0.001737,interpolated,0.001737,0.001737,interpolated,0.9877,1,0,0.9625,0.06707
human,plate15,flu-seqneut-2026-UWMC-051,A/Colombia/1851/2024_H3N2,plate15-A/Colombia/1851/2024_H3N2,0.001871,interpolated,0.002234,0.002234,interpolated,0.9615,0.9217,0,0.9341,0.07902
human,plate15,flu-seqneut-2026-UWMC-051,A/Colorado/218/2024_H1N1,plate15-A/Colorado/218/2024_H1N1,0.0006781,interpolated,0.0006781,0.0006781,interpolated,2.416,1,0,0.9973,0.02178
human,plate15,flu-seqneut-2026-UWMC-051,A/Connecticut/5/2026_H3N2,plate15-A/Connecticut/5/2026_H3N2,0.003348,interpolated,0.004121,0.004121,interpolated,0.8,0.9234,0,0.8156,0.1136
human,plate15,flu-seqneut-2026-UWMC-051,A/Croatia/10136RV/2023_H3N2,plate15-A/Croatia/10136RV/2023_H3N2,0.001094,interpolated,0.001094,0.001094,interpolated,0.961,1,0,0.8386,0.146
human,plate15,flu-seqneut-2026-UWMC-051,A/Darwin/1415/2025_H3N2,plate15-A/Darwin/1415/2025_H3N2,0.001665,interpolated,0.001665,0.001665,interpolated,0.9374,1,0,0.905,0.1063
human,plate15,flu-seqneut-2026-UWMC-051,A/Darwin/1454/2025_H3N2,plate15-A/Darwin/1454/2025_H3N2,0.001587,interpolated,0.001791,0.001791,interpolated,1.878,0.8987,0,0.9282,0.1021
human,plate15,flu-seqneut-2026-UWMC-051,A/Denmark/3940/2025_H3N2,plate15-A/Denmark/3940/2025_H3N2,0.00883,interpolated,0.009467,0.009467,interpolated,10,0.7491,0,0.7196,0.1814
human,plate15,flu-seqneut-2026-UWMC-051,A/Denmark/4547/2025_H1N1,plate15-A/Denmark/4547/2025_H1N1,0.0007494,interpolated,0.0008309,0.0008309,interpolated,3.794,0.8379,0,0.9454,0.09003
human,plate15,flu-seqneut-2026-UWMC-051,A/Denmark/4774/2025_H1N1,plate15-A/Denmark/4774/2025_H1N1,0.001075,interpolated,0.001185,0.001185,interpolated,3.388,0.8599,0,0.9388,0.09957
human,plate15,flu-seqneut-2026-UWMC-051,A/District_Of_Columbia/27/2023_H3N2,plate15-A/District_Of_Columbia/27/2023_H3N2,0.001479,interpolated,0.001479,0.001479,interpolated,1.167,1,0,0.9873,0.04175
human,plate15,flu-seqneut-2026-UWMC-051,A/Distrito_Federal/250106000728/2025_H3N2,plate15-A/Distrito_Federal/250106000728/2025_H3N2,0.004215,interpolated,0.004409,0.004409,interpolated,10,0.8183,0,0.7953,0.1509
human,plate15,flu-seqneut-2026-UWMC-051,A/England/1893256/2026_H1N1,plate15-A/England/1893256/2026_H1N1,0.001259,interpolated,0.001301,0.001301,interpolated,3.434,0.9466,0,0.986,0.05113
human,plate15,flu-seqneut-2026-UWMC-051,A/Florida/ISC-1069/2026_H3N2,plate15-A/Florida/ISC-1069/2026_H3N2,0.002289,interpolated,0.002657,0.002657,interpolated,1.191,0.9187,0,0.9453,0.07798
human,plate15,flu-seqneut-2026-UWMC-051,A/France/ARA-HCL025195259501/2025_H1N1,plate15-A/France/ARA-HCL025195259501/2025_H1N1,0.0005646,interpolated,0.0005646,0.0005646,interpolated,1.327,1,0,0.9803,0.05182
human,plate15,flu-seqneut-2026-UWMC-051,A/France/ARA-HCL026031894402/2026_H3N2,plate15-A/France/ARA-HCL026031894402/2026_H3N2,0.002446,interpolated,0.002446,0.002446,interpolated,0.8,1,0,0.8127,0.1425
human,plate15,flu-seqneut-2026-UWMC-051,A/France/GES-IPP00659/2026_H1N1,plate15-A/France/GES-IPP00659/2026_H1N1,0.0008676,interpolated,0.0008741,0.0008741,interpolated,3.253,0.988,0,0.9878,0.0481
human,plate15,flu-seqneut-2026-UWMC-051,A/France/GES-IPP01077/2026_H3N2,plate15-A/France/GES-IPP01077/2026_H3N2,0.004112,interpolated,0.00426,0.00426,interpolated,3.087,0.9483,0,0.9847,0.04819
human,plate15,flu-seqneut-2026-UWMC-051,A/France/HDF-IPP01550/2026_H3N2,plate15-A/France/HDF-IPP01550/2026_H3N2,0.004602,interpolated,0.004965,0.004965,interpolated,1.314,0.9525,0,0.9428,0.079
human,plate15,flu-seqneut-2026-UWMC-051,A/France/HDF-RELAB-IPP00300/2026_H3N2,plate15-A/France/HDF-RELAB-IPP00300/2026_H3N2,0.002214,interpolated,0.002214,0.002214,interpolated,0.8,1,0,0.8709,0.1141
human,plate15,flu-seqneut-2026-UWMC-051,A/France/HDF-RELAB-IPP00303/2026_H3N2,plate15-A/France/HDF-RELAB-IPP00303/2026_H3N2,0.002486,interpolated,0.002963,0.002963,interpolated,1.691,0.8716,0,0.9572,0.07182
human,plate15,flu-seqneut-2026-UWMC-051,A/France/HDF-RELAB-IPP07969/2025_H1N1,plate15-A/France/HDF-RELAB-IPP07969/2025_H1N1,0.0008545,interpolated,0.0008712,0.0008712,interpolated,10,0.9119,0,0.9648,0.079
human,plate15,flu-seqneut-2026-UWMC-051,A/France/NAQ-HCL026010957001/2026_H3N2,plate15-A/France/NAQ-HCL026010957001/2026_H3N2,0.002231,interpolated,0.002231,0.002231,interpolated,1.124,1,0,0.9465,0.08153
human,plate15,flu-seqneut-2026-UWMC-051,A/France/NAQ-HCL026046169102/2025_H1N1,plate15-A/France/NAQ-HCL026046169102/2025_H1N1,0.0008658,interpolated,0.0008694,0.0008694,interpolated,2.303,0.9952,0,0.994,0.03335
human,plate15,flu-seqneut-2026-UWMC-051,A/France/OCC-HCL026013263701/2026_H3N2,plate15-A/France/OCC-HCL026013263701/2026_H3N2,0.001187,interpolated,0.001187,0.001187,interpolated,1.047,1,0,0.956,0.07493
human,plate15,flu-seqneut-2026-UWMC-051,A/France/PAC-RELAB-HCL026021993801/2026_H3N2,plate15-A/France/PAC-RELAB-HCL026021993801/2026_H3N2,0.001913,interpolated,0.001913,0.001913,interpolated,0.8204,1,0,0.9666,0.05569
human,plate15,flu-seqneut-2026-UWMC-051,A/Galicia/GA-CHUAC-451/2025_H3N2,plate15-A/Galicia/GA-CHUAC-451/2025_H3N2,0.002053,interpolated,0.002053,0.002053,interpolated,0.9954,1,0,0.872,0.1329
human,plate15,flu-seqneut-2026-UWMC-051,A/Galicia/GA-CHUAC-612/2025_H1N1,plate15-A/Galicia/GA-CHUAC-612/2025_H1N1,0.000874,interpolated,0.0009175,0.0009175,interpolated,10,0.8074,0,0.9845,0.04434
human,plate15,flu-seqneut-2026-UWMC-051,A/Germany/LRMC_0104/2025_H3N2,plate15-A/Germany/LRMC_0104/2025_H3N2,0.00766,interpolated,0.008009,0.008009,interpolated,5.291,0.895,0,0.9551,0.07554
human,plate15,flu-seqneut-2026-UWMC-051,A/Germany/LRMC_0113/2025_H3N2,plate15-A/Germany/LRMC_0113/2025_H3N2,0.003851,interpolated,0.00432,0.00432,interpolated,2.345,0.882,0,0.9474,0.08087
human,plate15,flu-seqneut-2026-UWMC-051,A/Hawaii/70/2019_H1N1,plate15-A/Hawaii/70/2019_H1N1,0.0001764,interpolated,0.0001764,0.0001764,interpolated,2.396,1,0,0.9797,0.04586
human,plate15,flu-seqneut-2026-UWMC-051,A/Hawaii/ISC-1140/2025_H1N1,plate15-A/Hawaii/ISC-1140/2025_H1N1,0.0006171,interpolated,0.0006883,0.0006883,interpolated,2.05,0.8997,0,0.9662,0.06939
human,plate15,flu-seqneut-2026-UWMC-051,A/Hessen/18/2026_H1N1,plate15-A/Hessen/18/2026_H1N1,0.001738,interpolated,0.001789,0.001789,interpolated,3.194,0.9551,0,0.9976,0.02103
human,plate15,flu-seqneut-2026-UWMC-051,A/Ireland/91576/2025_H3N2,plate15-A/Ireland/91576/2025_H3N2,0.004668,interpolated,0.005236,0.005236,interpolated,2.68,0.8674,0,0.8771,0.119
human,plate15,flu-seqneut-2026-UWMC-051,A/Kentucky/80/2025_H1N1,plate15-A/Kentucky/80/2025_H1N1,0.0001957,interpolated,0.0001957,0.0001957,interpolated,1.978,1,0,0.9619,0.06481
human,plate15,flu-seqneut-2026-UWMC-051,A/Lisboa/216/2023_H3N2,plate15-A/Lisboa/216/2023_H3N2,0.001661,interpolated,0.001951,0.001951,interpolated,10,0.6,0,0.6846,0.1703
human,plate15,flu-seqneut-2026-UWMC-051,A/Luxembourg/LNS9132577/2026_H3N2,plate15-A/Luxembourg/LNS9132577/2026_H3N2,0.003138,interpolated,0.004122,0.004122,interpolated,1.569,0.8258,0,0.8654,0.1198
human,plate15,flu-seqneut-2026-UWMC-051,A/Maine/25/2026_H1N1,plate15-A/Maine/25/2026_H1N1,0.0008928,interpolated,0.0009505,0.0009505,interpolated,4.027,0.8885,0,0.9802,0.05733
human,plate15,flu-seqneut-2026-UWMC-051,A/Malaysia/IMR/SARI/2406/2025_H3N2,plate15-A/Malaysia/IMR/SARI/2406/2025_H3N2,0.001634,interpolated,0.002407,0.002407,interpolated,0.8755,0.8562,0,0.8089,0.1341
human,plate15,flu-seqneut-2026-UWMC-051,A/Massachusetts/18/2022_H3N2,plate15-A/Massachusetts/18/2022_H3N2,0.000869,interpolated,0.001053,0.001053,interpolated,0.8906,0.9215,0,0.8803,0.1103
human,plate15,flu-seqneut-2026-UWMC-051,A/Massachusetts/ISC-1856/2025_H3N2,plate15-A/Massachusetts/ISC-1856/2025_H3N2,0.001408,interpolated,0.001462,0.001462,interpolated,0.8,0.9851,0,0.8776,0.112
human,plate15,flu-seqneut-2026-UWMC-051,A/Mauritius/26000203/2026_H1N1,plate15-A/Mauritius/26000203/2026_H1N1,0.0004232,interpolated,0.0004294,0.0004294,interpolated,1.793,0.9871,0,0.9832,0.04867
human,plate15,flu-seqneut-2026-UWMC-051,A/Michigan/8/2026_H3N2,plate15-A/Michigan/8/2026_H3N2,0.001216,interpolated,0.001283,0.001283,interpolated,0.8,0.979,0,0.9269,0.08398
human,plate15,flu-seqneut-2026-UWMC-051,A/Michigan/UM-10068071276/2025_H3N2,plate15-A/Michigan/UM-10068071276/2025_H3N2,0.002596,interpolated,0.003337,0.003337,interpolated,1.389,0.8527,0,0.844,0.1346
human,plate15,flu-seqneut-2026-UWMC-051,A/Michigan/UM-10068134090/2025_H3N2,plate15-A/Michigan/UM-10068134090/2025_H3N2,0.005949,interpolated,0.007043,0.007043,interpolated,2.915,0.8056,0,0.7845,0.1583
human,plate15,flu-seqneut-2026-UWMC-051,A/Michigan/UM-10068449788/2025_H3N2,plate15-A/Michigan/UM-10068449788/2025_H3N2,0.002267,interpolated,0.002267,0.002267,interpolated,0.8211,1,0,0.7916,0.1572
human,plate15,flu-seqneut-2026-UWMC-051,A/Michigan/UM-10068456988/2025_H3N2,plate15-A/Michigan/UM-10068456988/2025_H3N2,0.005566,interpolated,0.006387,0.006387,interpolated,1.731,0.8939,0,0.9401,0.07662
human,plate15,flu-seqneut-2026-UWMC-051,A/Michigan/UM-10068747355/2026_H3N2,plate15-A/Michigan/UM-10068747355/2026_H3N2,0.003435,interpolated,0.003711,0.003711,interpolated,1.488,0.9457,0,0.9911,0.03294
human,plate15,flu-seqneut-2026-UWMC-051,A/MinasGerais/410/2026_H1N1,plate15-A/MinasGerais/410/2026_H1N1,0.00142,interpolated,0.001496,0.001496,interpolated,2.341,0.9424,0,0.9758,0.06467
human,plate15,flu-seqneut-2026-UWMC-051,A/MinasGerais/671/2026_H1N1,plate15-A/MinasGerais/671/2026_H1N1,0.0008341,interpolated,0.0008395,0.0008395,interpolated,2.273,0.9927,0,0.9991,0.0126
human,plate15,flu-seqneut-2026-UWMC-051,A/Mississippi/20/2026_H1N1,plate15-A/Mississippi/20/2026_H1N1,0.0007771,interpolated,0.0007771,0.0007771,interpolated,2.309,1,0,0.9968,0.02442
human,plate15,flu-seqneut-2026-UWMC-051,A/Missouri/11/2025_cell_H1N1,plate15-A/Missouri/11/2025_cell_H1N1,0.0003844,interpolated,0.0004416,0.0004416,interpolated,2.431,0.8569,0,0.9631,0.0664
human,plate15,flu-seqneut-2026-UWMC-051,A/Missouri/11/2025_egg_H1N1,plate15-A/Missouri/11/2025_egg_H1N1,7.778e-05,interpolated,0.0001076,0.0001076,interpolated,3.501,0.6603,0,0.9998,0.002439
human,plate15,flu-seqneut-2026-UWMC-051,A/Missouri/NIRC-AV-1003/2025_H3N2,plate15-A/Missouri/NIRC-AV-1003/2025_H3N2,0.005886,interpolated,0.006773,0.006773,interpolated,3.304,0.8145,0,0.9179,0.09392
human,plate15,flu-seqneut-2026-UWMC-051,A/Montana/51/2025_H3N2,plate15-A/Montana/51/2025_H3N2,0.004418,interpolated,0.005029,0.005029,interpolated,1.801,0.896,0,0.8103,0.1648
human,plate15,flu-seqneut-2026-UWMC-051,A/NakhonPhanom/P495/2026_H3N2,plate15-A/NakhonPhanom/P495/2026_H3N2,0.002848,interpolated,0.003678,0.003678,interpolated,1.437,0.8464,0,0.8251,0.1429
human,plate15,flu-seqneut-2026-UWMC-051,A/Navarra/260009/2025_H3N2,plate15-A/Navarra/260009/2025_H3N2,0.00372,interpolated,0.004881,0.004881,interpolated,1.781,0.8081,0,0.7859,0.1477
human,plate15,flu-seqneut-2026-UWMC-051,A/Nebraska/34/2026_H1N1,plate15-A/Nebraska/34/2026_H1N1,0.0004643,interpolated,0.0004909,0.0004909,interpolated,1.194,0.9678,0,0.8945,0.1149
human,plate15,flu-seqneut-2026-UWMC-051,A/Netherlands/10008/2026_H1N1,plate15-A/Netherlands/10008/2026_H1N1,0.0008437,interpolated,0.0008501,0.0008501,interpolated,10,0.9634,0,0.9932,0.03623
human,plate15,flu-seqneut-2026-UWMC-051,A/Netherlands/2398/2025_H1N1,plate15-A/Netherlands/2398/2025_H1N1,0.0002645,interpolated,0.0002645,0.0002645,interpolated,1.595,1,0,0.9661,0.06316
human,plate15,flu-seqneut-2026-UWMC-051,A/Netherlands/543/2026_H1N1,plate15-A/Netherlands/543/2026_H1N1,0.001014,interpolated,0.00103,0.00103,interpolated,2.298,0.9822,0,0.9942,0.03218
human,plate15,flu-seqneut-2026-UWMC-051,A/Netherlands/864/2026_H1N1,plate15-A/Netherlands/864/2026_H1N1,0.0008091,interpolated,0.0008202,0.0008202,interpolated,10,0.936,0,0.9785,0.06272
human,plate15,flu-seqneut-2026-UWMC-051,A/Netherlands/888/2026_H3N2,plate15-A/Netherlands/888/2026_H3N2,0.004877,interpolated,0.005787,0.005787,interpolated,1.18,0.9085,0,0.8431,0.1266
human,plate15,flu-seqneut-2026-UWMC-051,A/Netherlands/968/2026_H3N2,plate15-A/Netherlands/968/2026_H3N2,0.001771,interpolated,0.002473,0.002473,interpolated,1.448,0.8081,0,0.8644,0.1204
human,plate15,flu-seqneut-2026-UWMC-051,A/NewBrunswick/NBPHLFLUA10B-MM00057R/2026_H1N1,plate15-A/NewBrunswick/NBPHLFLUA10B-MM00057R/2026_H1N1,0.0009739,interpolated,0.001043,0.001043,interpolated,6.144,0.8288,0,0.9257,0.1098
human,plate15,flu-seqneut-2026-UWMC-051,A/NewYork/NIRC-IS-1086/2026_H3N2,plate15-A/NewYork/NIRC-IS-1086/2026_H3N2,0.004445,interpolated,0.004742,0.004742,interpolated,10,0.762,0,0.7177,0.185
human,plate15,flu-seqneut-2026-UWMC-051,A/NordrheinWestfalen/54/2026_H3N2,plate15-A/NordrheinWestfalen/54/2026_H3N2,0.005589,interpolated,0.006183,0.006183,interpolated,0.8,0.9612,0,0.7918,0.1089
human,plate15,flu-seqneut-2026-UWMC-051,A/NordrheinWestfalen/96/2026_H1N1,plate15-A/NordrheinWestfalen/96/2026_H1N1,0.0008674,interpolated,0.0008927,0.0008927,interpolated,10,0.8751,0,0.933,0.1083
human,plate15,flu-seqneut-2026-UWMC-051,A/Norway/9556/2025_H1N1,plate15-A/Norway/9556/2025_H1N1,0.0009075,interpolated,0.0009295,0.0009295,interpolated,3.311,0.9619,0,0.9817,0.05758
human,plate15,flu-seqneut-2026-UWMC-051,A/NovaScotia/25-365-06099/2025_H3N2,plate15-A/NovaScotia/25-365-06099/2025_H3N2,0.00166,interpolated,0.002907,0.002907,interpolated,0.8,0.8194,0,0.7752,0.1252
human,plate15,flu-seqneut-2026-UWMC-051,A/Ohio/259/2024_H1N1,plate15-A/Ohio/259/2024_H1N1,0.0007373,interpolated,0.000798,0.000798,interpolated,10,0.7266,0,0.8411,0.147
human,plate15,flu-seqneut-2026-UWMC-051,A/Ontario/PHL202550193/2025_H3N2,plate15-A/Ontario/PHL202550193/2025_H3N2,0.001974,interpolated,0.002146,0.002146,interpolated,0.9911,0.9602,0,0.8782,0.1188
human,plate15,flu-seqneut-2026-UWMC-051,A/Oregon/81/2025_H3N2,plate15-A/Oregon/81/2025_H3N2,0.003489,interpolated,0.004501,0.004501,interpolated,1.671,0.8267,0,0.8615,0.1207
human,plate15,flu-seqneut-2026-UWMC-051,A/PaisVasco/70369726/2026_H1N1,plate15-A/PaisVasco/70369726/2026_H1N1,0.0006313,interpolated,0.0006475,0.0006475,interpolated,1.93,0.9761,0,0.9958,0.02569
human,plate15,flu-seqneut-2026-UWMC-051,A/Parana/416133590/2026_H3N2,plate15-A/Parana/416133590/2026_H3N2,0.002211,interpolated,0.002625,0.002625,interpolated,0.8,0.9358,0,0.852,0.1144
human,plate15,flu-seqneut-2026-UWMC-051,A/Peru/ANC-INS-062/2026_H3N2,plate15-A/Peru/ANC-INS-062/2026_H3N2,0.0006146,interpolated,0.0006901,0.0006901,interpolated,0.8,0.9557,0,0.7798,0.1398
human,plate15,flu-seqneut-2026-UWMC-051,A/Rhode_Island/11/2026_H1N1,plate15-A/Rhode_Island/11/2026_H1N1,0.0002769,interpolated,0.0002769,0.0002769,interpolated,1.479,1,0,0.9666,0.06212
human,plate15,flu-seqneut-2026-UWMC-051,A/RiodeJaneiro/331/2026_H3N2,plate15-A/RiodeJaneiro/331/2026_H3N2,0.002173,interpolated,0.002409,0.002409,interpolated,1.032,0.9497,0,0.9036,0.1022
human,plate15,flu-seqneut-2026-UWMC-051,A/Romania/612042/2026_H3N2,plate15-A/Romania/612042/2026_H3N2,0.002139,interpolated,0.002139,0.002139,interpolated,1.15,1,0,0.9512,0.07995
human,plate15,flu-seqneut-2026-UWMC-051,A/SantaCatarina/508/2026_H3N2,plate15-A/SantaCatarina/508/2026_H3N2,0.002735,interpolated,0.003323,0.003323,interpolated,1.422,0.8791,0,0.8756,0.1194
human,plate15,flu-seqneut-2026-UWMC-051,A/Saskatchewan/SKFLU477299/2025_H3N2,plate15-A/Saskatchewan/SKFLU477299/2025_H3N2,0.001997,interpolated,0.002236,0.002236,interpolated,1.181,0.9376,0,0.9632,0.06507
human,plate15,flu-seqneut-2026-UWMC-051,A/Saskatchewan/SKFLU477727/2025_H3N2,plate15-A/Saskatchewan/SKFLU477727/2025_H3N2,0.00219,interpolated,0.002412,0.002412,interpolated,1.262,0.9426,0,0.9573,0.07271
human,plate15,flu-seqneut-2026-UWMC-051,A/Saskatchewan/SKFLU490586/2026_H1N1,plate15-A/Saskatchewan/SKFLU490586/2026_H1N1,0.0003397,interpolated,0.0003397,0.0003397,interpolated,1.214,1,0,0.9432,0.08066
human,plate15,flu-seqneut-2026-UWMC-051,A/Singapore/GP20238/2024_H3N2,plate15-A/Singapore/GP20238/2024_H3N2,0.002221,interpolated,0.002577,0.002577,interpolated,1.47,0.9016,0,0.9231,0.1004
human,plate15,flu-seqneut-2026-UWMC-051,A/Singapore/KK2768/2025_H1N1,plate15-A/Singapore/KK2768/2025_H1N1,0.0005994,interpolated,0.0005994,0.0005994,interpolated,1.558,1,0,0.9807,0.05423
human,plate15,flu-seqneut-2026-UWMC-051,A/Singapore/MOH0547/2024_H1N1,plate15-A/Singapore/MOH0547/2024_H1N1,0.0005401,interpolated,0.0005401,0.0005401,interpolated,1.433,1,0,0.9623,0.07439
human,plate15,flu-seqneut-2026-UWMC-051,A/Singapore/NTF0577/2025_H3N2,plate15-A/Singapore/NTF0577/2025_H3N2,0.001324,interpolated,0.001324,0.001324,interpolated,0.8,1,0,0.9621,0.05926
human,plate15,flu-seqneut-2026-UWMC-051,A/Singapore/SAR8915/2025_H3N2,plate15-A/Singapore/SAR8915/2025_H3N2,0.00133,interpolated,0.001675,0.001675,interpolated,1.028,0.8944,0,0.9297,0.08465
human,plate15,flu-seqneut-2026-UWMC-051,A/SouthAfrica/NHLS-SU-CERI-C075557/2026_H1N1,plate15-A/SouthAfrica/NHLS-SU-CERI-C075557/2026_H1N1,0.0007702,interpolated,0.0007974,0.0007974,interpolated,2.875,0.9525,0,0.9957,0.02734
human,plate15,flu-seqneut-2026-UWMC-051,A/SouthAfrica/NICD-R01647/2026_H1N1,plate15-A/SouthAfrica/NICD-R01647/2026_H1N1,0.0008865,interpolated,0.0008865,0.0008865,interpolated,3.731,1,0,0.9968,0.02539
human,plate15,flu-seqneut-2026-UWMC-051,A/SouthAfrica/NICD-R01668/2026_H1N1,plate15-A/SouthAfrica/NICD-R01668/2026_H1N1,0.000893,interpolated,0.0009647,0.0009647,interpolated,4.479,0.8538,0,0.9481,0.09084
human,plate15,flu-seqneut-2026-UWMC-051,A/SouthAfrica/PATH-CERI-C073358/2025_H1N1,plate15-A/SouthAfrica/PATH-CERI-C073358/2025_H1N1,0.0005442,interpolated,0.0005442,0.0005442,interpolated,1.614,1,0,0.9915,0.03536
human,plate15,flu-seqneut-2026-UWMC-051,A/SouthAfrica/PATH-CERI-C073366/2025_H1N1,plate15-A/SouthAfrica/PATH-CERI-C073366/2025_H1N1,0.0008367,interpolated,0.0008367,0.0008367,interpolated,3.523,1,0,0.9906,0.04313
human,plate15,flu-seqneut-2026-UWMC-051,A/SouthAfrica/PATH-CERI-C075119/2026_H1N1,plate15-A/SouthAfrica/PATH-CERI-C075119/2026_H1N1,0.000487,interpolated,0.0005501,0.0005501,interpolated,1.806,0.9012,0,0.9364,0.09259
human,plate15,flu-seqneut-2026-UWMC-051,A/SouthAustralia/2605715552/2026_H3N2,plate15-A/SouthAustralia/2605715552/2026_H3N2,0.001311,interpolated,0.001522,0.001522,interpolated,0.8,0.9439,0,0.9183,0.08407
human,plate15,flu-seqneut-2026-UWMC-051,A/SouthCarolina/USAFSAM-17046/2026_H3N2,plate15-A/SouthCarolina/USAFSAM-17046/2026_H3N2,0.001203,interpolated,0.001203,0.001203,interpolated,2.206,1,0,0.9924,0.03743
human,plate15,flu-seqneut-2026-UWMC-051,A/South_Australia/2523812314/2025_H3N2,plate15-A/South_Australia/2523812314/2025_H3N2,0.000456,interpolated,0.000456,0.000456,interpolated,0.8,1,0,0.8798,0.1036
human,plate15,flu-seqneut-2026-UWMC-051,A/South_Australia/2527213276/2025_H3N2,plate15-A/South_Australia/2527213276/2025_H3N2,0.001443,interpolated,0.001991,0.001991,interpolated,0.8,0.8864,0,0.6885,0.177
human,plate15,flu-seqneut-2026-UWMC-051,A/StPetersburg/RII-25-2042S/2025_H3N2,plate15-A/StPetersburg/RII-25-2042S/2025_H3N2,0.003644,interpolated,0.004017,0.004017,interpolated,0.8,0.9625,0,0.9267,0.07508
human,plate15,flu-seqneut-2026-UWMC-051,A/StPetersburg/RII-25-2321S/2025_H3N2,plate15-A/StPetersburg/RII-25-2321S/2025_H3N2,0.001161,interpolated,0.001161,0.001161,interpolated,0.9693,1,0,0.8912,0.1195
human,plate15,flu-seqneut-2026-UWMC-051,A/StPetersburg/RII-25-2506S/2026_H3N2,plate15-A/StPetersburg/RII-25-2506S/2026_H3N2,0.00186,interpolated,0.001891,0.001891,interpolated,0.8,0.9934,0,0.9665,0.05493
human,plate15,flu-seqneut-2026-UWMC-051,A/StPetersburg/RII-25-2600S/2026_H3N2,plate15-A/StPetersburg/RII-25-2600S/2026_H3N2,0.0025,interpolated,0.002692,0.002692,interpolated,2.608,0.9126,0,0.9101,0.1207
human,plate15,flu-seqneut-2026-UWMC-051,A/Switzerland/UN-SNRCI-HUG-053/2025_H1N1,plate15-A/Switzerland/UN-SNRCI-HUG-053/2025_H1N1,0.0007608,interpolated,0.0007608,0.0007608,interpolated,2.44,1,0,0.9994,0.0105
human,plate15,flu-seqneut-2026-UWMC-051,A/Sydney/1359/2024_H3N2,plate15-A/Sydney/1359/2024_H3N2,0.003085,interpolated,0.003654,0.003654,interpolated,1.455,0.8909,0,0.9707,0.05716
human,plate15,flu-seqneut-2026-UWMC-051,A/Sydney/50/2026_H1N1,plate15-A/Sydney/50/2026_H1N1,0.002108,interpolated,0.002153,0.002153,interpolated,1.584,0.9836,0,0.9833,0.05116
human,plate15,flu-seqneut-2026-UWMC-051,A/Texas/29/2026_H1N1,plate15-A/Texas/29/2026_H1N1,0.0008432,interpolated,0.0008432,0.0008432,interpolated,5.656,1,0,0.9995,0.01001
human,plate15,flu-seqneut-2026-UWMC-051,A/Thailand/8/2022_H3N2,plate15-A/Thailand/8/2022_H3N2,0.0009149,interpolated,0.001012,0.001012,interpolated,1.137,0.9456,0,0.9643,0.06559
human,plate15,flu-seqneut-2026-UWMC-051,A/Thuringen/16/2026_H3N2,plate15-A/Thuringen/16/2026_H3N2,0.001612,interpolated,0.001841,0.001841,interpolated,1.071,0.9338,0,0.9639,0.06305
human,plate15,flu-seqneut-2026-UWMC-051,A/Thuringen/39/2026_H3N2,plate15-A/Thuringen/39/2026_H3N2,0.00371,interpolated,0.003832,0.003832,interpolated,2.284,0.9642,0,0.9814,0.05171
human,plate15,flu-seqneut-2026-UWMC-051,A/Tokyo/EIS11-277/2024_H1N1,plate15-A/Tokyo/EIS11-277/2024_H1N1,0.000471,interpolated,0.0004893,0.0004893,interpolated,1.595,0.9704,0,0.9693,0.06502
human,plate15,flu-seqneut-2026-UWMC-051,A/Trieste/257/2025_H3N2,plate15-A/Trieste/257/2025_H3N2,0.002552,interpolated,0.003921,0.003921,interpolated,1.113,0.8099,0,0.8634,0.1048
human,plate15,flu-seqneut-2026-UWMC-051,A/Trieste/380/2026_H3N2,plate15-A/Trieste/380/2026_H3N2,0.003445,interpolated,0.003668,0.003668,interpolated,0.8767,0.9733,0,0.8715,0.1118
human,plate15,flu-seqneut-2026-UWMC-051,A/Ukraine/5214/2026_H1N1,plate15-A/Ukraine/5214/2026_H1N1,0.0004963,interpolated,0.0004963,0.0004963,interpolated,1.554,1,0,0.9855,0.04534
human,plate15,flu-seqneut-2026-UWMC-051,A/Uppsala/SE26-01293/2026_H1N1,plate15-A/Uppsala/SE26-01293/2026_H1N1,0.00083,interpolated,0.0008575,0.0008575,interpolated,10,0.8611,0,0.9474,0.09263
human,plate15,flu-seqneut-2026-UWMC-051,A/Valencia/VAHNSI_09_02564/2025_H1N1,plate15-A/Valencia/VAHNSI_09_02564/2025_H1N1,0.000719,interpolated,0.000731,0.000731,interpolated,2.155,0.9824,0,0.9976,0.01999
human,plate15,flu-seqneut-2026-UWMC-051,A/Victoria/2948/2025_H3N2,plate15-A/Victoria/2948/2025_H3N2,0.001162,interpolated,0.001162,0.001162,interpolated,1.191,1,0,0.9312,0.09822
human,plate15,flu-seqneut-2026-UWMC-051,A/Victoria/4897/2022_IVR-238_H1N1,plate15-A/Victoria/4897/2022_IVR-238_H1N1,0.0001568,interpolated,0.0001568,0.0001568,interpolated,5.718,1,0,0.9985,0.0129
human,plate15,flu-seqneut-2026-UWMC-051,A/Vietnam/F7324/2024_H3N2,plate15-A/Vietnam/F7324/2024_H3N2,0.0009968,interpolated,0.00107,0.00107,interpolated,1.06,0.9638,0,0.9317,0.09232
human,plate15,flu-seqneut-2026-UWMC-051,A/Vietnam/PF125413/2025_H1N1,plate15-A/Vietnam/PF125413/2025_H1N1,0.0009508,interpolated,0.0009896,0.0009896,interpolated,4.58,0.9163,0,0.9912,0.03979
human,plate15,flu-seqneut-2026-UWMC-051,A/Vietnam/PF126009/2026_H1N1,plate15-A/Vietnam/PF126009/2026_H1N1,0.000756,interpolated,0.0008028,0.0008028,interpolated,3.987,0.8935,0,0.9798,0.05759
human,plate15,flu-seqneut-2026-UWMC-051,A/Virginia/82/2025_H1N1,plate15-A/Virginia/82/2025_H1N1,0.0007095,interpolated,0.0007095,0.0007095,interpolated,1.921,1,0,0.9849,0.05145
human,plate15,flu-seqneut-2026-UWMC-051,A/Wisconsin/588/2019_H1N1,plate15-A/Wisconsin/588/2019_H1N1,0.0002889,interpolated,0.0002889,0.0002889,interpolated,1.405,1,0,0.8855,0.1186
human,plate15,flu-seqneut-2026-UWMC-051,A/Wisconsin/67/2022_H1N1,plate15-A/Wisconsin/67/2022_H1N1,0.0003475,interpolated,0.0003475,0.0003475,interpolated,1.389,1,0,0.9364,0.08857
human,plate15,flu-seqneut-2026-UWMC-051,A/Zacapa/FLU-012/2025_H1N1,plate15-A/Zacapa/FLU-012/2025_H1N1,0.0003932,interpolated,0.0003932,0.0003932,interpolated,1.537,1,0,0.9697,0.06353
human,plate15,flu-seqneut-2026-UWMC-051,A/Zambia/6-NIC-014/2026_H1N1,plate15-A/Zambia/6-NIC-014/2026_H1N1,0.000609,interpolated,0.0006139,0.0006139,interpolated,2.284,0.991,0,0.9989,0.01341
human,plate15,flu-seqneut-2026-UWMC-051,A/Zambia/7-NIC-313/2026_H1N1,plate15-A/Zambia/7-NIC-313/2026_H1N1,0.0003124,interpolated,0.0003124,0.0003124,interpolated,1.42,1,0,0.9678,0.06196
human,plate15,flu-seqneut-2026-UWMC-052,A/Andalucia/PMC-00977/2025_H1N1,plate15-A/Andalucia/PMC-00977/2025_H1N1,0.007002,interpolated,0.007002,0.007002,interpolated,0.8052,1,0,0.7996,0.1256
human,plate15,flu-seqneut-2026-UWMC-052,A/Andalucia/PMC-01217/2025_H1N1,plate15-A/Andalucia/PMC-01217/2025_H1N1,0.01045,interpolated,0.01049,0.01049,interpolated,2.999,0.9945,0,0.9711,0.05277
human,plate15,flu-seqneut-2026-UWMC-052,A/Andalucia/PMC-01495/2025_H1N1,plate15-A/Andalucia/PMC-01495/2025_H1N1,0.005813,interpolated,0.005976,0.005976,interpolated,2.105,0.9716,0,0.9309,0.1001
human,plate15,flu-seqneut-2026-UWMC-052,A/Arizona/40/2026_H1N1,plate15-A/Arizona/40/2026_H1N1,0.009337,interpolated,0.00944,0.00944,interpolated,10,0.948,0,0.9302,0.1011
human,plate15,flu-seqneut-2026-UWMC-052,A/Astrakhan/RII-MH273373S/2025_H3N2,plate15-A/Astrakhan/RII-MH273373S/2025_H3N2,0.0003404,interpolated,0.0003404,0.0003404,interpolated,1.556,1,0,0.9409,0.08778
human,plate15,flu-seqneut-2026-UWMC-052,A/Asturias/232590913/2025_H1N1,plate15-A/Asturias/232590913/2025_H1N1,0.005099,interpolated,0.005353,0.005353,interpolated,1.558,0.9635,0,0.9305,0.0935
human,plate15,flu-seqneut-2026-UWMC-052,A/Badajoz/18738342/2026_H3N2,plate15-A/Badajoz/18738342/2026_H3N2,0.0007337,interpolated,0.000766,0.000766,interpolated,10,0.8249,0,0.8657,0.152
human,plate15,flu-seqneut-2026-UWMC-052,A/Badajoz/18811358/2026_H3N2,plate15-A/Badajoz/18811358/2026_H3N2,0.0003548,interpolated,0.0004556,0.0004556,interpolated,1.998,0.8034,0,0.9868,0.03599
human,plate15,flu-seqneut-2026-UWMC-052,A/Badajoz/18813527/2026_H3N2,plate15-A/Badajoz/18813527/2026_H3N2,0.0002973,interpolated,0.0002973,0.0002973,interpolated,1.507,1,0,0.963,0.06672
human,plate15,flu-seqneut-2026-UWMC-052,A/Bangkok/P2390/2025_H3N2,plate15-A/Bangkok/P2390/2025_H3N2,0.0002007,interpolated,0.0002007,0.0002007,interpolated,1.314,1,0,0.9722,0.04736
human,plate15,flu-seqneut-2026-UWMC-052,A/Bangkok/P2391/2025_H3N2,plate15-A/Bangkok/P2391/2025_H3N2,0.001335,interpolated,0.001383,0.001383,interpolated,0.8,0.986,0,0.7075,0.1952
human,plate15,flu-seqneut-2026-UWMC-052,A/Blaenavon/6687/2026_H3N2,plate15-A/Blaenavon/6687/2026_H3N2,9.689e-05,interpolated,9.689e-05,9.689e-05,interpolated,4.158,1,0,0.9993,0.006437
human,plate15,flu-seqneut-2026-UWMC-052,A/Bolivia/OR5702/2025_H3N2,plate15-A/Bolivia/OR5702/2025_H3N2,0.000291,interpolated,0.000291,0.000291,interpolated,1.073,1,0,0.8789,0.1135
human,plate15,flu-seqneut-2026-UWMC-052,A/BritishColumbia/RV00022-26/2025_H1N1,plate15-A/BritishColumbia/RV00022-26/2025_H1N1,0.007555,interpolated,0.007555,0.007555,interpolated,1.211,1,0,0.9428,0.074
human,plate15,flu-seqneut-2026-UWMC-052,A/BritishColumbia/RV00279-26/2025_H3N2,plate15-A/BritishColumbia/RV00279-26/2025_H3N2,0.0005191,interpolated,0.0005191,0.0005191,interpolated,2.106,1,0,0.9876,0.04611
human,plate15,flu-seqneut-2026-UWMC-052,A/BritishColumbia/RV01350-26/2026_H1N1,plate15-A/BritishColumbia/RV01350-26/2026_H1N1,0.008402,interpolated,0.008453,0.008453,interpolated,1.582,0.9953,0,0.9683,0.05689
human,plate15,flu-seqneut-2026-UWMC-052,A/BritishColumbia/RV05508-25/2025_H1N1,plate15-A/BritishColumbia/RV05508-25/2025_H1N1,0.005764,interpolated,0.005764,0.005764,interpolated,1.264,1,0,0.9607,0.06585
human,plate15,flu-seqneut-2026-UWMC-052,A/California/GKISBBBH79910/2026_H3N2,plate15-A/California/GKISBBBH79910/2026_H3N2,0.0004521,interpolated,0.0006345,0.0006345,interpolated,1.5,0.8008,0,0.9609,0.06206
human,plate15,flu-seqneut-2026-UWMC-052,A/California/NIRC-IS-1019/2026_H1N1,plate15-A/California/NIRC-IS-1019/2026_H1N1,0.006295,interpolated,0.006381,0.006381,interpolated,1.775,0.988,0,0.9901,0.03305
human,plate15,flu-seqneut-2026-UWMC-052,A/California/NIRC-IS-1059/2026_H3N2,plate15-A/California/NIRC-IS-1059/2026_H3N2,0.0002089,interpolated,0.0002089,0.0002089,interpolated,1.026,1,0,0.9336,0.07165
human,plate15,flu-seqneut-2026-UWMC-052,A/California/NIRC-IS-1067/2026_H3N2,plate15-A/California/NIRC-IS-1067/2026_H3N2,0.0003243,interpolated,0.0003243,0.0003243,interpolated,1.282,1,0,0.9853,0.03966
human,plate15,flu-seqneut-2026-UWMC-052,A/California/NIRC-IS-1356/2025_H1N1,plate15-A/California/NIRC-IS-1356/2025_H1N1,0.00404,interpolated,0.00404,0.00404,interpolated,1.434,1,0,0.9653,0.06886
human,plate15,flu-seqneut-2026-UWMC-052,A/Castellon/VAHNSI_02_02400/2025_H3N2,plate15-A/Castellon/VAHNSI_02_02400/2025_H3N2,0.0003842,interpolated,0.0003842,0.0003842,interpolated,1.473,1,0,0.9802,0.05041
human,plate15,flu-seqneut-2026-UWMC-052,A/Colombia/1851/2024_H3N2,plate15-A/Colombia/1851/2024_H3N2,0.0009493,interpolated,0.001436,0.001436,interpolated,2.131,0.7068,0,0.9545,0.0652
human,plate15,flu-seqneut-2026-UWMC-052,A/Colorado/218/2024_H1N1,plate15-A/Colorado/218/2024_H1N1,0.004537,interpolated,0.004537,0.004537,interpolated,1.51,1,0,0.9868,0.04084
human,plate15,flu-seqneut-2026-UWMC-052,A/Connecticut/5/2026_H3N2,plate15-A/Connecticut/5/2026_H3N2,0.0007076,interpolated,0.0007109,0.0007109,interpolated,1.331,0.9969,0,0.9803,0.05222
human,plate15,flu-seqneut-2026-UWMC-052,A/Croatia/10136RV/2023_H3N2,plate15-A/Croatia/10136RV/2023_H3N2,0.0004319,interpolated,0.0005358,0.0005358,interpolated,4.635,0.684,0,0.9766,0.04716
human,plate15,flu-seqneut-2026-UWMC-052,A/Darwin/1415/2025_H3N2,plate15-A/Darwin/1415/2025_H3N2,0.0002516,interpolated,0.0002516,0.0002516,interpolated,1.591,1,0,0.9658,0.06264
human,plate15,flu-seqneut-2026-UWMC-052,A/Darwin/1454/2025_H3N2,plate15-A/Darwin/1454/2025_H3N2,0.0002185,interpolated,0.0002679,0.0002679,interpolated,3.504,0.7448,0,0.9999,0.002296
human,plate15,flu-seqneut-2026-UWMC-052,A/Denmark/3940/2025_H3N2,plate15-A/Denmark/3940/2025_H3N2,0.0003541,interpolated,0.0003541,0.0003541,interpolated,1.161,1,0,0.9383,0.08377
human,plate15,flu-seqneut-2026-UWMC-052,A/Denmark/4547/2025_H1N1,plate15-A/Denmark/4547/2025_H1N1,0.007431,interpolated,0.007722,0.007722,interpolated,2.011,0.9628,0,0.9576,0.06931
human,plate15,flu-seqneut-2026-UWMC-052,A/Denmark/4774/2025_H1N1,plate15-A/Denmark/4774/2025_H1N1,0.01281,interpolated,0.01311,0.01311,interpolated,0.8,0.9911,0,0.8245,0.08951
human,plate15,flu-seqneut-2026-UWMC-052,A/District_Of_Columbia/27/2023_H3N2,plate15-A/District_Of_Columbia/27/2023_H3N2,0.0003303,interpolated,0.0003303,0.0003303,interpolated,1.234,1,0,0.8343,0.1461
human,plate15,flu-seqneut-2026-UWMC-052,A/Distrito_Federal/250106000728/2025_H3N2,plate15-A/Distrito_Federal/250106000728/2025_H3N2,0.0002363,interpolated,0.0002363,0.0002363,interpolated,1.575,1,0,0.9388,0.08342
human,plate15,flu-seqneut-2026-UWMC-052,A/England/1893256/2026_H1N1,plate15-A/England/1893256/2026_H1N1,0.007556,interpolated,0.008074,0.008074,interpolated,1.221,0.9611,0,0.9131,0.08619
human,plate15,flu-seqneut-2026-UWMC-052,A/Florida/ISC-1069/2026_H3N2,plate15-A/Florida/ISC-1069/2026_H3N2,0.0004392,interpolated,0.0004392,0.0004392,interpolated,1.132,1,0,0.9165,0.1012
human,plate15,flu-seqneut-2026-UWMC-052,A/France/ARA-HCL025195259501/2025_H1N1,plate15-A/France/ARA-HCL025195259501/2025_H1N1,0.01301,interpolated,0.01397,0.01397,interpolated,2.985,0.904,0,0.8779,0.09725
human,plate15,flu-seqneut-2026-UWMC-052,A/France/ARA-HCL026031894402/2026_H3N2,plate15-A/France/ARA-HCL026031894402/2026_H3N2,0.0004816,interpolated,0.0006349,0.0006349,interpolated,1.376,0.8418,0,0.9559,0.06762
human,plate15,flu-seqneut-2026-UWMC-052,A/France/GES-IPP00659/2026_H1N1,plate15-A/France/GES-IPP00659/2026_H1N1,0.006282,interpolated,0.006282,0.006282,interpolated,1.269,1,0,0.984,0.03951
human,plate15,flu-seqneut-2026-UWMC-052,A/France/GES-IPP01077/2026_H3N2,plate15-A/France/GES-IPP01077/2026_H3N2,0.0001573,interpolated,0.0001573,0.0001573,interpolated,1.812,1,0,0.9425,0.07089
human,plate15,flu-seqneut-2026-UWMC-052,A/France/HDF-IPP01550/2026_H3N2,plate15-A/France/HDF-IPP01550/2026_H3N2,0.0001468,interpolated,0.0001468,0.0001468,interpolated,2.19,1,0,0.9973,0.01464
human,plate15,flu-seqneut-2026-UWMC-052,A/France/HDF-RELAB-IPP00300/2026_H3N2,plate15-A/France/HDF-RELAB-IPP00300/2026_H3N2,0.0005169,interpolated,0.0005962,0.0005962,interpolated,1.897,0.8813,0,1,0.002453
human,plate15,flu-seqneut-2026-UWMC-052,A/France/HDF-RELAB-IPP00303/2026_H3N2,plate15-A/France/HDF-RELAB-IPP00303/2026_H3N2,0.0004812,interpolated,0.0005587,0.0005587,interpolated,1.442,0.903,0,0.9836,0.04325
human,plate15,flu-seqneut-2026-UWMC-052,A/France/HDF-RELAB-IPP07969/2025_H1N1,plate15-A/France/HDF-RELAB-IPP07969/2025_H1N1,0.01084,interpolated,0.01084,0.01084,interpolated,1.614,1,0,0.8179,0.1228
human,plate15,flu-seqneut-2026-UWMC-052,A/France/NAQ-HCL026010957001/2026_H3N2,plate15-A/France/NAQ-HCL026010957001/2026_H3N2,0.0007924,interpolated,0.000837,0.000837,interpolated,10,0.7892,0,0.9022,0.1186
human,plate15,flu-seqneut-2026-UWMC-052,A/France/NAQ-HCL026046169102/2025_H1N1,plate15-A/France/NAQ-HCL026046169102/2025_H1N1,0.007548,interpolated,0.007765,0.007765,interpolated,1.693,0.9765,0,0.9186,0.09336
human,plate15,flu-seqneut-2026-UWMC-052,A/France/OCC-HCL026013263701/2026_H3N2,plate15-A/France/OCC-HCL026013263701/2026_H3N2,0.0001061,interpolated,0.0001061,0.0001061,interpolated,1.939,1,0,0.9995,0.005144
human,plate15,flu-seqneut-2026-UWMC-052,A/France/PAC-RELAB-HCL026021993801/2026_H3N2,plate15-A/France/PAC-RELAB-HCL026021993801/2026_H3N2,0.0003444,interpolated,0.0004501,0.0004501,interpolated,1.559,0.8295,0,0.9892,0.03175
human,plate15,flu-seqneut-2026-UWMC-052,A/Galicia/GA-CHUAC-451/2025_H3N2,plate15-A/Galicia/GA-CHUAC-451/2025_H3N2,0.001568,interpolated,0.001758,0.001758,interpolated,2.793,0.8631,0,0.9557,0.07797
human,plate15,flu-seqneut-2026-UWMC-052,A/Galicia/GA-CHUAC-612/2025_H1N1,plate15-A/Galicia/GA-CHUAC-612/2025_H1N1,0.005804,interpolated,0.006389,0.006389,interpolated,2.066,0.91,0,0.9385,0.08405
human,plate15,flu-seqneut-2026-UWMC-052,A/Germany/LRMC_0104/2025_H3N2,plate15-A/Germany/LRMC_0104/2025_H3N2,0.0006828,interpolated,0.0006828,0.0006828,interpolated,2.869,1,0,0.9994,0.01012
human,plate15,flu-seqneut-2026-UWMC-052,A/Germany/LRMC_0113/2025_H3N2,plate15-A/Germany/LRMC_0113/2025_H3N2,0.0004668,interpolated,0.0004668,0.0004668,interpolated,2.1,1,0,0.9966,0.02297
human,plate15,flu-seqneut-2026-UWMC-052,A/Hawaii/70/2019_H1N1,plate15-A/Hawaii/70/2019_H1N1,0.0006537,interpolated,0.0006537,0.0006537,interpolated,1.654,1,0,0.9699,0.06859
human,plate15,flu-seqneut-2026-UWMC-052,A/Hawaii/ISC-1140/2025_H1N1,plate15-A/Hawaii/ISC-1140/2025_H1N1,0.004612,interpolated,0.004612,0.004612,interpolated,1.452,1,0,0.8306,0.1649
human,plate15,flu-seqneut-2026-UWMC-052,A/Hessen/18/2026_H1N1,plate15-A/Hessen/18/2026_H1N1,0.02285,interpolated,0.02333,0.02333,interpolated,10,0.9072,0,0.8213,0.09327
human,plate15,flu-seqneut-2026-UWMC-052,A/Ireland/91576/2025_H3N2,plate15-A/Ireland/91576/2025_H3N2,0.0005332,interpolated,0.0007966,0.0007966,interpolated,4.008,0.6,0,0.9216,0.07916
human,plate15,flu-seqneut-2026-UWMC-052,A/Kentucky/80/2025_H1N1,plate15-A/Kentucky/80/2025_H1N1,0.001077,interpolated,0.001172,0.001172,interpolated,1.855,0.9278,0,0.977,0.05971
human,plate15,flu-seqneut-2026-UWMC-052,A/Lisboa/216/2023_H3N2,plate15-A/Lisboa/216/2023_H3N2,0.00119,interpolated,0.00119,0.00119,interpolated,0.8,1,0,0.9057,0.1003
human,plate15,flu-seqneut-2026-UWMC-052,A/Luxembourg/LNS9132577/2026_H3N2,plate15-A/Luxembourg/LNS9132577/2026_H3N2,0.0003909,interpolated,0.0003909,0.0003909,interpolated,1.366,1,0,0.968,0.06406
human,plate15,flu-seqneut-2026-UWMC-052,A/Maine/25/2026_H1N1,plate15-A/Maine/25/2026_H1N1,0.005018,interpolated,0.005367,0.005367,interpolated,1.083,0.965,0,0.9403,0.07408
human,plate15,flu-seqneut-2026-UWMC-052,A/Malaysia/IMR/SARI/2406/2025_H3N2,plate15-A/Malaysia/IMR/SARI/2406/2025_H3N2,0.002691,interpolated,0.003537,0.003537,interpolated,2.39,0.76,0,0.8694,0.1228
human,plate15,flu-seqneut-2026-UWMC-052,A/Massachusetts/18/2022_H3N2,plate15-A/Massachusetts/18/2022_H3N2,0.0006145,interpolated,0.0006145,0.0006145,interpolated,1.277,1,0,0.9715,0.06243
human,plate15,flu-seqneut-2026-UWMC-052,A/Massachusetts/ISC-1856/2025_H3N2,plate15-A/Massachusetts/ISC-1856/2025_H3N2,0.0002843,interpolated,0.0002843,0.0002843,interpolated,1.196,1,0,0.9096,0.09965
human,plate15,flu-seqneut-2026-UWMC-052,A/Mauritius/26000203/2026_H1N1,plate15-A/Mauritius/26000203/2026_H1N1,0.003227,interpolated,0.003227,0.003227,interpolated,2.002,1,0,0.9928,0.0347
human,plate15,flu-seqneut-2026-UWMC-052,A/Michigan/8/2026_H3N2,plate15-A/Michigan/8/2026_H3N2,0.0007977,interpolated,0.0008685,0.0008685,interpolated,10,0.7135,0,0.9299,0.08879
human,plate15,flu-seqneut-2026-UWMC-052,A/Michigan/UM-10068071276/2025_H3N2,plate15-A/Michigan/UM-10068071276/2025_H3N2,0.00013,interpolated,0.0001692,0.0001692,interpolated,5.659,0.6127,0,1,0.001221
human,plate15,flu-seqneut-2026-UWMC-052,A/Michigan/UM-10068134090/2025_H3N2,plate15-A/Michigan/UM-10068134090/2025_H3N2,0.0002143,interpolated,0.0002143,0.0002143,interpolated,1.185,1,0,0.983,0.03698
human,plate15,flu-seqneut-2026-UWMC-052,A/Michigan/UM-10068449788/2025_H3N2,plate15-A/Michigan/UM-10068449788/2025_H3N2,0.0001624,interpolated,0.0001624,0.0001624,interpolated,1.461,1,0,0.9875,0.03013
human,plate15,flu-seqneut-2026-UWMC-052,A/Michigan/UM-10068456988/2025_H3N2,plate15-A/Michigan/UM-10068456988/2025_H3N2,0.0005869,interpolated,0.0005869,0.0005869,interpolated,1.318,1,0,0.9863,0.04242
human,plate15,flu-seqneut-2026-UWMC-052,A/Michigan/UM-10068747355/2026_H3N2,plate15-A/Michigan/UM-10068747355/2026_H3N2,0.0002529,interpolated,0.0002529,0.0002529,interpolated,1.496,1,0,0.9749,0.05176
human,plate15,flu-seqneut-2026-UWMC-052,A/MinasGerais/410/2026_H1N1,plate15-A/MinasGerais/410/2026_H1N1,0.003534,interpolated,0.003961,0.003961,interpolated,1.098,0.9412,0,0.9713,0.05158
human,plate15,flu-seqneut-2026-UWMC-052,A/MinasGerais/671/2026_H1N1,plate15-A/MinasGerais/671/2026_H1N1,0.01067,interpolated,0.01141,0.01141,interpolated,2.073,0.9353,0,0.8854,0.09642
human,plate15,flu-seqneut-2026-UWMC-052,A/Mississippi/20/2026_H1N1,plate15-A/Mississippi/20/2026_H1N1,0.009665,interpolated,0.009733,0.009733,interpolated,10,0.9659,0,0.9667,0.06727
human,plate15,flu-seqneut-2026-UWMC-052,A/Missouri/11/2025_cell_H1N1,plate15-A/Missouri/11/2025_cell_H1N1,0.003634,interpolated,0.003743,0.003743,interpolated,2.595,0.9631,0,0.98,0.05538
human,plate15,flu-seqneut-2026-UWMC-052,A/Missouri/11/2025_egg_H1N1,plate15-A/Missouri/11/2025_egg_H1N1,0.001837,interpolated,0.001837,0.001837,interpolated,3.999,1,0,0.9888,0.04742
human,plate15,flu-seqneut-2026-UWMC-052,A/Missouri/NIRC-AV-1003/2025_H3N2,plate15-A/Missouri/NIRC-AV-1003/2025_H3N2,0.000358,interpolated,0.0004805,0.0004805,interpolated,3.953,0.6561,0,0.998,0.01289
human,plate15,flu-seqneut-2026-UWMC-052,A/Montana/51/2025_H3N2,plate15-A/Montana/51/2025_H3N2,0.0007397,interpolated,0.0007745,0.0007745,interpolated,10,0.8154,0,0.8505,0.1601
human,plate15,flu-seqneut-2026-UWMC-052,A/NakhonPhanom/P495/2026_H3N2,plate15-A/NakhonPhanom/P495/2026_H3N2,0.001136,interpolated,0.001461,0.001461,interpolated,3.694,0.6974,0,0.9296,0.08749
human,plate15,flu-seqneut-2026-UWMC-052,A/Navarra/260009/2025_H3N2,plate15-A/Navarra/260009/2025_H3N2,0.0003539,interpolated,0.0003539,0.0003539,interpolated,1.361,1,0,0.9148,0.104
human,plate15,flu-seqneut-2026-UWMC-052,A/Nebraska/34/2026_H1N1,plate15-A/Nebraska/34/2026_H1N1,0.007069,interpolated,0.008662,0.008662,interpolated,1.679,0.8554,0,0.75,0.1569
human,plate15,flu-seqneut-2026-UWMC-052,A/Netherlands/10008/2026_H1N1,plate15-A/Netherlands/10008/2026_H1N1,0.00519,interpolated,0.00519,0.00519,interpolated,1.5,1,0,0.9845,0.04416
human,plate15,flu-seqneut-2026-UWMC-052,A/Netherlands/2398/2025_H1N1,plate15-A/Netherlands/2398/2025_H1N1,0.001433,interpolated,0.001505,0.001505,interpolated,1.775,0.9584,0,0.9779,0.05893
human,plate15,flu-seqneut-2026-UWMC-052,A/Netherlands/543/2026_H1N1,plate15-A/Netherlands/543/2026_H1N1,0.008061,interpolated,0.008882,0.008882,interpolated,1.785,0.9205,0,0.8919,0.09766
human,plate15,flu-seqneut-2026-UWMC-052,A/Netherlands/864/2026_H1N1,plate15-A/Netherlands/864/2026_H1N1,0.007634,interpolated,0.008053,0.008053,interpolated,1.367,0.9648,0,0.9356,0.07311
human,plate15,flu-seqneut-2026-UWMC-052,A/Netherlands/888/2026_H3N2,plate15-A/Netherlands/888/2026_H3N2,0.001016,interpolated,0.001125,0.001125,interpolated,1.387,0.9337,0,0.9374,0.09437
human,plate15,flu-seqneut-2026-UWMC-052,A/Netherlands/968/2026_H3N2,plate15-A/Netherlands/968/2026_H3N2,0.0001549,interpolated,0.0001549,0.0001549,interpolated,3.503,1,0,0.9933,0.02641
human,plate15,flu-seqneut-2026-UWMC-052,A/NewBrunswick/NBPHLFLUA10B-MM00057R/2026_H1N1,plate15-A/NewBrunswick/NBPHLFLUA10B-MM00057R/2026_H1N1,0.00425,interpolated,0.00425,0.00425,interpolated,1.4,1,0,0.9856,0.04236
human,plate15,flu-seqneut-2026-UWMC-052,A/NewYork/NIRC-IS-1086/2026_H3N2,plate15-A/NewYork/NIRC-IS-1086/2026_H3N2,0.0007485,interpolated,0.0007485,0.0007485,interpolated,1.102,1,0,0.9134,0.1086
human,plate15,flu-seqneut-2026-UWMC-052,A/NordrheinWestfalen/54/2026_H3N2,plate15-A/NordrheinWestfalen/54/2026_H3N2,0.000794,interpolated,0.0008292,0.0008292,interpolated,10,0.824,0,0.8695,0.1469
human,plate15,flu-seqneut-2026-UWMC-052,A/NordrheinWestfalen/96/2026_H1N1,plate15-A/NordrheinWestfalen/96/2026_H1N1,0.009684,interpolated,0.009757,0.009757,interpolated,10,0.9642,0,0.9474,0.08002
human,plate15,flu-seqneut-2026-UWMC-052,A/Norway/9556/2025_H1N1,plate15-A/Norway/9556/2025_H1N1,0.006573,interpolated,0.006978,0.006978,interpolated,1.327,0.9618,0,0.9615,0.05982
human,plate15,flu-seqneut-2026-UWMC-052,A/NovaScotia/25-365-06099/2025_H3N2,plate15-A/NovaScotia/25-365-06099/2025_H3N2,0.0003165,interpolated,0.0003165,0.0003165,interpolated,1.367,1,0,0.9672,0.06197
human,plate15,flu-seqneut-2026-UWMC-052,A/Ohio/259/2024_H1N1,plate15-A/Ohio/259/2024_H1N1,0.004984,interpolated,0.005722,0.005722,interpolated,1.748,0.8927,0,0.9051,0.1049
human,plate15,flu-seqneut-2026-UWMC-052,A/Ontario/PHL202550193/2025_H3N2,plate15-A/Ontario/PHL202550193/2025_H3N2,0.0001989,interpolated,0.000301,0.000301,interpolated,3.886,0.6,0,0.9977,0.0111
human,plate15,flu-seqneut-2026-UWMC-052,A/Oregon/81/2025_H3N2,plate15-A/Oregon/81/2025_H3N2,0.0007941,interpolated,0.000854,0.000854,interpolated,10,0.7416,0,0.996,0.02133
human,plate15,flu-seqneut-2026-UWMC-052,A/PaisVasco/70369726/2026_H1N1,plate15-A/PaisVasco/70369726/2026_H1N1,0.008351,interpolated,0.008436,0.008436,interpolated,3.153,0.9841,0,0.9934,0.02875
human,plate15,flu-seqneut-2026-UWMC-052,A/Parana/416133590/2026_H3N2,plate15-A/Parana/416133590/2026_H3N2,0.002222,interpolated,0.002815,0.002815,interpolated,2.124,0.8027,0,0.9203,0.09727
human,plate15,flu-seqneut-2026-UWMC-052,A/Peru/ANC-INS-062/2026_H3N2,plate15-A/Peru/ANC-INS-062/2026_H3N2,0.0003939,interpolated,0.0004579,0.0004579,interpolated,0.8,0.9433,0,0.9572,0.05289
human,plate15,flu-seqneut-2026-UWMC-052,A/Rhode_Island/11/2026_H1N1,plate15-A/Rhode_Island/11/2026_H1N1,0.004108,interpolated,0.005015,0.005015,interpolated,1.339,0.8828,0,0.9356,0.0788
human,plate15,flu-seqneut-2026-UWMC-052,A/RiodeJaneiro/331/2026_H3N2,plate15-A/RiodeJaneiro/331/2026_H3N2,0.0009852,interpolated,0.001127,0.001127,interpolated,3.441,0.8144,0,0.9924,0.03229
human,plate15,flu-seqneut-2026-UWMC-052,A/Romania/612042/2026_H3N2,plate15-A/Romania/612042/2026_H3N2,0.0006207,interpolated,0.0007061,0.0007061,interpolated,3.513,0.8179,0,0.934,0.0962
human,plate15,flu-seqneut-2026-UWMC-052,A/SantaCatarina/508/2026_H3N2,plate15-A/SantaCatarina/508/2026_H3N2,0.000728,interpolated,0.0007836,0.0007836,interpolated,9.171,0.7546,0,0.987,0.03909
human,plate15,flu-seqneut-2026-UWMC-052,A/Saskatchewan/SKFLU477299/2025_H3N2,plate15-A/Saskatchewan/SKFLU477299/2025_H3N2,0.000434,interpolated,0.000434,0.000434,interpolated,0.8522,1,0,0.8326,0.1327
human,plate15,flu-seqneut-2026-UWMC-052,A/Saskatchewan/SKFLU477727/2025_H3N2,plate15-A/Saskatchewan/SKFLU477727/2025_H3N2,0.001642,interpolated,0.001694,0.001694,interpolated,10,0.8667,0,0.9679,0.07578
human,plate15,flu-seqneut-2026-UWMC-052,A/Saskatchewan/SKFLU490586/2026_H1N1,plate15-A/Saskatchewan/SKFLU490586/2026_H1N1,0.004508,interpolated,0.004816,0.004816,interpolated,4.545,0.87,0,0.9258,0.09503
human,plate15,flu-seqneut-2026-UWMC-052,A/Singapore/GP20238/2024_H3N2,plate15-A/Singapore/GP20238/2024_H3N2,0.0002514,interpolated,0.0003161,0.0003161,interpolated,2.904,0.7572,0,1,0.001716
human,plate15,flu-seqneut-2026-UWMC-052,A/Singapore/KK2768/2025_H1N1,plate15-A/Singapore/KK2768/2025_H1N1,0.004169,interpolated,0.004799,0.004799,interpolated,1.804,0.8878,0,0.9415,0.08055
human,plate15,flu-seqneut-2026-UWMC-052,A/Singapore/MOH0547/2024_H1N1,plate15-A/Singapore/MOH0547/2024_H1N1,0.004816,interpolated,0.004816,0.004816,interpolated,2.347,1,0,0.9996,0.007568
human,plate15,flu-seqneut-2026-UWMC-052,A/Singapore/NTF0577/2025_H3N2,plate15-A/Singapore/NTF0577/2025_H3N2,0.0003431,interpolated,0.0009368,0.0009368,interpolated,1.602,0.6,0,0.8305,0.1093
human,plate15,flu-seqneut-2026-UWMC-052,A/Singapore/SAR8915/2025_H3N2,plate15-A/Singapore/SAR8915/2025_H3N2,0.0002529,interpolated,0.0002845,0.0002845,interpolated,0.9188,0.9488,0,0.8786,0.09889
human,plate15,flu-seqneut-2026-UWMC-052,A/SouthAfrica/NHLS-SU-CERI-C075557/2026_H1N1,plate15-A/SouthAfrica/NHLS-SU-CERI-C075557/2026_H1N1,0.008017,interpolated,0.00842,0.00842,interpolated,1.327,0.9685,0,0.882,0.0975
human,plate15,flu-seqneut-2026-UWMC-052,A/SouthAfrica/NICD-R01647/2026_H1N1,plate15-A/SouthAfrica/NICD-R01647/2026_H1N1,0.009821,interpolated,0.009944,0.009944,interpolated,10,0.9415,0,0.8213,0.1365
human,plate15,flu-seqneut-2026-UWMC-052,A/SouthAfrica/NICD-R01668/2026_H1N1,plate15-A/SouthAfrica/NICD-R01668/2026_H1N1,0.004506,interpolated,0.004506,0.004506,interpolated,1.342,1,0,0.9562,0.07529
human,plate15,flu-seqneut-2026-UWMC-052,A/SouthAfrica/PATH-CERI-C073358/2025_H1N1,plate15-A/SouthAfrica/PATH-CERI-C073358/2025_H1N1,0.003572,interpolated,0.003572,0.003572,interpolated,1.459,1,0,0.9699,0.0636
human,plate15,flu-seqneut-2026-UWMC-052,A/SouthAfrica/PATH-CERI-C073366/2025_H1N1,plate15-A/SouthAfrica/PATH-CERI-C073366/2025_H1N1,0.006164,interpolated,0.006164,0.006164,interpolated,1.256,1,0,0.9747,0.05116
human,plate15,flu-seqneut-2026-UWMC-052,A/SouthAfrica/PATH-CERI-C075119/2026_H1N1,plate15-A/SouthAfrica/PATH-CERI-C075119/2026_H1N1,0.003844,interpolated,0.003844,0.003844,interpolated,0.9581,1,0,0.9761,0.04609
human,plate15,flu-seqneut-2026-UWMC-052,A/SouthAustralia/2605715552/2026_H3N2,plate15-A/SouthAustralia/2605715552/2026_H3N2,0.0007672,interpolated,0.0008087,0.0008087,interpolated,10,0.7952,0,0.92,0.1072
human,plate15,flu-seqneut-2026-UWMC-052,A/SouthCarolina/USAFSAM-17046/2026_H3N2,plate15-A/SouthCarolina/USAFSAM-17046/2026_H3N2,0.0004567,interpolated,0.0004583,0.0004583,interpolated,1.424,0.9976,0,0.9693,0.06384
human,plate15,flu-seqneut-2026-UWMC-052,A/South_Australia/2523812314/2025_H3N2,plate15-A/South_Australia/2523812314/2025_H3N2,0.0003743,interpolated,0.0006473,0.0006473,interpolated,2.407,0.6338,0,0.9696,0.04687
human,plate15,flu-seqneut-2026-UWMC-052,A/South_Australia/2527213276/2025_H3N2,plate15-A/South_Australia/2527213276/2025_H3N2,0.001232,interpolated,0.001334,0.001334,interpolated,10,0.725,0,0.8902,0.1266
human,plate15,flu-seqneut-2026-UWMC-052,A/StPetersburg/RII-25-2042S/2025_H3N2,plate15-A/StPetersburg/RII-25-2042S/2025_H3N2,0.0006029,interpolated,0.0008733,0.0008733,interpolated,1.599,0.7765,0,0.9906,0.03005
human,plate15,flu-seqneut-2026-UWMC-052,A/StPetersburg/RII-25-2321S/2025_H3N2,plate15-A/StPetersburg/RII-25-2321S/2025_H3N2,0.0007294,interpolated,0.0008976,0.0008976,interpolated,3.414,0.7462,0,0.9822,0.04539
human,plate15,flu-seqneut-2026-UWMC-052,A/StPetersburg/RII-25-2506S/2026_H3N2,plate15-A/StPetersburg/RII-25-2506S/2026_H3N2,0.0003518,interpolated,0.0003754,0.0003754,interpolated,2.626,0.9216,0,0.999,0.01134
human,plate15,flu-seqneut-2026-UWMC-052,A/StPetersburg/RII-25-2600S/2026_H3N2,plate15-A/StPetersburg/RII-25-2600S/2026_H3N2,0.000568,interpolated,0.0007398,0.0007398,interpolated,4.721,0.6436,0,0.9277,0.08178
human,plate15,flu-seqneut-2026-UWMC-052,A/Switzerland/UN-SNRCI-HUG-053/2025_H1N1,plate15-A/Switzerland/UN-SNRCI-HUG-053/2025_H1N1,0.009501,interpolated,0.009626,0.009626,interpolated,10,0.9386,0,0.9526,0.07646
human,plate15,flu-seqneut-2026-UWMC-052,A/Sydney/1359/2024_H3N2,plate15-A/Sydney/1359/2024_H3N2,0.0003664,interpolated,0.0003664,0.0003664,interpolated,1.244,1,0,0.9084,0.1059
human,plate15,flu-seqneut-2026-UWMC-052,A/Sydney/50/2026_H1N1,plate15-A/Sydney/50/2026_H1N1,0.01138,interpolated,0.01153,0.01153,interpolated,1.55,0.9902,0,0.9778,0.04049
human,plate15,flu-seqneut-2026-UWMC-052,A/Texas/29/2026_H1N1,plate15-A/Texas/29/2026_H1N1,0.006927,interpolated,0.007392,0.007392,interpolated,1.545,0.9523,0,0.8663,0.116
human,plate15,flu-seqneut-2026-UWMC-052,A/Thailand/8/2022_H3N2,plate15-A/Thailand/8/2022_H3N2,0.0004562,interpolated,0.000476,0.000476,interpolated,1.442,0.9703,0,0.9391,0.08895
human,plate15,flu-seqneut-2026-UWMC-052,A/Thuringen/16/2026_H3N2,plate15-A/Thuringen/16/2026_H3N2,0.000588,interpolated,0.000714,0.000714,interpolated,5.505,0.6717,0,0.9961,0.01926
human,plate15,flu-seqneut-2026-UWMC-052,A/Thuringen/39/2026_H3N2,plate15-A/Thuringen/39/2026_H3N2,0.0006067,interpolated,0.0007016,0.0007016,interpolated,3.749,0.7899,0,0.9037,0.1135
human,plate15,flu-seqneut-2026-UWMC-052,A/Tokyo/EIS11-277/2024_H1N1,plate15-A/Tokyo/EIS11-277/2024_H1N1,0.004684,interpolated,0.005505,0.005505,interpolated,1.33,0.9033,0,0.8573,0.1243
human,plate15,flu-seqneut-2026-UWMC-052,A/Trieste/257/2025_H3N2,plate15-A/Trieste/257/2025_H3N2,0.0003836,interpolated,0.0003836,0.0003836,interpolated,0.8515,1,0,0.9218,0.08294
human,plate15,flu-seqneut-2026-UWMC-052,A/Trieste/380/2026_H3N2,plate15-A/Trieste/380/2026_H3N2,0.000411,interpolated,0.0004243,0.0004243,interpolated,3.688,0.9447,0,0.9931,0.03346
human,plate15,flu-seqneut-2026-UWMC-052,A/Ukraine/5214/2026_H1N1,plate15-A/Ukraine/5214/2026_H1N1,0.008013,interpolated,0.008122,0.008122,interpolated,1.503,0.9899,0,0.9515,0.07024
human,plate15,flu-seqneut-2026-UWMC-052,A/Uppsala/SE26-01293/2026_H1N1,plate15-A/Uppsala/SE26-01293/2026_H1N1,0.0127,interpolated,0.01359,0.01359,interpolated,4.751,0.8632,0,0.7897,0.1386
human,plate15,flu-seqneut-2026-UWMC-052,A/Valencia/VAHNSI_09_02564/2025_H1N1,plate15-A/Valencia/VAHNSI_09_02564/2025_H1N1,0.00444,interpolated,0.004815,0.004815,interpolated,1.649,0.9374,0,0.897,0.1079
human,plate15,flu-seqneut-2026-UWMC-052,A/Victoria/2948/2025_H3N2,plate15-A/Victoria/2948/2025_H3N2,0.0001607,interpolated,0.0001607,0.0001607,interpolated,2.397,1,0,0.9843,0.03878
human,plate15,flu-seqneut-2026-UWMC-052,A/Victoria/4897/2022_IVR-238_H1N1,plate15-A/Victoria/4897/2022_IVR-238_H1N1,0.002031,interpolated,0.002031,0.002031,interpolated,2.839,1,0,0.9845,0.05381
human,plate15,flu-seqneut-2026-UWMC-052,A/Vietnam/F7324/2024_H3N2,plate15-A/Vietnam/F7324/2024_H3N2,0.0006103,interpolated,0.0007895,0.0007895,interpolated,1.151,0.8717,0,0.9402,0.0789
human,plate15,flu-seqneut-2026-UWMC-052,A/Vietnam/PF125413/2025_H1N1,plate15-A/Vietnam/PF125413/2025_H1N1,0.004994,interpolated,0.004994,0.004994,interpolated,1.356,1,0,0.9149,0.106
human,plate15,flu-seqneut-2026-UWMC-052,A/Vietnam/PF126009/2026_H1N1,plate15-A/Vietnam/PF126009/2026_H1N1,0.004209,interpolated,0.00437,0.00437,interpolated,1.416,0.9741,0,0.9942,0.02596
human,plate15,flu-seqneut-2026-UWMC-052,A/Virginia/82/2025_H1N1,plate15-A/Virginia/82/2025_H1N1,0.006633,interpolated,0.006702,0.006702,interpolated,1.717,0.9912,0,0.9699,0.05535
human,plate15,flu-seqneut-2026-UWMC-052,A/Wisconsin/588/2019_H1N1,plate15-A/Wisconsin/588/2019_H1N1,0.001246,interpolated,0.001246,0.001246,interpolated,3.329,1,0,0.9994,0.01062
human,plate15,flu-seqneut-2026-UWMC-052,A/Wisconsin/67/2022_H1N1,plate15-A/Wisconsin/67/2022_H1N1,0.004854,interpolated,0.004854,0.004854,interpolated,1.639,1,0,0.9898,0.03648
human,plate15,flu-seqneut-2026-UWMC-052,A/Zacapa/FLU-012/2025_H1N1,plate15-A/Zacapa/FLU-012/2025_H1N1,0.009431,interpolated,0.01104,0.01104,interpolated,1.192,0.9145,0,0.6974,0.1608
human,plate15,flu-seqneut-2026-UWMC-052,A/Zambia/6-NIC-014/2026_H1N1,plate15-A/Zambia/6-NIC-014/2026_H1N1,0.007773,interpolated,0.007917,0.007917,interpolated,2.26,0.9797,0,0.9752,0.05242
human,plate15,flu-seqneut-2026-UWMC-052,A/Zambia/7-NIC-313/2026_H1N1,plate15-A/Zambia/7-NIC-313/2026_H1N1,0.008254,interpolated,0.008555,0.008555,interpolated,5.677,0.9082,0,0.8982,0.1118
human,plate15,flu-seqneut-2026-UWMC-053,A/Andalucia/PMC-00977/2025_H1N1,plate15-A/Andalucia/PMC-00977/2025_H1N1,0.01361,interpolated,0.01383,0.01383,interpolated,2.227,0.9821,0,0.9651,0.04955
human,plate15,flu-seqneut-2026-UWMC-053,A/Andalucia/PMC-01217/2025_H1N1,plate15-A/Andalucia/PMC-01217/2025_H1N1,0.01053,interpolated,0.01053,0.01053,interpolated,3.002,1,0,0.9755,0.04871
human,plate15,flu-seqneut-2026-UWMC-053,A/Andalucia/PMC-01495/2025_H1N1,plate15-A/Andalucia/PMC-01495/2025_H1N1,0.01319,interpolated,0.01439,0.01439,interpolated,1.667,0.9325,0,0.9027,0.07597
human,plate15,flu-seqneut-2026-UWMC-053,A/Arizona/40/2026_H1N1,plate15-A/Arizona/40/2026_H1N1,0.01571,interpolated,0.01571,0.01571,interpolated,2.378,1,0,0.9921,0.02235
human,plate15,flu-seqneut-2026-UWMC-053,A/Astrakhan/RII-MH273373S/2025_H3N2,plate15-A/Astrakhan/RII-MH273373S/2025_H3N2,0.0006413,interpolated,0.0006413,0.0006413,interpolated,1.462,1,0,0.9921,0.03412
human,plate15,flu-seqneut-2026-UWMC-053,A/Asturias/232590913/2025_H1N1,plate15-A/Asturias/232590913/2025_H1N1,0.008329,interpolated,0.008329,0.008329,interpolated,1.565,1,0,0.9686,0.05479
human,plate15,flu-seqneut-2026-UWMC-053,A/Badajoz/18738342/2026_H3N2,plate15-A/Badajoz/18738342/2026_H3N2,0.001029,interpolated,0.00108,0.00108,interpolated,4.204,0.9079,0,0.9706,0.07186
human,plate15,flu-seqneut-2026-UWMC-053,A/Badajoz/18811358/2026_H3N2,plate15-A/Badajoz/18811358/2026_H3N2,0.0008495,interpolated,0.001059,0.001059,interpolated,3.818,0.7152,0,0.9619,0.0643
human,plate15,flu-seqneut-2026-UWMC-053,A/Badajoz/18813527/2026_H3N2,plate15-A/Badajoz/18813527/2026_H3N2,0.001534,interpolated,0.001626,0.001626,interpolated,10,0.78,0,0.9355,0.1002
human,plate15,flu-seqneut-2026-UWMC-053,A/Bangkok/P2390/2025_H3N2,plate15-A/Bangkok/P2390/2025_H3N2,0.001021,interpolated,0.001114,0.001114,interpolated,3.397,0.8709,0,0.9687,0.07039
human,plate15,flu-seqneut-2026-UWMC-053,A/Bangkok/P2391/2025_H3N2,plate15-A/Bangkok/P2391/2025_H3N2,0.00106,interpolated,0.001089,0.001089,interpolated,4.048,0.9482,0,0.9971,0.02366
human,plate15,flu-seqneut-2026-UWMC-053,A/Blaenavon/6687/2026_H3N2,plate15-A/Blaenavon/6687/2026_H3N2,0.001437,interpolated,0.001437,0.001437,interpolated,1.185,1,0,0.9725,0.06049
human,plate15,flu-seqneut-2026-UWMC-053,A/Bolivia/OR5702/2025_H3N2,plate15-A/Bolivia/OR5702/2025_H3N2,0.001475,interpolated,0.001658,0.001658,interpolated,2.367,0.879,0,0.9753,0.05753
human,plate15,flu-seqneut-2026-UWMC-053,A/BritishColumbia/RV00022-26/2025_H1N1,plate15-A/BritishColumbia/RV00022-26/2025_H1N1,0.01222,interpolated,0.0124,0.0124,interpolated,1.39,0.9898,0,0.9225,0.06923
human,plate15,flu-seqneut-2026-UWMC-053,A/BritishColumbia/RV00279-26/2025_H3N2,plate15-A/BritishColumbia/RV00279-26/2025_H3N2,0.001335,interpolated,0.001421,0.001421,interpolated,4.626,0.8753,0,0.9824,0.05496
human,plate15,flu-seqneut-2026-UWMC-053,A/BritishColumbia/RV01350-26/2026_H1N1,plate15-A/BritishColumbia/RV01350-26/2026_H1N1,0.01559,interpolated,0.01572,0.01572,interpolated,1.687,0.9932,0,0.9247,0.06481
human,plate15,flu-seqneut-2026-UWMC-053,A/BritishColumbia/RV05508-25/2025_H1N1,plate15-A/BritishColumbia/RV05508-25/2025_H1N1,0.007562,interpolated,0.007562,0.007562,interpolated,1.533,1,0,0.997,0.01717
human,plate15,flu-seqneut-2026-UWMC-053,A/California/GKISBBBH79910/2026_H3N2,plate15-A/California/GKISBBBH79910/2026_H3N2,0.001304,interpolated,0.001498,0.001498,interpolated,4.592,0.7639,0,0.9122,0.1109
human,plate15,flu-seqneut-2026-UWMC-053,A/California/NIRC-IS-1019/2026_H1N1,plate15-A/California/NIRC-IS-1019/2026_H1N1,0.008972,interpolated,0.00932,0.00932,interpolated,1.451,0.9731,0,0.9757,0.04403
human,plate15,flu-seqneut-2026-UWMC-053,A/California/NIRC-IS-1059/2026_H3N2,plate15-A/California/NIRC-IS-1059/2026_H3N2,0.001511,interpolated,0.00164,0.00164,interpolated,10,0.7207,0,0.8848,0.1269
human,plate15,flu-seqneut-2026-UWMC-053,A/California/NIRC-IS-1067/2026_H3N2,plate15-A/California/NIRC-IS-1067/2026_H3N2,0.000636,interpolated,0.0007561,0.0007561,interpolated,1.913,0.8592,0,0.9781,0.05283
human,plate15,flu-seqneut-2026-UWMC-053,A/California/NIRC-IS-1356/2025_H1N1,plate15-A/California/NIRC-IS-1356/2025_H1N1,0.006227,interpolated,0.006441,0.006441,interpolated,1.691,0.9723,0,0.9774,0.04886
human,plate15,flu-seqneut-2026-UWMC-053,A/Castellon/VAHNSI_02_02400/2025_H3N2,plate15-A/Castellon/VAHNSI_02_02400/2025_H3N2,0.0009467,interpolated,0.001091,0.001091,interpolated,2.689,0.8414,0,0.9574,0.07858
human,plate15,flu-seqneut-2026-UWMC-053,A/Colombia/1851/2024_H3N2,plate15-A/Colombia/1851/2024_H3N2,0.0006733,interpolated,0.0008097,0.0008097,interpolated,1.955,0.8486,0,0.9337,0.09449
human,plate15,flu-seqneut-2026-UWMC-053,A/Colorado/218/2024_H1N1,plate15-A/Colorado/218/2024_H1N1,0.007478,interpolated,0.007936,0.007936,interpolated,1.641,0.9535,0,0.8967,0.09669
human,plate15,flu-seqneut-2026-UWMC-053,A/Connecticut/5/2026_H3N2,plate15-A/Connecticut/5/2026_H3N2,0.00173,interpolated,0.001797,0.001797,interpolated,10,0.8416,0,0.9629,0.07864
human,plate15,flu-seqneut-2026-UWMC-053,A/Croatia/10136RV/2023_H3N2,plate15-A/Croatia/10136RV/2023_H3N2,8.232e-05,interpolated,0.0003872,0.0003872,interpolated,1.04,0.6,0,0.9456,0.04366
human,plate15,flu-seqneut-2026-UWMC-053,A/Darwin/1415/2025_H3N2,plate15-A/Darwin/1415/2025_H3N2,0.0006726,interpolated,0.00101,0.00101,interpolated,2.202,0.7042,0,0.9171,0.09095
human,plate15,flu-seqneut-2026-UWMC-053,A/Darwin/1454/2025_H3N2,plate15-A/Darwin/1454/2025_H3N2,0.0003305,interpolated,0.0003916,0.0003916,interpolated,1.488,0.8884,0,0.9832,0.04099
human,plate15,flu-seqneut-2026-UWMC-053,A/Denmark/3940/2025_H3N2,plate15-A/Denmark/3940/2025_H3N2,0.0004336,interpolated,0.0004338,0.0004338,interpolated,1.104,0.9998,0,0.9442,0.07959
human,plate15,flu-seqneut-2026-UWMC-053,A/Denmark/4547/2025_H1N1,plate15-A/Denmark/4547/2025_H1N1,0.01398,interpolated,0.01481,0.01481,interpolated,1.675,0.9538,0,0.9435,0.05716
human,plate15,flu-seqneut-2026-UWMC-053,A/Denmark/4774/2025_H1N1,plate15-A/Denmark/4774/2025_H1N1,0.007535,interpolated,0.007807,0.007807,interpolated,1.518,0.9738,0,0.9054,0.09287
human,plate15,flu-seqneut-2026-UWMC-053,A/District_Of_Columbia/27/2023_H3N2,plate15-A/District_Of_Columbia/27/2023_H3N2,0.0004311,interpolated,0.0004311,0.0004311,interpolated,1.086,1,0,0.8894,0.1165
human,plate15,flu-seqneut-2026-UWMC-053,A/Distrito_Federal/250106000728/2025_H3N2,plate15-A/Distrito_Federal/250106000728/2025_H3N2,0.001489,interpolated,0.001805,0.001805,interpolated,4.128,0.7257,0,0.9682,0.058
human,plate15,flu-seqneut-2026-UWMC-053,A/England/1893256/2026_H1N1,plate15-A/England/1893256/2026_H1N1,0.00827,interpolated,0.00827,0.00827,interpolated,1.261,1,0,0.9904,0.02843
human,plate15,flu-seqneut-2026-UWMC-053,A/Florida/ISC-1069/2026_H3N2,plate15-A/Florida/ISC-1069/2026_H3N2,0.001045,interpolated,0.001204,0.001204,interpolated,3.642,0.7983,0,0.9254,0.1035
human,plate15,flu-seqneut-2026-UWMC-053,A/France/ARA-HCL025195259501/2025_H1N1,plate15-A/France/ARA-HCL025195259501/2025_H1N1,0.01275,interpolated,0.01288,0.01288,interpolated,1.25,0.9936,0,0.9468,0.05778
human,plate15,flu-seqneut-2026-UWMC-053,A/France/ARA-HCL026031894402/2026_H3N2,plate15-A/France/ARA-HCL026031894402/2026_H3N2,0.0004623,interpolated,0.0006115,0.0006115,interpolated,1.392,0.8388,0,0.948,0.07344
human,plate15,flu-seqneut-2026-UWMC-053,A/France/GES-IPP00659/2026_H1N1,plate15-A/France/GES-IPP00659/2026_H1N1,0.01261,interpolated,0.01261,0.01261,interpolated,1.236,1,0,0.9919,0.02199
human,plate15,flu-seqneut-2026-UWMC-053,A/France/GES-IPP01077/2026_H3N2,plate15-A/France/GES-IPP01077/2026_H3N2,0.0009409,interpolated,0.0009664,0.0009664,interpolated,2.715,0.965,0,0.9769,0.06426
human,plate15,flu-seqneut-2026-UWMC-053,A/France/HDF-IPP01550/2026_H3N2,plate15-A/France/HDF-IPP01550/2026_H3N2,0.001361,interpolated,0.001556,0.001556,interpolated,2.974,0.8357,0,0.9297,0.1005
human,plate15,flu-seqneut-2026-UWMC-053,A/France/HDF-RELAB-IPP00300/2026_H3N2,plate15-A/France/HDF-RELAB-IPP00300/2026_H3N2,0.000676,interpolated,0.001069,0.001069,interpolated,3.295,0.6104,0,0.942,0.06689
human,plate15,flu-seqneut-2026-UWMC-053,A/France/HDF-RELAB-IPP00303/2026_H3N2,plate15-A/France/HDF-RELAB-IPP00303/2026_H3N2,0.001317,interpolated,0.001462,0.001462,interpolated,6.244,0.7604,0,0.9699,0.06377
human,plate15,flu-seqneut-2026-UWMC-053,A/France/HDF-RELAB-IPP07969/2025_H1N1,plate15-A/France/HDF-RELAB-IPP07969/2025_H1N1,0.01472,interpolated,0.01479,0.01479,interpolated,1.332,0.997,0,0.9646,0.04358
human,plate15,flu-seqneut-2026-UWMC-053,A/France/NAQ-HCL026010957001/2026_H3N2,plate15-A/France/NAQ-HCL026010957001/2026_H3N2,0.0004485,interpolated,0.0004485,0.0004485,interpolated,1.011,1,0,0.9054,0.1039
human,plate15,flu-seqneut-2026-UWMC-053,A/France/NAQ-HCL026046169102/2025_H1N1,plate15-A/France/NAQ-HCL026046169102/2025_H1N1,0.008391,interpolated,0.008391,0.008391,interpolated,1.328,1,0,0.9414,0.07441
human,plate15,flu-seqneut-2026-UWMC-053,A/France/OCC-HCL026013263701/2026_H3N2,plate15-A/France/OCC-HCL026013263701/2026_H3N2,0.00142,interpolated,0.001608,0.001608,interpolated,4.402,0.7897,0,0.9123,0.1113
human,plate15,flu-seqneut-2026-UWMC-053,A/France/PAC-RELAB-HCL026021993801/2026_H3N2,plate15-A/France/PAC-RELAB-HCL026021993801/2026_H3N2,0.0008384,interpolated,0.0009348,0.0009348,interpolated,2.904,0.8646,0,0.9684,0.06934
human,plate15,flu-seqneut-2026-UWMC-053,A/Galicia/GA-CHUAC-451/2025_H3N2,plate15-A/Galicia/GA-CHUAC-451/2025_H3N2,0.0004481,interpolated,0.0004481,0.0004481,interpolated,1.428,1,0,0.9771,0.05527
human,plate15,flu-seqneut-2026-UWMC-053,A/Galicia/GA-CHUAC-612/2025_H1N1,plate15-A/Galicia/GA-CHUAC-612/2025_H1N1,0.01041,interpolated,0.01048,0.01048,interpolated,4.662,0.9839,0,0.9816,0.04457
human,plate15,flu-seqneut-2026-UWMC-053,A/Germany/LRMC_0104/2025_H3N2,plate15-A/Germany/LRMC_0104/2025_H3N2,0.0008444,interpolated,0.0009725,0.0009725,interpolated,2.558,0.8484,0,0.946,0.088
human,plate15,flu-seqneut-2026-UWMC-053,A/Germany/LRMC_0113/2025_H3N2,plate15-A/Germany/LRMC_0113/2025_H3N2,0.001021,interpolated,0.00124,0.00124,interpolated,4.233,0.7196,0,0.9683,0.06054
human,plate15,flu-seqneut-2026-UWMC-053,A/Hawaii/70/2019_H1N1,plate15-A/Hawaii/70/2019_H1N1,0.01233,interpolated,0.01233,0.01233,interpolated,2.074,1,0,0.9428,0.06644
human,plate15,flu-seqneut-2026-UWMC-053,A/Hawaii/ISC-1140/2025_H1N1,plate15-A/Hawaii/ISC-1140/2025_H1N1,0.009983,interpolated,0.01007,0.01007,interpolated,10,0.9594,0,0.9476,0.07775
human,plate15,flu-seqneut-2026-UWMC-053,A/Hessen/18/2026_H1N1,plate15-A/Hessen/18/2026_H1N1,0.01658,interpolated,0.01773,0.01773,interpolated,3.4,0.8982,0,0.8307,0.1014
human,plate15,flu-seqneut-2026-UWMC-053,A/Ireland/91576/2025_H3N2,plate15-A/Ireland/91576/2025_H3N2,0.0006959,interpolated,0.001049,0.001049,interpolated,3.661,0.6112,0,0.9073,0.08675
human,plate15,flu-seqneut-2026-UWMC-053,A/Kentucky/80/2025_H1N1,plate15-A/Kentucky/80/2025_H1N1,0.01432,interpolated,0.01432,0.01432,interpolated,1.313,1,0,0.9591,0.04751
human,plate15,flu-seqneut-2026-UWMC-053,A/Lisboa/216/2023_H3N2,plate15-A/Lisboa/216/2023_H3N2,0.0002742,interpolated,0.0004172,0.0004172,interpolated,2.541,0.6721,0,0.9947,0.01976
human,plate15,flu-seqneut-2026-UWMC-053,A/Luxembourg/LNS9132577/2026_H3N2,plate15-A/Luxembourg/LNS9132577/2026_H3N2,0.001423,interpolated,0.001492,0.001492,interpolated,7.073,0.8571,0,0.9762,0.06493
human,plate15,flu-seqneut-2026-UWMC-053,A/Maine/25/2026_H1N1,plate15-A/Maine/25/2026_H1N1,0.02037,interpolated,0.02079,0.02079,interpolated,7.492,0.9291,0,0.8009,0.1223
human,plate15,flu-seqneut-2026-UWMC-053,A/Malaysia/IMR/SARI/2406/2025_H3N2,plate15-A/Malaysia/IMR/SARI/2406/2025_H3N2,0.0008245,interpolated,0.001091,0.001091,interpolated,1.67,0.8134,0,0.9555,0.07088
human,plate15,flu-seqneut-2026-UWMC-053,A/Massachusetts/18/2022_H3N2,plate15-A/Massachusetts/18/2022_H3N2,0.000265,interpolated,0.0004471,0.0004471,interpolated,1.206,0.766,0,0.9402,0.06515
human,plate15,flu-seqneut-2026-UWMC-053,A/Massachusetts/ISC-1856/2025_H3N2,plate15-A/Massachusetts/ISC-1856/2025_H3N2,0.0004256,interpolated,0.00048,0.00048,interpolated,1.274,0.929,0,0.9614,0.06506
human,plate15,flu-seqneut-2026-UWMC-053,A/Mauritius/26000203/2026_H1N1,plate15-A/Mauritius/26000203/2026_H1N1,0.008534,interpolated,0.009579,0.009579,interpolated,1.458,0.9226,0,0.8632,0.1062
human,plate15,flu-seqneut-2026-UWMC-053,A/Michigan/8/2026_H3N2,plate15-A/Michigan/8/2026_H3N2,0.001017,interpolated,0.001199,0.001199,interpolated,3.671,0.7727,0,0.9202,0.1039
human,plate15,flu-seqneut-2026-UWMC-053,A/Michigan/UM-10068071276/2025_H3N2,plate15-A/Michigan/UM-10068071276/2025_H3N2,0.001119,interpolated,0.001427,0.001427,interpolated,1.535,0.8443,0,0.855,0.1364
human,plate15,flu-seqneut-2026-UWMC-053,A/Michigan/UM-10068134090/2025_H3N2,plate15-A/Michigan/UM-10068134090/2025_H3N2,0.000265,interpolated,0.000265,0.000265,interpolated,0.9219,1,0,0.8177,0.1322
human,plate15,flu-seqneut-2026-UWMC-053,A/Michigan/UM-10068449788/2025_H3N2,plate15-A/Michigan/UM-10068449788/2025_H3N2,0.0008315,interpolated,0.0008641,0.0008641,interpolated,10,0.8403,0,0.9371,0.09828
human,plate15,flu-seqneut-2026-UWMC-053,A/Michigan/UM-10068456988/2025_H3N2,plate15-A/Michigan/UM-10068456988/2025_H3N2,0.001739,interpolated,0.00178,0.00178,interpolated,10,0.8951,0,0.9737,0.06858
human,plate15,flu-seqneut-2026-UWMC-053,A/Michigan/UM-10068747355/2026_H3N2,plate15-A/Michigan/UM-10068747355/2026_H3N2,0.0008419,interpolated,0.0008759,0.0008759,interpolated,10,0.8365,0,0.9396,0.09235
human,plate15,flu-seqneut-2026-UWMC-053,A/MinasGerais/410/2026_H1N1,plate15-A/MinasGerais/410/2026_H1N1,0.01024,interpolated,0.01111,0.01111,interpolated,1.209,0.9528,0,0.9084,0.0784
human,plate15,flu-seqneut-2026-UWMC-053,A/MinasGerais/671/2026_H1N1,plate15-A/MinasGerais/671/2026_H1N1,0.01825,interpolated,0.01868,0.01868,interpolated,3.234,0.9635,0,0.9441,0.05559
human,plate15,flu-seqneut-2026-UWMC-053,A/Mississippi/20/2026_H1N1,plate15-A/Mississippi/20/2026_H1N1,0.0166,interpolated,0.01699,0.01699,interpolated,1.821,0.9792,0,0.9336,0.05805
human,plate15,flu-seqneut-2026-UWMC-053,A/Missouri/11/2025_cell_H1N1,plate15-A/Missouri/11/2025_cell_H1N1,0.01332,interpolated,0.01382,0.01382,interpolated,7.908,0.874,0,0.7673,0.1556
human,plate15,flu-seqneut-2026-UWMC-053,A/Missouri/11/2025_egg_H1N1,plate15-A/Missouri/11/2025_egg_H1N1,0.00759,interpolated,0.00759,0.00759,interpolated,2.735,1,0,0.9989,0.01222
human,plate15,flu-seqneut-2026-UWMC-053,A/Missouri/NIRC-AV-1003/2025_H3N2,plate15-A/Missouri/NIRC-AV-1003/2025_H3N2,0.0008504,interpolated,0.0008935,0.0008935,interpolated,10,0.805,0,0.9889,0.03949
human,plate15,flu-seqneut-2026-UWMC-053,A/Montana/51/2025_H3N2,plate15-A/Montana/51/2025_H3N2,0.0005114,interpolated,0.0005793,0.0005793,interpolated,1.21,0.93,0,0.8858,0.1188
human,plate15,flu-seqneut-2026-UWMC-053,A/NakhonPhanom/P495/2026_H3N2,plate15-A/NakhonPhanom/P495/2026_H3N2,0.001563,interpolated,0.001642,0.001642,interpolated,10,0.8049,0,0.88,0.1436
human,plate15,flu-seqneut-2026-UWMC-053,A/Navarra/260009/2025_H3N2,plate15-A/Navarra/260009/2025_H3N2,0.001453,interpolated,0.001545,0.001545,interpolated,10,0.7702,0,0.9423,0.09372
human,plate15,flu-seqneut-2026-UWMC-053,A/Nebraska/34/2026_H1N1,plate15-A/Nebraska/34/2026_H1N1,0.008076,interpolated,0.008076,0.008076,interpolated,1.154,1,0,0.9102,0.08858
human,plate15,flu-seqneut-2026-UWMC-053,A/Netherlands/10008/2026_H1N1,plate15-A/Netherlands/10008/2026_H1N1,0.01195,interpolated,0.01236,0.01236,interpolated,1.937,0.9683,0,0.955,0.05762
human,plate15,flu-seqneut-2026-UWMC-053,A/Netherlands/2398/2025_H1N1,plate15-A/Netherlands/2398/2025_H1N1,0.02032,interpolated,0.02048,0.02048,interpolated,5.722,0.9781,0,0.9699,0.043
human,plate15,flu-seqneut-2026-UWMC-053,A/Netherlands/543/2026_H1N1,plate15-A/Netherlands/543/2026_H1N1,0.02089,interpolated,0.02152,0.02152,interpolated,10,0.8714,0,0.8104,0.1141
human,plate15,flu-seqneut-2026-UWMC-053,A/Netherlands/864/2026_H1N1,plate15-A/Netherlands/864/2026_H1N1,0.01565,interpolated,0.01651,0.01651,interpolated,1.183,0.9693,0,0.901,0.06777
human,plate15,flu-seqneut-2026-UWMC-053,A/Netherlands/888/2026_H3N2,plate15-A/Netherlands/888/2026_H3N2,0.0007474,interpolated,0.000784,0.000784,interpolated,1.221,0.9717,0,0.956,0.07619
human,plate15,flu-seqneut-2026-UWMC-053,A/Netherlands/968/2026_H3N2,plate15-A/Netherlands/968/2026_H3N2,0.001716,interpolated,0.001871,0.001871,interpolated,10,0.7109,0,0.9703,0.05748
human,plate15,flu-seqneut-2026-UWMC-053,A/NewBrunswick/NBPHLFLUA10B-MM00057R/2026_H1N1,plate15-A/NewBrunswick/NBPHLFLUA10B-MM00057R/2026_H1N1,0.01405,interpolated,0.01422,0.01422,interpolated,4.345,0.9747,0,0.9702,0.05248
human,plate15,flu-seqneut-2026-UWMC-053,A/NewYork/NIRC-IS-1086/2026_H3N2,plate15-A/NewYork/NIRC-IS-1086/2026_H3N2,0.0003756,interpolated,0.0008811,0.0008811,interpolated,1.888,0.6,0,0.9428,0.06102
human,plate15,flu-seqneut-2026-UWMC-053,A/NordrheinWestfalen/54/2026_H3N2,plate15-A/NordrheinWestfalen/54/2026_H3N2,0.001255,interpolated,0.001415,0.001415,interpolated,5.555,0.7575,0,0.9004,0.1201
human,plate15,flu-seqneut-2026-UWMC-053,A/NordrheinWestfalen/96/2026_H1N1,plate15-A/NordrheinWestfalen/96/2026_H1N1,0.01409,interpolated,0.01459,0.01459,interpolated,2.238,0.9628,0,0.8822,0.09067
human,plate15,flu-seqneut-2026-UWMC-053,A/Norway/9556/2025_H1N1,plate15-A/Norway/9556/2025_H1N1,0.007253,interpolated,0.007556,0.007556,interpolated,1.567,0.9689,0,0.8842,0.1035
human,plate15,flu-seqneut-2026-UWMC-053,A/NovaScotia/25-365-06099/2025_H3N2,plate15-A/NovaScotia/25-365-06099/2025_H3N2,0.0003357,interpolated,0.000339,0.000339,interpolated,1.215,0.9942,0,0.9967,0.01827
human,plate15,flu-seqneut-2026-UWMC-053,A/Ohio/259/2024_H1N1,plate15-A/Ohio/259/2024_H1N1,0.004556,interpolated,0.004613,0.004613,interpolated,10,0.9415,0,0.9645,0.07838
human,plate15,flu-seqneut-2026-UWMC-053,A/Ontario/PHL202550193/2025_H3N2,plate15-A/Ontario/PHL202550193/2025_H3N2,0.001903,interpolated,0.001981,0.001981,interpolated,10,0.8342,0,0.8893,0.1338
human,plate15,flu-seqneut-2026-UWMC-053,A/Oregon/81/2025_H3N2,plate15-A/Oregon/81/2025_H3N2,0.0009401,interpolated,0.001037,0.001037,interpolated,3.108,0.8686,0,0.9445,0.09334
human,plate15,flu-seqneut-2026-UWMC-053,A/PaisVasco/70369726/2026_H1N1,plate15-A/PaisVasco/70369726/2026_H1N1,0.01288,interpolated,0.01294,0.01294,interpolated,1.728,0.996,0,0.9242,0.07694
human,plate15,flu-seqneut-2026-UWMC-053,A/Parana/416133590/2026_H3N2,plate15-A/Parana/416133590/2026_H3N2,0.002211,interpolated,0.002488,0.002488,interpolated,3.82,0.8189,0,0.8936,0.1254
human,plate15,flu-seqneut-2026-UWMC-053,A/Peru/ANC-INS-062/2026_H3N2,plate15-A/Peru/ANC-INS-062/2026_H3N2,0.0004702,interpolated,0.0004702,0.0004702,interpolated,2.836,1,0,0.9973,0.02176
human,plate15,flu-seqneut-2026-UWMC-053,A/Rhode_Island/11/2026_H1N1,plate15-A/Rhode_Island/11/2026_H1N1,0.009822,interpolated,0.0112,0.0112,interpolated,1.37,0.9178,0,0.8173,0.1124
human,plate15,flu-seqneut-2026-UWMC-053,A/RiodeJaneiro/331/2026_H3N2,plate15-A/RiodeJaneiro/331/2026_H3N2,0.00184,interpolated,0.001899,0.001899,interpolated,10,0.865,0,0.9591,0.08035
human,plate15,flu-seqneut-2026-UWMC-053,A/Romania/612042/2026_H3N2,plate15-A/Romania/612042/2026_H3N2,0.0005473,interpolated,0.0005473,0.0005473,interpolated,1.178,1,0,0.9658,0.06554
human,plate15,flu-seqneut-2026-UWMC-053,A/SantaCatarina/508/2026_H3N2,plate15-A/SantaCatarina/508/2026_H3N2,0.0006582,interpolated,0.0007705,0.0007705,interpolated,1.513,0.894,0,0.9296,0.097
human,plate15,flu-seqneut-2026-UWMC-053,A/Saskatchewan/SKFLU477299/2025_H3N2,plate15-A/Saskatchewan/SKFLU477299/2025_H3N2,0.0006545,interpolated,0.0006914,0.0006914,interpolated,1.544,0.9595,0,0.9583,0.07855
human,plate15,flu-seqneut-2026-UWMC-053,A/Saskatchewan/SKFLU477727/2025_H3N2,plate15-A/Saskatchewan/SKFLU477727/2025_H3N2,0.001015,interpolated,0.001108,0.001108,interpolated,3.534,0.8675,0,0.9954,0.02669
human,plate15,flu-seqneut-2026-UWMC-053,A/Saskatchewan/SKFLU490586/2026_H1N1,plate15-A/Saskatchewan/SKFLU490586/2026_H1N1,0.006385,interpolated,0.006385,0.006385,interpolated,0.9599,1,0,0.8934,0.09703
human,plate15,flu-seqneut-2026-UWMC-053,A/Singapore/GP20238/2024_H3N2,plate15-A/Singapore/GP20238/2024_H3N2,0.000328,interpolated,0.000328,0.000328,interpolated,2.127,1,0,0.982,0.05064
human,plate15,flu-seqneut-2026-UWMC-053,A/Singapore/KK2768/2025_H1N1,plate15-A/Singapore/KK2768/2025_H1N1,0.006332,interpolated,0.006332,0.006332,interpolated,0.8631,1,0,0.8929,0.09469
human,plate15,flu-seqneut-2026-UWMC-053,A/Singapore/MOH0547/2024_H1N1,plate15-A/Singapore/MOH0547/2024_H1N1,0.008061,interpolated,0.008447,0.008447,interpolated,1.748,0.9608,0,0.8745,0.1181
human,plate15,flu-seqneut-2026-UWMC-053,A/Singapore/NTF0577/2025_H3N2,plate15-A/Singapore/NTF0577/2025_H3N2,0.000374,interpolated,0.000374,0.000374,interpolated,1.242,1,0,0.9456,0.08068
human,plate15,flu-seqneut-2026-UWMC-053,A/Singapore/SAR8915/2025_H3N2,plate15-A/Singapore/SAR8915/2025_H3N2,0.0004011,interpolated,0.0004011,0.0004011,interpolated,0.9444,1,0,0.8887,0.1084
human,plate15,flu-seqneut-2026-UWMC-053,A/SouthAfrica/NHLS-SU-CERI-C075557/2026_H1N1,plate15-A/SouthAfrica/NHLS-SU-CERI-C075557/2026_H1N1,0.01143,interpolated,0.01148,0.01148,interpolated,2.668,0.9945,0,0.9965,0.01832
human,plate15,flu-seqneut-2026-UWMC-053,A/SouthAfrica/NICD-R01647/2026_H1N1,plate15-A/SouthAfrica/NICD-R01647/2026_H1N1,0.01381,interpolated,0.01381,0.01381,interpolated,1.792,1,0,0.9871,0.02928
human,plate15,flu-seqneut-2026-UWMC-053,A/SouthAfrica/NICD-R01668/2026_H1N1,plate15-A/SouthAfrica/NICD-R01668/2026_H1N1,0.007485,interpolated,0.007651,0.007651,interpolated,1.667,0.982,0,0.9345,0.08215
human,plate15,flu-seqneut-2026-UWMC-053,A/SouthAfrica/PATH-CERI-C073358/2025_H1N1,plate15-A/SouthAfrica/PATH-CERI-C073358/2025_H1N1,0.01128,interpolated,0.01161,0.01161,interpolated,3.805,0.9477,0,0.9408,0.07397
human,plate15,flu-seqneut-2026-UWMC-053,A/SouthAfrica/PATH-CERI-C073366/2025_H1N1,plate15-A/SouthAfrica/PATH-CERI-C073366/2025_H1N1,0.01732,interpolated,0.01746,0.01746,interpolated,2.651,0.9892,0,0.9841,0.03014
human,plate15,flu-seqneut-2026-UWMC-053,A/SouthAfrica/PATH-CERI-C075119/2026_H1N1,plate15-A/SouthAfrica/PATH-CERI-C075119/2026_H1N1,0.01004,interpolated,0.01019,0.01019,interpolated,3.382,0.9755,0,0.9481,0.07049
human,plate15,flu-seqneut-2026-UWMC-053,A/SouthAustralia/2605715552/2026_H3N2,plate15-A/SouthAustralia/2605715552/2026_H3N2,0.001667,interpolated,0.001849,0.001849,interpolated,10,0.6765,0,0.8935,0.11
human,plate15,flu-seqneut-2026-UWMC-053,A/SouthCarolina/USAFSAM-17046/2026_H3N2,plate15-A/SouthCarolina/USAFSAM-17046/2026_H3N2,0.001627,interpolated,0.00167,0.00167,interpolated,4.108,0.949,0,0.9894,0.04503
human,plate15,flu-seqneut-2026-UWMC-053,A/South_Australia/2523812314/2025_H3N2,plate15-A/South_Australia/2523812314/2025_H3N2,0.0007197,interpolated,0.0008121,0.0008121,interpolated,10,0.6494,0,0.9593,0.06048
human,plate15,flu-seqneut-2026-UWMC-053,A/South_Australia/2527213276/2025_H3N2,plate15-A/South_Australia/2527213276/2025_H3N2,0.0006962,interpolated,0.0009462,0.0009462,interpolated,3.259,0.684,0,0.9929,0.02618
human,plate15,flu-seqneut-2026-UWMC-053,A/StPetersburg/RII-25-2042S/2025_H3N2,plate15-A/StPetersburg/RII-25-2042S/2025_H3N2,0.00168,interpolated,0.001752,0.001752,interpolated,10,0.8287,0,0.9416,0.09865
human,plate15,flu-seqneut-2026-UWMC-053,A/StPetersburg/RII-25-2321S/2025_H3N2,plate15-A/StPetersburg/RII-25-2321S/2025_H3N2,0.0007605,interpolated,0.0008972,0.0008972,interpolated,2.392,0.8367,0,0.971,0.06213
human,plate15,flu-seqneut-2026-UWMC-053,A/StPetersburg/RII-25-2506S/2026_H3N2,plate15-A/StPetersburg/RII-25-2506S/2026_H3N2,0.001856,interpolated,0.001967,0.001967,interpolated,2.533,0.9314,0,0.9926,0.03483
human,plate15,flu-seqneut-2026-UWMC-053,A/StPetersburg/RII-25-2600S/2026_H3N2,plate15-A/StPetersburg/RII-25-2600S/2026_H3N2,0.0006181,interpolated,0.0007385,0.0007385,interpolated,1.53,0.8808,0,0.9458,0.08292
human,plate15,flu-seqneut-2026-UWMC-053,A/Switzerland/UN-SNRCI-HUG-053/2025_H1N1,plate15-A/Switzerland/UN-SNRCI-HUG-053/2025_H1N1,0.0106,interpolated,0.01068,0.01068,interpolated,10,0.9633,0,0.9796,0.04738
human,plate15,flu-seqneut-2026-UWMC-053,A/Sydney/1359/2024_H3N2,plate15-A/Sydney/1359/2024_H3N2,0.0003526,interpolated,0.0003526,0.0003526,interpolated,1.215,1,0,0.9308,0.0902
human,plate15,flu-seqneut-2026-UWMC-053,A/Sydney/50/2026_H1N1,plate15-A/Sydney/50/2026_H1N1,0.017,interpolated,0.017,0.017,interpolated,1.375,1,0,0.9986,0.008103
human,plate15,flu-seqneut-2026-UWMC-053,A/Texas/29/2026_H1N1,plate15-A/Texas/29/2026_H1N1,0.008778,interpolated,0.008778,0.008778,interpolated,1.533,1,0,0.9876,0.03359
human,plate15,flu-seqneut-2026-UWMC-053,A/Thailand/8/2022_H3N2,plate15-A/Thailand/8/2022_H3N2,0.0004418,interpolated,0.000532,0.000532,interpolated,3.562,0.758,0,0.9868,0.03796
human,plate15,flu-seqneut-2026-UWMC-053,A/Thuringen/16/2026_H3N2,plate15-A/Thuringen/16/2026_H3N2,0.001015,interpolated,0.001173,0.001173,interpolated,6.36,0.6992,0,0.8664,0.1316
human,plate15,flu-seqneut-2026-UWMC-053,A/Thuringen/39/2026_H3N2,plate15-A/Thuringen/39/2026_H3N2,0.001298,interpolated,0.00141,0.00141,interpolated,4.162,0.855,0,0.9648,0.07487
human,plate15,flu-seqneut-2026-UWMC-053,A/Tokyo/EIS11-277/2024_H1N1,plate15-A/Tokyo/EIS11-277/2024_H1N1,0.008031,interpolated,0.008171,0.008171,interpolated,2.046,0.9826,0,0.9715,0.05633
human,plate15,flu-seqneut-2026-UWMC-053,A/Trieste/257/2025_H3N2,plate15-A/Trieste/257/2025_H3N2,0.001619,interpolated,0.001719,0.001719,interpolated,10,0.7741,0,0.9293,0.1027
human,plate15,flu-seqneut-2026-UWMC-053,A/Trieste/380/2026_H3N2,plate15-A/Trieste/380/2026_H3N2,0.0007621,interpolated,0.0007836,0.0007836,interpolated,1.067,0.9854,0,0.8562,0.14
human,plate15,flu-seqneut-2026-UWMC-053,A/Ukraine/5214/2026_H1N1,plate15-A/Ukraine/5214/2026_H1N1,0.01555,interpolated,0.01555,0.01555,interpolated,0.9144,1,0,0.8555,0.08649
human,plate15,flu-seqneut-2026-UWMC-053,A/Valencia/VAHNSI_09_02564/2025_H1N1,plate15-A/Valencia/VAHNSI_09_02564/2025_H1N1,0.01214,interpolated,0.01214,0.01214,interpolated,1.316,1,0,0.9879,0.02757
human,plate15,flu-seqneut-2026-UWMC-053,A/Victoria/2948/2025_H3N2,plate15-A/Victoria/2948/2025_H3N2,0.001657,interpolated,0.001719,0.001719,interpolated,2.125,0.9627,0,0.9875,0.04649
human,plate15,flu-seqneut-2026-UWMC-053,A/Victoria/4897/2022_IVR-238_H1N1,plate15-A/Victoria/4897/2022_IVR-238_H1N1,0.0007436,interpolated,0.0007436,0.0007436,interpolated,2.092,1,0,0.9916,0.03845
human,plate15,flu-seqneut-2026-UWMC-053,A/Vietnam/F7324/2024_H3N2,plate15-A/Vietnam/F7324/2024_H3N2,0.0002732,interpolated,0.0002929,0.0002929,interpolated,1.449,0.9519,0,0.9791,0.04566
human,plate15,flu-seqneut-2026-UWMC-053,A/Vietnam/PF125413/2025_H1N1,plate15-A/Vietnam/PF125413/2025_H1N1,0.01155,interpolated,0.01155,0.01155,interpolated,1.15,1,0,0.7648,0.129
human,plate15,flu-seqneut-2026-UWMC-053,A/Vietnam/PF126009/2026_H1N1,plate15-A/Vietnam/PF126009/2026_H1N1,0.008997,interpolated,0.008997,0.008997,interpolated,1.692,1,0,0.9933,0.02523
human,plate15,flu-seqneut-2026-UWMC-053,A/Virginia/82/2025_H1N1,plate15-A/Virginia/82/2025_H1N1,0.01811,interpolated,0.01929,0.01929,interpolated,2.962,0.9147,0,0.8524,0.08571
human,plate15,flu-seqneut-2026-UWMC-053,A/Wisconsin/588/2019_H1N1,plate15-A/Wisconsin/588/2019_H1N1,0.007353,interpolated,0.007399,0.007399,interpolated,1.767,0.9945,0,0.9738,0.05239
human,plate15,flu-seqneut-2026-UWMC-053,A/Wisconsin/67/2022_H1N1,plate15-A/Wisconsin/67/2022_H1N1,0.009496,interpolated,0.009496,0.009496,interpolated,1.729,1,0,0.9823,0.04217
human,plate15,flu-seqneut-2026-UWMC-053,A/Zacapa/FLU-012/2025_H1N1,plate15-A/Zacapa/FLU-012/2025_H1N1,0.006942,interpolated,0.006942,0.006942,interpolated,1.511,1,0,0.9952,0.02245
human,plate15,flu-seqneut-2026-UWMC-053,A/Zambia/6-NIC-014/2026_H1N1,plate15-A/Zambia/6-NIC-014/2026_H1N1,0.01281,interpolated,0.01281,0.01281,interpolated,1.629,1,0,0.9604,0.05352
human,plate15,flu-seqneut-2026-UWMC-053,A/Zambia/7-NIC-313/2026_H1N1,plate15-A/Zambia/7-NIC-313/2026_H1N1,0.01422,interpolated,0.01422,0.01422,interpolated,0.9271,1,0,0.9462,0.05233
human,plate15,flu-seqneut-2026-UWMC-053,A/Uppsala/SE26-01293/2026_H1N1,plate15-A/Uppsala/SE26-01293/2026_H1N1,0.01903,interpolated,0.01906,0.01906,interpolated,10,0.9929,0,0.9975,0.01619
human,plate15,flu-seqneut-2026-UWMC-054,A/Andalucia/PMC-00977/2025_H1N1,plate15-A/Andalucia/PMC-00977/2025_H1N1,0.025,lower,0.02887,0.025,lower,1.871,1,0,0.991,0.01362
human,plate15,flu-seqneut-2026-UWMC-054,A/Andalucia/PMC-01217/2025_H1N1,plate15-A/Andalucia/PMC-01217/2025_H1N1,0.025,lower,0.03167,0.025,lower,0.9816,1,0,0.7519,0.09164
human,plate15,flu-seqneut-2026-UWMC-054,A/Andalucia/PMC-01495/2025_H1N1,plate15-A/Andalucia/PMC-01495/2025_H1N1,0.025,lower,0.05484,0.025,lower,0.8,0.9992,0,0.6937,0.07347
human,plate15,flu-seqneut-2026-UWMC-054,A/Arizona/40/2026_H1N1,plate15-A/Arizona/40/2026_H1N1,0.02114,interpolated,0.02114,0.02114,interpolated,1.406,1,0,0.9161,0.05987
human,plate15,flu-seqneut-2026-UWMC-054,A/Astrakhan/RII-MH273373S/2025_H3N2,plate15-A/Astrakhan/RII-MH273373S/2025_H3N2,0.004725,interpolated,0.006034,0.006034,interpolated,2.534,0.7691,0,0.6759,0.1595
human,plate15,flu-seqneut-2026-UWMC-054,A/Asturias/232590913/2025_H1N1,plate15-A/Asturias/232590913/2025_H1N1,0.02175,interpolated,0.02175,0.02175,interpolated,0.9189,1,0,0.8805,0.06758
human,plate15,flu-seqneut-2026-UWMC-054,A/Badajoz/18738342/2026_H3N2,plate15-A/Badajoz/18738342/2026_H3N2,0.006559,interpolated,0.007065,0.007065,interpolated,2.676,0.9098,0,0.9281,0.09099
human,plate15,flu-seqneut-2026-UWMC-054,A/Badajoz/18811358/2026_H3N2,plate15-A/Badajoz/18811358/2026_H3N2,0.004044,interpolated,0.004136,0.004136,interpolated,9.548,0.9037,0,0.8822,0.1242
human,plate15,flu-seqneut-2026-UWMC-054,A/Badajoz/18813527/2026_H3N2,plate15-A/Badajoz/18813527/2026_H3N2,0.006829,interpolated,0.00715,0.00715,interpolated,2.025,0.9555,0,0.9512,0.07154
human,plate15,flu-seqneut-2026-UWMC-054,A/Bangkok/P2390/2025_H3N2,plate15-A/Bangkok/P2390/2025_H3N2,0.005794,interpolated,0.007478,0.007478,interpolated,3.495,0.705,0,0.6522,0.1698
human,plate15,flu-seqneut-2026-UWMC-054,A/Bangkok/P2391/2025_H3N2,plate15-A/Bangkok/P2391/2025_H3N2,0.007033,interpolated,0.007764,0.007764,interpolated,1.709,0.9223,0,0.866,0.1123
human,plate15,flu-seqneut-2026-UWMC-054,A/Bolivia/OR5702/2025_H3N2,plate15-A/Bolivia/OR5702/2025_H3N2,0.005812,interpolated,0.006316,0.006316,interpolated,3.676,0.8683,0,0.9576,0.06964
human,plate15,flu-seqneut-2026-UWMC-054,A/BritishColumbia/RV00022-26/2025_H1N1,plate15-A/BritishColumbia/RV00022-26/2025_H1N1,0.01311,interpolated,0.01311,0.01311,interpolated,1.183,1,0,0.9507,0.05341
human,plate15,flu-seqneut-2026-UWMC-054,A/BritishColumbia/RV00279-26/2025_H3N2,plate15-A/BritishColumbia/RV00279-26/2025_H3N2,0.007303,interpolated,0.008176,0.008176,interpolated,1.719,0.9117,0,0.861,0.1178
human,plate15,flu-seqneut-2026-UWMC-054,A/BritishColumbia/RV01350-26/2026_H1N1,plate15-A/BritishColumbia/RV01350-26/2026_H1N1,0.02379,interpolated,0.02379,0.02379,interpolated,6.873,1,0,1,5.237e-06
human,plate15,flu-seqneut-2026-UWMC-054,A/BritishColumbia/RV05508-25/2025_H1N1,plate15-A/BritishColumbia/RV05508-25/2025_H1N1,0.02431,interpolated,0.02431,0.02431,interpolated,1.096,1,0,0.7197,0.1078
human,plate15,flu-seqneut-2026-UWMC-054,A/California/GKISBBBH79910/2026_H3N2,plate15-A/California/GKISBBBH79910/2026_H3N2,0.004369,interpolated,0.004455,0.004455,interpolated,3.498,0.9669,0,0.9491,0.08318
human,plate15,flu-seqneut-2026-UWMC-054,A/California/NIRC-IS-1019/2026_H1N1,plate15-A/California/NIRC-IS-1019/2026_H1N1,0.02298,interpolated,0.02298,0.02298,interpolated,1.81,1,0,0.9825,0.02389
human,plate15,flu-seqneut-2026-UWMC-054,A/California/NIRC-IS-1059/2026_H3N2,plate15-A/California/NIRC-IS-1059/2026_H3N2,0.005826,interpolated,0.009799,0.009799,interpolated,1.907,0.6855,0,0.585,0.18
human,plate15,flu-seqneut-2026-UWMC-054,A/California/NIRC-IS-1067/2026_H3N2,plate15-A/California/NIRC-IS-1067/2026_H3N2,0.006407,interpolated,0.007413,0.007413,interpolated,1.441,0.9053,0,0.7937,0.1322
human,plate15,flu-seqneut-2026-UWMC-054,A/California/NIRC-IS-1356/2025_H1N1,plate15-A/California/NIRC-IS-1356/2025_H1N1,0.01724,interpolated,0.01724,0.01724,interpolated,1.14,1,0,0.9349,0.05375
human,plate15,flu-seqneut-2026-UWMC-054,A/Castellon/VAHNSI_02_02400/2025_H3N2,plate15-A/Castellon/VAHNSI_02_02400/2025_H3N2,0.00596,interpolated,0.007246,0.007246,interpolated,3.399,0.7573,0,0.8069,0.1325
human,plate15,flu-seqneut-2026-UWMC-054,A/Colombia/1851/2024_H3N2,plate15-A/Colombia/1851/2024_H3N2,0.00361,interpolated,0.003781,0.003781,interpolated,2.332,0.9487,0,0.9587,0.07787
human,plate15,flu-seqneut-2026-UWMC-054,A/Colorado/218/2024_H1N1,plate15-A/Colorado/218/2024_H1N1,0.009579,interpolated,0.009579,0.009579,interpolated,1.262,1,0,0.9125,0.09241
human,plate15,flu-seqneut-2026-UWMC-054,A/Connecticut/5/2026_H3N2,plate15-A/Connecticut/5/2026_H3N2,0.004369,interpolated,0.004369,0.004369,interpolated,0.8,1,0,0.8774,0.09612
human,plate15,flu-seqneut-2026-UWMC-054,A/Croatia/10136RV/2023_H3N2,plate15-A/Croatia/10136RV/2023_H3N2,0.003081,interpolated,0.003946,0.003946,interpolated,1.454,0.849,0,0.8161,0.1416
human,plate15,flu-seqneut-2026-UWMC-054,A/Darwin/1415/2025_H3N2,plate15-A/Darwin/1415/2025_H3N2,0.004155,interpolated,0.006443,0.006443,interpolated,2.134,0.6961,0,0.788,0.1292
human,plate15,flu-seqneut-2026-UWMC-054,A/Darwin/1454/2025_H3N2,plate15-A/Darwin/1454/2025_H3N2,0.004328,interpolated,0.004509,0.004509,interpolated,10,0.8316,0,0.9072,0.1128
human,plate15,flu-seqneut-2026-UWMC-054,A/Denmark/3940/2025_H3N2,plate15-A/Denmark/3940/2025_H3N2,0.005921,interpolated,0.007337,0.007337,interpolated,2.119,0.8174,0,0.8679,0.1064
human,plate15,flu-seqneut-2026-UWMC-054,A/Denmark/4547/2025_H1N1,plate15-A/Denmark/4547/2025_H1N1,0.025,lower,0.03976,0.025,lower,1.729,1,0,0.9898,0.0104
human,plate15,flu-seqneut-2026-UWMC-054,A/Denmark/4774/2025_H1N1,plate15-A/Denmark/4774/2025_H1N1,0.02221,interpolated,0.02221,0.02221,interpolated,1.919,1,0,0.9878,0.0215
human,plate15,flu-seqneut-2026-UWMC-054,A/District_Of_Columbia/27/2023_H3N2,plate15-A/District_Of_Columbia/27/2023_H3N2,0.006028,interpolated,0.006775,0.006775,interpolated,2.6,0.8691,0,0.8746,0.1163
human,plate15,flu-seqneut-2026-UWMC-054,A/Distrito_Federal/250106000728/2025_H3N2,plate15-A/Distrito_Federal/250106000728/2025_H3N2,0.005121,interpolated,0.006018,0.006018,interpolated,3.029,0.8067,0,0.8098,0.1484
human,plate15,flu-seqneut-2026-UWMC-054,A/England/1893256/2026_H1N1,plate15-A/England/1893256/2026_H1N1,0.01354,interpolated,0.01354,0.01354,interpolated,1.467,1,0,0.9791,0.0359
human,plate15,flu-seqneut-2026-UWMC-054,A/Florida/ISC-1069/2026_H3N2,plate15-A/Florida/ISC-1069/2026_H3N2,0.005075,interpolated,0.005327,0.005327,interpolated,2.073,0.9522,0,0.8945,0.1119
human,plate15,flu-seqneut-2026-UWMC-054,A/France/ARA-HCL025195259501/2025_H1N1,plate15-A/France/ARA-HCL025195259501/2025_H1N1,0.025,lower,0.02739,0.025,lower,1.297,1,0,0.9668,0.02945
human,plate15,flu-seqneut-2026-UWMC-054,A/France/GES-IPP00659/2026_H1N1,plate15-A/France/GES-IPP00659/2026_H1N1,0.01444,interpolated,0.01444,0.01444,interpolated,1.868,1,0,0.9473,0.05808
human,plate15,flu-seqneut-2026-UWMC-054,A/France/GES-IPP01077/2026_H3N2,plate15-A/France/GES-IPP01077/2026_H3N2,0.007706,interpolated,0.00815,0.00815,interpolated,4.845,0.8812,0,0.9189,0.1002
human,plate15,flu-seqneut-2026-UWMC-054,A/France/HDF-IPP01550/2026_H3N2,plate15-A/France/HDF-IPP01550/2026_H3N2,0.007102,interpolated,0.007737,0.007737,interpolated,2.039,0.9198,0,0.9267,0.08689
human,plate15,flu-seqneut-2026-UWMC-054,A/France/HDF-RELAB-IPP00300/2026_H3N2,plate15-A/France/HDF-RELAB-IPP00300/2026_H3N2,0.009752,interpolated,0.01187,0.01187,interpolated,3.655,0.7441,0,0.6205,0.1764
human,plate15,flu-seqneut-2026-UWMC-054,A/France/HDF-RELAB-IPP00303/2026_H3N2,plate15-A/France/HDF-RELAB-IPP00303/2026_H3N2,0.006559,interpolated,0.007442,0.007442,interpolated,2.35,0.8716,0,0.9006,0.09995
human,plate15,flu-seqneut-2026-UWMC-054,A/France/HDF-RELAB-IPP07969/2025_H1N1,plate15-A/France/HDF-RELAB-IPP07969/2025_H1N1,0.01553,interpolated,0.01553,0.01553,interpolated,1.175,1,0,0.9617,0.04297
human,plate15,flu-seqneut-2026-UWMC-054,A/France/NAQ-HCL026010957001/2026_H3N2,plate15-A/France/NAQ-HCL026010957001/2026_H3N2,0.009196,interpolated,0.009308,0.009308,interpolated,10,0.9434,0,0.8802,0.1184
human,plate15,flu-seqneut-2026-UWMC-054,A/France/NAQ-HCL026046169102/2025_H1N1,plate15-A/France/NAQ-HCL026046169102/2025_H1N1,0.0202,interpolated,0.0202,0.0202,interpolated,1.243,1,0,0.8412,0.08763
human,plate15,flu-seqneut-2026-UWMC-054,A/France/PAC-RELAB-HCL026021993801/2026_H3N2,plate15-A/France/PAC-RELAB-HCL026021993801/2026_H3N2,0.006359,interpolated,0.008385,0.008385,interpolated,1.831,0.8013,0,0.7991,0.1284
human,plate15,flu-seqneut-2026-UWMC-054,A/Galicia/GA-CHUAC-451/2025_H3N2,plate15-A/Galicia/GA-CHUAC-451/2025_H3N2,0.007042,interpolated,0.007344,0.007344,interpolated,1.896,0.9617,0,0.8411,0.1205
human,plate15,flu-seqneut-2026-UWMC-054,A/Galicia/GA-CHUAC-612/2025_H1N1,plate15-A/Galicia/GA-CHUAC-612/2025_H1N1,0.025,lower,0.03248,0.025,lower,1.69,1,0,0.9845,0.01626
human,plate15,flu-seqneut-2026-UWMC-054,A/Germany/LRMC_0104/2025_H3N2,plate15-A/Germany/LRMC_0104/2025_H3N2,0.007177,interpolated,0.007451,0.007451,interpolated,4.193,0.9274,0,0.8948,0.1182
human,plate15,flu-seqneut-2026-UWMC-054,A/Germany/LRMC_0113/2025_H3N2,plate15-A/Germany/LRMC_0113/2025_H3N2,0.007126,interpolated,0.008335,0.008335,interpolated,1.585,0.89,0,0.8316,0.1167
human,plate15,flu-seqneut-2026-UWMC-054,A/Hawaii/70/2019_H1N1,plate15-A/Hawaii/70/2019_H1N1,0.01012,interpolated,0.01012,0.01012,interpolated,3.026,1,0,0.9622,0.06055
human,plate15,flu-seqneut-2026-UWMC-054,A/Hawaii/ISC-1140/2025_H1N1,plate15-A/Hawaii/ISC-1140/2025_H1N1,0.00974,interpolated,0.01026,0.01026,interpolated,1.774,0.9563,0,0.8566,0.104
human,plate15,flu-seqneut-2026-UWMC-054,A/Hessen/18/2026_H1N1,plate15-A/Hessen/18/2026_H1N1,0.025,lower,0.1562,0.025,lower,0.8,0.9851,0,0.1644,0.1253
human,plate15,flu-seqneut-2026-UWMC-054,A/Ireland/91576/2025_H3N2,plate15-A/Ireland/91576/2025_H3N2,0.006241,interpolated,0.007344,0.007344,interpolated,2.318,0.8429,0,0.8138,0.1402
human,plate15,flu-seqneut-2026-UWMC-054,A/Kentucky/80/2025_H1N1,plate15-A/Kentucky/80/2025_H1N1,0.01414,interpolated,0.01414,0.01414,interpolated,1.606,1,0,0.878,0.08889
human,plate15,flu-seqneut-2026-UWMC-054,A/Lisboa/216/2023_H3N2,plate15-A/Lisboa/216/2023_H3N2,0.004118,interpolated,0.004278,0.004278,interpolated,10,0.8408,0,0.9437,0.08784
human,plate15,flu-seqneut-2026-UWMC-054,A/Luxembourg/LNS9132577/2026_H3N2,plate15-A/Luxembourg/LNS9132577/2026_H3N2,0.00537,interpolated,0.005747,0.005747,interpolated,2.72,0.9159,0,0.938,0.08496
human,plate15,flu-seqneut-2026-UWMC-054,A/Maine/25/2026_H1N1,plate15-A/Maine/25/2026_H1N1,0.01889,interpolated,0.01889,0.01889,interpolated,0.9926,1,0,0.9153,0.05974
human,plate15,flu-seqneut-2026-UWMC-054,A/Malaysia/IMR/SARI/2406/2025_H3N2,plate15-A/Malaysia/IMR/SARI/2406/2025_H3N2,0.004242,interpolated,0.006385,0.006385,interpolated,0.9248,0.8426,0,0.6126,0.1701
human,plate15,flu-seqneut-2026-UWMC-054,A/Massachusetts/18/2022_H3N2,plate15-A/Massachusetts/18/2022_H3N2,0.004391,interpolated,0.004697,0.004697,interpolated,10,0.7546,0,0.8089,0.1469
human,plate15,flu-seqneut-2026-UWMC-054,A/Massachusetts/ISC-1856/2025_H3N2,plate15-A/Massachusetts/ISC-1856/2025_H3N2,0.00409,interpolated,0.004161,0.004161,interpolated,10,0.9215,0,0.8865,0.1319
human,plate15,flu-seqneut-2026-UWMC-054,A/Mauritius/26000203/2026_H1N1,plate15-A/Mauritius/26000203/2026_H1N1,0.01184,interpolated,0.01201,0.01201,interpolated,1.478,0.9897,0,0.9282,0.06832
human,plate15,flu-seqneut-2026-UWMC-054,A/Michigan/8/2026_H3N2,plate15-A/Michigan/8/2026_H3N2,0.007104,interpolated,0.007765,0.007765,interpolated,2.932,0.8851,0,0.9164,0.0914
human,plate15,flu-seqneut-2026-UWMC-054,A/Michigan/UM-10068071276/2025_H3N2,plate15-A/Michigan/UM-10068071276/2025_H3N2,0.008647,interpolated,0.009097,0.009097,interpolated,1.959,0.9527,0,0.9602,0.06021
human,plate15,flu-seqneut-2026-UWMC-054,A/Michigan/UM-10068134090/2025_H3N2,plate15-A/Michigan/UM-10068134090/2025_H3N2,0.003956,interpolated,0.004579,0.004579,interpolated,10,0.6156,0,0.629,0.1704
human,plate15,flu-seqneut-2026-UWMC-054,A/Michigan/UM-10068449788/2025_H3N2,plate15-A/Michigan/UM-10068449788/2025_H3N2,0.007139,interpolated,0.007814,0.007814,interpolated,3.177,0.8754,0,0.9246,0.08839
human,plate15,flu-seqneut-2026-UWMC-054,A/Michigan/UM-10068456988/2025_H3N2,plate15-A/Michigan/UM-10068456988/2025_H3N2,0.008871,interpolated,0.009037,0.009037,interpolated,2.715,0.9753,0,0.9858,0.03834
human,plate15,flu-seqneut-2026-UWMC-054,A/Michigan/UM-10068747355/2026_H3N2,plate15-A/Michigan/UM-10068747355/2026_H3N2,0.005398,interpolated,0.005524,0.005524,interpolated,2.09,0.9763,0,0.9612,0.07076
human,plate15,flu-seqneut-2026-UWMC-054,A/MinasGerais/410/2026_H1N1,plate15-A/MinasGerais/410/2026_H1N1,0.01823,interpolated,0.02135,0.02135,interpolated,1.252,0.9102,0,0.7065,0.1046
human,plate15,flu-seqneut-2026-UWMC-054,A/MinasGerais/671/2026_H1N1,plate15-A/MinasGerais/671/2026_H1N1,0.025,lower,0.1166,0.025,lower,0.8,0.9935,0,0.319,0.09878
human,plate15,flu-seqneut-2026-UWMC-054,A/Mississippi/20/2026_H1N1,plate15-A/Mississippi/20/2026_H1N1,0.025,lower,0.03137,0.025,lower,1.201,0.991,0,0.7682,0.08388
human,plate15,flu-seqneut-2026-UWMC-054,A/Missouri/11/2025_cell_H1N1,plate15-A/Missouri/11/2025_cell_H1N1,0.006687,interpolated,0.007241,0.007241,interpolated,2.264,0.9176,0,0.9137,0.09099
human,plate15,flu-seqneut-2026-UWMC-054,A/Missouri/11/2025_egg_H1N1,plate15-A/Missouri/11/2025_egg_H1N1,0.01718,interpolated,0.01718,0.01718,interpolated,2.369,1,0,0.9942,0.01887
human,plate15,flu-seqneut-2026-UWMC-054,A/Missouri/NIRC-AV-1003/2025_H3N2,plate15-A/Missouri/NIRC-AV-1003/2025_H3N2,0.004628,interpolated,0.005042,0.005042,interpolated,4.066,0.8531,0,0.9128,0.1041
human,plate15,flu-seqneut-2026-UWMC-054,A/Montana/51/2025_H3N2,plate15-A/Montana/51/2025_H3N2,0.003778,interpolated,0.004161,0.004161,interpolated,1.082,0.9504,0,0.7471,0.1739
human,plate15,flu-seqneut-2026-UWMC-054,A/NakhonPhanom/P495/2026_H3N2,plate15-A/NakhonPhanom/P495/2026_H3N2,0.006682,interpolated,0.007884,0.007884,interpolated,1.795,0.8715,0,0.8448,0.1156
human,plate15,flu-seqneut-2026-UWMC-054,A/Navarra/260009/2025_H3N2,plate15-A/Navarra/260009/2025_H3N2,0.004943,interpolated,0.006452,0.006452,interpolated,1.691,0.8186,0,0.7909,0.1255
human,plate15,flu-seqneut-2026-UWMC-054,A/Nebraska/34/2026_H1N1,plate15-A/Nebraska/34/2026_H1N1,0.0118,interpolated,0.01195,0.01195,interpolated,1.746,0.9894,0,0.9825,0.03517
human,plate15,flu-seqneut-2026-UWMC-054,A/Netherlands/10008/2026_H1N1,plate15-A/Netherlands/10008/2026_H1N1,0.025,lower,0.02715,0.025,lower,10,0.9875,0,0.9442,0.02419
human,plate15,flu-seqneut-2026-UWMC-054,A/Netherlands/2398/2025_H1N1,plate15-A/Netherlands/2398/2025_H1N1,0.025,lower,0.0385,0.025,lower,1.2,1,0,0.8914,0.04412
human,plate15,flu-seqneut-2026-UWMC-054,A/Netherlands/864/2026_H1N1,plate15-A/Netherlands/864/2026_H1N1,0.01295,interpolated,0.01295,0.01295,interpolated,1.528,1,0,0.936,0.06481
human,plate15,flu-seqneut-2026-UWMC-054,A/Netherlands/888/2026_H3N2,plate15-A/Netherlands/888/2026_H3N2,0.006473,interpolated,0.006986,0.006986,interpolated,1.859,0.9339,0,0.94,0.07649
human,plate15,flu-seqneut-2026-UWMC-054,A/Netherlands/968/2026_H3N2,plate15-A/Netherlands/968/2026_H3N2,0.004307,interpolated,0.004638,0.004638,interpolated,10,0.7386,0,0.6487,0.1885
human,plate15,flu-seqneut-2026-UWMC-054,A/NewBrunswick/NBPHLFLUA10B-MM00057R/2026_H1N1,plate15-A/NewBrunswick/NBPHLFLUA10B-MM00057R/2026_H1N1,0.02044,interpolated,0.02044,0.02044,interpolated,1.785,1,0,0.9903,0.01941
human,plate15,flu-seqneut-2026-UWMC-054,A/NewYork/NIRC-IS-1086/2026_H3N2,plate15-A/NewYork/NIRC-IS-1086/2026_H3N2,0.004304,interpolated,0.004526,0.004526,interpolated,10,0.8019,0,0.839,0.1404
human,plate15,flu-seqneut-2026-UWMC-054,A/NordrheinWestfalen/54/2026_H3N2,plate15-A/NordrheinWestfalen/54/2026_H3N2,0.007033,interpolated,0.007033,0.007033,interpolated,1.872,1,0,0.9762,0.05395
human,plate15,flu-seqneut-2026-UWMC-054,A/NordrheinWestfalen/96/2026_H1N1,plate15-A/NordrheinWestfalen/96/2026_H1N1,0.025,lower,0.3908,0.025,lower,0.8,0.9904,0,0.1024,0.08949
human,plate15,flu-seqneut-2026-UWMC-054,A/Norway/9556/2025_H1N1,plate15-A/Norway/9556/2025_H1N1,0.01495,interpolated,0.01495,0.01495,interpolated,1.813,1,0,0.9445,0.05822
human,plate15,flu-seqneut-2026-UWMC-054,A/NovaScotia/25-365-06099/2025_H3N2,plate15-A/NovaScotia/25-365-06099/2025_H3N2,0.004896,interpolated,0.00636,0.00636,interpolated,2.353,0.7702,0,0.7695,0.1489
human,plate15,flu-seqneut-2026-UWMC-054,A/Ohio/259/2024_H1N1,plate15-A/Ohio/259/2024_H1N1,0.025,lower,0.02751,0.025,lower,0.8028,1,0,0.8001,0.08271
human,plate15,flu-seqneut-2026-UWMC-054,A/Ontario/PHL202550193/2025_H3N2,plate15-A/Ontario/PHL202550193/2025_H3N2,0.00899,interpolated,0.009147,0.009147,interpolated,1.429,0.9878,0,0.7899,0.1309
human,plate15,flu-seqneut-2026-UWMC-054,A/Oregon/81/2025_H3N2,plate15-A/Oregon/81/2025_H3N2,0.005191,interpolated,0.006094,0.006094,interpolated,2.588,0.8302,0,0.8504,0.1263
human,plate15,flu-seqneut-2026-UWMC-054,A/PaisVasco/70369726/2026_H1N1,plate15-A/PaisVasco/70369726/2026_H1N1,0.025,lower,0.04347,0.025,lower,1.06,1,0,0.8588,0.05185
human,plate15,flu-seqneut-2026-UWMC-054,A/Parana/416133590/2026_H3N2,plate15-A/Parana/416133590/2026_H3N2,0.005431,interpolated,0.006515,0.006515,interpolated,1.886,0.8548,0,0.8276,0.1283
human,plate15,flu-seqneut-2026-UWMC-054,A/Peru/ANC-INS-062/2026_H3N2,plate15-A/Peru/ANC-INS-062/2026_H3N2,0.005463,interpolated,0.006446,0.006446,interpolated,3.262,0.7915,0,0.7611,0.1664
human,plate15,flu-seqneut-2026-UWMC-054,A/Rhode_Island/11/2026_H1N1,plate15-A/Rhode_Island/11/2026_H1N1,0.01775,interpolated,0.01841,0.01841,interpolated,1.1,0.9803,0,0.9433,0.04676
human,plate15,flu-seqneut-2026-UWMC-054,A/RiodeJaneiro/331/2026_H3N2,plate15-A/RiodeJaneiro/331/2026_H3N2,0.005139,interpolated,0.005672,0.005672,interpolated,2.729,0.882,0,0.9225,0.09618
human,plate15,flu-seqneut-2026-UWMC-054,A/Romania/612042/2026_H3N2,plate15-A/Romania/612042/2026_H3N2,0.006827,interpolated,0.006827,0.006827,interpolated,2.225,1,0,0.9936,0.02884
human,plate15,flu-seqneut-2026-UWMC-054,A/SantaCatarina/508/2026_H3N2,plate15-A/SantaCatarina/508/2026_H3N2,0.0072,interpolated,0.007255,0.007255,interpolated,2.481,0.9906,0,0.9943,0.02659
human,plate15,flu-seqneut-2026-UWMC-054,A/Saskatchewan/SKFLU477299/2025_H3N2,plate15-A/Saskatchewan/SKFLU477299/2025_H3N2,0.004444,interpolated,0.004541,0.004541,interpolated,10,0.9026,0,0.8765,0.1293
human,plate15,flu-seqneut-2026-UWMC-054,A/Saskatchewan/SKFLU477727/2025_H3N2,plate15-A/Saskatchewan/SKFLU477727/2025_H3N2,0.005597,interpolated,0.005724,0.005724,interpolated,1.761,0.9805,0,0.906,0.09934
human,plate15,flu-seqneut-2026-UWMC-054,A/Saskatchewan/SKFLU490586/2026_H1N1,plate15-A/Saskatchewan/SKFLU490586/2026_H1N1,0.02182,interpolated,0.02221,0.02221,interpolated,10,0.9179,0,0.8672,0.09091
human,plate15,flu-seqneut-2026-UWMC-054,A/Singapore/GP20238/2024_H3N2,plate15-A/Singapore/GP20238/2024_H3N2,0.005346,interpolated,0.005757,0.005757,interpolated,2.767,0.9073,0,0.9384,0.08846
human,plate15,flu-seqneut-2026-UWMC-054,A/Singapore/KK2768/2025_H1N1,plate15-A/Singapore/KK2768/2025_H1N1,0.01225,interpolated,0.01225,0.01225,interpolated,1.286,1,0,0.8757,0.09028
human,plate15,flu-seqneut-2026-UWMC-054,A/Singapore/MOH0547/2024_H1N1,plate15-A/Singapore/MOH0547/2024_H1N1,0.01611,interpolated,0.01637,0.01637,interpolated,2.043,0.984,0,0.9454,0.05713
human,plate15,flu-seqneut-2026-UWMC-054,A/Singapore/NTF0577/2025_H3N2,plate15-A/Singapore/NTF0577/2025_H3N2,0.004247,interpolated,0.006177,0.006177,interpolated,1.886,0.7467,0,0.9413,0.06405
human,plate15,flu-seqneut-2026-UWMC-054,A/Singapore/SAR8915/2025_H3N2,plate15-A/Singapore/SAR8915/2025_H3N2,0.004363,interpolated,0.00463,0.00463,interpolated,10,0.776,0,0.8245,0.1327
human,plate15,flu-seqneut-2026-UWMC-054,A/SouthAfrica/NHLS-SU-CERI-C075557/2026_H1N1,plate15-A/SouthAfrica/NHLS-SU-CERI-C075557/2026_H1N1,0.025,lower,0.02986,0.025,lower,1.054,1,0,0.7329,0.09345
human,plate15,flu-seqneut-2026-UWMC-054,A/SouthAfrica/NICD-R01647/2026_H1N1,plate15-A/SouthAfrica/NICD-R01647/2026_H1N1,0.025,lower,0.1128,0.025,lower,0.8,1,0,0.2751,0.1159
human,plate15,flu-seqneut-2026-UWMC-054,A/SouthAfrica/NICD-R01668/2026_H1N1,plate15-A/SouthAfrica/NICD-R01668/2026_H1N1,0.0163,interpolated,0.0163,0.0163,interpolated,1.27,1,0,0.9806,0.03066
human,plate15,flu-seqneut-2026-UWMC-054,A/SouthAfrica/PATH-CERI-C073358/2025_H1N1,plate15-A/SouthAfrica/PATH-CERI-C073358/2025_H1N1,0.01705,interpolated,0.01705,0.01705,interpolated,1.478,1,0,0.9909,0.02076
human,plate15,flu-seqneut-2026-UWMC-054,A/SouthAfrica/PATH-CERI-C073366/2025_H1N1,plate15-A/SouthAfrica/PATH-CERI-C073366/2025_H1N1,0.01437,interpolated,0.01437,0.01437,interpolated,1.305,1,0,0.9678,0.04279
human,plate15,flu-seqneut-2026-UWMC-054,A/SouthAfrica/PATH-CERI-C075119/2026_H1N1,plate15-A/SouthAfrica/PATH-CERI-C075119/2026_H1N1,0.01255,interpolated,0.01255,0.01255,interpolated,2.51,1,0,0.9833,0.03699
human,plate15,flu-seqneut-2026-UWMC-054,A/SouthAustralia/2605715552/2026_H3N2,plate15-A/SouthAustralia/2605715552/2026_H3N2,0.006816,interpolated,0.008184,0.008184,interpolated,1.371,0.8891,0,0.7718,0.1458
human,plate15,flu-seqneut-2026-UWMC-054,A/SouthCarolina/USAFSAM-17046/2026_H3N2,plate15-A/SouthCarolina/USAFSAM-17046/2026_H3N2,0.002289,interpolated,0.00247,0.00247,interpolated,1.729,0.9383,0,0.9448,0.09293
human,plate15,flu-seqneut-2026-UWMC-054,A/South_Australia/2523812314/2025_H3N2,plate15-A/South_Australia/2523812314/2025_H3N2,0.005414,interpolated,0.006545,0.006545,interpolated,4.095,0.7299,0,0.8915,0.09661
human,plate15,flu-seqneut-2026-UWMC-054,A/South_Australia/2527213276/2025_H3N2,plate15-A/South_Australia/2527213276/2025_H3N2,0.008477,interpolated,0.009048,0.009048,interpolated,10,0.7606,0,0.718,0.193
human,plate15,flu-seqneut-2026-UWMC-054,A/StPetersburg/RII-25-2042S/2025_H3N2,plate15-A/StPetersburg/RII-25-2042S/2025_H3N2,0.006218,interpolated,0.007219,0.007219,interpolated,1.472,0.9014,0,0.7911,0.1356
human,plate15,flu-seqneut-2026-UWMC-054,A/StPetersburg/RII-25-2321S/2025_H3N2,plate15-A/StPetersburg/RII-25-2321S/2025_H3N2,0.004231,interpolated,0.004365,0.004365,interpolated,10,0.8653,0,0.8406,0.1452
human,plate15,flu-seqneut-2026-UWMC-054,A/StPetersburg/RII-25-2506S/2026_H3N2,plate15-A/StPetersburg/RII-25-2506S/2026_H3N2,0.007009,interpolated,0.007687,0.007687,interpolated,1.758,0.925,0,0.8922,0.1002
human,plate15,flu-seqneut-2026-UWMC-054,A/StPetersburg/RII-25-2600S/2026_H3N2,plate15-A/StPetersburg/RII-25-2600S/2026_H3N2,0.003631,interpolated,0.003733,0.003733,interpolated,1.195,0.9836,0,0.911,0.1056
human,plate15,flu-seqneut-2026-UWMC-054,A/Switzerland/UN-SNRCI-HUG-053/2025_H1N1,plate15-A/Switzerland/UN-SNRCI-HUG-053/2025_H1N1,0.01449,interpolated,0.01449,0.01449,interpolated,2.098,1,0,0.9846,0.03177
human,plate15,flu-seqneut-2026-UWMC-054,A/Sydney/1359/2024_H3N2,plate15-A/Sydney/1359/2024_H3N2,0.004953,interpolated,0.005362,0.005362,interpolated,2.369,0.9144,0,0.8778,0.1236
human,plate15,flu-seqneut-2026-UWMC-054,A/Sydney/50/2026_H1N1,plate15-A/Sydney/50/2026_H1N1,0.02374,interpolated,0.02422,0.02422,interpolated,1.974,0.9805,0,0.947,0.03896
human,plate15,flu-seqneut-2026-UWMC-054,A/Texas/29/2026_H1N1,plate15-A/Texas/29/2026_H1N1,0.01568,interpolated,0.01568,0.01568,interpolated,1.399,1,0,0.8091,0.1071
human,plate15,flu-seqneut-2026-UWMC-054,A/Thailand/8/2022_H3N2,plate15-A/Thailand/8/2022_H3N2,0.003323,interpolated,0.003714,0.003714,interpolated,3.333,0.8452,0,0.9441,0.08244
human,plate15,flu-seqneut-2026-UWMC-054,A/Thuringen/16/2026_H3N2,plate15-A/Thuringen/16/2026_H3N2,0.00623,interpolated,0.007147,0.007147,interpolated,3.062,0.8284,0,0.7466,0.1698
human,plate15,flu-seqneut-2026-UWMC-054,A/Thuringen/39/2026_H3N2,plate15-A/Thuringen/39/2026_H3N2,0.004861,interpolated,0.006529,0.006529,interpolated,2.478,0.7408,0,0.811,0.1226
human,plate15,flu-seqneut-2026-UWMC-054,A/Tokyo/EIS11-277/2024_H1N1,plate15-A/Tokyo/EIS11-277/2024_H1N1,0.01351,interpolated,0.01358,0.01358,interpolated,1.92,0.9953,0,0.9141,0.07554
human,plate15,flu-seqneut-2026-UWMC-054,A/Trieste/257/2025_H3N2,plate15-A/Trieste/257/2025_H3N2,0.007289,interpolated,0.008723,0.008723,interpolated,2.126,0.8413,0,0.7072,0.1543
human,plate15,flu-seqneut-2026-UWMC-054,A/Trieste/380/2026_H3N2,plate15-A/Trieste/380/2026_H3N2,0.005745,interpolated,0.005868,0.005868,interpolated,1.503,0.9842,0,0.8689,0.117
human,plate15,flu-seqneut-2026-UWMC-054,A/Ukraine/5214/2026_H1N1,plate15-A/Ukraine/5214/2026_H1N1,0.01021,interpolated,0.01021,0.01021,interpolated,3.072,1,0,0.9679,0.05578
human,plate15,flu-seqneut-2026-UWMC-054,A/Uppsala/SE26-01293/2026_H1N1,plate15-A/Uppsala/SE26-01293/2026_H1N1,0.01388,interpolated,0.01388,0.01388,interpolated,3.173,1,0,0.9983,0.01199
human,plate15,flu-seqneut-2026-UWMC-054,A/Valencia/VAHNSI_09_02564/2025_H1N1,plate15-A/Valencia/VAHNSI_09_02564/2025_H1N1,0.01436,interpolated,0.01436,0.01436,interpolated,1.531,1,0,0.9533,0.05152
human,plate15,flu-seqneut-2026-UWMC-054,A/Victoria/2948/2025_H3N2,plate15-A/Victoria/2948/2025_H3N2,0.004503,interpolated,0.005288,0.005288,interpolated,2.655,0.8264,0,0.8201,0.1308
human,plate15,flu-seqneut-2026-UWMC-054,A/Victoria/4897/2022_IVR-238_H1N1,plate15-A/Victoria/4897/2022_IVR-238_H1N1,0.02469,interpolated,0.02469,0.02469,interpolated,10,1,0,1,0.0001031
human,plate15,flu-seqneut-2026-UWMC-054,A/Vietnam/F7324/2024_H3N2,plate15-A/Vietnam/F7324/2024_H3N2,0.004219,interpolated,0.0053,0.0053,interpolated,2.61,0.7757,0,0.8898,0.09969
human,plate15,flu-seqneut-2026-UWMC-054,A/Vietnam/PF125413/2025_H1N1,plate15-A/Vietnam/PF125413/2025_H1N1,0.02136,interpolated,0.02136,0.02136,interpolated,1.192,1,0,0.8887,0.06583
human,plate15,flu-seqneut-2026-UWMC-054,A/Vietnam/PF126009/2026_H1N1,plate15-A/Vietnam/PF126009/2026_H1N1,0.025,lower,0.06646,0.025,lower,0.8,1,0,0.5596,0.09226
human,plate15,flu-seqneut-2026-UWMC-054,A/Virginia/82/2025_H1N1,plate15-A/Virginia/82/2025_H1N1,0.025,lower,0.02608,0.025,lower,1.129,1,0,0.7732,0.08965
human,plate15,flu-seqneut-2026-UWMC-054,A/Wisconsin/588/2019_H1N1,plate15-A/Wisconsin/588/2019_H1N1,0.02008,interpolated,0.02008,0.02008,interpolated,0.913,1,0,0.7559,0.1072
human,plate15,flu-seqneut-2026-UWMC-054,A/Wisconsin/67/2022_H1N1,plate15-A/Wisconsin/67/2022_H1N1,0.01109,interpolated,0.0111,0.0111,interpolated,1.639,0.9994,0,0.9939,0.02234
human,plate15,flu-seqneut-2026-UWMC-054,A/Zacapa/FLU-012/2025_H1N1,plate15-A/Zacapa/FLU-012/2025_H1N1,0.01955,interpolated,0.01955,0.01955,interpolated,1.012,1,0,0.8869,0.06787
human,plate15,flu-seqneut-2026-UWMC-054,A/Zambia/6-NIC-014/2026_H1N1,plate15-A/Zambia/6-NIC-014/2026_H1N1,0.025,lower,0.0411,0.025,lower,0.9753,1,0,0.7147,0.08254
human,plate15,flu-seqneut-2026-UWMC-054,A/Zambia/7-NIC-313/2026_H1N1,plate15-A/Zambia/7-NIC-313/2026_H1N1,0.01539,interpolated,0.01558,0.01558,interpolated,1.586,0.99,0,0.8308,0.09769
human,plate15,flu-seqneut-2026-UWMC-055,A/Andalucia/PMC-00977/2025_H1N1,plate15-A/Andalucia/PMC-00977/2025_H1N1,0.01352,interpolated,0.01355,0.01355,interpolated,2.035,0.998,0,0.9884,0.02898
human,plate15,flu-seqneut-2026-UWMC-055,A/Andalucia/PMC-01217/2025_H1N1,plate15-A/Andalucia/PMC-01217/2025_H1N1,0.01333,interpolated,0.01333,0.01333,interpolated,3.406,1,0,0.9987,0.0107
human,plate15,flu-seqneut-2026-UWMC-055,A/Andalucia/PMC-01495/2025_H1N1,plate15-A/Andalucia/PMC-01495/2025_H1N1,0.01072,interpolated,0.01072,0.01072,interpolated,1.73,1,0,0.9792,0.04232
human,plate15,flu-seqneut-2026-UWMC-055,A/Arizona/40/2026_H1N1,plate15-A/Arizona/40/2026_H1N1,0.01503,interpolated,0.01503,0.01503,interpolated,2.233,1,0,0.9854,0.03081
human,plate15,flu-seqneut-2026-UWMC-055,A/Astrakhan/RII-MH273373S/2025_H3N2,plate15-A/Astrakhan/RII-MH273373S/2025_H3N2,0.003132,interpolated,0.003132,0.003132,interpolated,0.9961,1,0,0.8617,0.1316
human,plate15,flu-seqneut-2026-UWMC-055,A/Asturias/232590913/2025_H1N1,plate15-A/Asturias/232590913/2025_H1N1,0.01024,interpolated,0.01024,0.01024,interpolated,2.467,1,0,0.9965,0.01925
human,plate15,flu-seqneut-2026-UWMC-055,A/Badajoz/18738342/2026_H3N2,plate15-A/Badajoz/18738342/2026_H3N2,0.004864,interpolated,0.005455,0.005455,interpolated,2.368,0.881,0,0.8394,0.144
human,plate15,flu-seqneut-2026-UWMC-055,A/Badajoz/18811358/2026_H3N2,plate15-A/Badajoz/18811358/2026_H3N2,0.003192,interpolated,0.005227,0.005227,interpolated,1.296,0.7639,0,0.9258,0.07099
human,plate15,flu-seqneut-2026-UWMC-055,A/Badajoz/18813527/2026_H3N2,plate15-A/Badajoz/18813527/2026_H3N2,0.004523,interpolated,0.005039,0.005039,interpolated,1.307,0.9343,0,0.9196,0.09254
human,plate15,flu-seqneut-2026-UWMC-055,A/Bangkok/P2390/2025_H3N2,plate15-A/Bangkok/P2390/2025_H3N2,0.001504,interpolated,0.002257,0.002257,interpolated,0.8,0.8614,0,0.8478,0.1101
human,plate15,flu-seqneut-2026-UWMC-055,A/Bangkok/P2391/2025_H3N2,plate15-A/Bangkok/P2391/2025_H3N2,0.004319,interpolated,0.004776,0.004776,interpolated,1.616,0.925,0,0.8842,0.1178
human,plate15,flu-seqneut-2026-UWMC-055,A/Blaenavon/6687/2026_H3N2,plate15-A/Blaenavon/6687/2026_H3N2,0.002544,interpolated,0.00263,0.00263,interpolated,2.485,0.9606,0,0.9916,0.03722
human,plate15,flu-seqneut-2026-UWMC-055,A/Bolivia/OR5702/2025_H3N2,plate15-A/Bolivia/OR5702/2025_H3N2,0.006419,interpolated,0.006676,0.006676,interpolated,0.9764,0.9812,0,0.911,0.08273
human,plate15,flu-seqneut-2026-UWMC-055,A/BritishColumbia/RV00022-26/2025_H1N1,plate15-A/BritishColumbia/RV00022-26/2025_H1N1,0.008353,interpolated,0.008353,0.008353,interpolated,1.384,1,0,0.9918,0.02655
human,plate15,flu-seqneut-2026-UWMC-055,A/BritishColumbia/RV00279-26/2025_H3N2,plate15-A/BritishColumbia/RV00279-26/2025_H3N2,0.004167,interpolated,0.004167,0.004167,interpolated,1.191,1,0,0.9721,0.05628
human,plate15,flu-seqneut-2026-UWMC-055,A/BritishColumbia/RV01350-26/2026_H1N1,plate15-A/BritishColumbia/RV01350-26/2026_H1N1,0.01342,interpolated,0.01345,0.01345,interpolated,2.119,0.9979,0,0.9912,0.02546
human,plate15,flu-seqneut-2026-UWMC-055,A/BritishColumbia/RV05508-25/2025_H1N1,plate15-A/BritishColumbia/RV05508-25/2025_H1N1,0.01351,interpolated,0.01351,0.01351,interpolated,2.025,1,0,0.9936,0.02111
human,plate15,flu-seqneut-2026-UWMC-055,A/California/GKISBBBH79910/2026_H3N2,plate15-A/California/GKISBBBH79910/2026_H3N2,0.004492,interpolated,0.004839,0.004839,interpolated,1.054,0.9623,0,0.9325,0.08073
human,plate15,flu-seqneut-2026-UWMC-055,A/California/NIRC-IS-1019/2026_H1N1,plate15-A/California/NIRC-IS-1019/2026_H1N1,0.009121,interpolated,0.009154,0.009154,interpolated,1.523,0.9972,0,0.9669,0.05332
human,plate15,flu-seqneut-2026-UWMC-055,A/California/NIRC-IS-1059/2026_H3N2,plate15-A/California/NIRC-IS-1059/2026_H3N2,0.003036,interpolated,0.003036,0.003036,interpolated,0.8,1,0,0.933,0.07577
human,plate15,flu-seqneut-2026-UWMC-055,A/California/NIRC-IS-1067/2026_H3N2,plate15-A/California/NIRC-IS-1067/2026_H3N2,0.003972,interpolated,0.004223,0.004223,interpolated,4.843,0.8715,0,0.9297,0.09681
human,plate15,flu-seqneut-2026-UWMC-055,A/California/NIRC-IS-1356/2025_H1N1,plate15-A/California/NIRC-IS-1356/2025_H1N1,0.009416,interpolated,0.009416,0.009416,interpolated,1.926,1,0,0.981,0.04168
human,plate15,flu-seqneut-2026-UWMC-055,A/Castellon/VAHNSI_02_02400/2025_H3N2,plate15-A/Castellon/VAHNSI_02_02400/2025_H3N2,0.005465,interpolated,0.00755,0.00755,interpolated,2.256,0.7411,0,0.8969,0.08776
human,plate15,flu-seqneut-2026-UWMC-055,A/Colombia/1851/2024_H3N2,plate15-A/Colombia/1851/2024_H3N2,0.002972,interpolated,0.004198,0.004198,interpolated,1.188,0.8317,0,0.9067,0.08814
human,plate15,flu-seqneut-2026-UWMC-055,A/Colorado/218/2024_H1N1,plate15-A/Colorado/218/2024_H1N1,0.01016,interpolated,0.0102,0.0102,interpolated,10,0.9797,0,0.9882,0.0395
human,plate15,flu-seqneut-2026-UWMC-055,A/Connecticut/5/2026_H3N2,plate15-A/Connecticut/5/2026_H3N2,0.004253,interpolated,0.004473,0.004473,interpolated,0.8,0.9802,0,0.9171,0.07913
human,plate15,flu-seqneut-2026-UWMC-055,A/Croatia/10136RV/2023_H3N2,plate15-A/Croatia/10136RV/2023_H3N2,0.002078,interpolated,0.002226,0.002226,interpolated,1.262,0.9584,0,0.9347,0.08878
human,plate15,flu-seqneut-2026-UWMC-055,A/Darwin/1415/2025_H3N2,plate15-A/Darwin/1415/2025_H3N2,0.003977,interpolated,0.00432,0.00432,interpolated,5.585,0.8152,0,0.8448,0.1444
human,plate15,flu-seqneut-2026-UWMC-055,A/Darwin/1454/2025_H3N2,plate15-A/Darwin/1454/2025_H3N2,0.002078,interpolated,0.002246,0.002246,interpolated,1.8,0.9347,0,0.9733,0.06275
human,plate15,flu-seqneut-2026-UWMC-055,A/Denmark/3940/2025_H3N2,plate15-A/Denmark/3940/2025_H3N2,0.001957,interpolated,0.002189,0.002189,interpolated,0.8512,0.9545,0,0.9318,0.07855
human,plate15,flu-seqneut-2026-UWMC-055,A/Denmark/4547/2025_H1N1,plate15-A/Denmark/4547/2025_H1N1,0.009264,interpolated,0.009915,0.009915,interpolated,1.703,0.9454,0,0.9437,0.06491
human,plate15,flu-seqneut-2026-UWMC-055,A/Denmark/4774/2025_H1N1,plate15-A/Denmark/4774/2025_H1N1,0.02332,interpolated,0.02359,0.02359,interpolated,10,0.9455,0,0.8672,0.07852
human,plate15,flu-seqneut-2026-UWMC-055,A/District_Of_Columbia/27/2023_H3N2,plate15-A/District_Of_Columbia/27/2023_H3N2,0.003079,interpolated,0.003106,0.003106,interpolated,1.102,0.9951,0,0.9548,0.07162
human,plate15,flu-seqneut-2026-UWMC-055,A/Distrito_Federal/250106000728/2025_H3N2,plate15-A/Distrito_Federal/250106000728/2025_H3N2,0.00323,interpolated,0.00323,0.00323,interpolated,0.8,1,0,0.8745,0.1079
human,plate15,flu-seqneut-2026-UWMC-055,A/England/1893256/2026_H1N1,plate15-A/England/1893256/2026_H1N1,0.00859,interpolated,0.008909,0.008909,interpolated,1.589,0.9718,0,0.9629,0.05888
human,plate15,flu-seqneut-2026-UWMC-055,A/Florida/ISC-1069/2026_H3N2,plate15-A/Florida/ISC-1069/2026_H3N2,0.004721,interpolated,0.004721,0.004721,interpolated,2.248,1,0,0.9582,0.07651
human,plate15,flu-seqneut-2026-UWMC-055,A/France/ARA-HCL025195259501/2025_H1N1,plate15-A/France/ARA-HCL025195259501/2025_H1N1,0.008965,interpolated,0.008965,0.008965,interpolated,1.551,1,0,0.9918,0.02707
human,plate15,flu-seqneut-2026-UWMC-055,A/France/ARA-HCL026031894402/2026_H3N2,plate15-A/France/ARA-HCL026031894402/2026_H3N2,0.005658,interpolated,0.005778,0.005778,interpolated,1.511,0.9845,0,0.9605,0.06682
human,plate15,flu-seqneut-2026-UWMC-055,A/France/GES-IPP00659/2026_H1N1,plate15-A/France/GES-IPP00659/2026_H1N1,0.01028,interpolated,0.01028,0.01028,interpolated,1.967,1,0,0.9896,0.03134
human,plate15,flu-seqneut-2026-UWMC-055,A/France/GES-IPP01077/2026_H3N2,plate15-A/France/GES-IPP01077/2026_H3N2,0.005872,interpolated,0.006983,0.006983,interpolated,4.561,0.7269,0,0.8373,0.1282
human,plate15,flu-seqneut-2026-UWMC-055,A/France/HDF-IPP01550/2026_H3N2,plate15-A/France/HDF-IPP01550/2026_H3N2,0.005547,interpolated,0.006492,0.006492,interpolated,1.259,0.9101,0,0.8948,0.09808
human,plate15,flu-seqneut-2026-UWMC-055,A/France/HDF-RELAB-IPP00300/2026_H3N2,plate15-A/France/HDF-RELAB-IPP00300/2026_H3N2,0.003021,interpolated,0.00417,0.00417,interpolated,1.226,0.8367,0,0.9752,0.04522
human,plate15,flu-seqneut-2026-UWMC-055,A/France/HDF-RELAB-IPP00303/2026_H3N2,plate15-A/France/HDF-RELAB-IPP00303/2026_H3N2,0.003641,interpolated,0.003641,0.003641,interpolated,1.169,1,0,0.9715,0.05893
human,plate15,flu-seqneut-2026-UWMC-055,A/France/HDF-RELAB-IPP07969/2025_H1N1,plate15-A/France/HDF-RELAB-IPP07969/2025_H1N1,0.01028,interpolated,0.0105,0.0105,interpolated,1.309,0.986,0,0.9004,0.08689
human,plate15,flu-seqneut-2026-UWMC-055,A/France/NAQ-HCL026010957001/2026_H3N2,plate15-A/France/NAQ-HCL026010957001/2026_H3N2,0.005183,interpolated,0.00543,0.00543,interpolated,1.366,0.9692,0,0.979,0.04569
human,plate15,flu-seqneut-2026-UWMC-055,A/France/NAQ-HCL026046169102/2025_H1N1,plate15-A/France/NAQ-HCL026046169102/2025_H1N1,0.009355,interpolated,0.009355,0.009355,interpolated,2.201,1,0,0.9965,0.01864
human,plate15,flu-seqneut-2026-UWMC-055,A/France/OCC-HCL026013263701/2026_H3N2,plate15-A/France/OCC-HCL026013263701/2026_H3N2,0.001486,interpolated,0.001486,0.001486,interpolated,0.9239,1,0,0.9154,0.1019
human,plate15,flu-seqneut-2026-UWMC-055,A/France/PAC-RELAB-HCL026021993801/2026_H3N2,plate15-A/France/PAC-RELAB-HCL026021993801/2026_H3N2,0.003211,interpolated,0.00392,0.00392,interpolated,1.251,0.8896,0,0.9571,0.06504
human,plate15,flu-seqneut-2026-UWMC-055,A/Galicia/GA-CHUAC-451/2025_H3N2,plate15-A/Galicia/GA-CHUAC-451/2025_H3N2,0.00694,interpolated,0.007586,0.007586,interpolated,0.8,0.9657,0,0.8241,0.09818
human,plate15,flu-seqneut-2026-UWMC-055,A/Galicia/GA-CHUAC-612/2025_H1N1,plate15-A/Galicia/GA-CHUAC-612/2025_H1N1,0.0114,interpolated,0.01143,0.01143,interpolated,2.585,0.9969,0,0.9951,0.02173
human,plate15,flu-seqneut-2026-UWMC-055,A/Germany/LRMC_0104/2025_H3N2,plate15-A/Germany/LRMC_0104/2025_H3N2,0.006757,interpolated,0.007171,0.007171,interpolated,2.851,0.9221,0,0.9125,0.107
human,plate15,flu-seqneut-2026-UWMC-055,A/Germany/LRMC_0113/2025_H3N2,plate15-A/Germany/LRMC_0113/2025_H3N2,0.002604,interpolated,0.003087,0.003087,interpolated,0.9766,0.9235,0,0.914,0.09042
human,plate15,flu-seqneut-2026-UWMC-055,A/Hawaii/70/2019_H1N1,plate15-A/Hawaii/70/2019_H1N1,0.001231,interpolated,0.001231,0.001231,interpolated,6.878,1,0,0.9993,0.01246
human,plate15,flu-seqneut-2026-UWMC-055,A/Hawaii/ISC-1140/2025_H1N1,plate15-A/Hawaii/ISC-1140/2025_H1N1,0.007166,interpolated,0.007369,0.007369,interpolated,1.711,0.9766,0,0.9183,0.0962
human,plate15,flu-seqneut-2026-UWMC-055,A/Hessen/18/2026_H1N1,plate15-A/Hessen/18/2026_H1N1,0.01391,interpolated,0.01421,0.01421,interpolated,2.769,0.9707,0,0.9454,0.06382
human,plate15,flu-seqneut-2026-UWMC-055,A/Ireland/91576/2025_H3N2,plate15-A/Ireland/91576/2025_H3N2,0.002238,interpolated,0.003666,0.003666,interpolated,0.8,0.8369,0,0.7485,0.1252
human,plate15,flu-seqneut-2026-UWMC-055,A/Kentucky/80/2025_H1N1,plate15-A/Kentucky/80/2025_H1N1,0.001535,interpolated,0.001535,0.001535,interpolated,1.432,1,0,0.9902,0.03942
human,plate15,flu-seqneut-2026-UWMC-055,A/Lisboa/216/2023_H3N2,plate15-A/Lisboa/216/2023_H3N2,0.003195,interpolated,0.004172,0.004172,interpolated,1.772,0.8117,0,0.789,0.1556
human,plate15,flu-seqneut-2026-UWMC-055,A/Luxembourg/LNS9132577/2026_H3N2,plate15-A/Luxembourg/LNS9132577/2026_H3N2,0.002951,interpolated,0.002951,0.002951,interpolated,1.017,1,0,0.9585,0.06899
human,plate15,flu-seqneut-2026-UWMC-055,A/Maine/25/2026_H1N1,plate15-A/Maine/25/2026_H1N1,0.01098,interpolated,0.01099,0.01099,interpolated,2.914,0.9985,0,0.9758,0.04735
human,plate15,flu-seqneut-2026-UWMC-055,A/Malaysia/IMR/SARI/2406/2025_H3N2,plate15-A/Malaysia/IMR/SARI/2406/2025_H3N2,0.001555,interpolated,0.001689,0.001689,interpolated,1.083,0.9571,0,0.9383,0.08495
human,plate15,flu-seqneut-2026-UWMC-055,A/Massachusetts/18/2022_H3N2,plate15-A/Massachusetts/18/2022_H3N2,0.002929,interpolated,0.003814,0.003814,interpolated,1.263,0.8583,0,0.9923,0.02566
human,plate15,flu-seqneut-2026-UWMC-055,A/Massachusetts/ISC-1856/2025_H3N2,plate15-A/Massachusetts/ISC-1856/2025_H3N2,0.001482,interpolated,0.002561,0.002561,interpolated,0.9488,0.7976,0,0.9643,0.04964
human,plate15,flu-seqneut-2026-UWMC-055,A/Mauritius/26000203/2026_H1N1,plate15-A/Mauritius/26000203/2026_H1N1,0.008633,interpolated,0.009009,0.009009,interpolated,2.735,0.9449,0,0.9664,0.05975
human,plate15,flu-seqneut-2026-UWMC-055,A/Michigan/8/2026_H3N2,plate15-A/Michigan/8/2026_H3N2,0.002963,interpolated,0.003179,0.003179,interpolated,1.001,0.966,0,0.9541,0.06807
human,plate15,flu-seqneut-2026-UWMC-055,A/Michigan/UM-10068071276/2025_H3N2,plate15-A/Michigan/UM-10068071276/2025_H3N2,0.001794,interpolated,0.001794,0.001794,interpolated,1.408,1,0,0.9689,0.07043
human,plate15,flu-seqneut-2026-UWMC-055,A/Michigan/UM-10068134090/2025_H3N2,plate15-A/Michigan/UM-10068134090/2025_H3N2,0.002488,interpolated,0.00321,0.00321,interpolated,0.8,0.9077,0,0.8471,0.1113
human,plate15,flu-seqneut-2026-UWMC-055,A/Michigan/UM-10068449788/2025_H3N2,plate15-A/Michigan/UM-10068449788/2025_H3N2,0.008341,interpolated,0.008341,0.008341,interpolated,0.8,1,0,0.8708,0.09236
human,plate15,flu-seqneut-2026-UWMC-055,A/Michigan/UM-10068456988/2025_H3N2,plate15-A/Michigan/UM-10068456988/2025_H3N2,0.01483,interpolated,0.01591,0.01591,interpolated,2.752,0.9126,0,0.8446,0.1008
human,plate15,flu-seqneut-2026-UWMC-055,A/Michigan/UM-10068747355/2026_H3N2,plate15-A/Michigan/UM-10068747355/2026_H3N2,0.004056,interpolated,0.00406,0.00406,interpolated,4.977,0.9973,0,0.9979,0.01976
human,plate15,flu-seqneut-2026-UWMC-055,A/MinasGerais/410/2026_H1N1,plate15-A/MinasGerais/410/2026_H1N1,0.006856,interpolated,0.006856,0.006856,interpolated,1.194,1,0,0.9755,0.04532
human,plate15,flu-seqneut-2026-UWMC-055,A/MinasGerais/671/2026_H1N1,plate15-A/MinasGerais/671/2026_H1N1,0.01169,interpolated,0.01169,0.01169,interpolated,1.014,1,0,0.9809,0.03344
human,plate15,flu-seqneut-2026-UWMC-055,A/Mississippi/20/2026_H1N1,plate15-A/Mississippi/20/2026_H1N1,0.01224,interpolated,0.01224,0.01224,interpolated,2.588,1,0,0.9839,0.03699
human,plate15,flu-seqneut-2026-UWMC-055,A/Missouri/11/2025_cell_H1N1,plate15-A/Missouri/11/2025_cell_H1N1,0.006806,interpolated,0.007173,0.007173,interpolated,2.865,0.93,0,0.951,0.07664
human,plate15,flu-seqneut-2026-UWMC-055,A/Missouri/11/2025_egg_H1N1,plate15-A/Missouri/11/2025_egg_H1N1,0.0005339,interpolated,0.0005339,0.0005339,interpolated,2.344,1,0,0.9959,0.02659
human,plate15,flu-seqneut-2026-UWMC-055,A/Missouri/NIRC-AV-1003/2025_H3N2,plate15-A/Missouri/NIRC-AV-1003/2025_H3N2,0.004502,interpolated,0.004642,0.004642,interpolated,10,0.868,0,0.8286,0.162
human,plate15,flu-seqneut-2026-UWMC-055,A/Montana/51/2025_H3N2,plate15-A/Montana/51/2025_H3N2,0.006701,interpolated,0.00745,0.00745,interpolated,3.832,0.8332,0,0.7807,0.1711
human,plate15,flu-seqneut-2026-UWMC-055,A/NakhonPhanom/P495/2026_H3N2,plate15-A/NakhonPhanom/P495/2026_H3N2,0.008818,interpolated,0.009579,0.009579,interpolated,1.877,0.928,0,0.9084,0.08772
human,plate15,flu-seqneut-2026-UWMC-055,A/Navarra/260009/2025_H3N2,plate15-A/Navarra/260009/2025_H3N2,0.002886,interpolated,0.002886,0.002886,interpolated,0.9031,1,0,0.8489,0.1461
human,plate15,flu-seqneut-2026-UWMC-055,A/Nebraska/34/2026_H1N1,plate15-A/Nebraska/34/2026_H1N1,0.009818,interpolated,0.01163,0.01163,interpolated,1.3,0.9011,0,0.9605,0.04648
human,plate15,flu-seqneut-2026-UWMC-055,A/Netherlands/10008/2026_H1N1,plate15-A/Netherlands/10008/2026_H1N1,0.01094,interpolated,0.01094,0.01094,interpolated,1.974,1,0,0.995,0.02046
human,plate15,flu-seqneut-2026-UWMC-055,A/Netherlands/2398/2025_H1N1,plate15-A/Netherlands/2398/2025_H1N1,0.00242,interpolated,0.00242,0.00242,interpolated,2.659,1,0,0.999,0.01354
human,plate15,flu-seqneut-2026-UWMC-055,A/Netherlands/543/2026_H1N1,plate15-A/Netherlands/543/2026_H1N1,0.01337,interpolated,0.01373,0.01373,interpolated,2.814,0.9641,0,0.9075,0.08482
human,plate15,flu-seqneut-2026-UWMC-055,A/Netherlands/864/2026_H1N1,plate15-A/Netherlands/864/2026_H1N1,0.01517,interpolated,0.01517,0.01517,interpolated,3.006,1,0,0.9984,0.0109
human,plate15,flu-seqneut-2026-UWMC-055,A/Netherlands/888/2026_H3N2,plate15-A/Netherlands/888/2026_H3N2,0.01998,interpolated,0.0203,0.0203,interpolated,10,0.9268,0,0.9129,0.08429
human,plate15,flu-seqneut-2026-UWMC-055,A/Netherlands/968/2026_H3N2,plate15-A/Netherlands/968/2026_H3N2,0.002016,interpolated,0.003147,0.003147,interpolated,0.8,0.8502,0,0.8448,0.1059
human,plate15,flu-seqneut-2026-UWMC-055,A/NewBrunswick/NBPHLFLUA10B-MM00057R/2026_H1N1,plate15-A/NewBrunswick/NBPHLFLUA10B-MM00057R/2026_H1N1,0.008734,interpolated,0.009405,0.009405,interpolated,1.189,0.9579,0,0.9008,0.08774
human,plate15,flu-seqneut-2026-UWMC-055,A/NewYork/NIRC-IS-1086/2026_H3N2,plate15-A/NewYork/NIRC-IS-1086/2026_H3N2,0.00166,interpolated,0.00219,0.00219,interpolated,0.9085,0.8888,0,0.9256,0.07751
human,plate15,flu-seqneut-2026-UWMC-055,A/NordrheinWestfalen/54/2026_H3N2,plate15-A/NordrheinWestfalen/54/2026_H3N2,0.02335,interpolated,0.02378,0.02378,interpolated,10,0.9166,0,0.8637,0.07494
human,plate15,flu-seqneut-2026-UWMC-055,A/NordrheinWestfalen/96/2026_H1N1,plate15-A/NordrheinWestfalen/96/2026_H1N1,0.01359,interpolated,0.01366,0.01366,interpolated,2.774,0.9923,0,0.9925,0.02476
human,plate15,flu-seqneut-2026-UWMC-055,A/Norway/9556/2025_H1N1,plate15-A/Norway/9556/2025_H1N1,0.0103,interpolated,0.0103,0.0103,interpolated,3.397,1,0,0.9794,0.04542
human,plate15,flu-seqneut-2026-UWMC-055,A/NovaScotia/25-365-06099/2025_H3N2,plate15-A/NovaScotia/25-365-06099/2025_H3N2,0.005396,interpolated,0.006835,0.006835,interpolated,2.186,0.7982,0,0.9457,0.06854
human,plate15,flu-seqneut-2026-UWMC-055,A/Ohio/259/2024_H1N1,plate15-A/Ohio/259/2024_H1N1,0.009935,interpolated,0.009965,0.009965,interpolated,10,0.9853,0,0.9976,0.01825
human,plate15,flu-seqneut-2026-UWMC-055,A/Ontario/PHL202550193/2025_H3N2,plate15-A/Ontario/PHL202550193/2025_H3N2,0.00388,interpolated,0.003927,0.003927,interpolated,1.438,0.9913,0,0.9691,0.0632
human,plate15,flu-seqneut-2026-UWMC-055,A/Oregon/81/2025_H3N2,plate15-A/Oregon/81/2025_H3N2,0.002823,interpolated,0.002823,0.002823,interpolated,0.9424,1,0,0.981,0.04431
human,plate15,flu-seqneut-2026-UWMC-055,A/PaisVasco/70369726/2026_H1N1,plate15-A/PaisVasco/70369726/2026_H1N1,0.02098,interpolated,0.02098,0.02098,interpolated,1.112,1,0,0.9228,0.0543
human,plate15,flu-seqneut-2026-UWMC-055,A/Parana/416133590/2026_H3N2,plate15-A/Parana/416133590/2026_H3N2,0.006289,interpolated,0.007604,0.007604,interpolated,0.8,0.9295,0,0.6821,0.1275
human,plate15,flu-seqneut-2026-UWMC-055,A/Peru/ANC-INS-062/2026_H3N2,plate15-A/Peru/ANC-INS-062/2026_H3N2,0.01228,interpolated,0.01666,0.01666,interpolated,0.8,0.8918,0,0.9051,0.05512
human,plate15,flu-seqneut-2026-UWMC-055,A/Rhode_Island/11/2026_H1N1,plate15-A/Rhode_Island/11/2026_H1N1,0.003516,interpolated,0.003516,0.003516,interpolated,1.771,1,0,0.9901,0.03811
human,plate15,flu-seqneut-2026-UWMC-055,A/RiodeJaneiro/331/2026_H3N2,plate15-A/RiodeJaneiro/331/2026_H3N2,0.002081,interpolated,0.002624,0.002624,interpolated,0.8506,0.9105,0,0.8849,0.1029
human,plate15,flu-seqneut-2026-UWMC-055,A/Romania/612042/2026_H3N2,plate15-A/Romania/612042/2026_H3N2,0.004295,interpolated,0.00442,0.00442,interpolated,0.8462,0.988,0,0.9145,0.08583
human,plate15,flu-seqneut-2026-UWMC-055,A/SantaCatarina/508/2026_H3N2,plate15-A/SantaCatarina/508/2026_H3N2,0.004523,interpolated,0.0048,0.0048,interpolated,1.055,0.9696,0,0.9439,0.07403
human,plate15,flu-seqneut-2026-UWMC-055,A/Saskatchewan/SKFLU477299/2025_H3N2,plate15-A/Saskatchewan/SKFLU477299/2025_H3N2,0.00528,interpolated,0.007308,0.007308,interpolated,1.116,0.8479,0,0.7893,0.1278
human,plate15,flu-seqneut-2026-UWMC-055,A/Saskatchewan/SKFLU477727/2025_H3N2,plate15-A/Saskatchewan/SKFLU477727/2025_H3N2,0.004208,interpolated,0.004372,0.004372,interpolated,1.445,0.973,0,0.9342,0.09001
human,plate15,flu-seqneut-2026-UWMC-055,A/Saskatchewan/SKFLU490586/2026_H1N1,plate15-A/Saskatchewan/SKFLU490586/2026_H1N1,0.01191,interpolated,0.01257,0.01257,interpolated,1.383,0.964,0,0.8295,0.1135
human,plate15,flu-seqneut-2026-UWMC-055,A/Singapore/GP20238/2024_H3N2,plate15-A/Singapore/GP20238/2024_H3N2,0.004152,interpolated,0.004497,0.004497,interpolated,2.443,0.9114,0,0.9739,0.06124
human,plate15,flu-seqneut-2026-UWMC-055,A/Singapore/KK2768/2025_H1N1,plate15-A/Singapore/KK2768/2025_H1N1,0.007916,interpolated,0.008342,0.008342,interpolated,1.984,0.9506,0,0.9735,0.0503
human,plate15,flu-seqneut-2026-UWMC-055,A/Singapore/MOH0547/2024_H1N1,plate15-A/Singapore/MOH0547/2024_H1N1,0.008893,interpolated,0.00897,0.00897,interpolated,3.824,0.9837,0,0.9937,0.02803
human,plate15,flu-seqneut-2026-UWMC-055,A/Singapore/NTF0577/2025_H3N2,plate15-A/Singapore/NTF0577/2025_H3N2,0.003031,interpolated,0.004806,0.004806,interpolated,0.9224,0.8268,0,0.8532,0.1013
human,plate15,flu-seqneut-2026-UWMC-055,A/Singapore/SAR8915/2025_H3N2,plate15-A/Singapore/SAR8915/2025_H3N2,0.003182,interpolated,0.004595,0.004595,interpolated,1.612,0.7765,0,0.8849,0.09889
human,plate15,flu-seqneut-2026-UWMC-055,A/SouthAfrica/NHLS-SU-CERI-C075557/2026_H1N1,plate15-A/SouthAfrica/NHLS-SU-CERI-C075557/2026_H1N1,0.01471,interpolated,0.01473,0.01473,interpolated,2.25,0.9987,0,0.9972,0.01377
human,plate15,flu-seqneut-2026-UWMC-055,A/SouthAfrica/NICD-R01647/2026_H1N1,plate15-A/SouthAfrica/NICD-R01647/2026_H1N1,0.009372,interpolated,0.009372,0.009372,interpolated,2.76,1,0,0.9986,0.01222
human,plate15,flu-seqneut-2026-UWMC-055,A/SouthAfrica/NICD-R01668/2026_H1N1,plate15-A/SouthAfrica/NICD-R01668/2026_H1N1,0.007184,interpolated,0.007226,0.007226,interpolated,2.106,0.994,0,0.995,0.02463
human,plate15,flu-seqneut-2026-UWMC-055,A/SouthAfrica/PATH-CERI-C073358/2025_H1N1,plate15-A/SouthAfrica/PATH-CERI-C073358/2025_H1N1,0.006868,interpolated,0.006868,0.006868,interpolated,2.225,1,0,0.9828,0.04484
human,plate15,flu-seqneut-2026-UWMC-055,A/SouthAfrica/PATH-CERI-C073366/2025_H1N1,plate15-A/SouthAfrica/PATH-CERI-C073366/2025_H1N1,0.01247,interpolated,0.01256,0.01256,interpolated,3.921,0.9863,0,0.9902,0.03149
human,plate15,flu-seqneut-2026-UWMC-055,A/SouthAfrica/PATH-CERI-C075119/2026_H1N1,plate15-A/SouthAfrica/PATH-CERI-C075119/2026_H1N1,0.009796,interpolated,0.009846,0.009846,interpolated,8.168,0.9796,0,0.972,0.05684
human,plate15,flu-seqneut-2026-UWMC-055,A/SouthAustralia/2605715552/2026_H3N2,plate15-A/SouthAustralia/2605715552/2026_H3N2,0.001997,interpolated,0.002716,0.002716,interpolated,0.8702,0.8827,0,0.8853,0.09783
human,plate15,flu-seqneut-2026-UWMC-055,A/SouthCarolina/USAFSAM-17046/2026_H3N2,plate15-A/SouthCarolina/USAFSAM-17046/2026_H3N2,0.00202,interpolated,0.002451,0.002451,interpolated,1.62,0.8655,0,0.9554,0.07338
human,plate15,flu-seqneut-2026-UWMC-055,A/South_Australia/2523812314/2025_H3N2,plate15-A/South_Australia/2523812314/2025_H3N2,0.001359,interpolated,0.003946,0.003946,interpolated,1.51,0.6,0,0.9038,0.07009
human,plate15,flu-seqneut-2026-UWMC-055,A/South_Australia/2527213276/2025_H3N2,plate15-A/South_Australia/2527213276/2025_H3N2,0.004034,interpolated,0.00789,0.00789,interpolated,1.167,0.7285,0,0.525,0.1972
human,plate15,flu-seqneut-2026-UWMC-055,A/StPetersburg/RII-25-2042S/2025_H3N2,plate15-A/StPetersburg/RII-25-2042S/2025_H3N2,0.00728,interpolated,0.009716,0.009716,interpolated,0.8,0.8969,0,0.7336,0.1257
human,plate15,flu-seqneut-2026-UWMC-055,A/StPetersburg/RII-25-2321S/2025_H3N2,plate15-A/StPetersburg/RII-25-2321S/2025_H3N2,0.005162,interpolated,0.006309,0.006309,interpolated,2.422,0.8076,0,0.8605,0.1125
human,plate15,flu-seqneut-2026-UWMC-055,A/StPetersburg/RII-25-2506S/2026_H3N2,plate15-A/StPetersburg/RII-25-2506S/2026_H3N2,0.005614,interpolated,0.006061,0.006061,interpolated,1.449,0.9474,0,0.9723,0.05337
human,plate15,flu-seqneut-2026-UWMC-055,A/StPetersburg/RII-25-2600S/2026_H3N2,plate15-A/StPetersburg/RII-25-2600S/2026_H3N2,0.002936,interpolated,0.004526,0.004526,interpolated,1.004,0.8237,0,0.9325,0.06513
human,plate15,flu-seqneut-2026-UWMC-055,A/Switzerland/UN-SNRCI-HUG-053/2025_H1N1,plate15-A/Switzerland/UN-SNRCI-HUG-053/2025_H1N1,0.01572,interpolated,0.01577,0.01577,interpolated,4.778,0.9921,0,0.9971,0.01582
human,plate15,flu-seqneut-2026-UWMC-055,A/Sydney/1359/2024_H3N2,plate15-A/Sydney/1359/2024_H3N2,0.00587,interpolated,0.006512,0.006512,interpolated,1.978,0.9072,0,0.9418,0.08178
human,plate15,flu-seqneut-2026-UWMC-055,A/Sydney/50/2026_H1N1,plate15-A/Sydney/50/2026_H1N1,0.009798,interpolated,0.009987,0.009987,interpolated,1.995,0.9813,0,0.9778,0.04464
human,plate15,flu-seqneut-2026-UWMC-055,A/Texas/29/2026_H1N1,plate15-A/Texas/29/2026_H1N1,0.01366,interpolated,0.01366,0.01366,interpolated,2.577,1,0,0.9999,0.00319
human,plate15,flu-seqneut-2026-UWMC-055,A/Thailand/8/2022_H3N2,plate15-A/Thailand/8/2022_H3N2,0.002615,interpolated,0.00295,0.00295,interpolated,1.106,0.9376,0,0.9093,0.1022
human,plate15,flu-seqneut-2026-UWMC-055,A/Thuringen/16/2026_H3N2,plate15-A/Thuringen/16/2026_H3N2,0.003351,interpolated,0.003984,0.003984,interpolated,1.285,0.9003,0,0.8888,0.1139
human,plate15,flu-seqneut-2026-UWMC-055,A/Thuringen/39/2026_H3N2,plate15-A/Thuringen/39/2026_H3N2,0.006701,interpolated,0.008226,0.008226,interpolated,3.741,0.7322,0,0.8768,0.09853
human,plate15,flu-seqneut-2026-UWMC-055,A/Tokyo/EIS11-277/2024_H1N1,plate15-A/Tokyo/EIS11-277/2024_H1N1,0.00759,interpolated,0.00759,0.00759,interpolated,3.751,1,0,0.9998,0.005236
human,plate15,flu-seqneut-2026-UWMC-055,A/Trieste/257/2025_H3N2,plate15-A/Trieste/257/2025_H3N2,0.005037,interpolated,0.005351,0.005351,interpolated,1.441,0.9582,0,0.9744,0.05141
human,plate15,flu-seqneut-2026-UWMC-055,A/Trieste/380/2026_H3N2,plate15-A/Trieste/380/2026_H3N2,0.01141,interpolated,0.01375,0.01375,interpolated,0.8,0.9307,0,0.6678,0.1236
human,plate15,flu-seqneut-2026-UWMC-055,A/Ukraine/5214/2026_H1N1,plate15-A/Ukraine/5214/2026_H1N1,0.007749,interpolated,0.007749,0.007749,interpolated,2.308,1,0,0.958,0.06646
human,plate15,flu-seqneut-2026-UWMC-055,A/Uppsala/SE26-01293/2026_H1N1,plate15-A/Uppsala/SE26-01293/2026_H1N1,0.0121,interpolated,0.0121,0.0121,interpolated,1.177,1,0,0.8367,0.1053
human,plate15,flu-seqneut-2026-UWMC-055,A/Valencia/VAHNSI_09_02564/2025_H1N1,plate15-A/Valencia/VAHNSI_09_02564/2025_H1N1,0.008566,interpolated,0.008566,0.008566,interpolated,1.562,1,0,0.974,0.0496
human,plate15,flu-seqneut-2026-UWMC-055,A/Victoria/2948/2025_H3N2,plate15-A/Victoria/2948/2025_H3N2,0.002853,interpolated,0.003386,0.003386,interpolated,1.787,0.8682,0,0.9592,0.06854
human,plate15,flu-seqneut-2026-UWMC-055,A/Victoria/4897/2022_IVR-238_H1N1,plate15-A/Victoria/4897/2022_IVR-238_H1N1,0.001361,interpolated,0.001361,0.001361,interpolated,3.34,1,0,0.9993,0.0121
human,plate15,flu-seqneut-2026-UWMC-055,A/Vietnam/F7324/2024_H3N2,plate15-A/Vietnam/F7324/2024_H3N2,0.002978,interpolated,0.007751,0.007751,interpolated,0.8,0.7326,0,0.9122,0.05574
human,plate15,flu-seqneut-2026-UWMC-055,A/Vietnam/PF125413/2025_H1N1,plate15-A/Vietnam/PF125413/2025_H1N1,0.01134,interpolated,0.01134,0.01134,interpolated,2.764,1,0,0.9809,0.04176
human,plate15,flu-seqneut-2026-UWMC-055,A/Vietnam/PF126009/2026_H1N1,plate15-A/Vietnam/PF126009/2026_H1N1,0.01147,interpolated,0.01147,0.01147,interpolated,2.699,1,0,0.9889,0.03164
human,plate15,flu-seqneut-2026-UWMC-055,A/Virginia/82/2025_H1N1,plate15-A/Virginia/82/2025_H1N1,0.005065,interpolated,0.005065,0.005065,interpolated,2.447,1,0,0.9823,0.05165
human,plate15,flu-seqneut-2026-UWMC-055,A/Wisconsin/588/2019_H1N1,plate15-A/Wisconsin/588/2019_H1N1,0.005356,interpolated,0.005564,0.005564,interpolated,3.78,0.9329,0,0.9586,0.0802
human,plate15,flu-seqneut-2026-UWMC-055,A/Wisconsin/67/2022_H1N1,plate15-A/Wisconsin/67/2022_H1N1,0.008557,interpolated,0.008557,0.008557,interpolated,3.093,1,0,0.9985,0.0136
human,plate15,flu-seqneut-2026-UWMC-055,A/Zacapa/FLU-012/2025_H1N1,plate15-A/Zacapa/FLU-012/2025_H1N1,0.01106,interpolated,0.01129,0.01129,interpolated,2.12,0.9788,0,0.9805,0.04135
human,plate15,flu-seqneut-2026-UWMC-055,A/Zambia/6-NIC-014/2026_H1N1,plate15-A/Zambia/6-NIC-014/2026_H1N1,0.01822,interpolated,0.01822,0.01822,interpolated,1.74,1,0,0.9949,0.01521
human,plate15,flu-seqneut-2026-UWMC-055,A/Zambia/7-NIC-313/2026_H1N1,plate15-A/Zambia/7-NIC-313/2026_H1N1,0.0111,interpolated,0.01147,0.01147,interpolated,1.584,0.975,0,0.9199,0.07435
human,plate15,flu-seqneut-2026-UWMC-056,A/Andalucia/PMC-00977/2025_H1N1,plate15-A/Andalucia/PMC-00977/2025_H1N1,0.001922,interpolated,0.001922,0.001922,interpolated,3.47,1,0,0.9904,0.04344
human,plate15,flu-seqneut-2026-UWMC-056,A/Andalucia/PMC-01217/2025_H1N1,plate15-A/Andalucia/PMC-01217/2025_H1N1,0.001907,interpolated,0.001907,0.001907,interpolated,4.897,1,0,0.9983,0.01903
human,plate15,flu-seqneut-2026-UWMC-056,A/Andalucia/PMC-01495/2025_H1N1,plate15-A/Andalucia/PMC-01495/2025_H1N1,0.00224,interpolated,0.00224,0.00224,interpolated,3.705,1,0,0.9991,0.01337
human,plate15,flu-seqneut-2026-UWMC-056,A/Arizona/40/2026_H1N1,plate15-A/Arizona/40/2026_H1N1,0.001999,interpolated,0.001999,0.001999,interpolated,4.638,1,0,0.9991,0.01383
human,plate15,flu-seqneut-2026-UWMC-056,A/Astrakhan/RII-MH273373S/2025_H3N2,plate15-A/Astrakhan/RII-MH273373S/2025_H3N2,0.001695,interpolated,0.001858,0.001858,interpolated,4.663,0.8256,0,0.88,0.1382
human,plate15,flu-seqneut-2026-UWMC-056,A/Asturias/232590913/2025_H1N1,plate15-A/Asturias/232590913/2025_H1N1,0.002114,interpolated,0.002172,0.002172,interpolated,2.757,0.9638,0,0.9944,0.03183
human,plate15,flu-seqneut-2026-UWMC-056,A/Badajoz/18738342/2026_H3N2,plate15-A/Badajoz/18738342/2026_H3N2,0.001924,interpolated,0.001924,0.001924,interpolated,3.499,1,0,0.991,0.04241
human,plate15,flu-seqneut-2026-UWMC-056,A/Badajoz/18811358/2026_H3N2,plate15-A/Badajoz/18811358/2026_H3N2,0.001404,interpolated,0.001404,0.001404,interpolated,1.338,1,0,0.963,0.07644
human,plate15,flu-seqneut-2026-UWMC-056,A/Badajoz/18813527/2026_H3N2,plate15-A/Badajoz/18813527/2026_H3N2,0.001799,interpolated,0.001826,0.001826,interpolated,10,0.9319,0,0.9824,0.0575
human,plate15,flu-seqneut-2026-UWMC-056,A/Bangkok/P2390/2025_H3N2,plate15-A/Bangkok/P2390/2025_H3N2,0.001317,interpolated,0.001571,0.001571,interpolated,2.299,0.8334,0,0.9551,0.0777
human,plate15,flu-seqneut-2026-UWMC-056,A/Bangkok/P2391/2025_H3N2,plate15-A/Bangkok/P2391/2025_H3N2,0.001961,interpolated,0.001961,0.001961,interpolated,1.169,1,0,0.9437,0.08967
human,plate15,flu-seqneut-2026-UWMC-056,A/Blaenavon/6687/2026_H3N2,plate15-A/Blaenavon/6687/2026_H3N2,0.0007451,interpolated,0.0008594,0.0008594,interpolated,3.365,0.8092,0,0.9569,0.07585
human,plate15,flu-seqneut-2026-UWMC-056,A/Bolivia/OR5702/2025_H3N2,plate15-A/Bolivia/OR5702/2025_H3N2,0.003061,interpolated,0.003061,0.003061,interpolated,1.433,1,0,0.9614,0.07374
human,plate15,flu-seqneut-2026-UWMC-056,A/BritishColumbia/RV00022-26/2025_H1N1,plate15-A/BritishColumbia/RV00022-26/2025_H1N1,0.001645,interpolated,0.001645,0.001645,interpolated,2.799,1,0,0.9926,0.03771
human,plate15,flu-seqneut-2026-UWMC-056,A/BritishColumbia/RV00279-26/2025_H3N2,plate15-A/BritishColumbia/RV00279-26/2025_H3N2,0.002405,interpolated,0.002405,0.002405,interpolated,3.559,1,0,0.9994,0.01068
human,plate15,flu-seqneut-2026-UWMC-056,A/BritishColumbia/RV01350-26/2026_H1N1,plate15-A/BritishColumbia/RV01350-26/2026_H1N1,0.003106,interpolated,0.003106,0.003106,interpolated,1.487,1,0,0.9042,0.1272
human,plate15,flu-seqneut-2026-UWMC-056,A/BritishColumbia/RV05508-25/2025_H1N1,plate15-A/BritishColumbia/RV05508-25/2025_H1N1,0.004088,interpolated,0.004088,0.004088,interpolated,7.009,1,0,0.9977,0.02114
human,plate15,flu-seqneut-2026-UWMC-056,A/California/GKISBBBH79910/2026_H3N2,plate15-A/California/GKISBBBH79910/2026_H3N2,0.002496,interpolated,0.00251,0.00251,interpolated,2.07,0.9942,0,0.995,0.02936
human,plate15,flu-seqneut-2026-UWMC-056,A/California/NIRC-IS-1019/2026_H1N1,plate15-A/California/NIRC-IS-1019/2026_H1N1,0.00203,interpolated,0.00203,0.00203,interpolated,2.335,1,0,0.97,0.074
human,plate15,flu-seqneut-2026-UWMC-056,A/California/NIRC-IS-1059/2026_H3N2,plate15-A/California/NIRC-IS-1059/2026_H3N2,0.005121,interpolated,0.005796,0.005796,interpolated,6.072,0.7356,0,0.925,0.08769
human,plate15,flu-seqneut-2026-UWMC-056,A/California/NIRC-IS-1067/2026_H3N2,plate15-A/California/NIRC-IS-1067/2026_H3N2,0.001842,interpolated,0.00195,0.00195,interpolated,10,0.7833,0,0.9557,0.07523
human,plate15,flu-seqneut-2026-UWMC-056,A/California/NIRC-IS-1356/2025_H1N1,plate15-A/California/NIRC-IS-1356/2025_H1N1,0.002723,interpolated,0.002723,0.002723,interpolated,2.21,1,0,0.9926,0.03585
human,plate15,flu-seqneut-2026-UWMC-056,A/Castellon/VAHNSI_02_02400/2025_H3N2,plate15-A/Castellon/VAHNSI_02_02400/2025_H3N2,0.001334,interpolated,0.001474,0.001474,interpolated,2.387,0.8943,0,0.9572,0.0811
human,plate15,flu-seqneut-2026-UWMC-056,A/Colombia/1851/2024_H3N2,plate15-A/Colombia/1851/2024_H3N2,0.00204,interpolated,0.002655,0.002655,interpolated,1.139,0.8704,0,0.759,0.1723
human,plate15,flu-seqneut-2026-UWMC-056,A/Colorado/218/2024_H1N1,plate15-A/Colorado/218/2024_H1N1,0.001517,interpolated,0.001517,0.001517,interpolated,3.449,1,0,0.9999,0.004394
human,plate15,flu-seqneut-2026-UWMC-056,A/Connecticut/5/2026_H3N2,plate15-A/Connecticut/5/2026_H3N2,0.002312,interpolated,0.002412,0.002412,interpolated,2.62,0.9478,0,0.9949,0.02919
human,plate15,flu-seqneut-2026-UWMC-056,A/Croatia/10136RV/2023_H3N2,plate15-A/Croatia/10136RV/2023_H3N2,0.001848,interpolated,0.002018,0.002018,interpolated,1.153,0.9518,0,0.8795,0.1252
human,plate15,flu-seqneut-2026-UWMC-056,A/Darwin/1415/2025_H3N2,plate15-A/Darwin/1415/2025_H3N2,0.00189,interpolated,0.002059,0.002059,interpolated,1.888,0.9253,0,0.9604,0.0772
human,plate15,flu-seqneut-2026-UWMC-056,A/Darwin/1454/2025_H3N2,plate15-A/Darwin/1454/2025_H3N2,0.0008253,interpolated,0.0008253,0.0008253,interpolated,1.394,1,0,0.9697,0.06774
human,plate15,flu-seqneut-2026-UWMC-056,A/Denmark/3940/2025_H3N2,plate15-A/Denmark/3940/2025_H3N2,0.001715,interpolated,0.00193,0.00193,interpolated,1.815,0.9036,0,0.983,0.0482
human,plate15,flu-seqneut-2026-UWMC-056,A/Denmark/4547/2025_H1N1,plate15-A/Denmark/4547/2025_H1N1,0.001823,interpolated,0.001823,0.001823,interpolated,5.022,1,0,0.995,0.03203
human,plate15,flu-seqneut-2026-UWMC-056,A/Denmark/4774/2025_H1N1,plate15-A/Denmark/4774/2025_H1N1,0.009133,interpolated,0.009143,0.009143,interpolated,10,0.9944,0,0.9992,0.01131
human,plate15,flu-seqneut-2026-UWMC-056,A/District_Of_Columbia/27/2023_H3N2,plate15-A/District_Of_Columbia/27/2023_H3N2,0.006434,interpolated,0.006879,0.006879,interpolated,4.715,0.8647,0,0.9173,0.105
human,plate15,flu-seqneut-2026-UWMC-056,A/Distrito_Federal/250106000728/2025_H3N2,plate15-A/Distrito_Federal/250106000728/2025_H3N2,0.002574,interpolated,0.00279,0.00279,interpolated,2.581,0.9059,0,0.979,0.05509
human,plate15,flu-seqneut-2026-UWMC-056,A/England/1893256/2026_H1N1,plate15-A/England/1893256/2026_H1N1,0.001805,interpolated,0.001833,0.001833,interpolated,3.773,0.9714,0,0.9963,0.0269
human,plate15,flu-seqneut-2026-UWMC-056,A/Florida/ISC-1069/2026_H3N2,plate15-A/Florida/ISC-1069/2026_H3N2,0.001635,interpolated,0.001635,0.001635,interpolated,2.224,1,0,0.9986,0.01577
human,plate15,flu-seqneut-2026-UWMC-056,A/France/ARA-HCL025195259501/2025_H1N1,plate15-A/France/ARA-HCL025195259501/2025_H1N1,0.002436,interpolated,0.002484,0.002484,interpolated,2.576,0.9754,0,0.9849,0.05248
human,plate15,flu-seqneut-2026-UWMC-056,A/France/ARA-HCL026031894402/2026_H3N2,plate15-A/France/ARA-HCL026031894402/2026_H3N2,0.002851,interpolated,0.003263,0.003263,interpolated,2.54,0.8549,0,0.8997,0.1184
human,plate15,flu-seqneut-2026-UWMC-056,A/France/GES-IPP00659/2026_H1N1,plate15-A/France/GES-IPP00659/2026_H1N1,0.003667,interpolated,0.003667,0.003667,interpolated,1.641,1,0,0.9771,0.05903
human,plate15,flu-seqneut-2026-UWMC-056,A/France/GES-IPP01077/2026_H3N2,plate15-A/France/GES-IPP01077/2026_H3N2,0.001726,interpolated,0.001726,0.001726,interpolated,6.56,1,0,0.99,0.04546
human,plate15,flu-seqneut-2026-UWMC-056,A/France/HDF-IPP01550/2026_H3N2,plate15-A/France/HDF-IPP01550/2026_H3N2,0.002307,interpolated,0.002307,0.002307,interpolated,1.526,1,0,0.9897,0.04026
human,plate15,flu-seqneut-2026-UWMC-056,A/France/HDF-RELAB-IPP00300/2026_H3N2,plate15-A/France/HDF-RELAB-IPP00300/2026_H3N2,0.001083,interpolated,0.001153,0.001153,interpolated,2.243,0.9347,0,0.9523,0.08664
human,plate15,flu-seqneut-2026-UWMC-056,A/France/HDF-RELAB-IPP00303/2026_H3N2,plate15-A/France/HDF-RELAB-IPP00303/2026_H3N2,0.002453,interpolated,0.002531,0.002531,interpolated,3.231,0.9523,0,0.9846,0.05083
human,plate15,flu-seqneut-2026-UWMC-056,A/France/HDF-RELAB-IPP07969/2025_H1N1,plate15-A/France/HDF-RELAB-IPP07969/2025_H1N1,0.002874,interpolated,0.002891,0.002891,interpolated,3.633,0.9891,0,0.9987,0.01583
human,plate15,flu-seqneut-2026-UWMC-056,A/France/NAQ-HCL026010957001/2026_H3N2,plate15-A/France/NAQ-HCL026010957001/2026_H3N2,0.001849,interpolated,0.001849,0.001849,interpolated,1.618,1,0,0.9925,0.03527
human,plate15,flu-seqneut-2026-UWMC-056,A/France/NAQ-HCL026046169102/2025_H1N1,plate15-A/France/NAQ-HCL026046169102/2025_H1N1,0.002079,interpolated,0.00209,0.00209,interpolated,3.585,0.9903,0,0.9995,0.0102
human,plate15,flu-seqneut-2026-UWMC-056,A/France/OCC-HCL026013263701/2026_H3N2,plate15-A/France/OCC-HCL026013263701/2026_H3N2,0.001309,interpolated,0.001622,0.001622,interpolated,1.604,0.8543,0,0.9485,0.08043
human,plate15,flu-seqneut-2026-UWMC-056,A/France/PAC-RELAB-HCL026021993801/2026_H3N2,plate15-A/France/PAC-RELAB-HCL026021993801/2026_H3N2,0.001821,interpolated,0.001878,0.001878,interpolated,10,0.867,0,0.943,0.09595
human,plate15,flu-seqneut-2026-UWMC-056,A/Galicia/GA-CHUAC-451/2025_H3N2,plate15-A/Galicia/GA-CHUAC-451/2025_H3N2,0.004073,interpolated,0.004131,0.004131,interpolated,1.083,0.9923,0,0.9021,0.1056
human,plate15,flu-seqneut-2026-UWMC-056,A/Galicia/GA-CHUAC-612/2025_H1N1,plate15-A/Galicia/GA-CHUAC-612/2025_H1N1,0.00195,interpolated,0.00195,0.00195,interpolated,2.227,1,0,0.9383,0.1075
human,plate15,flu-seqneut-2026-UWMC-056,A/Germany/LRMC_0104/2025_H3N2,plate15-A/Germany/LRMC_0104/2025_H3N2,0.002261,interpolated,0.002713,0.002713,interpolated,1.568,0.8757,0,0.9253,0.09663
human,plate15,flu-seqneut-2026-UWMC-056,A/Germany/LRMC_0113/2025_H3N2,plate15-A/Germany/LRMC_0113/2025_H3N2,0.001521,interpolated,0.001903,0.001903,interpolated,1.603,0.8492,0,0.9553,0.07294
human,plate15,flu-seqneut-2026-UWMC-056,A/Hawaii/70/2019_H1N1,plate15-A/Hawaii/70/2019_H1N1,0.0007963,interpolated,0.0007963,0.0007963,interpolated,1.685,1,0,0.9334,0.1081
human,plate15,flu-seqneut-2026-UWMC-056,A/Hawaii/ISC-1140/2025_H1N1,plate15-A/Hawaii/ISC-1140/2025_H1N1,0.001391,interpolated,0.001432,0.001432,interpolated,2.976,0.9581,0,0.9879,0.04705
human,plate15,flu-seqneut-2026-UWMC-056,A/Hessen/18/2026_H1N1,plate15-A/Hessen/18/2026_H1N1,0.002131,interpolated,0.002131,0.002131,interpolated,2.336,1,0,0.9884,0.04658
human,plate15,flu-seqneut-2026-UWMC-056,A/Ireland/91576/2025_H3N2,plate15-A/Ireland/91576/2025_H3N2,0.001431,interpolated,0.001431,0.001431,interpolated,1.398,1,0,0.9892,0.0403
human,plate15,flu-seqneut-2026-UWMC-056,A/Kentucky/80/2025_H1N1,plate15-A/Kentucky/80/2025_H1N1,0.0006613,interpolated,0.0006613,0.0006613,interpolated,1.482,1,0,0.9601,0.07932
human,plate15,flu-seqneut-2026-UWMC-056,A/Lisboa/216/2023_H3N2,plate15-A/Lisboa/216/2023_H3N2,0.002386,interpolated,0.002858,0.002858,interpolated,1.597,0.8749,0,0.91,0.108
human,plate15,flu-seqneut-2026-UWMC-056,A/Luxembourg/LNS9132577/2026_H3N2,plate15-A/Luxembourg/LNS9132577/2026_H3N2,0.001936,interpolated,0.001985,0.001985,interpolated,2.77,0.9661,0,0.9981,0.01823
human,plate15,flu-seqneut-2026-UWMC-056,A/Maine/25/2026_H1N1,plate15-A/Maine/25/2026_H1N1,0.001885,interpolated,0.001896,0.001896,interpolated,6.869,0.9805,0,0.993,0.03743
human,plate15,flu-seqneut-2026-UWMC-056,A/Malaysia/IMR/SARI/2406/2025_H3N2,plate15-A/Malaysia/IMR/SARI/2406/2025_H3N2,0.001064,interpolated,0.001088,0.001088,interpolated,0.8,0.9914,0,0.9242,0.08703
human,plate15,flu-seqneut-2026-UWMC-056,A/Massachusetts/18/2022_H3N2,plate15-A/Massachusetts/18/2022_H3N2,0.001646,interpolated,0.001916,0.001916,interpolated,1.435,0.9022,0,0.9825,0.04483
human,plate15,flu-seqneut-2026-UWMC-056,A/Massachusetts/ISC-1856/2025_H3N2,plate15-A/Massachusetts/ISC-1856/2025_H3N2,0.003082,interpolated,0.003555,0.003555,interpolated,3.9,0.7863,0,0.9819,0.04642
human,plate15,flu-seqneut-2026-UWMC-056,A/Mauritius/26000203/2026_H1N1,plate15-A/Mauritius/26000203/2026_H1N1,0.001685,interpolated,0.001697,0.001697,interpolated,5.026,0.9824,0,0.9971,0.02419
human,plate15,flu-seqneut-2026-UWMC-056,A/Michigan/8/2026_H3N2,plate15-A/Michigan/8/2026_H3N2,0.001766,interpolated,0.002111,0.002111,interpolated,1.631,0.8739,0,0.9642,0.06778
human,plate15,flu-seqneut-2026-UWMC-056,A/Michigan/UM-10068071276/2025_H3N2,plate15-A/Michigan/UM-10068071276/2025_H3N2,0.0007744,interpolated,0.0007744,0.0007744,interpolated,4.69,1,0,0.999,0.01413
human,plate15,flu-seqneut-2026-UWMC-056,A/Michigan/UM-10068134090/2025_H3N2,plate15-A/Michigan/UM-10068134090/2025_H3N2,0.001403,interpolated,0.001697,0.001697,interpolated,1.986,0.8427,0,0.894,0.1159
human,plate15,flu-seqneut-2026-UWMC-056,A/Michigan/UM-10068449788/2025_H3N2,plate15-A/Michigan/UM-10068449788/2025_H3N2,0.0018,interpolated,0.001868,0.001868,interpolated,3.227,0.9437,0,0.9931,0.03456
human,plate15,flu-seqneut-2026-UWMC-056,A/Michigan/UM-10068456988/2025_H3N2,plate15-A/Michigan/UM-10068456988/2025_H3N2,0.003117,interpolated,0.003117,0.003117,interpolated,1.757,1,0,0.9778,0.06015
human,plate15,flu-seqneut-2026-UWMC-056,A/Michigan/UM-10068747355/2026_H3N2,plate15-A/Michigan/UM-10068747355/2026_H3N2,0.001692,interpolated,0.001805,0.001805,interpolated,2.346,0.9298,0,0.9772,0.06189
human,plate15,flu-seqneut-2026-UWMC-056,A/MinasGerais/410/2026_H1N1,plate15-A/MinasGerais/410/2026_H1N1,0.001656,interpolated,0.00181,0.00181,interpolated,1.924,0.9216,0,0.9825,0.0519
human,plate15,flu-seqneut-2026-UWMC-056,A/MinasGerais/671/2026_H1N1,plate15-A/MinasGerais/671/2026_H1N1,0.002219,interpolated,0.002219,0.002219,interpolated,2.961,1,0,0.9953,0.03016
human,plate15,flu-seqneut-2026-UWMC-056,A/Mississippi/20/2026_H1N1,plate15-A/Mississippi/20/2026_H1N1,0.003649,interpolated,0.003697,0.003697,interpolated,10,0.9394,0,0.9808,0.0618
human,plate15,flu-seqneut-2026-UWMC-056,A/Missouri/11/2025_cell_H1N1,plate15-A/Missouri/11/2025_cell_H1N1,0.001049,interpolated,0.001086,0.001086,interpolated,1.202,0.9797,0,0.9723,0.06119
human,plate15,flu-seqneut-2026-UWMC-056,A/Missouri/11/2025_egg_H1N1,plate15-A/Missouri/11/2025_egg_H1N1,0.0007245,interpolated,0.0007245,0.0007245,interpolated,2.583,1,0,0.9993,0.01154
human,plate15,flu-seqneut-2026-UWMC-056,A/Missouri/NIRC-AV-1003/2025_H3N2,plate15-A/Missouri/NIRC-AV-1003/2025_H3N2,0.001749,interpolated,0.001749,0.001749,interpolated,6.077,1,0,0.9974,0.02342
human,plate15,flu-seqneut-2026-UWMC-056,A/Montana/51/2025_H3N2,plate15-A/Montana/51/2025_H3N2,0.000936,interpolated,0.000936,0.000936,interpolated,1.082,1,0,0.9491,0.08221
human,plate15,flu-seqneut-2026-UWMC-056,A/NakhonPhanom/P495/2026_H3N2,plate15-A/NakhonPhanom/P495/2026_H3N2,0.001801,interpolated,0.002066,0.002066,interpolated,1.811,0.8899,0,0.9205,0.1057
human,plate15,flu-seqneut-2026-UWMC-056,A/Navarra/260009/2025_H3N2,plate15-A/Navarra/260009/2025_H3N2,0.001579,interpolated,0.001579,0.001579,interpolated,2.5,1,0,0.9992,0.01252
human,plate15,flu-seqneut-2026-UWMC-056,A/Nebraska/34/2026_H1N1,plate15-A/Nebraska/34/2026_H1N1,0.001486,interpolated,0.001486,0.001486,interpolated,1.891,1,0,0.9885,0.04594
human,plate15,flu-seqneut-2026-UWMC-056,A/Netherlands/10008/2026_H1N1,plate15-A/Netherlands/10008/2026_H1N1,0.002081,interpolated,0.002081,0.002081,interpolated,2.83,1,0,0.9894,0.04539
human,plate15,flu-seqneut-2026-UWMC-056,A/Netherlands/2398/2025_H1N1,plate15-A/Netherlands/2398/2025_H1N1,0.0008811,interpolated,0.0008811,0.0008811,interpolated,3.925,1,0,0.9978,0.021
human,plate15,flu-seqneut-2026-UWMC-056,A/Netherlands/543/2026_H1N1,plate15-A/Netherlands/543/2026_H1N1,0.002387,interpolated,0.002387,0.002387,interpolated,2.91,1,0,0.9972,0.02336
human,plate15,flu-seqneut-2026-UWMC-056,A/Netherlands/864/2026_H1N1,plate15-A/Netherlands/864/2026_H1N1,0.001772,interpolated,0.001772,0.001772,interpolated,1.996,1,0,0.9975,0.021
human,plate15,flu-seqneut-2026-UWMC-056,A/Netherlands/888/2026_H3N2,plate15-A/Netherlands/888/2026_H3N2,0.00275,interpolated,0.00275,0.00275,interpolated,1.194,1,0,0.8774,0.1375
human,plate15,flu-seqneut-2026-UWMC-056,A/Netherlands/968/2026_H3N2,plate15-A/Netherlands/968/2026_H3N2,0.00147,interpolated,0.001613,0.001613,interpolated,1.434,0.9376,0,0.9676,0.06795
human,plate15,flu-seqneut-2026-UWMC-056,A/NewBrunswick/NBPHLFLUA10B-MM00057R/2026_H1N1,plate15-A/NewBrunswick/NBPHLFLUA10B-MM00057R/2026_H1N1,0.001514,interpolated,0.001514,0.001514,interpolated,1.684,1,0,0.9872,0.04688
human,plate15,flu-seqneut-2026-UWMC-056,A/NewYork/NIRC-IS-1086/2026_H3N2,plate15-A/NewYork/NIRC-IS-1086/2026_H3N2,0.001515,interpolated,0.001845,0.001845,interpolated,1.344,0.8838,0,0.9519,0.07347
human,plate15,flu-seqneut-2026-UWMC-056,A/NordrheinWestfalen/54/2026_H3N2,plate15-A/NordrheinWestfalen/54/2026_H3N2,0.002426,interpolated,0.002483,0.002483,interpolated,2.095,0.9762,0,0.9667,0.075
human,plate15,flu-seqneut-2026-UWMC-056,A/NordrheinWestfalen/96/2026_H1N1,plate15-A/NordrheinWestfalen/96/2026_H1N1,0.002065,interpolated,0.002065,0.002065,interpolated,3.812,1,0,0.9981,0.01981
human,plate15,flu-seqneut-2026-UWMC-056,A/Norway/9556/2025_H1N1,plate15-A/Norway/9556/2025_H1N1,0.00311,interpolated,0.00311,0.00311,interpolated,1.828,1,0,0.9866,0.04604
human,plate15,flu-seqneut-2026-UWMC-056,A/NovaScotia/25-365-06099/2025_H3N2,plate15-A/NovaScotia/25-365-06099/2025_H3N2,0.002071,interpolated,0.002168,0.002168,interpolated,1.76,0.9613,0,0.9468,0.09081
human,plate15,flu-seqneut-2026-UWMC-056,A/Ohio/259/2024_H1N1,plate15-A/Ohio/259/2024_H1N1,0.001818,interpolated,0.001825,0.001825,interpolated,2.873,0.9945,0,0.999,0.01375
human,plate15,flu-seqneut-2026-UWMC-056,A/Ontario/PHL202550193/2025_H3N2,plate15-A/Ontario/PHL202550193/2025_H3N2,0.00198,interpolated,0.002174,0.002174,interpolated,2.039,0.9134,0,0.9402,0.09477
human,plate15,flu-seqneut-2026-UWMC-056,A/Oregon/81/2025_H3N2,plate15-A/Oregon/81/2025_H3N2,0.002005,interpolated,0.002296,0.002296,interpolated,2.21,0.8706,0,0.9538,0.08081
human,plate15,flu-seqneut-2026-UWMC-056,A/PaisVasco/70369726/2026_H1N1,plate15-A/PaisVasco/70369726/2026_H1N1,0.001894,interpolated,0.001894,0.001894,interpolated,4.983,1,0,0.9982,0.01965
human,plate15,flu-seqneut-2026-UWMC-056,A/Parana/416133590/2026_H3N2,plate15-A/Parana/416133590/2026_H3N2,0.003205,interpolated,0.003508,0.003508,interpolated,1.291,0.9449,0,0.9625,0.06674
human,plate15,flu-seqneut-2026-UWMC-056,A/Peru/ANC-INS-062/2026_H3N2,plate15-A/Peru/ANC-INS-062/2026_H3N2,0.002177,interpolated,0.002486,0.002486,interpolated,2.412,0.863,0,0.9661,0.06578
human,plate15,flu-seqneut-2026-UWMC-056,A/Rhode_Island/11/2026_H1N1,plate15-A/Rhode_Island/11/2026_H1N1,0.001234,interpolated,0.001234,0.001234,interpolated,1.744,1,0,0.9862,0.04941
human,plate15,flu-seqneut-2026-UWMC-056,A/RiodeJaneiro/331/2026_H3N2,plate15-A/RiodeJaneiro/331/2026_H3N2,0.002056,interpolated,0.00248,0.00248,interpolated,1.782,0.8581,0,0.8956,0.1164
human,plate15,flu-seqneut-2026-UWMC-056,A/Romania/612042/2026_H3N2,plate15-A/Romania/612042/2026_H3N2,0.002035,interpolated,0.002056,0.002056,interpolated,1.579,0.992,0,0.9862,0.04661
human,plate15,flu-seqneut-2026-UWMC-056,A/SantaCatarina/508/2026_H3N2,plate15-A/SantaCatarina/508/2026_H3N2,0.002161,interpolated,0.002202,0.002202,interpolated,3.689,0.9661,0,0.9831,0.05609
human,plate15,flu-seqneut-2026-UWMC-056,A/Saskatchewan/SKFLU477299/2025_H3N2,plate15-A/Saskatchewan/SKFLU477299/2025_H3N2,0.001284,interpolated,0.001424,0.001424,interpolated,1.201,0.9413,0,0.9564,0.07177
human,plate15,flu-seqneut-2026-UWMC-056,A/Saskatchewan/SKFLU477727/2025_H3N2,plate15-A/Saskatchewan/SKFLU477727/2025_H3N2,0.002038,interpolated,0.002038,0.002038,interpolated,2.72,1,0,0.9843,0.05388
human,plate15,flu-seqneut-2026-UWMC-056,A/Saskatchewan/SKFLU490586/2026_H1N1,plate15-A/Saskatchewan/SKFLU490586/2026_H1N1,0.001039,interpolated,0.001039,0.001039,interpolated,1.662,1,0,0.9914,0.03771
human,plate15,flu-seqneut-2026-UWMC-056,A/Singapore/GP20238/2024_H3N2,plate15-A/Singapore/GP20238/2024_H3N2,0.00125,interpolated,0.001268,0.001268,interpolated,3.041,0.9791,0,0.9985,0.01713
human,plate15,flu-seqneut-2026-UWMC-056,A/Singapore/KK2768/2025_H1N1,plate15-A/Singapore/KK2768/2025_H1N1,0.002039,interpolated,0.002039,0.002039,interpolated,1.707,1,0,0.9875,0.04591
human,plate15,flu-seqneut-2026-UWMC-056,A/Singapore/MOH0547/2024_H1N1,plate15-A/Singapore/MOH0547/2024_H1N1,0.001895,interpolated,0.001943,0.001943,interpolated,10,0.8899,0,0.9616,0.08144
human,plate15,flu-seqneut-2026-UWMC-056,A/Singapore/NTF0577/2025_H3N2,plate15-A/Singapore/NTF0577/2025_H3N2,0.001771,interpolated,0.001854,0.001854,interpolated,10,0.8174,0,0.8944,0.1283
human,plate15,flu-seqneut-2026-UWMC-056,A/Singapore/SAR8915/2025_H3N2,plate15-A/Singapore/SAR8915/2025_H3N2,0.00137,interpolated,0.001715,0.001715,interpolated,2.292,0.7988,0,0.9461,0.07971
human,plate15,flu-seqneut-2026-UWMC-056,A/SouthAfrica/NHLS-SU-CERI-C075557/2026_H1N1,plate15-A/SouthAfrica/NHLS-SU-CERI-C075557/2026_H1N1,0.002032,interpolated,0.002032,0.002032,interpolated,2.666,1,0,0.982,0.05869
human,plate15,flu-seqneut-2026-UWMC-056,A/SouthAfrica/NICD-R01647/2026_H1N1,plate15-A/SouthAfrica/NICD-R01647/2026_H1N1,0.001729,interpolated,0.001729,0.001729,interpolated,3.289,1,0,0.9923,0.03892
human,plate15,flu-seqneut-2026-UWMC-056,A/SouthAfrica/NICD-R01668/2026_H1N1,plate15-A/SouthAfrica/NICD-R01668/2026_H1N1,0.001946,interpolated,0.001964,0.001964,interpolated,10,0.9553,0,0.9816,0.05943
human,plate15,flu-seqneut-2026-UWMC-056,A/SouthAfrica/PATH-CERI-C073358/2025_H1N1,plate15-A/SouthAfrica/PATH-CERI-C073358/2025_H1N1,0.001529,interpolated,0.001529,0.001529,interpolated,2.962,1,0,0.9997,0.007331
human,plate15,flu-seqneut-2026-UWMC-056,A/SouthAfrica/PATH-CERI-C073366/2025_H1N1,plate15-A/SouthAfrica/PATH-CERI-C073366/2025_H1N1,0.001866,interpolated,0.001866,0.001866,interpolated,5.965,1,0,0.999,0.0144
human,plate15,flu-seqneut-2026-UWMC-056,A/SouthAfrica/PATH-CERI-C075119/2026_H1N1,plate15-A/SouthAfrica/PATH-CERI-C075119/2026_H1N1,0.001632,interpolated,0.001632,0.001632,interpolated,4.455,1,0,0.9976,0.02229
human,plate15,flu-seqneut-2026-UWMC-056,A/SouthAustralia/2605715552/2026_H3N2,plate15-A/SouthAustralia/2605715552/2026_H3N2,0.001401,interpolated,0.001463,0.001463,interpolated,3.586,0.9284,0,0.9717,0.07151
human,plate15,flu-seqneut-2026-UWMC-056,A/SouthCarolina/USAFSAM-17046/2026_H3N2,plate15-A/SouthCarolina/USAFSAM-17046/2026_H3N2,0.001017,interpolated,0.001017,0.001017,interpolated,2.636,1,0,0.9848,0.05331
human,plate15,flu-seqneut-2026-UWMC-056,A/South_Australia/2523812314/2025_H3N2,plate15-A/South_Australia/2523812314/2025_H3N2,0.0004384,interpolated,0.0007298,0.0007298,interpolated,0.958,0.8068,0,0.9431,0.0656
human,plate15,flu-seqneut-2026-UWMC-056,A/South_Australia/2527213276/2025_H3N2,plate15-A/South_Australia/2527213276/2025_H3N2,0.0005492,interpolated,0.00097,0.00097,interpolated,0.8,0.8172,0,0.6403,0.182
human,plate15,flu-seqneut-2026-UWMC-056,A/StPetersburg/RII-25-2042S/2025_H3N2,plate15-A/StPetersburg/RII-25-2042S/2025_H3N2,0.002029,interpolated,0.002076,0.002076,interpolated,2.047,0.9769,0,0.9939,0.03177
human,plate15,flu-seqneut-2026-UWMC-056,A/StPetersburg/RII-25-2321S/2025_H3N2,plate15-A/StPetersburg/RII-25-2321S/2025_H3N2,0.001506,interpolated,0.002103,0.002103,interpolated,2.315,0.7309,0,0.9723,0.05132
human,plate15,flu-seqneut-2026-UWMC-056,A/StPetersburg/RII-25-2506S/2026_H3N2,plate15-A/StPetersburg/RII-25-2506S/2026_H3N2,0.002714,interpolated,0.002964,0.002964,interpolated,2.007,0.9189,0,0.9417,0.09192
human,plate15,flu-seqneut-2026-UWMC-056,A/StPetersburg/RII-25-2600S/2026_H3N2,plate15-A/StPetersburg/RII-25-2600S/2026_H3N2,0.002183,interpolated,0.002305,0.002305,interpolated,2.268,0.942,0,0.9759,0.06288
human,plate15,flu-seqneut-2026-UWMC-056,A/Switzerland/UN-SNRCI-HUG-053/2025_H1N1,plate15-A/Switzerland/UN-SNRCI-HUG-053/2025_H1N1,0.002499,interpolated,0.002499,0.002499,interpolated,1.826,1,0,0.9791,0.05992
human,plate15,flu-seqneut-2026-UWMC-056,A/Sydney/1359/2024_H3N2,plate15-A/Sydney/1359/2024_H3N2,0.001763,interpolated,0.00194,0.00194,interpolated,1.717,0.924,0,0.9824,0.05016
human,plate15,flu-seqneut-2026-UWMC-056,A/Sydney/50/2026_H1N1,plate15-A/Sydney/50/2026_H1N1,0.002261,interpolated,0.002261,0.002261,interpolated,1.97,1,0,0.9949,0.02965
human,plate15,flu-seqneut-2026-UWMC-056,A/Texas/29/2026_H1N1,plate15-A/Texas/29/2026_H1N1,0.00183,interpolated,0.00183,0.00183,interpolated,4.827,1,0,0.9946,0.03326
human,plate15,flu-seqneut-2026-UWMC-056,A/Thailand/8/2022_H3N2,plate15-A/Thailand/8/2022_H3N2,0.001609,interpolated,0.00163,0.00163,interpolated,3.616,0.9775,0,0.9924,0.03803
human,plate15,flu-seqneut-2026-UWMC-056,A/Thuringen/16/2026_H3N2,plate15-A/Thuringen/16/2026_H3N2,0.00159,interpolated,0.00165,0.00165,interpolated,1.411,0.9748,0,0.9608,0.07489
human,plate15,flu-seqneut-2026-UWMC-056,A/Thuringen/39/2026_H3N2,plate15-A/Thuringen/39/2026_H3N2,0.0009553,interpolated,0.0009783,0.0009783,interpolated,1.258,0.9853,0,0.9207,0.1082
human,plate15,flu-seqneut-2026-UWMC-056,A/Tokyo/EIS11-277/2024_H1N1,plate15-A/Tokyo/EIS11-277/2024_H1N1,0.001581,interpolated,0.00163,0.00163,interpolated,3.201,0.9534,0,0.9864,0.04985
human,plate15,flu-seqneut-2026-UWMC-056,A/Trieste/257/2025_H3N2,plate15-A/Trieste/257/2025_H3N2,0.001859,interpolated,0.00201,0.00201,interpolated,1.702,0.9379,0,0.9782,0.05639
human,plate15,flu-seqneut-2026-UWMC-056,A/Trieste/380/2026_H3N2,plate15-A/Trieste/380/2026_H3N2,0.004041,interpolated,0.004041,0.004041,interpolated,1.004,1,0,0.6534,0.2409
human,plate15,flu-seqneut-2026-UWMC-056,A/Ukraine/5214/2026_H1N1,plate15-A/Ukraine/5214/2026_H1N1,0.001362,interpolated,0.001362,0.001362,interpolated,1.406,1,0,0.9861,0.04654
human,plate15,flu-seqneut-2026-UWMC-056,A/Uppsala/SE26-01293/2026_H1N1,plate15-A/Uppsala/SE26-01293/2026_H1N1,0.003018,interpolated,0.003018,0.003018,interpolated,2.63,1,0,0.998,0.01934
human,plate15,flu-seqneut-2026-UWMC-056,A/Valencia/VAHNSI_09_02564/2025_H1N1,plate15-A/Valencia/VAHNSI_09_02564/2025_H1N1,0.001847,interpolated,0.001857,0.001857,interpolated,6.445,0.9825,0,0.9916,0.04108
human,plate15,flu-seqneut-2026-UWMC-056,A/Victoria/2948/2025_H3N2,plate15-A/Victoria/2948/2025_H3N2,0.001945,interpolated,0.002392,0.002392,interpolated,2.062,0.8266,0,0.8175,0.16
human,plate15,flu-seqneut-2026-UWMC-056,A/Victoria/4897/2022_IVR-238_H1N1,plate15-A/Victoria/4897/2022_IVR-238_H1N1,0.001069,interpolated,0.001076,0.001076,interpolated,8.162,0.9738,0,0.9993,0.01204
human,plate15,flu-seqneut-2026-UWMC-056,A/Vietnam/F7324/2024_H3N2,plate15-A/Vietnam/F7324/2024_H3N2,0.001829,interpolated,0.001999,0.001999,interpolated,2.299,0.9074,0,0.894,0.1251
human,plate15,flu-seqneut-2026-UWMC-056,A/Vietnam/PF125413/2025_H1N1,plate15-A/Vietnam/PF125413/2025_H1N1,0.004132,interpolated,0.004132,0.004132,interpolated,9.644,1,0,0.9999,0.005499
human,plate15,flu-seqneut-2026-UWMC-056,A/Vietnam/PF126009/2026_H1N1,plate15-A/Vietnam/PF126009/2026_H1N1,0.003787,interpolated,0.003787,0.003787,interpolated,1.512,1,0,0.9429,0.09338
human,plate15,flu-seqneut-2026-UWMC-056,A/Virginia/82/2025_H1N1,plate15-A/Virginia/82/2025_H1N1,0.001905,interpolated,0.001905,0.001905,interpolated,4.222,1,0,0.9958,0.02922
human,plate15,flu-seqneut-2026-UWMC-056,A/Wisconsin/588/2019_H1N1,plate15-A/Wisconsin/588/2019_H1N1,0.002588,interpolated,0.002646,0.002646,interpolated,7.203,0.9259,0,0.98,0.062
human,plate15,flu-seqneut-2026-UWMC-056,A/Wisconsin/67/2022_H1N1,plate15-A/Wisconsin/67/2022_H1N1,0.001438,interpolated,0.001438,0.001438,interpolated,2.629,1,0,0.9991,0.01315
human,plate15,flu-seqneut-2026-UWMC-056,A/Zacapa/FLU-012/2025_H1N1,plate15-A/Zacapa/FLU-012/2025_H1N1,0.001553,interpolated,0.001576,0.001576,interpolated,2.251,0.9843,0,0.9974,0.02181
human,plate15,flu-seqneut-2026-UWMC-056,A/Zambia/6-NIC-014/2026_H1N1,plate15-A/Zambia/6-NIC-014/2026_H1N1,0.002224,interpolated,0.002224,0.002224,interpolated,2.394,1,0,0.9995,0.009242
human,plate15,flu-seqneut-2026-UWMC-056,A/Zambia/7-NIC-313/2026_H1N1,plate15-A/Zambia/7-NIC-313/2026_H1N1,0.002006,interpolated,0.002006,0.002006,interpolated,1.642,1,0,0.9783,0.06074
human,plate15,flu-seqneut-2026-UWMC-057,A/Andalucia/PMC-00977/2025_H1N1,plate15-A/Andalucia/PMC-00977/2025_H1N1,0.006075,interpolated,0.006139,0.006139,interpolated,4.158,0.9788,0,0.9917,0.03648
human,plate15,flu-seqneut-2026-UWMC-057,A/Andalucia/PMC-01217/2025_H1N1,plate15-A/Andalucia/PMC-01217/2025_H1N1,0.003631,interpolated,0.003631,0.003631,interpolated,1.916,1,0,0.9755,0.06396
human,plate15,flu-seqneut-2026-UWMC-057,A/Andalucia/PMC-01495/2025_H1N1,plate15-A/Andalucia/PMC-01495/2025_H1N1,0.002975,interpolated,0.002975,0.002975,interpolated,2.049,1,0,0.99,0.04162
human,plate15,flu-seqneut-2026-UWMC-057,A/Arizona/40/2026_H1N1,plate15-A/Arizona/40/2026_H1N1,0.004588,interpolated,0.004588,0.004588,interpolated,6.049,1,0,0.9979,0.01921
human,plate15,flu-seqneut-2026-UWMC-057,A/Astrakhan/RII-MH273373S/2025_H3N2,plate15-A/Astrakhan/RII-MH273373S/2025_H3N2,0.001002,interpolated,0.001002,0.001002,interpolated,0.806,1,0,0.8182,0.1491
human,plate15,flu-seqneut-2026-UWMC-057,A/Asturias/232590913/2025_H1N1,plate15-A/Asturias/232590913/2025_H1N1,0.002898,interpolated,0.002898,0.002898,interpolated,1.872,1,0,0.9842,0.05194
human,plate15,flu-seqneut-2026-UWMC-057,A/Badajoz/18738342/2026_H3N2,plate15-A/Badajoz/18738342/2026_H3N2,0.003106,interpolated,0.003106,0.003106,interpolated,2.168,1,0,0.9957,0.02709
human,plate15,flu-seqneut-2026-UWMC-057,A/Badajoz/18811358/2026_H3N2,plate15-A/Badajoz/18811358/2026_H3N2,0.002268,interpolated,0.002268,0.002268,interpolated,1.439,1,0,0.988,0.04164
human,plate15,flu-seqneut-2026-UWMC-057,A/Badajoz/18813527/2026_H3N2,plate15-A/Badajoz/18813527/2026_H3N2,0.001497,interpolated,0.001497,0.001497,interpolated,1.294,1,0,0.9841,0.04794
human,plate15,flu-seqneut-2026-UWMC-057,A/Bangkok/P2390/2025_H3N2,plate15-A/Bangkok/P2390/2025_H3N2,0.001874,interpolated,0.001874,0.001874,interpolated,1.105,1,0,0.9404,0.08775
human,plate15,flu-seqneut-2026-UWMC-057,A/Bangkok/P2391/2025_H3N2,plate15-A/Bangkok/P2391/2025_H3N2,0.001185,interpolated,0.001185,0.001185,interpolated,1.018,1,0,0.9279,0.09514
human,plate15,flu-seqneut-2026-UWMC-057,A/Blaenavon/6687/2026_H3N2,plate15-A/Blaenavon/6687/2026_H3N2,0.0002611,interpolated,0.0002611,0.0002611,interpolated,1.867,1,0,0.9822,0.0471
human,plate15,flu-seqneut-2026-UWMC-057,A/Bolivia/OR5702/2025_H3N2,plate15-A/Bolivia/OR5702/2025_H3N2,0.00144,interpolated,0.00144,0.00144,interpolated,1.354,1,0,0.9932,0.03184
human,plate15,flu-seqneut-2026-UWMC-057,A/BritishColumbia/RV00022-26/2025_H1N1,plate15-A/BritishColumbia/RV00022-26/2025_H1N1,0.004821,interpolated,0.004821,0.004821,interpolated,3.364,1,0,0.9958,0.02652
human,plate15,flu-seqneut-2026-UWMC-057,A/BritishColumbia/RV00279-26/2025_H3N2,plate15-A/BritishColumbia/RV00279-26/2025_H3N2,0.00294,interpolated,0.00294,0.00294,interpolated,2.051,1,0,0.9925,0.03505
human,plate15,flu-seqneut-2026-UWMC-057,A/BritishColumbia/RV01350-26/2026_H1N1,plate15-A/BritishColumbia/RV01350-26/2026_H1N1,0.00354,interpolated,0.00354,0.00354,interpolated,2.646,1,0,0.9974,0.02111
human,plate15,flu-seqneut-2026-UWMC-057,A/BritishColumbia/RV05508-25/2025_H1N1,plate15-A/BritishColumbia/RV05508-25/2025_H1N1,0.004313,interpolated,0.004313,0.004313,interpolated,6.419,1,0,0.9995,0.009955
human,plate15,flu-seqneut-2026-UWMC-057,A/California/GKISBBBH79910/2026_H3N2,plate15-A/California/GKISBBBH79910/2026_H3N2,0.001962,interpolated,0.001962,0.001962,interpolated,1.139,1,0,0.9888,0.03822
human,plate15,flu-seqneut-2026-UWMC-057,A/California/NIRC-IS-1019/2026_H1N1,plate15-A/California/NIRC-IS-1019/2026_H1N1,0.002776,interpolated,0.002776,0.002776,interpolated,2.016,1,0,0.9859,0.04967
human,plate15,flu-seqneut-2026-UWMC-057,A/California/NIRC-IS-1059/2026_H3N2,plate15-A/California/NIRC-IS-1059/2026_H3N2,0.001235,interpolated,0.001347,0.001347,interpolated,0.9225,0.9614,0,0.8827,0.1167
human,plate15,flu-seqneut-2026-UWMC-057,A/California/NIRC-IS-1067/2026_H3N2,plate15-A/California/NIRC-IS-1067/2026_H3N2,0.001879,interpolated,0.001879,0.001879,interpolated,1.989,1,0,0.9953,0.02814
human,plate15,flu-seqneut-2026-UWMC-057,A/California/NIRC-IS-1356/2025_H1N1,plate15-A/California/NIRC-IS-1356/2025_H1N1,0.003075,interpolated,0.003075,0.003075,interpolated,2.286,1,0,0.9959,0.02667
human,plate15,flu-seqneut-2026-UWMC-057,A/Castellon/VAHNSI_02_02400/2025_H3N2,plate15-A/Castellon/VAHNSI_02_02400/2025_H3N2,0.001866,interpolated,0.001933,0.001933,interpolated,2.958,0.9509,0,0.947,0.09381
human,plate15,flu-seqneut-2026-UWMC-057,A/Colombia/1851/2024_H3N2,plate15-A/Colombia/1851/2024_H3N2,0.0009629,interpolated,0.001025,0.001025,interpolated,1.12,0.9664,0,0.9955,0.02285
human,plate15,flu-seqneut-2026-UWMC-057,A/Colorado/218/2024_H1N1,plate15-A/Colorado/218/2024_H1N1,0.003403,interpolated,0.003528,0.003528,interpolated,2.075,0.9637,0,0.9677,0.07233
human,plate15,flu-seqneut-2026-UWMC-057,A/Connecticut/5/2026_H3N2,plate15-A/Connecticut/5/2026_H3N2,0.001981,interpolated,0.001981,0.001981,interpolated,1.212,1,0,0.969,0.0644
human,plate15,flu-seqneut-2026-UWMC-057,A/Croatia/10136RV/2023_H3N2,plate15-A/Croatia/10136RV/2023_H3N2,0.0008422,interpolated,0.000913,0.000913,interpolated,3.695,0.8712,0,0.9607,0.07779
human,plate15,flu-seqneut-2026-UWMC-057,A/Darwin/1415/2025_H3N2,plate15-A/Darwin/1415/2025_H3N2,0.001738,interpolated,0.002118,0.002118,interpolated,1.48,0.8733,0,0.9355,0.09005
human,plate15,flu-seqneut-2026-UWMC-057,A/Darwin/1454/2025_H3N2,plate15-A/Darwin/1454/2025_H3N2,0.001891,interpolated,0.001975,0.001975,interpolated,10,0.8235,0,0.8663,0.1444
human,plate15,flu-seqneut-2026-UWMC-057,A/Denmark/3940/2025_H3N2,plate15-A/Denmark/3940/2025_H3N2,0.002605,interpolated,0.002893,0.002893,interpolated,2.16,0.8985,0,0.9343,0.09513
human,plate15,flu-seqneut-2026-UWMC-057,A/Denmark/4547/2025_H1N1,plate15-A/Denmark/4547/2025_H1N1,0.00338,interpolated,0.003456,0.003456,interpolated,1.992,0.9785,0,0.9919,0.03556
human,plate15,flu-seqneut-2026-UWMC-057,A/Denmark/4774/2025_H1N1,plate15-A/Denmark/4774/2025_H1N1,0.004339,interpolated,0.004339,0.004339,interpolated,9.688,1,0,1,0.001413
human,plate15,flu-seqneut-2026-UWMC-057,A/District_Of_Columbia/27/2023_H3N2,plate15-A/District_Of_Columbia/27/2023_H3N2,0.001317,interpolated,0.001317,0.001317,interpolated,1.173,1,0,0.9868,0.04277
human,plate15,flu-seqneut-2026-UWMC-057,A/Distrito_Federal/250106000728/2025_H3N2,plate15-A/Distrito_Federal/250106000728/2025_H3N2,0.001204,interpolated,0.001204,0.001204,interpolated,1.273,1,0,0.9831,0.04976
human,plate15,flu-seqneut-2026-UWMC-057,A/England/1893256/2026_H1N1,plate15-A/England/1893256/2026_H1N1,0.004223,interpolated,0.004406,0.004406,interpolated,2.066,0.9579,0,0.9753,0.0601
human,plate15,flu-seqneut-2026-UWMC-057,A/Florida/ISC-1069/2026_H3N2,plate15-A/Florida/ISC-1069/2026_H3N2,0.002165,interpolated,0.002291,0.002291,interpolated,1.681,0.9546,0,0.9873,0.04345
human,plate15,flu-seqneut-2026-UWMC-057,A/France/ARA-HCL025195259501/2025_H1N1,plate15-A/France/ARA-HCL025195259501/2025_H1N1,0.003406,interpolated,0.003406,0.003406,interpolated,1.525,1,0,0.958,0.08047
human,plate15,flu-seqneut-2026-UWMC-057,A/France/ARA-HCL026031894402/2026_H3N2,plate15-A/France/ARA-HCL026031894402/2026_H3N2,0.004065,interpolated,0.005168,0.005168,interpolated,2.587,0.7688,0,0.8593,0.113
human,plate15,flu-seqneut-2026-UWMC-057,A/France/GES-IPP00659/2026_H1N1,plate15-A/France/GES-IPP00659/2026_H1N1,0.003441,interpolated,0.003441,0.003441,interpolated,1.525,1,0,0.98,0.05458
human,plate15,flu-seqneut-2026-UWMC-057,A/France/GES-IPP01077/2026_H3N2,plate15-A/France/GES-IPP01077/2026_H3N2,0.001343,interpolated,0.001343,0.001343,interpolated,1.478,1,0,0.9469,0.09174
human,plate15,flu-seqneut-2026-UWMC-057,A/France/HDF-IPP01550/2026_H3N2,plate15-A/France/HDF-IPP01550/2026_H3N2,0.002044,interpolated,0.002056,0.002056,interpolated,1.732,0.995,0,0.9936,0.03237
human,plate15,flu-seqneut-2026-UWMC-057,A/France/HDF-RELAB-IPP00300/2026_H3N2,plate15-A/France/HDF-RELAB-IPP00300/2026_H3N2,0.001304,interpolated,0.001304,0.001304,interpolated,1.102,1,0,0.9578,0.07508
human,plate15,flu-seqneut-2026-UWMC-057,A/France/HDF-RELAB-IPP00303/2026_H3N2,plate15-A/France/HDF-RELAB-IPP00303/2026_H3N2,0.001393,interpolated,0.001393,0.001393,interpolated,0.8884,1,0,0.9095,0.1043
human,plate15,flu-seqneut-2026-UWMC-057,A/France/HDF-RELAB-IPP07969/2025_H1N1,plate15-A/France/HDF-RELAB-IPP07969/2025_H1N1,0.006391,interpolated,0.006676,0.006676,interpolated,4.967,0.9026,0,0.9052,0.119
human,plate15,flu-seqneut-2026-UWMC-057,A/France/NAQ-HCL026010957001/2026_H3N2,plate15-A/France/NAQ-HCL026010957001/2026_H3N2,0.00206,interpolated,0.002116,0.002116,interpolated,1.464,0.9809,0,0.9494,0.08603
human,plate15,flu-seqneut-2026-UWMC-057,A/France/NAQ-HCL026046169102/2025_H1N1,plate15-A/France/NAQ-HCL026046169102/2025_H1N1,0.004619,interpolated,0.004619,0.004619,interpolated,1.187,1,0,0.9358,0.08839
human,plate15,flu-seqneut-2026-UWMC-057,A/France/OCC-HCL026013263701/2026_H3N2,plate15-A/France/OCC-HCL026013263701/2026_H3N2,0.001455,interpolated,0.001455,0.001455,interpolated,0.8503,1,0,0.7444,0.1907
human,plate15,flu-seqneut-2026-UWMC-057,A/France/PAC-RELAB-HCL026021993801/2026_H3N2,plate15-A/France/PAC-RELAB-HCL026021993801/2026_H3N2,0.001853,interpolated,0.002176,0.002176,interpolated,1.306,0.9053,0,0.9739,0.05488
human,plate15,flu-seqneut-2026-UWMC-057,A/Galicia/GA-CHUAC-451/2025_H3N2,plate15-A/Galicia/GA-CHUAC-451/2025_H3N2,0.001557,interpolated,0.001557,0.001557,interpolated,1.217,1,0,0.9748,0.05952
human,plate15,flu-seqneut-2026-UWMC-057,A/Galicia/GA-CHUAC-612/2025_H1N1,plate15-A/Galicia/GA-CHUAC-612/2025_H1N1,0.002646,interpolated,0.002646,0.002646,interpolated,1.437,1,0,0.9714,0.06657
human,plate15,flu-seqneut-2026-UWMC-057,A/Germany/LRMC_0104/2025_H3N2,plate15-A/Germany/LRMC_0104/2025_H3N2,0.003441,interpolated,0.003738,0.003738,interpolated,1.343,0.9474,0,0.8694,0.1318
human,plate15,flu-seqneut-2026-UWMC-057,A/Germany/LRMC_0113/2025_H3N2,plate15-A/Germany/LRMC_0113/2025_H3N2,0.001415,interpolated,0.001415,0.001415,interpolated,1.013,1,0,0.9688,0.06246
human,plate15,flu-seqneut-2026-UWMC-057,A/Hawaii/70/2019_H1N1,plate15-A/Hawaii/70/2019_H1N1,0.002208,interpolated,0.002208,0.002208,interpolated,3.285,1,0,0.9973,0.02282
human,plate15,flu-seqneut-2026-UWMC-057,A/Hawaii/ISC-1140/2025_H1N1,plate15-A/Hawaii/ISC-1140/2025_H1N1,0.003033,interpolated,0.003092,0.003092,interpolated,2.1,0.9802,0,0.9839,0.05134
human,plate15,flu-seqneut-2026-UWMC-057,A/Hessen/18/2026_H1N1,plate15-A/Hessen/18/2026_H1N1,0.003775,interpolated,0.003777,0.003777,interpolated,2.083,0.9996,0,0.9951,0.02797
human,plate15,flu-seqneut-2026-UWMC-057,A/Ireland/91576/2025_H3N2,plate15-A/Ireland/91576/2025_H3N2,0.001611,interpolated,0.001684,0.001684,interpolated,1.82,0.9614,0,0.9611,0.07631
human,plate15,flu-seqneut-2026-UWMC-057,A/Kentucky/80/2025_H1N1,plate15-A/Kentucky/80/2025_H1N1,0.002112,interpolated,0.002112,0.002112,interpolated,2.688,1,0,0.9897,0.04436
human,plate15,flu-seqneut-2026-UWMC-057,A/Lisboa/216/2023_H3N2,plate15-A/Lisboa/216/2023_H3N2,0.001022,interpolated,0.001022,0.001022,interpolated,2.367,1,0,0.9828,0.05632
human,plate15,flu-seqneut-2026-UWMC-057,A/Luxembourg/LNS9132577/2026_H3N2,plate15-A/Luxembourg/LNS9132577/2026_H3N2,0.002282,interpolated,0.002378,0.002378,interpolated,1.428,0.9714,0,0.9867,0.04303
human,plate15,flu-seqneut-2026-UWMC-057,A/Maine/25/2026_H1N1,plate15-A/Maine/25/2026_H1N1,0.003642,interpolated,0.003642,0.003642,interpolated,2.35,1,0,0.9948,0.02999
human,plate15,flu-seqneut-2026-UWMC-057,A/Malaysia/IMR/SARI/2406/2025_H3N2,plate15-A/Malaysia/IMR/SARI/2406/2025_H3N2,0.001893,interpolated,0.002178,0.002178,interpolated,1.634,0.8975,0,0.9719,0.05987
human,plate15,flu-seqneut-2026-UWMC-057,A/Massachusetts/18/2022_H3N2,plate15-A/Massachusetts/18/2022_H3N2,0.0009868,interpolated,0.0009868,0.0009868,interpolated,1.107,1,0,0.97,0.06281
human,plate15,flu-seqneut-2026-UWMC-057,A/Massachusetts/ISC-1856/2025_H3N2,plate15-A/Massachusetts/ISC-1856/2025_H3N2,0.001889,interpolated,0.002178,0.002178,interpolated,1.067,0.9295,0,0.9304,0.08965
human,plate15,flu-seqneut-2026-UWMC-057,A/Mauritius/26000203/2026_H1N1,plate15-A/Mauritius/26000203/2026_H1N1,0.001662,interpolated,0.001662,0.001662,interpolated,1.544,1,0,0.9909,0.03848
human,plate15,flu-seqneut-2026-UWMC-057,A/Michigan/8/2026_H3N2,plate15-A/Michigan/8/2026_H3N2,0.003036,interpolated,0.003186,0.003186,interpolated,1.658,0.9616,0,0.969,0.06502
human,plate15,flu-seqneut-2026-UWMC-057,A/Michigan/UM-10068071276/2025_H3N2,plate15-A/Michigan/UM-10068071276/2025_H3N2,0.0003052,interpolated,0.0003052,0.0003052,interpolated,1.768,1,0,0.9886,0.03837
human,plate15,flu-seqneut-2026-UWMC-057,A/Michigan/UM-10068134090/2025_H3N2,plate15-A/Michigan/UM-10068134090/2025_H3N2,0.001403,interpolated,0.001403,0.001403,interpolated,1.096,1,0,0.9683,0.06587
human,plate15,flu-seqneut-2026-UWMC-057,A/Michigan/UM-10068449788/2025_H3N2,plate15-A/Michigan/UM-10068449788/2025_H3N2,0.002343,interpolated,0.002696,0.002696,interpolated,3.096,0.8238,0,0.9208,0.1033
human,plate15,flu-seqneut-2026-UWMC-057,A/Michigan/UM-10068456988/2025_H3N2,plate15-A/Michigan/UM-10068456988/2025_H3N2,0.00384,interpolated,0.003916,0.003916,interpolated,2.108,0.9799,0,0.9799,0.05354
human,plate15,flu-seqneut-2026-UWMC-057,A/Michigan/UM-10068747355/2026_H3N2,plate15-A/Michigan/UM-10068747355/2026_H3N2,0.001584,interpolated,0.001584,0.001584,interpolated,1.939,1,0,0.9957,0.02773
human,plate15,flu-seqneut-2026-UWMC-057,A/MinasGerais/410/2026_H1N1,plate15-A/MinasGerais/410/2026_H1N1,0.003039,interpolated,0.003169,0.003169,interpolated,2.002,0.96,0,0.9623,0.07545
human,plate15,flu-seqneut-2026-UWMC-057,A/MinasGerais/671/2026_H1N1,plate15-A/MinasGerais/671/2026_H1N1,0.004318,interpolated,0.004318,0.004318,interpolated,3.708,1,0,0.9942,0.03138
human,plate15,flu-seqneut-2026-UWMC-057,A/Mississippi/20/2026_H1N1,plate15-A/Mississippi/20/2026_H1N1,0.002877,interpolated,0.002877,0.002877,interpolated,2.023,1,0,0.9889,0.04374
human,plate15,flu-seqneut-2026-UWMC-057,A/Missouri/11/2025_cell_H1N1,plate15-A/Missouri/11/2025_cell_H1N1,0.004245,interpolated,0.004365,0.004365,interpolated,10,0.8777,0,0.8853,0.1381
human,plate15,flu-seqneut-2026-UWMC-057,A/Missouri/11/2025_egg_H1N1,plate15-A/Missouri/11/2025_egg_H1N1,0.001001,interpolated,0.001001,0.001001,interpolated,3.036,1,0,0.9974,0.02305
human,plate15,flu-seqneut-2026-UWMC-057,A/Missouri/NIRC-AV-1003/2025_H3N2,plate15-A/Missouri/NIRC-AV-1003/2025_H3N2,0.001818,interpolated,0.001818,0.001818,interpolated,1.976,1,0,0.9886,0.04495
human,plate15,flu-seqneut-2026-UWMC-057,A/Montana/51/2025_H3N2,plate15-A/Montana/51/2025_H3N2,0.001607,interpolated,0.001607,0.001607,interpolated,1.389,1,0,0.9637,0.0758
human,plate15,flu-seqneut-2026-UWMC-057,A/NakhonPhanom/P495/2026_H3N2,plate15-A/NakhonPhanom/P495/2026_H3N2,0.00369,interpolated,0.004545,0.004545,interpolated,2.533,0.7949,0,0.8796,0.1117
human,plate15,flu-seqneut-2026-UWMC-057,A/Navarra/260009/2025_H3N2,plate15-A/Navarra/260009/2025_H3N2,0.001932,interpolated,0.002209,0.002209,interpolated,1.285,0.9211,0,0.8706,0.1348
human,plate15,flu-seqneut-2026-UWMC-057,A/Nebraska/34/2026_H1N1,plate15-A/Nebraska/34/2026_H1N1,0.003266,interpolated,0.003266,0.003266,interpolated,2.974,1,0,0.9969,0.02358
human,plate15,flu-seqneut-2026-UWMC-057,A/Netherlands/10008/2026_H1N1,plate15-A/Netherlands/10008/2026_H1N1,0.002875,interpolated,0.002904,0.002904,interpolated,1.644,0.9918,0,0.978,0.05903
human,plate15,flu-seqneut-2026-UWMC-057,A/Netherlands/2398/2025_H1N1,plate15-A/Netherlands/2398/2025_H1N1,0.0027,interpolated,0.0027,0.0027,interpolated,2.4,1,0,0.9995,0.009399
human,plate15,flu-seqneut-2026-UWMC-057,A/Netherlands/543/2026_H1N1,plate15-A/Netherlands/543/2026_H1N1,0.004543,interpolated,0.004614,0.004614,interpolated,10,0.9283,0,0.9627,0.07551
human,plate15,flu-seqneut-2026-UWMC-057,A/Netherlands/864/2026_H1N1,plate15-A/Netherlands/864/2026_H1N1,0.003233,interpolated,0.003233,0.003233,interpolated,1.795,1,0,0.9938,0.03107
human,plate15,flu-seqneut-2026-UWMC-057,A/Netherlands/888/2026_H3N2,plate15-A/Netherlands/888/2026_H3N2,0.003313,interpolated,0.003615,0.003615,interpolated,1.479,0.9395,0,0.9241,0.1013
human,plate15,flu-seqneut-2026-UWMC-057,A/Netherlands/968/2026_H3N2,plate15-A/Netherlands/968/2026_H3N2,0.001249,interpolated,0.001249,0.001249,interpolated,1.057,1,0,0.9317,0.09754
human,plate15,flu-seqneut-2026-UWMC-057,A/NewBrunswick/NBPHLFLUA10B-MM00057R/2026_H1N1,plate15-A/NewBrunswick/NBPHLFLUA10B-MM00057R/2026_H1N1,0.002411,interpolated,0.002411,0.002411,interpolated,1.513,1,0,0.9448,0.09563
human,plate15,flu-seqneut-2026-UWMC-057,A/NewYork/NIRC-IS-1086/2026_H3N2,plate15-A/NewYork/NIRC-IS-1086/2026_H3N2,0.001062,interpolated,0.001292,0.001292,interpolated,1.234,0.8928,0,0.9336,0.08803
human,plate15,flu-seqneut-2026-UWMC-057,A/NordrheinWestfalen/54/2026_H3N2,plate15-A/NordrheinWestfalen/54/2026_H3N2,0.00251,interpolated,0.00251,0.00251,interpolated,2.39,1,0,0.9923,0.0368
human,plate15,flu-seqneut-2026-UWMC-057,A/NordrheinWestfalen/96/2026_H1N1,plate15-A/NordrheinWestfalen/96/2026_H1N1,0.003402,interpolated,0.003402,0.003402,interpolated,2.511,1,0,0.9987,0.01515
human,plate15,flu-seqneut-2026-UWMC-057,A/Norway/9556/2025_H1N1,plate15-A/Norway/9556/2025_H1N1,0.00421,interpolated,0.00421,0.00421,interpolated,7.699,1,0,0.9996,0.008343
human,plate15,flu-seqneut-2026-UWMC-057,A/NovaScotia/25-365-06099/2025_H3N2,plate15-A/NovaScotia/25-365-06099/2025_H3N2,0.001819,interpolated,0.00237,0.00237,interpolated,1.67,0.8215,0,0.9443,0.07929
human,plate15,flu-seqneut-2026-UWMC-057,A/Ohio/259/2024_H1N1,plate15-A/Ohio/259/2024_H1N1,0.001592,interpolated,0.001599,0.001599,interpolated,2.227,0.9951,0,0.999,0.01322
human,plate15,flu-seqneut-2026-UWMC-057,A/Ontario/PHL202550193/2025_H3N2,plate15-A/Ontario/PHL202550193/2025_H3N2,0.001165,interpolated,0.001165,0.001165,interpolated,1.428,1,0,0.9758,0.06124
human,plate15,flu-seqneut-2026-UWMC-057,A/Oregon/81/2025_H3N2,plate15-A/Oregon/81/2025_H3N2,0.004011,interpolated,0.004115,0.004115,interpolated,10,0.8871,0,0.9241,0.1143
human,plate15,flu-seqneut-2026-UWMC-057,A/PaisVasco/70369726/2026_H1N1,plate15-A/PaisVasco/70369726/2026_H1N1,0.003472,interpolated,0.003492,0.003492,interpolated,3.565,0.9897,0,0.9995,0.009583
human,plate15,flu-seqneut-2026-UWMC-057,A/Parana/416133590/2026_H3N2,plate15-A/Parana/416133590/2026_H3N2,0.00313,interpolated,0.003293,0.003293,interpolated,1.257,0.969,0,0.9669,0.06079
human,plate15,flu-seqneut-2026-UWMC-057,A/Peru/ANC-INS-062/2026_H3N2,plate15-A/Peru/ANC-INS-062/2026_H3N2,0.001102,interpolated,0.001232,0.001232,interpolated,0.9797,0.9481,0,0.9757,0.04963
human,plate15,flu-seqneut-2026-UWMC-057,A/Rhode_Island/11/2026_H1N1,plate15-A/Rhode_Island/11/2026_H1N1,0.003573,interpolated,0.003825,0.003825,interpolated,2.095,0.9335,0,0.9393,0.09366
human,plate15,flu-seqneut-2026-UWMC-057,A/RiodeJaneiro/331/2026_H3N2,plate15-A/RiodeJaneiro/331/2026_H3N2,0.001986,interpolated,0.001986,0.001986,interpolated,1.784,1,0,0.9932,0.03418
human,plate15,flu-seqneut-2026-UWMC-057,A/Romania/612042/2026_H3N2,plate15-A/Romania/612042/2026_H3N2,0.002723,interpolated,0.002723,0.002723,interpolated,1.34,1,0,0.9599,0.0766
human,plate15,flu-seqneut-2026-UWMC-057,A/SantaCatarina/508/2026_H3N2,plate15-A/SantaCatarina/508/2026_H3N2,0.002991,interpolated,0.002991,0.002991,interpolated,1.278,1,0,0.9526,0.08138
human,plate15,flu-seqneut-2026-UWMC-057,A/Saskatchewan/SKFLU477299/2025_H3N2,plate15-A/Saskatchewan/SKFLU477299/2025_H3N2,0.002146,interpolated,0.002446,0.002446,interpolated,2.612,0.8556,0,0.8407,0.1566
human,plate15,flu-seqneut-2026-UWMC-057,A/Saskatchewan/SKFLU477727/2025_H3N2,plate15-A/Saskatchewan/SKFLU477727/2025_H3N2,0.001857,interpolated,0.001857,0.001857,interpolated,1.412,1,0,0.9788,0.05757
human,plate15,flu-seqneut-2026-UWMC-057,A/Saskatchewan/SKFLU490586/2026_H1N1,plate15-A/Saskatchewan/SKFLU490586/2026_H1N1,0.001449,interpolated,0.001449,0.001449,interpolated,1.193,1,0,0.9523,0.08407
human,plate15,flu-seqneut-2026-UWMC-057,A/Singapore/GP20238/2024_H3N2,plate15-A/Singapore/GP20238/2024_H3N2,0.001575,interpolated,0.001642,0.001642,interpolated,3.449,0.9322,0,0.9767,0.06517
human,plate15,flu-seqneut-2026-UWMC-057,A/Singapore/KK2768/2025_H1N1,plate15-A/Singapore/KK2768/2025_H1N1,0.001659,interpolated,0.00168,0.00168,interpolated,1.738,0.9895,0,0.9901,0.04103
human,plate15,flu-seqneut-2026-UWMC-057,A/Singapore/MOH0547/2024_H1N1,plate15-A/Singapore/MOH0547/2024_H1N1,0.00149,interpolated,0.00149,0.00149,interpolated,2.173,1,0,0.9957,0.02825
human,plate15,flu-seqneut-2026-UWMC-057,A/Singapore/NTF0577/2025_H3N2,plate15-A/Singapore/NTF0577/2025_H3N2,0.001297,interpolated,0.001297,0.001297,interpolated,1.495,1,0,0.9913,0.03682
human,plate15,flu-seqneut-2026-UWMC-057,A/Singapore/SAR8915/2025_H3N2,plate15-A/Singapore/SAR8915/2025_H3N2,0.001335,interpolated,0.00134,0.00134,interpolated,0.8447,0.9984,0,0.9147,0.0973
human,plate15,flu-seqneut-2026-UWMC-057,A/SouthAfrica/NHLS-SU-CERI-C075557/2026_H1N1,plate15-A/SouthAfrica/NHLS-SU-CERI-C075557/2026_H1N1,0.00316,interpolated,0.00316,0.00316,interpolated,1.976,1,0,0.9897,0.04149
human,plate15,flu-seqneut-2026-UWMC-057,A/SouthAfrica/NICD-R01647/2026_H1N1,plate15-A/SouthAfrica/NICD-R01647/2026_H1N1,0.003057,interpolated,0.003057,0.003057,interpolated,1.956,1,0,0.9885,0.04383
human,plate15,flu-seqneut-2026-UWMC-057,A/SouthAfrica/NICD-R01668/2026_H1N1,plate15-A/SouthAfrica/NICD-R01668/2026_H1N1,0.003481,interpolated,0.003631,0.003631,interpolated,2.197,0.9558,0,0.9872,0.04456
human,plate15,flu-seqneut-2026-UWMC-057,A/SouthAfrica/PATH-CERI-C073358/2025_H1N1,plate15-A/SouthAfrica/PATH-CERI-C073358/2025_H1N1,0.002115,interpolated,0.002115,0.002115,interpolated,2.69,1,0,0.988,0.04784
human,plate15,flu-seqneut-2026-UWMC-057,A/SouthAfrica/PATH-CERI-C073366/2025_H1N1,plate15-A/SouthAfrica/PATH-CERI-C073366/2025_H1N1,0.003972,interpolated,0.004042,0.004042,interpolated,3.785,0.968,0,0.9898,0.04197
human,plate15,flu-seqneut-2026-UWMC-057,A/SouthAfrica/PATH-CERI-C075119/2026_H1N1,plate15-A/SouthAfrica/PATH-CERI-C075119/2026_H1N1,0.002539,interpolated,0.002593,0.002593,interpolated,2.073,0.9784,0,0.9943,0.03078
human,plate15,flu-seqneut-2026-UWMC-057,A/SouthAustralia/2605715552/2026_H3N2,plate15-A/SouthAustralia/2605715552/2026_H3N2,0.001203,interpolated,0.001341,0.001341,interpolated,1.011,0.948,0,0.9558,0.07086
human,plate15,flu-seqneut-2026-UWMC-057,A/SouthCarolina/USAFSAM-17046/2026_H3N2,plate15-A/SouthCarolina/USAFSAM-17046/2026_H3N2,0.001428,interpolated,0.001428,0.001428,interpolated,1.113,1,0,0.9388,0.0925
human,plate15,flu-seqneut-2026-UWMC-057,A/South_Australia/2523812314/2025_H3N2,plate15-A/South_Australia/2523812314/2025_H3N2,0.0005339,interpolated,0.0005339,0.0005339,interpolated,0.8,1,0,0.94,0.07307
human,plate15,flu-seqneut-2026-UWMC-057,A/South_Australia/2527213276/2025_H3N2,plate15-A/South_Australia/2527213276/2025_H3N2,0.001965,interpolated,0.002577,0.002577,interpolated,2.089,0.7839,0,0.779,0.1708
human,plate15,flu-seqneut-2026-UWMC-057,A/StPetersburg/RII-25-2042S/2025_H3N2,plate15-A/StPetersburg/RII-25-2042S/2025_H3N2,0.001702,interpolated,0.001702,0.001702,interpolated,0.9775,1,0,0.9529,0.0761
human,plate15,flu-seqneut-2026-UWMC-057,A/StPetersburg/RII-25-2321S/2025_H3N2,plate15-A/StPetersburg/RII-25-2321S/2025_H3N2,0.001257,interpolated,0.001257,0.001257,interpolated,1.503,1,0,0.9684,0.06958
human,plate15,flu-seqneut-2026-UWMC-057,A/StPetersburg/RII-25-2506S/2026_H3N2,plate15-A/StPetersburg/RII-25-2506S/2026_H3N2,0.001793,interpolated,0.001793,0.001793,interpolated,2.302,1,0,0.9764,0.06458
human,plate15,flu-seqneut-2026-UWMC-057,A/StPetersburg/RII-25-2600S/2026_H3N2,plate15-A/StPetersburg/RII-25-2600S/2026_H3N2,0.001301,interpolated,0.001701,0.001701,interpolated,1.223,0.8602,0,0.9853,0.03858
human,plate15,flu-seqneut-2026-UWMC-057,A/Switzerland/UN-SNRCI-HUG-053/2025_H1N1,plate15-A/Switzerland/UN-SNRCI-HUG-053/2025_H1N1,0.002423,interpolated,0.002423,0.002423,interpolated,3.072,1,0,0.9979,0.02011
human,plate15,flu-seqneut-2026-UWMC-057,A/Sydney/1359/2024_H3N2,plate15-A/Sydney/1359/2024_H3N2,0.002318,interpolated,0.002318,0.002318,interpolated,3.039,1,0,0.9968,0.02471
human,plate15,flu-seqneut-2026-UWMC-057,A/Sydney/50/2026_H1N1,plate15-A/Sydney/50/2026_H1N1,0.007244,interpolated,0.007244,0.007244,interpolated,1.899,1,0,0.984,0.04189
human,plate15,flu-seqneut-2026-UWMC-057,A/Texas/29/2026_H1N1,plate15-A/Texas/29/2026_H1N1,0.003596,interpolated,0.003596,0.003596,interpolated,2.15,1,0,0.9888,0.04387
human,plate15,flu-seqneut-2026-UWMC-057,A/Thailand/8/2022_H3N2,plate15-A/Thailand/8/2022_H3N2,0.0008921,interpolated,0.0008921,0.0008921,interpolated,1.242,1,0,0.979,0.0542
human,plate15,flu-seqneut-2026-UWMC-057,A/Thuringen/16/2026_H3N2,plate15-A/Thuringen/16/2026_H3N2,0.001518,interpolated,0.001522,0.001522,interpolated,1.187,0.9981,0,0.9411,0.09136
human,plate15,flu-seqneut-2026-UWMC-057,A/Thuringen/39/2026_H3N2,plate15-A/Thuringen/39/2026_H3N2,0.001816,interpolated,0.001816,0.001816,interpolated,1.232,1,0,0.9417,0.09382
human,plate15,flu-seqneut-2026-UWMC-057,A/Tokyo/EIS11-277/2024_H1N1,plate15-A/Tokyo/EIS11-277/2024_H1N1,0.002294,interpolated,0.002294,0.002294,interpolated,2.48,1,0,0.9897,0.04408
human,plate15,flu-seqneut-2026-UWMC-057,A/Trieste/257/2025_H3N2,plate15-A/Trieste/257/2025_H3N2,0.002145,interpolated,0.002323,0.002323,interpolated,1.386,0.9478,0,0.985,0.04473
human,plate15,flu-seqneut-2026-UWMC-057,A/Trieste/380/2026_H3N2,plate15-A/Trieste/380/2026_H3N2,0.002974,interpolated,0.003053,0.003053,interpolated,1.863,0.976,0,0.9696,0.06826
human,plate15,flu-seqneut-2026-UWMC-057,A/Ukraine/5214/2026_H1N1,plate15-A/Ukraine/5214/2026_H1N1,0.00427,interpolated,0.004274,0.004274,interpolated,1.783,0.9992,0,0.9336,0.1041
human,plate15,flu-seqneut-2026-UWMC-057,A/Uppsala/SE26-01293/2026_H1N1,plate15-A/Uppsala/SE26-01293/2026_H1N1,0.003126,interpolated,0.003126,0.003126,interpolated,3.791,1,0,1,0.0031
human,plate15,flu-seqneut-2026-UWMC-057,A/Valencia/VAHNSI_09_02564/2025_H1N1,plate15-A/Valencia/VAHNSI_09_02564/2025_H1N1,0.002604,interpolated,0.002604,0.002604,interpolated,1.653,1,0,0.9895,0.04136
human,plate15,flu-seqneut-2026-UWMC-057,A/Victoria/2948/2025_H3N2,plate15-A/Victoria/2948/2025_H3N2,0.001627,interpolated,0.001627,0.001627,interpolated,1.524,1,0,0.9928,0.03406
human,plate15,flu-seqneut-2026-UWMC-057,A/Victoria/4897/2022_IVR-238_H1N1,plate15-A/Victoria/4897/2022_IVR-238_H1N1,0.0009094,interpolated,0.0009094,0.0009094,interpolated,3.744,1,0,0.9982,0.01939
human,plate15,flu-seqneut-2026-UWMC-057,A/Vietnam/F7324/2024_H3N2,plate15-A/Vietnam/F7324/2024_H3N2,0.001655,interpolated,0.001774,0.001774,interpolated,1.437,0.9525,0,0.9895,0.03809
human,plate15,flu-seqneut-2026-UWMC-057,A/Vietnam/PF125413/2025_H1N1,plate15-A/Vietnam/PF125413/2025_H1N1,0.003104,interpolated,0.003104,0.003104,interpolated,2.112,1,0,0.9911,0.03943
human,plate15,flu-seqneut-2026-UWMC-057,A/Vietnam/PF126009/2026_H1N1,plate15-A/Vietnam/PF126009/2026_H1N1,0.003349,interpolated,0.003349,0.003349,interpolated,3.509,1,0,0.9998,0.006756
human,plate15,flu-seqneut-2026-UWMC-057,A/Virginia/82/2025_H1N1,plate15-A/Virginia/82/2025_H1N1,0.002813,interpolated,0.00295,0.00295,interpolated,2.006,0.9546,0,0.9536,0.08442
human,plate15,flu-seqneut-2026-UWMC-057,A/Wisconsin/588/2019_H1N1,plate15-A/Wisconsin/588/2019_H1N1,0.001026,interpolated,0.001026,0.001026,interpolated,1.926,1,0,0.976,0.06636
human,plate15,flu-seqneut-2026-UWMC-057,A/Wisconsin/67/2022_H1N1,plate15-A/Wisconsin/67/2022_H1N1,0.002295,interpolated,0.002327,0.002327,interpolated,2.103,0.9858,0,0.9798,0.05974
human,plate15,flu-seqneut-2026-UWMC-057,A/Zacapa/FLU-012/2025_H1N1,plate15-A/Zacapa/FLU-012/2025_H1N1,0.002573,interpolated,0.002573,0.002573,interpolated,2.372,1,0,0.9993,0.0114
human,plate15,flu-seqneut-2026-UWMC-057,A/Zambia/6-NIC-014/2026_H1N1,plate15-A/Zambia/6-NIC-014/2026_H1N1,0.002882,interpolated,0.002882,0.002882,interpolated,2.025,1,0,0.998,0.01823
human,plate15,flu-seqneut-2026-UWMC-057,A/Zambia/7-NIC-313/2026_H1N1,plate15-A/Zambia/7-NIC-313/2026_H1N1,0.003196,interpolated,0.003326,0.003326,interpolated,2.744,0.9482,0,0.9616,0.08093
human,plate15,flu-seqneut-2026-UWMC-058,A/Andalucia/PMC-00977/2025_H1N1,plate15-A/Andalucia/PMC-00977/2025_H1N1,0.001805,interpolated,0.001805,0.001805,interpolated,7.278,1,0,0.9991,0.01395
human,plate15,flu-seqneut-2026-UWMC-058,A/Andalucia/PMC-01217/2025_H1N1,plate15-A/Andalucia/PMC-01217/2025_H1N1,0.00176,interpolated,0.00176,0.00176,interpolated,7.599,1,0,0.998,0.02108
human,plate15,flu-seqneut-2026-UWMC-058,A/Andalucia/PMC-01495/2025_H1N1,plate15-A/Andalucia/PMC-01495/2025_H1N1,0.001635,interpolated,0.001635,0.001635,interpolated,5.324,1,0,1,0.001341
human,plate15,flu-seqneut-2026-UWMC-058,A/Arizona/40/2026_H1N1,plate15-A/Arizona/40/2026_H1N1,0.001829,interpolated,0.001833,0.001833,interpolated,10,0.9883,0,0.9988,0.0162
human,plate15,flu-seqneut-2026-UWMC-058,A/Astrakhan/RII-MH273373S/2025_H3N2,plate15-A/Astrakhan/RII-MH273373S/2025_H3N2,0.0004566,interpolated,0.0004566,0.0004566,interpolated,0.9891,1,0,0.9315,0.08604
human,plate15,flu-seqneut-2026-UWMC-058,A/Asturias/232590913/2025_H1N1,plate15-A/Asturias/232590913/2025_H1N1,0.002498,interpolated,0.002589,0.002589,interpolated,5.839,0.9061,0,0.9747,0.06795
human,plate15,flu-seqneut-2026-UWMC-058,A/Badajoz/18738342/2026_H3N2,plate15-A/Badajoz/18738342/2026_H3N2,0.001925,interpolated,0.001936,0.001936,interpolated,7.8,0.9786,0,0.9954,0.02988
human,plate15,flu-seqneut-2026-UWMC-058,A/Badajoz/18811358/2026_H3N2,plate15-A/Badajoz/18811358/2026_H3N2,0.001314,interpolated,0.001566,0.001566,interpolated,1.753,0.8675,0,0.9878,0.03938
human,plate15,flu-seqneut-2026-UWMC-058,A/Badajoz/18813527/2026_H3N2,plate15-A/Badajoz/18813527/2026_H3N2,0.001778,interpolated,0.001866,0.001866,interpolated,4.085,0.9102,0,0.9581,0.08465
human,plate15,flu-seqneut-2026-UWMC-058,A/Bangkok/P2390/2025_H3N2,plate15-A/Bangkok/P2390/2025_H3N2,0.001185,interpolated,0.001185,0.001185,interpolated,1.264,1,0,0.9569,0.0805
human,plate15,flu-seqneut-2026-UWMC-058,A/Bangkok/P2391/2025_H3N2,plate15-A/Bangkok/P2391/2025_H3N2,0.001863,interpolated,0.002108,0.002108,interpolated,2.803,0.8533,0,0.8846,0.1313
human,plate15,flu-seqneut-2026-UWMC-058,A/Blaenavon/6687/2026_H3N2,plate15-A/Blaenavon/6687/2026_H3N2,0.0007211,interpolated,0.0007211,0.0007211,interpolated,1.998,1,0,0.9924,0.03614
human,plate15,flu-seqneut-2026-UWMC-058,A/Bolivia/OR5702/2025_H3N2,plate15-A/Bolivia/OR5702/2025_H3N2,0.001136,interpolated,0.001166,0.001166,interpolated,1.4,0.9822,0,0.9859,0.0449
human,plate15,flu-seqneut-2026-UWMC-058,A/BritishColumbia/RV00022-26/2025_H1N1,plate15-A/BritishColumbia/RV00022-26/2025_H1N1,0.001487,interpolated,0.001507,0.001507,interpolated,3.205,0.979,0,0.9966,0.02552
human,plate15,flu-seqneut-2026-UWMC-058,A/BritishColumbia/RV00279-26/2025_H3N2,plate15-A/BritishColumbia/RV00279-26/2025_H3N2,0.001881,interpolated,0.001881,0.001881,interpolated,3.194,1,0,0.9818,0.05874
human,plate15,flu-seqneut-2026-UWMC-058,A/BritishColumbia/RV01350-26/2026_H1N1,plate15-A/BritishColumbia/RV01350-26/2026_H1N1,0.001862,interpolated,0.001874,0.001874,interpolated,10,0.9697,0,0.9904,0.04403
human,plate15,flu-seqneut-2026-UWMC-058,A/BritishColumbia/RV05508-25/2025_H1N1,plate15-A/BritishColumbia/RV05508-25/2025_H1N1,0.001855,interpolated,0.001855,0.001855,interpolated,3.661,1,0,0.9865,0.05162
human,plate15,flu-seqneut-2026-UWMC-058,A/California/GKISBBBH79910/2026_H3N2,plate15-A/California/GKISBBBH79910/2026_H3N2,0.001977,interpolated,0.002037,0.002037,interpolated,2.606,0.9623,0,0.9758,0.06296
human,plate15,flu-seqneut-2026-UWMC-058,A/California/NIRC-IS-1019/2026_H1N1,plate15-A/California/NIRC-IS-1019/2026_H1N1,0.001504,interpolated,0.001542,0.001542,interpolated,3.291,0.9598,0,0.989,0.04515
human,plate15,flu-seqneut-2026-UWMC-058,A/California/NIRC-IS-1059/2026_H3N2,plate15-A/California/NIRC-IS-1059/2026_H3N2,0.002189,interpolated,0.002808,0.002808,interpolated,3.571,0.7053,0,0.9325,0.08283
human,plate15,flu-seqneut-2026-UWMC-058,A/California/NIRC-IS-1067/2026_H3N2,plate15-A/California/NIRC-IS-1067/2026_H3N2,0.00181,interpolated,0.001869,0.001869,interpolated,10,0.8632,0,0.936,0.1003
human,plate15,flu-seqneut-2026-UWMC-058,A/California/NIRC-IS-1356/2025_H1N1,plate15-A/California/NIRC-IS-1356/2025_H1N1,0.001798,interpolated,0.001798,0.001798,interpolated,7.022,1,0,0.9987,0.01689
human,plate15,flu-seqneut-2026-UWMC-058,A/Castellon/VAHNSI_02_02400/2025_H3N2,plate15-A/Castellon/VAHNSI_02_02400/2025_H3N2,0.001832,interpolated,0.001868,0.001868,interpolated,1.767,0.9832,0,0.9945,0.02998
human,plate15,flu-seqneut-2026-UWMC-058,A/Colombia/1851/2024_H3N2,plate15-A/Colombia/1851/2024_H3N2,0.0009917,interpolated,0.00114,0.00114,interpolated,1.454,0.9084,0,0.9562,0.07577
human,plate15,flu-seqneut-2026-UWMC-058,A/Colorado/218/2024_H1N1,plate15-A/Colorado/218/2024_H1N1,0.001669,interpolated,0.001792,0.001792,interpolated,1.571,0.9472,0,0.914,0.1198
human,plate15,flu-seqneut-2026-UWMC-058,A/Connecticut/5/2026_H3N2,plate15-A/Connecticut/5/2026_H3N2,0.001905,interpolated,0.00206,0.00206,interpolated,3.112,0.892,0,0.8966,0.1276
human,plate15,flu-seqneut-2026-UWMC-058,A/Croatia/10136RV/2023_H3N2,plate15-A/Croatia/10136RV/2023_H3N2,0.0006789,interpolated,0.0007945,0.0007945,interpolated,2.519,0.8365,0,0.9973,0.01879
human,plate15,flu-seqneut-2026-UWMC-058,A/Darwin/1415/2025_H3N2,plate15-A/Darwin/1415/2025_H3N2,0.001422,interpolated,0.001582,0.001582,interpolated,2.026,0.9027,0,0.9909,0.03616
human,plate15,flu-seqneut-2026-UWMC-058,A/Darwin/1454/2025_H3N2,plate15-A/Darwin/1454/2025_H3N2,0.0007046,interpolated,0.0007374,0.0007374,interpolated,1.718,0.9625,0,0.9564,0.08281
human,plate15,flu-seqneut-2026-UWMC-058,A/Denmark/3940/2025_H3N2,plate15-A/Denmark/3940/2025_H3N2,0.001381,interpolated,0.001807,0.001807,interpolated,1.527,0.8316,0,0.952,0.07369
human,plate15,flu-seqneut-2026-UWMC-058,A/Denmark/4547/2025_H1N1,plate15-A/Denmark/4547/2025_H1N1,0.001481,interpolated,0.001481,0.001481,interpolated,4.028,1,0,0.9997,0.00779
human,plate15,flu-seqneut-2026-UWMC-058,A/Denmark/4774/2025_H1N1,plate15-A/Denmark/4774/2025_H1N1,0.001877,interpolated,0.001909,0.001909,interpolated,3.955,0.9681,0,0.9739,0.06964
human,plate15,flu-seqneut-2026-UWMC-058,A/District_Of_Columbia/27/2023_H3N2,plate15-A/District_Of_Columbia/27/2023_H3N2,0.001245,interpolated,0.001368,0.001368,interpolated,4.06,0.8417,0,0.962,0.07617
human,plate15,flu-seqneut-2026-UWMC-058,A/Distrito_Federal/250106000728/2025_H3N2,plate15-A/Distrito_Federal/250106000728/2025_H3N2,0.0006806,interpolated,0.0006806,0.0006806,interpolated,1.012,1,0,0.8942,0.1164
human,plate15,flu-seqneut-2026-UWMC-058,A/England/1893256/2026_H1N1,plate15-A/England/1893256/2026_H1N1,0.00127,interpolated,0.001355,0.001355,interpolated,2.968,0.9126,0,0.986,0.04882
human,plate15,flu-seqneut-2026-UWMC-058,A/Florida/ISC-1069/2026_H3N2,plate15-A/Florida/ISC-1069/2026_H3N2,0.001878,interpolated,0.00189,0.00189,interpolated,6.376,0.9809,0,0.9926,0.0383
human,plate15,flu-seqneut-2026-UWMC-058,A/France/ARA-HCL025195259501/2025_H1N1,plate15-A/France/ARA-HCL025195259501/2025_H1N1,0.001792,interpolated,0.001816,0.001816,interpolated,10,0.9378,0,0.9692,0.07832
human,plate15,flu-seqneut-2026-UWMC-058,A/France/ARA-HCL026031894402/2026_H3N2,plate15-A/France/ARA-HCL026031894402/2026_H3N2,0.001717,interpolated,0.002072,0.002072,interpolated,2.63,0.8048,0,0.9335,0.089
human,plate15,flu-seqneut-2026-UWMC-058,A/France/GES-IPP00659/2026_H1N1,plate15-A/France/GES-IPP00659/2026_H1N1,0.001646,interpolated,0.001758,0.001758,interpolated,2.403,0.9267,0,0.9632,0.07911
human,plate15,flu-seqneut-2026-UWMC-058,A/France/GES-IPP01077/2026_H3N2,plate15-A/France/GES-IPP01077/2026_H3N2,0.0006809,interpolated,0.0007899,0.0007899,interpolated,1.375,0.9077,0,0.9299,0.09433
human,plate15,flu-seqneut-2026-UWMC-058,A/France/HDF-IPP01550/2026_H3N2,plate15-A/France/HDF-IPP01550/2026_H3N2,0.001697,interpolated,0.001718,0.001718,interpolated,3.485,0.9786,0,0.9924,0.0378
human,plate15,flu-seqneut-2026-UWMC-058,A/France/HDF-RELAB-IPP00300/2026_H3N2,plate15-A/France/HDF-RELAB-IPP00300/2026_H3N2,0.001745,interpolated,0.001771,0.001771,interpolated,10,0.9314,0,0.9564,0.09163
human,plate15,flu-seqneut-2026-UWMC-058,A/France/HDF-RELAB-IPP00303/2026_H3N2,plate15-A/France/HDF-RELAB-IPP00303/2026_H3N2,0.002643,interpolated,0.002806,0.002806,interpolated,3.017,0.9177,0,0.944,0.09636
human,plate15,flu-seqneut-2026-UWMC-058,A/France/HDF-RELAB-IPP07969/2025_H1N1,plate15-A/France/HDF-RELAB-IPP07969/2025_H1N1,0.00176,interpolated,0.001778,0.001778,interpolated,6.484,0.9685,0,0.9948,0.03244
human,plate15,flu-seqneut-2026-UWMC-058,A/France/NAQ-HCL026010957001/2026_H3N2,plate15-A/France/NAQ-HCL026010957001/2026_H3N2,0.001801,interpolated,0.001864,0.001864,interpolated,1.897,0.9683,0,0.9556,0.08319
human,plate15,flu-seqneut-2026-UWMC-058,A/France/NAQ-HCL026046169102/2025_H1N1,plate15-A/France/NAQ-HCL026046169102/2025_H1N1,0.007593,interpolated,0.007812,0.007812,interpolated,9.975,0.8765,0,0.7962,0.1909
human,plate15,flu-seqneut-2026-UWMC-058,A/France/OCC-HCL026013263701/2026_H3N2,plate15-A/France/OCC-HCL026013263701/2026_H3N2,0.000708,interpolated,0.0007777,0.0007777,interpolated,0.8305,0.9625,0,0.9592,0.06098
human,plate15,flu-seqneut-2026-UWMC-058,A/France/PAC-RELAB-HCL026021993801/2026_H3N2,plate15-A/France/PAC-RELAB-HCL026021993801/2026_H3N2,0.00115,interpolated,0.00115,0.00115,interpolated,1.184,1,0,0.9721,0.06312
human,plate15,flu-seqneut-2026-UWMC-058,A/Galicia/GA-CHUAC-451/2025_H3N2,plate15-A/Galicia/GA-CHUAC-451/2025_H3N2,0.002261,interpolated,0.002289,0.002289,interpolated,3.368,0.9799,0,0.9911,0.04104
human,plate15,flu-seqneut-2026-UWMC-058,A/Galicia/GA-CHUAC-612/2025_H1N1,plate15-A/Galicia/GA-CHUAC-612/2025_H1N1,0.001285,interpolated,0.001285,0.001285,interpolated,3.824,1,0,0.9994,0.01152
human,plate15,flu-seqneut-2026-UWMC-058,A/Germany/LRMC_0104/2025_H3N2,plate15-A/Germany/LRMC_0104/2025_H3N2,0.001639,interpolated,0.001639,0.001639,interpolated,3.266,1,0,0.9949,0.03125
human,plate15,flu-seqneut-2026-UWMC-058,A/Germany/LRMC_0113/2025_H3N2,plate15-A/Germany/LRMC_0113/2025_H3N2,0.00193,interpolated,0.002019,0.002019,interpolated,10,0.8179,0,0.8672,0.1398
human,plate15,flu-seqneut-2026-UWMC-058,A/Hawaii/70/2019_H1N1,plate15-A/Hawaii/70/2019_H1N1,0.0007516,interpolated,0.0007516,0.0007516,interpolated,10,1,0,0.9993,0.01198
human,plate15,flu-seqneut-2026-UWMC-058,A/Hawaii/ISC-1140/2025_H1N1,plate15-A/Hawaii/ISC-1140/2025_H1N1,0.001118,interpolated,0.001169,0.001169,interpolated,1.994,0.9576,0,0.9614,0.08198
human,plate15,flu-seqneut-2026-UWMC-058,A/Hessen/18/2026_H1N1,plate15-A/Hessen/18/2026_H1N1,0.001844,interpolated,0.001891,0.001891,interpolated,10,0.8893,0,0.951,0.09381
human,plate15,flu-seqneut-2026-UWMC-058,A/Ireland/91576/2025_H3N2,plate15-A/Ireland/91576/2025_H3N2,0.001805,interpolated,0.001862,0.001862,interpolated,10,0.8658,0,0.9478,0.08922
human,plate15,flu-seqneut-2026-UWMC-058,A/Kentucky/80/2025_H1N1,plate15-A/Kentucky/80/2025_H1N1,0.001295,interpolated,0.001372,0.001372,interpolated,4.577,0.8838,0,0.973,0.06924
human,plate15,flu-seqneut-2026-UWMC-058,A/Lisboa/216/2023_H3N2,plate15-A/Lisboa/216/2023_H3N2,0.0004456,interpolated,0.0005569,0.0005569,interpolated,1.259,0.8777,0,0.8094,0.1517
human,plate15,flu-seqneut-2026-UWMC-058,A/Luxembourg/LNS9132577/2026_H3N2,plate15-A/Luxembourg/LNS9132577/2026_H3N2,0.001891,interpolated,0.001911,0.001911,interpolated,10,0.9497,0,0.9777,0.06551
human,plate15,flu-seqneut-2026-UWMC-058,A/Maine/25/2026_H1N1,plate15-A/Maine/25/2026_H1N1,0.001645,interpolated,0.001658,0.001658,interpolated,6.485,0.9742,0,0.9991,0.01349
human,plate15,flu-seqneut-2026-UWMC-058,A/Malaysia/IMR/SARI/2406/2025_H3N2,plate15-A/Malaysia/IMR/SARI/2406/2025_H3N2,0.001466,interpolated,0.002005,0.002005,interpolated,1.537,0.809,0,0.8735,0.1196
human,plate15,flu-seqneut-2026-UWMC-058,A/Massachusetts/18/2022_H3N2,plate15-A/Massachusetts/18/2022_H3N2,0.0004,interpolated,0.0004,0.0004,interpolated,1.061,1,0,0.9368,0.08354
human,plate15,flu-seqneut-2026-UWMC-058,A/Massachusetts/ISC-1856/2025_H3N2,plate15-A/Massachusetts/ISC-1856/2025_H3N2,0.0009823,interpolated,0.001099,0.001099,interpolated,1.649,0.9157,0,0.9978,0.01708
human,plate15,flu-seqneut-2026-UWMC-058,A/Mauritius/26000203/2026_H1N1,plate15-A/Mauritius/26000203/2026_H1N1,0.00135,interpolated,0.001398,0.001398,interpolated,4.68,0.9253,0,0.9928,0.03702
human,plate15,flu-seqneut-2026-UWMC-058,A/Michigan/8/2026_H3N2,plate15-A/Michigan/8/2026_H3N2,0.001433,interpolated,0.001687,0.001687,interpolated,1.64,0.8825,0,0.9533,0.07893
human,plate15,flu-seqneut-2026-UWMC-058,A/Michigan/UM-10068071276/2025_H3N2,plate15-A/Michigan/UM-10068071276/2025_H3N2,0.001667,interpolated,0.001677,0.001677,interpolated,10,0.9714,0,0.9931,0.03885
human,plate15,flu-seqneut-2026-UWMC-058,A/Michigan/UM-10068134090/2025_H3N2,plate15-A/Michigan/UM-10068134090/2025_H3N2,0.001805,interpolated,0.001881,0.001881,interpolated,10,0.8313,0,0.8963,0.123
human,plate15,flu-seqneut-2026-UWMC-058,A/Michigan/UM-10068449788/2025_H3N2,plate15-A/Michigan/UM-10068449788/2025_H3N2,0.00161,interpolated,0.001662,0.001662,interpolated,4.229,0.9379,0,0.987,0.04925
human,plate15,flu-seqneut-2026-UWMC-058,A/Michigan/UM-10068456988/2025_H3N2,plate15-A/Michigan/UM-10068456988/2025_H3N2,0.00255,interpolated,0.002677,0.002677,interpolated,1.816,0.9579,0,0.9524,0.08551
human,plate15,flu-seqneut-2026-UWMC-058,A/Michigan/UM-10068747355/2026_H3N2,plate15-A/Michigan/UM-10068747355/2026_H3N2,0.001865,interpolated,0.002067,0.002067,interpolated,3.039,0.8652,0,0.9381,0.09613
human,plate15,flu-seqneut-2026-UWMC-058,A/MinasGerais/410/2026_H1N1,plate15-A/MinasGerais/410/2026_H1N1,0.001706,interpolated,0.001752,0.001752,interpolated,10,0.8851,0,0.9707,0.07384
human,plate15,flu-seqneut-2026-UWMC-058,A/MinasGerais/671/2026_H1N1,plate15-A/MinasGerais/671/2026_H1N1,0.001892,interpolated,0.001901,0.001901,interpolated,10,0.9754,0,0.9954,0.03079
human,plate15,flu-seqneut-2026-UWMC-058,A/Mississippi/20/2026_H1N1,plate15-A/Mississippi/20/2026_H1N1,0.001786,interpolated,0.001786,0.001786,interpolated,10,1,0,0.9999,0.004554
human,plate15,flu-seqneut-2026-UWMC-058,A/Missouri/11/2025_cell_H1N1,plate15-A/Missouri/11/2025_cell_H1N1,0.001023,interpolated,0.001023,0.001023,interpolated,2.902,1,0,0.997,0.02445
human,plate15,flu-seqneut-2026-UWMC-058,A/Missouri/11/2025_egg_H1N1,plate15-A/Missouri/11/2025_egg_H1N1,0.0002141,interpolated,0.0002141,0.0002141,interpolated,2.423,1,0,0.9936,0.02778
human,plate15,flu-seqneut-2026-UWMC-058,A/Missouri/NIRC-AV-1003/2025_H3N2,plate15-A/Missouri/NIRC-AV-1003/2025_H3N2,0.0014,interpolated,0.001502,0.001502,interpolated,2.671,0.9142,0,0.9983,0.01677
human,plate15,flu-seqneut-2026-UWMC-058,A/Montana/51/2025_H3N2,plate15-A/Montana/51/2025_H3N2,0.002317,interpolated,0.002511,0.002511,interpolated,3.14,0.8888,0,0.886,0.1233
human,plate15,flu-seqneut-2026-UWMC-058,A/NakhonPhanom/P495/2026_H3N2,plate15-A/NakhonPhanom/P495/2026_H3N2,0.00204,interpolated,0.002214,0.002214,interpolated,4.576,0.8434,0,0.9132,0.1158
human,plate15,flu-seqneut-2026-UWMC-058,A/Navarra/260009/2025_H3N2,plate15-A/Navarra/260009/2025_H3N2,0.001588,interpolated,0.001588,0.001588,interpolated,1.824,1,0,0.9096,0.1229
human,plate15,flu-seqneut-2026-UWMC-058,A/Nebraska/34/2026_H1N1,plate15-A/Nebraska/34/2026_H1N1,0.001835,interpolated,0.001874,0.001874,interpolated,10,0.9063,0,0.9326,0.1136
human,plate15,flu-seqneut-2026-UWMC-058,A/Netherlands/10008/2026_H1N1,plate15-A/Netherlands/10008/2026_H1N1,0.003742,interpolated,0.003879,0.003879,interpolated,10,0.8489,0,0.9698,0.0697
human,plate15,flu-seqneut-2026-UWMC-058,A/Netherlands/2398/2025_H1N1,plate15-A/Netherlands/2398/2025_H1N1,0.001136,interpolated,0.00116,0.00116,interpolated,2.445,0.9756,0,0.9919,0.03821
human,plate15,flu-seqneut-2026-UWMC-058,A/Netherlands/543/2026_H1N1,plate15-A/Netherlands/543/2026_H1N1,0.001357,interpolated,0.001372,0.001372,interpolated,1.982,0.9893,0,0.9889,0.04362
human,plate15,flu-seqneut-2026-UWMC-058,A/Netherlands/864/2026_H1N1,plate15-A/Netherlands/864/2026_H1N1,0.00183,interpolated,0.001833,0.001833,interpolated,10,0.9911,0,0.9989,0.01558
human,plate15,flu-seqneut-2026-UWMC-058,A/Netherlands/888/2026_H3N2,plate15-A/Netherlands/888/2026_H3N2,0.002506,interpolated,0.002669,0.002669,interpolated,2.565,0.9253,0,0.9885,0.04209
human,plate15,flu-seqneut-2026-UWMC-058,A/Netherlands/968/2026_H3N2,plate15-A/Netherlands/968/2026_H3N2,0.00116,interpolated,0.001253,0.001253,interpolated,1.224,0.9551,0,0.9941,0.02695
human,plate15,flu-seqneut-2026-UWMC-058,A/NewBrunswick/NBPHLFLUA10B-MM00057R/2026_H1N1,plate15-A/NewBrunswick/NBPHLFLUA10B-MM00057R/2026_H1N1,0.001423,interpolated,0.001423,0.001423,interpolated,4.13,1,0,1,0.003007
human,plate15,flu-seqneut-2026-UWMC-058,A/NewYork/NIRC-IS-1086/2026_H3N2,plate15-A/NewYork/NIRC-IS-1086/2026_H3N2,0.001184,interpolated,0.001922,0.001922,interpolated,2.35,0.6601,0,0.9726,0.04823
human,plate15,flu-seqneut-2026-UWMC-058,A/NordrheinWestfalen/54/2026_H3N2,plate15-A/NordrheinWestfalen/54/2026_H3N2,0.001966,interpolated,0.001966,0.001966,interpolated,1.804,1,0,0.9233,0.1155
human,plate15,flu-seqneut-2026-UWMC-058,A/NordrheinWestfalen/96/2026_H1N1,plate15-A/NordrheinWestfalen/96/2026_H1N1,0.001794,interpolated,0.001808,0.001808,interpolated,10,0.963,0,0.9902,0.04546
human,plate15,flu-seqneut-2026-UWMC-058,A/Norway/9556/2025_H1N1,plate15-A/Norway/9556/2025_H1N1,0.0017,interpolated,0.0017,0.0017,interpolated,2.018,1,0,0.9987,0.01532
human,plate15,flu-seqneut-2026-UWMC-058,A/NovaScotia/25-365-06099/2025_H3N2,plate15-A/NovaScotia/25-365-06099/2025_H3N2,0.0005872,interpolated,0.0005872,0.0005872,interpolated,1.027,1,0,0.9684,0.0604
human,plate15,flu-seqneut-2026-UWMC-058,A/Ohio/259/2024_H1N1,plate15-A/Ohio/259/2024_H1N1,0.001679,interpolated,0.001747,0.001747,interpolated,10,0.8367,0,0.9113,0.1254
human,plate15,flu-seqneut-2026-UWMC-058,A/Ontario/PHL202550193/2025_H3N2,plate15-A/Ontario/PHL202550193/2025_H3N2,0.001791,interpolated,0.001817,0.001817,interpolated,3.584,0.9744,0,0.9508,0.09265
human,plate15,flu-seqneut-2026-UWMC-058,A/Oregon/81/2025_H3N2,plate15-A/Oregon/81/2025_H3N2,0.001811,interpolated,0.001853,0.001853,interpolated,10,0.8972,0,0.9102,0.1179
human,plate15,flu-seqneut-2026-UWMC-058,A/PaisVasco/70369726/2026_H1N1,plate15-A/PaisVasco/70369726/2026_H1N1,0.001758,interpolated,0.001772,0.001772,interpolated,10,0.9626,0,0.9893,0.04754
human,plate15,flu-seqneut-2026-UWMC-058,A/Parana/416133590/2026_H3N2,plate15-A/Parana/416133590/2026_H3N2,0.00184,interpolated,0.001981,0.001981,interpolated,1.74,0.9399,0,0.9533,0.08421
human,plate15,flu-seqneut-2026-UWMC-058,A/Peru/ANC-INS-062/2026_H3N2,plate15-A/Peru/ANC-INS-062/2026_H3N2,0.0007351,interpolated,0.0007351,0.0007351,interpolated,1.421,1,0,0.9613,0.07637
human,plate15,flu-seqneut-2026-UWMC-058,A/Rhode_Island/11/2026_H1N1,plate15-A/Rhode_Island/11/2026_H1N1,0.0009664,interpolated,0.001028,0.001028,interpolated,1.59,0.953,0,0.9698,0.06775
human,plate15,flu-seqneut-2026-UWMC-058,A/RiodeJaneiro/331/2026_H3N2,plate15-A/RiodeJaneiro/331/2026_H3N2,0.001854,interpolated,0.001863,0.001863,interpolated,10,0.9755,0,0.9817,0.05999
human,plate15,flu-seqneut-2026-UWMC-058,A/Romania/612042/2026_H3N2,plate15-A/Romania/612042/2026_H3N2,0.002666,interpolated,0.002666,0.002666,interpolated,1.783,1,0,0.9729,0.06477
human,plate15,flu-seqneut-2026-UWMC-058,A/SantaCatarina/508/2026_H3N2,plate15-A/SantaCatarina/508/2026_H3N2,0.001333,interpolated,0.001357,0.001357,interpolated,1.524,0.9865,0,0.9744,0.06367
human,plate15,flu-seqneut-2026-UWMC-058,A/Saskatchewan/SKFLU477299/2025_H3N2,plate15-A/Saskatchewan/SKFLU477299/2025_H3N2,0.002222,interpolated,0.002573,0.002573,interpolated,2.488,0.8469,0,0.9529,0.07883
human,plate15,flu-seqneut-2026-UWMC-058,A/Saskatchewan/SKFLU477727/2025_H3N2,plate15-A/Saskatchewan/SKFLU477727/2025_H3N2,0.002298,interpolated,0.002401,0.002401,interpolated,2.231,0.9534,0,0.9477,0.09335
human,plate15,flu-seqneut-2026-UWMC-058,A/Saskatchewan/SKFLU490586/2026_H1N1,plate15-A/Saskatchewan/SKFLU490586/2026_H1N1,0.001354,interpolated,0.00146,0.00146,interpolated,5.166,0.8395,0,0.8876,0.1418
human,plate15,flu-seqneut-2026-UWMC-058,A/Singapore/GP20238/2024_H3N2,plate15-A/Singapore/GP20238/2024_H3N2,0.001278,interpolated,0.00136,0.00136,interpolated,5.731,0.8498,0,0.9745,0.06588
human,plate15,flu-seqneut-2026-UWMC-058,A/Singapore/KK2768/2025_H1N1,plate15-A/Singapore/KK2768/2025_H1N1,0.001826,interpolated,0.001865,0.001865,interpolated,10,0.9066,0,0.9306,0.1155
human,plate15,flu-seqneut-2026-UWMC-058,A/Singapore/MOH0547/2024_H1N1,plate15-A/Singapore/MOH0547/2024_H1N1,0.001238,interpolated,0.001246,0.001246,interpolated,2.882,0.9905,0,0.9997,0.008006
human,plate15,flu-seqneut-2026-UWMC-058,A/Singapore/NTF0577/2025_H3N2,plate15-A/Singapore/NTF0577/2025_H3N2,0.001249,interpolated,0.001405,0.001405,interpolated,2.916,0.8546,0,0.9147,0.111
human,plate15,flu-seqneut-2026-UWMC-058,A/Singapore/SAR8915/2025_H3N2,plate15-A/Singapore/SAR8915/2025_H3N2,0.001789,interpolated,0.001875,0.001875,interpolated,10,0.8114,0,0.9364,0.09328
human,plate15,flu-seqneut-2026-UWMC-058,A/SouthAfrica/NHLS-SU-CERI-C075557/2026_H1N1,plate15-A/SouthAfrica/NHLS-SU-CERI-C075557/2026_H1N1,0.001239,interpolated,0.001239,0.001239,interpolated,3.094,1,0,0.999,0.01419
human,plate15,flu-seqneut-2026-UWMC-058,A/SouthAfrica/NICD-R01647/2026_H1N1,plate15-A/SouthAfrica/NICD-R01647/2026_H1N1,0.001763,interpolated,0.001767,0.001767,interpolated,10,0.9908,0,0.9991,0.01449
human,plate15,flu-seqneut-2026-UWMC-058,A/SouthAfrica/NICD-R01668/2026_H1N1,plate15-A/SouthAfrica/NICD-R01668/2026_H1N1,0.001445,interpolated,0.001553,0.001553,interpolated,3.791,0.8797,0,0.9289,0.1118
human,plate15,flu-seqneut-2026-UWMC-058,A/SouthAfrica/PATH-CERI-C073358/2025_H1N1,plate15-A/SouthAfrica/PATH-CERI-C073358/2025_H1N1,0.001698,interpolated,0.00173,0.00173,interpolated,10,0.9153,0,0.9461,0.1046
human,plate15,flu-seqneut-2026-UWMC-058,A/SouthAfrica/PATH-CERI-C073366/2025_H1N1,plate15-A/SouthAfrica/PATH-CERI-C073366/2025_H1N1,0.001443,interpolated,0.001443,0.001443,interpolated,2.952,1,0,0.9997,0.007836
human,plate15,flu-seqneut-2026-UWMC-058,A/SouthAfrica/PATH-CERI-C075119/2026_H1N1,plate15-A/SouthAfrica/PATH-CERI-C075119/2026_H1N1,0.0008393,interpolated,0.0008623,0.0008623,interpolated,1.441,0.9809,0,0.9678,0.06978
human,plate15,flu-seqneut-2026-UWMC-058,A/SouthAustralia/2605715552/2026_H3N2,plate15-A/SouthAustralia/2605715552/2026_H3N2,0.001593,interpolated,0.001832,0.001832,interpolated,1.763,0.891,0,0.9156,0.11
human,plate15,flu-seqneut-2026-UWMC-058,A/SouthCarolina/USAFSAM-17046/2026_H3N2,plate15-A/SouthCarolina/USAFSAM-17046/2026_H3N2,0.0007418,interpolated,0.0007418,0.0007418,interpolated,1.764,1,0,0.974,0.06681
human,plate15,flu-seqneut-2026-UWMC-058,A/South_Australia/2523812314/2025_H3N2,plate15-A/South_Australia/2523812314/2025_H3N2,0.001122,interpolated,0.001297,0.001297,interpolated,2.682,0.8389,0,0.9596,0.07445
human,plate15,flu-seqneut-2026-UWMC-058,A/South_Australia/2527213276/2025_H3N2,plate15-A/South_Australia/2527213276/2025_H3N2,0.001894,interpolated,0.001938,0.001938,interpolated,10,0.8955,0,0.9623,0.08139
human,plate15,flu-seqneut-2026-UWMC-058,A/StPetersburg/RII-25-2042S/2025_H3N2,plate15-A/StPetersburg/RII-25-2042S/2025_H3N2,0.002029,interpolated,0.002151,0.002151,interpolated,2.665,0.9283,0,0.9733,0.06534
human,plate15,flu-seqneut-2026-UWMC-058,A/StPetersburg/RII-25-2321S/2025_H3N2,plate15-A/StPetersburg/RII-25-2321S/2025_H3N2,0.0009803,interpolated,0.001144,0.001144,interpolated,1.373,0.9045,0,0.9608,0.0707
human,plate15,flu-seqneut-2026-UWMC-058,A/StPetersburg/RII-25-2506S/2026_H3N2,plate15-A/StPetersburg/RII-25-2506S/2026_H3N2,0.001963,interpolated,0.002052,0.002052,interpolated,2.521,0.9471,0,0.9304,0.108
human,plate15,flu-seqneut-2026-UWMC-058,A/StPetersburg/RII-25-2600S/2026_H3N2,plate15-A/StPetersburg/RII-25-2600S/2026_H3N2,0.001412,interpolated,0.001514,0.001514,interpolated,3.592,0.8893,0,0.9286,0.1078
human,plate15,flu-seqneut-2026-UWMC-058,A/Switzerland/UN-SNRCI-HUG-053/2025_H1N1,plate15-A/Switzerland/UN-SNRCI-HUG-053/2025_H1N1,0.002066,interpolated,0.002071,0.002071,interpolated,4.368,0.9949,0,0.9981,0.01959
human,plate15,flu-seqneut-2026-UWMC-058,A/Sydney/1359/2024_H3N2,plate15-A/Sydney/1359/2024_H3N2,0.001738,interpolated,0.001786,0.001786,interpolated,10,0.8809,0,0.9617,0.08298
human,plate15,flu-seqneut-2026-UWMC-058,A/Sydney/50/2026_H1N1,plate15-A/Sydney/50/2026_H1N1,0.001905,interpolated,0.001905,0.001905,interpolated,2.509,1,0,0.9612,0.08395
human,plate15,flu-seqneut-2026-UWMC-058,A/Texas/29/2026_H1N1,plate15-A/Texas/29/2026_H1N1,0.001689,interpolated,0.001696,0.001696,interpolated,5.682,0.988,0,0.9994,0.01172
human,plate15,flu-seqneut-2026-UWMC-058,A/Thailand/8/2022_H3N2,plate15-A/Thailand/8/2022_H3N2,0.0002603,interpolated,0.000326,0.000326,interpolated,1.09,0.8912,0,0.9392,0.06911
human,plate15,flu-seqneut-2026-UWMC-058,A/Thuringen/16/2026_H3N2,plate15-A/Thuringen/16/2026_H3N2,0.00178,interpolated,0.001893,0.001893,interpolated,10,0.7713,0,0.9446,0.08286
human,plate15,flu-seqneut-2026-UWMC-058,A/Thuringen/39/2026_H3N2,plate15-A/Thuringen/39/2026_H3N2,0.001763,interpolated,0.00187,0.00187,interpolated,10,0.7776,0,0.8569,0.1432
human,plate15,flu-seqneut-2026-UWMC-058,A/Tokyo/EIS11-277/2024_H1N1,plate15-A/Tokyo/EIS11-277/2024_H1N1,0.001031,interpolated,0.00106,0.00106,interpolated,2.705,0.9635,0,0.9866,0.04995
human,plate15,flu-seqneut-2026-UWMC-058,A/Trieste/257/2025_H3N2,plate15-A/Trieste/257/2025_H3N2,0.001232,interpolated,0.001232,0.001232,interpolated,1.158,1,0,0.9385,0.09388
human,plate15,flu-seqneut-2026-UWMC-058,A/Trieste/380/2026_H3N2,plate15-A/Trieste/380/2026_H3N2,0.001926,interpolated,0.001972,0.001972,interpolated,10,0.896,0,0.8802,0.1409
human,plate15,flu-seqneut-2026-UWMC-058,A/Ukraine/5214/2026_H1N1,plate15-A/Ukraine/5214/2026_H1N1,0.001093,interpolated,0.00111,0.00111,interpolated,3.437,0.9753,0,0.9966,0.02577
human,plate15,flu-seqneut-2026-UWMC-058,A/Uppsala/SE26-01293/2026_H1N1,plate15-A/Uppsala/SE26-01293/2026_H1N1,0.001009,interpolated,0.001009,0.001009,interpolated,1.758,1,0,0.9932,0.03334
human,plate15,flu-seqneut-2026-UWMC-058,A/Valencia/VAHNSI_09_02564/2025_H1N1,plate15-A/Valencia/VAHNSI_09_02564/2025_H1N1,0.001875,interpolated,0.001875,0.001875,interpolated,8.558,1,0,1,0.003115
human,plate15,flu-seqneut-2026-UWMC-058,A/Victoria/2948/2025_H3N2,plate15-A/Victoria/2948/2025_H3N2,0.001498,interpolated,0.001732,0.001732,interpolated,2.156,0.8656,0,0.9479,0.08488
human,plate15,flu-seqneut-2026-UWMC-058,A/Victoria/4897/2022_IVR-238_H1N1,plate15-A/Victoria/4897/2022_IVR-238_H1N1,0.000294,interpolated,0.000294,0.000294,interpolated,4.099,1,0,0.9984,0.01618
human,plate15,flu-seqneut-2026-UWMC-058,A/Vietnam/F7324/2024_H3N2,plate15-A/Vietnam/F7324/2024_H3N2,0.001669,interpolated,0.00182,0.00182,interpolated,10,0.7094,0,0.9042,0.1081
human,plate15,flu-seqneut-2026-UWMC-058,A/Vietnam/PF125413/2025_H1N1,plate15-A/Vietnam/PF125413/2025_H1N1,0.001904,interpolated,0.001904,0.001904,interpolated,2.553,1,0,0.9988,0.01516
human,plate15,flu-seqneut-2026-UWMC-058,A/Vietnam/PF126009/2026_H1N1,plate15-A/Vietnam/PF126009/2026_H1N1,0.001877,interpolated,0.001909,0.001909,interpolated,4.221,0.9652,0,0.9806,0.05969
human,plate15,flu-seqneut-2026-UWMC-058,A/Virginia/82/2025_H1N1,plate15-A/Virginia/82/2025_H1N1,0.001275,interpolated,0.001346,0.001346,interpolated,2.717,0.9313,0,0.9755,0.06527
human,plate15,flu-seqneut-2026-UWMC-058,A/Wisconsin/588/2019_H1N1,plate15-A/Wisconsin/588/2019_H1N1,0.0005827,interpolated,0.0005827,0.0005827,interpolated,2.262,1,0,0.9945,0.03123
human,plate15,flu-seqneut-2026-UWMC-058,A/Wisconsin/67/2022_H1N1,plate15-A/Wisconsin/67/2022_H1N1,0.0006494,interpolated,0.0006494,0.0006494,interpolated,1.744,1,0,0.986,0.04791
human,plate15,flu-seqneut-2026-UWMC-058,A/Zacapa/FLU-012/2025_H1N1,plate15-A/Zacapa/FLU-012/2025_H1N1,0.0009277,interpolated,0.001012,0.001012,interpolated,2.593,0.899,0,0.9769,0.06119
human,plate15,flu-seqneut-2026-UWMC-058,A/Zambia/6-NIC-014/2026_H1N1,plate15-A/Zambia/6-NIC-014/2026_H1N1,0.001727,interpolated,0.001754,0.001754,interpolated,3.828,0.9709,0,0.9962,0.02726
human,plate15,flu-seqneut-2026-UWMC-058,A/Zambia/7-NIC-313/2026_H1N1,plate15-A/Zambia/7-NIC-313/2026_H1N1,0.002017,interpolated,0.002033,0.002033,interpolated,10,0.9621,0,0.9892,0.04655
human,plate15,flu-seqneut-2026-UWMC-059,A/Andalucia/PMC-00977/2025_H1N1,plate15-A/Andalucia/PMC-00977/2025_H1N1,0.002657,interpolated,0.002691,0.002691,interpolated,2.522,0.9843,0,0.9923,0.03697
human,plate15,flu-seqneut-2026-UWMC-059,A/Andalucia/PMC-01217/2025_H1N1,plate15-A/Andalucia/PMC-01217/2025_H1N1,0.002492,interpolated,0.002497,0.002497,interpolated,2.51,0.9979,0,0.9921,0.03795
human,plate15,flu-seqneut-2026-UWMC-059,A/Andalucia/PMC-01495/2025_H1N1,plate15-A/Andalucia/PMC-01495/2025_H1N1,0.001842,interpolated,0.001846,0.001846,interpolated,4.274,0.9957,0,0.9888,0.047
human,plate15,flu-seqneut-2026-UWMC-059,A/Arizona/40/2026_H1N1,plate15-A/Arizona/40/2026_H1N1,0.002344,interpolated,0.002344,0.002344,interpolated,3.155,1,0,0.9982,0.01903
human,plate15,flu-seqneut-2026-UWMC-059,A/Astrakhan/RII-MH273373S/2025_H3N2,plate15-A/Astrakhan/RII-MH273373S/2025_H3N2,0.0009641,interpolated,0.0009859,0.0009859,interpolated,3.714,0.9603,0,0.988,0.04756
human,plate15,flu-seqneut-2026-UWMC-059,A/Asturias/232590913/2025_H1N1,plate15-A/Asturias/232590913/2025_H1N1,0.002156,interpolated,0.002156,0.002156,interpolated,2.133,1,0,0.9903,0.042
human,plate15,flu-seqneut-2026-UWMC-059,A/Badajoz/18738342/2026_H3N2,plate15-A/Badajoz/18738342/2026_H3N2,0.0005456,interpolated,0.0005456,0.0005456,interpolated,1.299,1,0,0.9741,0.0593
human,plate15,flu-seqneut-2026-UWMC-059,A/Badajoz/18811358/2026_H3N2,plate15-A/Badajoz/18811358/2026_H3N2,0.0005693,interpolated,0.0005693,0.0005693,interpolated,1.622,1,0,0.9596,0.08073
human,plate15,flu-seqneut-2026-UWMC-059,A/Badajoz/18813527/2026_H3N2,plate15-A/Badajoz/18813527/2026_H3N2,0.0017,interpolated,0.001893,0.001893,interpolated,4.746,0.8001,0,0.9158,0.1114
human,plate15,flu-seqneut-2026-UWMC-059,A/Bangkok/P2390/2025_H3N2,plate15-A/Bangkok/P2390/2025_H3N2,0.0005574,interpolated,0.0005574,0.0005574,interpolated,1.158,1,0,0.9736,0.05716
human,plate15,flu-seqneut-2026-UWMC-059,A/Bangkok/P2391/2025_H3N2,plate15-A/Bangkok/P2391/2025_H3N2,0.003797,interpolated,0.003861,0.003861,interpolated,10,0.9223,0,0.9439,0.1048
human,plate15,flu-seqneut-2026-UWMC-059,A/Blaenavon/6687/2026_H3N2,plate15-A/Blaenavon/6687/2026_H3N2,0.0005975,interpolated,0.0006842,0.0006842,interpolated,2.445,0.8591,0,0.9963,0.02214
human,plate15,flu-seqneut-2026-UWMC-059,A/Bolivia/OR5702/2025_H3N2,plate15-A/Bolivia/OR5702/2025_H3N2,0.003339,interpolated,0.003995,0.003995,interpolated,2.004,0.8491,0,0.8846,0.1208
human,plate15,flu-seqneut-2026-UWMC-059,A/BritishColumbia/RV00022-26/2025_H1N1,plate15-A/BritishColumbia/RV00022-26/2025_H1N1,0.001821,interpolated,0.001825,0.001825,interpolated,3.283,0.9964,0,0.9986,0.01646
human,plate15,flu-seqneut-2026-UWMC-059,A/BritishColumbia/RV00279-26/2025_H3N2,plate15-A/BritishColumbia/RV00279-26/2025_H3N2,0.0009346,interpolated,0.0009446,0.0009446,interpolated,2.501,0.9868,0,0.9946,0.03181
human,plate15,flu-seqneut-2026-UWMC-059,A/BritishColumbia/RV01350-26/2026_H1N1,plate15-A/BritishColumbia/RV01350-26/2026_H1N1,0.002352,interpolated,0.002352,0.002352,interpolated,2.335,1,0,0.9878,0.04705
human,plate15,flu-seqneut-2026-UWMC-059,A/BritishColumbia/RV05508-25/2025_H1N1,plate15-A/BritishColumbia/RV05508-25/2025_H1N1,0.002608,interpolated,0.002624,0.002624,interpolated,3.011,0.9909,0,0.9961,0.02702
human,plate15,flu-seqneut-2026-UWMC-059,A/California/GKISBBBH79910/2026_H3N2,plate15-A/California/GKISBBBH79910/2026_H3N2,0.0008962,interpolated,0.0008962,0.0008962,interpolated,2.355,1,0,0.9997,0.007938
human,plate15,flu-seqneut-2026-UWMC-059,A/California/NIRC-IS-1019/2026_H1N1,plate15-A/California/NIRC-IS-1019/2026_H1N1,0.0008669,interpolated,0.0009291,0.0009291,interpolated,1.531,0.9497,0,0.975,0.06054
human,plate15,flu-seqneut-2026-UWMC-059,A/California/NIRC-IS-1059/2026_H3N2,plate15-A/California/NIRC-IS-1059/2026_H3N2,0.001823,interpolated,0.001911,0.001911,interpolated,10,0.8112,0,0.8444,0.1599
human,plate15,flu-seqneut-2026-UWMC-059,A/California/NIRC-IS-1067/2026_H3N2,plate15-A/California/NIRC-IS-1067/2026_H3N2,0.001603,interpolated,0.001693,0.001693,interpolated,10,0.7893,0,0.9256,0.1077
human,plate15,flu-seqneut-2026-UWMC-059,A/California/NIRC-IS-1356/2025_H1N1,plate15-A/California/NIRC-IS-1356/2025_H1N1,0.002648,interpolated,0.002648,0.002648,interpolated,2.649,1,0,0.997,0.02344
human,plate15,flu-seqneut-2026-UWMC-059,A/Castellon/VAHNSI_02_02400/2025_H3N2,plate15-A/Castellon/VAHNSI_02_02400/2025_H3N2,0.001359,interpolated,0.001494,0.001494,interpolated,3.369,0.8637,0,0.9285,0.1094
human,plate15,flu-seqneut-2026-UWMC-059,A/Colombia/1851/2024_H3N2,plate15-A/Colombia/1851/2024_H3N2,0.0006124,interpolated,0.0007002,0.0007002,interpolated,2.223,0.8712,0,0.9691,0.06368
human,plate15,flu-seqneut-2026-UWMC-059,A/Colorado/218/2024_H1N1,plate15-A/Colorado/218/2024_H1N1,0.001615,interpolated,0.00162,0.00162,interpolated,10,0.9861,0,0.9974,0.02453
human,plate15,flu-seqneut-2026-UWMC-059,A/Connecticut/5/2026_H3N2,plate15-A/Connecticut/5/2026_H3N2,0.0008893,interpolated,0.0008893,0.0008893,interpolated,1.342,1,0,0.9632,0.07523
human,plate15,flu-seqneut-2026-UWMC-059,A/Croatia/10136RV/2023_H3N2,plate15-A/Croatia/10136RV/2023_H3N2,0.0002237,interpolated,0.0002237,0.0002237,interpolated,2.34,1,0,0.9821,0.04663
human,plate15,flu-seqneut-2026-UWMC-059,A/Darwin/1415/2025_H3N2,plate15-A/Darwin/1415/2025_H3N2,0.00116,interpolated,0.001432,0.001432,interpolated,4.919,0.6772,0,0.9892,0.03336
human,plate15,flu-seqneut-2026-UWMC-059,A/Darwin/1454/2025_H3N2,plate15-A/Darwin/1454/2025_H3N2,0.0004867,interpolated,0.0005218,0.0005218,interpolated,2.058,0.9333,0,0.9975,0.01877
human,plate15,flu-seqneut-2026-UWMC-059,A/Denmark/3940/2025_H3N2,plate15-A/Denmark/3940/2025_H3N2,0.000898,interpolated,0.000898,0.000898,interpolated,1.409,1,0,0.9713,0.06743
human,plate15,flu-seqneut-2026-UWMC-059,A/Denmark/4547/2025_H1N1,plate15-A/Denmark/4547/2025_H1N1,0.00175,interpolated,0.00175,0.00175,interpolated,2.146,1,0,0.9985,0.01652
human,plate15,flu-seqneut-2026-UWMC-059,A/Denmark/4774/2025_H1N1,plate15-A/Denmark/4774/2025_H1N1,0.006145,interpolated,0.00617,0.00617,interpolated,10,0.9798,0,0.9942,0.03191
human,plate15,flu-seqneut-2026-UWMC-059,A/District_Of_Columbia/27/2023_H3N2,plate15-A/District_Of_Columbia/27/2023_H3N2,0.0004209,interpolated,0.0004209,0.0004209,interpolated,1.35,1,0,0.956,0.07647
human,plate15,flu-seqneut-2026-UWMC-059,A/Distrito_Federal/250106000728/2025_H3N2,plate15-A/Distrito_Federal/250106000728/2025_H3N2,0.0016,interpolated,0.001906,0.001906,interpolated,1.32,0.8968,0,0.953,0.07558
human,plate15,flu-seqneut-2026-UWMC-059,A/England/1893256/2026_H1N1,plate15-A/England/1893256/2026_H1N1,0.00239,interpolated,0.002531,0.002531,interpolated,3.969,0.8983,0,0.9653,0.07615
human,plate15,flu-seqneut-2026-UWMC-059,A/Florida/ISC-1069/2026_H3N2,plate15-A/Florida/ISC-1069/2026_H3N2,0.001778,interpolated,0.001778,0.001778,interpolated,10,1,0,0.9999,0.004118
human,plate15,flu-seqneut-2026-UWMC-059,A/France/ARA-HCL025195259501/2025_H1N1,plate15-A/France/ARA-HCL025195259501/2025_H1N1,0.002256,interpolated,0.002256,0.002256,interpolated,2.123,1,0,0.9722,0.07121
human,plate15,flu-seqneut-2026-UWMC-059,A/France/ARA-HCL026031894402/2026_H3N2,plate15-A/France/ARA-HCL026031894402/2026_H3N2,0.001536,interpolated,0.001814,0.001814,interpolated,3.719,0.7691,0,0.9901,0.03391
human,plate15,flu-seqneut-2026-UWMC-059,A/France/GES-IPP00659/2026_H1N1,plate15-A/France/GES-IPP00659/2026_H1N1,0.005366,interpolated,0.005442,0.005442,interpolated,7.065,0.9531,0,0.9789,0.05888
human,plate15,flu-seqneut-2026-UWMC-059,A/France/GES-IPP01077/2026_H3N2,plate15-A/France/GES-IPP01077/2026_H3N2,0.001623,interpolated,0.001635,0.001635,interpolated,10,0.965,0,0.9901,0.04667
human,plate15,flu-seqneut-2026-UWMC-059,A/France/HDF-IPP01550/2026_H3N2,plate15-A/France/HDF-IPP01550/2026_H3N2,0.002151,interpolated,0.002224,0.002224,interpolated,2.903,0.9541,0,0.9771,0.06272
human,plate15,flu-seqneut-2026-UWMC-059,A/France/HDF-RELAB-IPP00300/2026_H3N2,plate15-A/France/HDF-RELAB-IPP00300/2026_H3N2,0.0008139,interpolated,0.0009977,0.0009977,interpolated,1.82,0.8452,0,0.9333,0.09361
human,plate15,flu-seqneut-2026-UWMC-059,A/France/HDF-RELAB-IPP00303/2026_H3N2,plate15-A/France/HDF-RELAB-IPP00303/2026_H3N2,0.0009169,interpolated,0.0009169,0.0009169,interpolated,2.039,1,0,0.9959,0.02688
human,plate15,flu-seqneut-2026-UWMC-059,A/France/HDF-RELAB-IPP07969/2025_H1N1,plate15-A/France/HDF-RELAB-IPP07969/2025_H1N1,0.00197,interpolated,0.00197,0.00197,interpolated,2.573,1,0,0.9852,0.05275
human,plate15,flu-seqneut-2026-UWMC-059,A/France/NAQ-HCL026010957001/2026_H3N2,plate15-A/France/NAQ-HCL026010957001/2026_H3N2,0.001667,interpolated,0.001722,0.001722,interpolated,10,0.8619,0,0.953,0.09151
human,plate15,flu-seqneut-2026-UWMC-059,A/France/NAQ-HCL026046169102/2025_H1N1,plate15-A/France/NAQ-HCL026046169102/2025_H1N1,0.003936,interpolated,0.003936,0.003936,interpolated,10,1,0,1,0.001156
human,plate15,flu-seqneut-2026-UWMC-059,A/France/OCC-HCL026013263701/2026_H3N2,plate15-A/France/OCC-HCL026013263701/2026_H3N2,0.0006769,interpolated,0.0007337,0.0007337,interpolated,1.383,0.9473,0,0.927,0.1002
human,plate15,flu-seqneut-2026-UWMC-059,A/France/PAC-RELAB-HCL026021993801/2026_H3N2,plate15-A/France/PAC-RELAB-HCL026021993801/2026_H3N2,0.000848,interpolated,0.001023,0.001023,interpolated,1.354,0.8876,0,0.9817,0.04656
human,plate15,flu-seqneut-2026-UWMC-059,A/Galicia/GA-CHUAC-451/2025_H3N2,plate15-A/Galicia/GA-CHUAC-451/2025_H3N2,0.0005594,interpolated,0.0005769,0.0005769,interpolated,1.703,0.9746,0,0.984,0.04876
human,plate15,flu-seqneut-2026-UWMC-059,A/Galicia/GA-CHUAC-612/2025_H1N1,plate15-A/Galicia/GA-CHUAC-612/2025_H1N1,0.001921,interpolated,0.001921,0.001921,interpolated,3.678,1,0,0.9924,0.03871
human,plate15,flu-seqneut-2026-UWMC-059,A/Germany/LRMC_0104/2025_H3N2,plate15-A/Germany/LRMC_0104/2025_H3N2,0.001085,interpolated,0.001141,0.001141,interpolated,1.864,0.955,0,0.9381,0.1032
human,plate15,flu-seqneut-2026-UWMC-059,A/Germany/LRMC_0113/2025_H3N2,plate15-A/Germany/LRMC_0113/2025_H3N2,0.0007836,interpolated,0.0007836,0.0007836,interpolated,1.481,1,0,0.9458,0.09476
human,plate15,flu-seqneut-2026-UWMC-059,A/Hawaii/70/2019_H1N1,plate15-A/Hawaii/70/2019_H1N1,0.0007262,interpolated,0.0007471,0.0007471,interpolated,10,0.8765,0,0.9582,0.08525
human,plate15,flu-seqneut-2026-UWMC-059,A/Hawaii/ISC-1140/2025_H1N1,plate15-A/Hawaii/ISC-1140/2025_H1N1,0.001059,interpolated,0.001074,0.001074,interpolated,1.795,0.9875,0,0.9955,0.02729
human,plate15,flu-seqneut-2026-UWMC-059,A/Hessen/18/2026_H1N1,plate15-A/Hessen/18/2026_H1N1,0.002848,interpolated,0.003017,0.003017,interpolated,2.93,0.9223,0,0.9624,0.07855
human,plate15,flu-seqneut-2026-UWMC-059,A/Ireland/91576/2025_H3N2,plate15-A/Ireland/91576/2025_H3N2,0.00143,interpolated,0.001578,0.001578,interpolated,4.644,0.8166,0,0.9214,0.1106
human,plate15,flu-seqneut-2026-UWMC-059,A/Kentucky/80/2025_H1N1,plate15-A/Kentucky/80/2025_H1N1,0.002364,interpolated,0.002364,0.002364,interpolated,1.885,1,0,0.9905,0.0402
human,plate15,flu-seqneut-2026-UWMC-059,A/Lisboa/216/2023_H3N2,plate15-A/Lisboa/216/2023_H3N2,0.0002264,interpolated,0.0003115,0.0003115,interpolated,5.045,0.6,0,0.9119,0.06358
human,plate15,flu-seqneut-2026-UWMC-059,A/Luxembourg/LNS9132577/2026_H3N2,plate15-A/Luxembourg/LNS9132577/2026_H3N2,0.0009729,interpolated,0.0009961,0.0009961,interpolated,1.914,0.978,0,0.9671,0.07598
human,plate15,flu-seqneut-2026-UWMC-059,A/Maine/25/2026_H1N1,plate15-A/Maine/25/2026_H1N1,0.002031,interpolated,0.00206,0.00206,interpolated,5.104,0.9653,0,0.9879,0.04843
human,plate15,flu-seqneut-2026-UWMC-059,A/Malaysia/IMR/SARI/2406/2025_H3N2,plate15-A/Malaysia/IMR/SARI/2406/2025_H3N2,0.001221,interpolated,0.001447,0.001447,interpolated,2.191,0.8443,0,0.9498,0.08171
human,plate15,flu-seqneut-2026-UWMC-059,A/Massachusetts/18/2022_H3N2,plate15-A/Massachusetts/18/2022_H3N2,0.0001406,interpolated,0.0001695,0.0001695,interpolated,1.253,0.8956,0,0.9944,0.01731
human,plate15,flu-seqneut-2026-UWMC-059,A/Massachusetts/ISC-1856/2025_H3N2,plate15-A/Massachusetts/ISC-1856/2025_H3N2,0.001099,interpolated,0.001099,0.001099,interpolated,1.646,1,0,0.9916,0.03717
human,plate15,flu-seqneut-2026-UWMC-059,A/Mauritius/26000203/2026_H1N1,plate15-A/Mauritius/26000203/2026_H1N1,0.001088,interpolated,0.001093,0.001093,interpolated,2.625,0.9945,0,0.9992,0.01199
human,plate15,flu-seqneut-2026-UWMC-059,A/Michigan/8/2026_H3N2,plate15-A/Michigan/8/2026_H3N2,0.000707,interpolated,0.000707,0.000707,interpolated,1.476,1,0,0.9948,0.02779
human,plate15,flu-seqneut-2026-UWMC-059,A/Michigan/UM-10068071276/2025_H3N2,plate15-A/Michigan/UM-10068071276/2025_H3N2,0.0004195,interpolated,0.0004195,0.0004195,interpolated,2.573,1,0,0.9873,0.046
human,plate15,flu-seqneut-2026-UWMC-059,A/Michigan/UM-10068134090/2025_H3N2,plate15-A/Michigan/UM-10068134090/2025_H3N2,0.0009662,interpolated,0.00103,0.00103,interpolated,1.065,0.9669,0,0.9122,0.1076
human,plate15,flu-seqneut-2026-UWMC-059,A/Michigan/UM-10068449788/2025_H3N2,plate15-A/Michigan/UM-10068449788/2025_H3N2,0.0007473,interpolated,0.0007473,0.0007473,interpolated,2.254,1,0,0.9969,0.02363
human,plate15,flu-seqneut-2026-UWMC-059,A/Michigan/UM-10068456988/2025_H3N2,plate15-A/Michigan/UM-10068456988/2025_H3N2,0.002288,interpolated,0.002309,0.002309,interpolated,2.807,0.9873,0,0.998,0.01932
human,plate15,flu-seqneut-2026-UWMC-059,A/Michigan/UM-10068747355/2026_H3N2,plate15-A/Michigan/UM-10068747355/2026_H3N2,0.0007664,interpolated,0.0007664,0.0007664,interpolated,1.984,1,0,0.9924,0.03605
human,plate15,flu-seqneut-2026-UWMC-059,A/MinasGerais/410/2026_H1N1,plate15-A/MinasGerais/410/2026_H1N1,0.002344,interpolated,0.002467,0.002467,interpolated,3.762,0.9126,0,0.9543,0.08899
human,plate15,flu-seqneut-2026-UWMC-059,A/MinasGerais/671/2026_H1N1,plate15-A/MinasGerais/671/2026_H1N1,0.00313,interpolated,0.00313,0.00313,interpolated,3.739,1,0,0.9993,0.01162
human,plate15,flu-seqneut-2026-UWMC-059,A/Mississippi/20/2026_H1N1,plate15-A/Mississippi/20/2026_H1N1,0.002939,interpolated,0.002939,0.002939,interpolated,4.229,1,0,1,0.002561
human,plate15,flu-seqneut-2026-UWMC-059,A/Missouri/11/2025_egg_H1N1,plate15-A/Missouri/11/2025_egg_H1N1,0.000308,interpolated,0.000308,0.000308,interpolated,2.985,1,0,0.9969,0.02149
human,plate15,flu-seqneut-2026-UWMC-059,A/Missouri/NIRC-AV-1003/2025_H3N2,plate15-A/Missouri/NIRC-AV-1003/2025_H3N2,0.0006755,interpolated,0.0006987,0.0006987,interpolated,1.45,0.9761,0,0.9839,0.04778
human,plate15,flu-seqneut-2026-UWMC-059,A/Montana/51/2025_H3N2,plate15-A/Montana/51/2025_H3N2,0.0008101,interpolated,0.0008101,0.0008101,interpolated,1.251,1,0,0.9222,0.1103
human,plate15,flu-seqneut-2026-UWMC-059,A/NakhonPhanom/P495/2026_H3N2,plate15-A/NakhonPhanom/P495/2026_H3N2,0.001773,interpolated,0.001844,0.001844,interpolated,10,0.8386,0,0.9489,0.09159
human,plate15,flu-seqneut-2026-UWMC-059,A/Navarra/260009/2025_H3N2,plate15-A/Navarra/260009/2025_H3N2,0.001678,interpolated,0.001823,0.001823,interpolated,10,0.7185,0,0.8684,0.1294
human,plate15,flu-seqneut-2026-UWMC-059,A/Nebraska/34/2026_H1N1,plate15-A/Nebraska/34/2026_H1N1,0.001891,interpolated,0.001957,0.001957,interpolated,3.706,0.9403,0,0.9906,0.04103
human,plate15,flu-seqneut-2026-UWMC-059,A/Netherlands/10008/2026_H1N1,plate15-A/Netherlands/10008/2026_H1N1,0.00192,interpolated,0.00192,0.00192,interpolated,2.145,1,0,0.9866,0.04908
human,plate15,flu-seqneut-2026-UWMC-059,A/Netherlands/2398/2025_H1N1,plate15-A/Netherlands/2398/2025_H1N1,0.002553,interpolated,0.002553,0.002553,interpolated,2.856,1,0,0.9978,0.02047
human,plate15,flu-seqneut-2026-UWMC-059,A/Netherlands/543/2026_H1N1,plate15-A/Netherlands/543/2026_H1N1,0.002862,interpolated,0.002934,0.002934,interpolated,2.856,0.9656,0,0.9926,0.03609
human,plate15,flu-seqneut-2026-UWMC-059,A/Netherlands/864/2026_H1N1,plate15-A/Netherlands/864/2026_H1N1,0.004282,interpolated,0.004382,0.004382,interpolated,10,0.8969,0,0.9645,0.07602
human,plate15,flu-seqneut-2026-UWMC-059,A/Netherlands/888/2026_H3N2,plate15-A/Netherlands/888/2026_H3N2,0.001087,interpolated,0.001148,0.001148,interpolated,1.598,0.9583,0,0.9322,0.1056
human,plate15,flu-seqneut-2026-UWMC-059,A/Netherlands/968/2026_H3N2,plate15-A/Netherlands/968/2026_H3N2,0.001308,interpolated,0.001509,0.001509,interpolated,1.935,0.8792,0,0.9808,0.05188
human,plate15,flu-seqneut-2026-UWMC-059,A/NewBrunswick/NBPHLFLUA10B-MM00057R/2026_H1N1,plate15-A/NewBrunswick/NBPHLFLUA10B-MM00057R/2026_H1N1,0.001372,interpolated,0.0014,0.0014,interpolated,1.873,0.9814,0,0.9882,0.04469
human,plate15,flu-seqneut-2026-UWMC-059,A/NewYork/NIRC-IS-1086/2026_H3N2,plate15-A/NewYork/NIRC-IS-1086/2026_H3N2,0.0004194,interpolated,0.0004194,0.0004194,interpolated,1.375,1,0,0.9787,0.05245
human,plate15,flu-seqneut-2026-UWMC-059,A/NordrheinWestfalen/54/2026_H3N2,plate15-A/NordrheinWestfalen/54/2026_H3N2,0.001875,interpolated,0.001931,0.001931,interpolated,1.866,0.9736,0,0.9393,0.1051
human,plate15,flu-seqneut-2026-UWMC-059,A/NordrheinWestfalen/96/2026_H1N1,plate15-A/NordrheinWestfalen/96/2026_H1N1,0.002227,interpolated,0.002227,0.002227,interpolated,2.863,1,0,0.9945,0.03276
human,plate15,flu-seqneut-2026-UWMC-059,A/Norway/9556/2025_H1N1,plate15-A/Norway/9556/2025_H1N1,0.002517,interpolated,0.002524,0.002524,interpolated,2.57,0.9963,0,0.9929,0.03613
human,plate15,flu-seqneut-2026-UWMC-059,A/NovaScotia/25-365-06099/2025_H3N2,plate15-A/NovaScotia/25-365-06099/2025_H3N2,0.0005413,interpolated,0.0005413,0.0005413,interpolated,1.116,1,0,0.916,0.1041
human,plate15,flu-seqneut-2026-UWMC-059,A/Ohio/259/2024_H1N1,plate15-A/Ohio/259/2024_H1N1,0.0006706,interpolated,0.0006858,0.0006858,interpolated,2.644,0.9713,0,0.9973,0.02181
human,plate15,flu-seqneut-2026-UWMC-059,A/Ontario/PHL202550193/2025_H3N2,plate15-A/Ontario/PHL202550193/2025_H3N2,0.0008485,interpolated,0.0008956,0.0008956,interpolated,1.321,0.9656,0,0.962,0.072
human,plate15,flu-seqneut-2026-UWMC-059,A/Oregon/81/2025_H3N2,plate15-A/Oregon/81/2025_H3N2,0.001159,interpolated,0.00124,0.00124,interpolated,2.258,0.9296,0,0.9921,0.0357
human,plate15,flu-seqneut-2026-UWMC-059,A/PaisVasco/70369726/2026_H1N1,plate15-A/PaisVasco/70369726/2026_H1N1,0.002564,interpolated,0.002564,0.002564,interpolated,1.879,1,0,0.9644,0.07965
human,plate15,flu-seqneut-2026-UWMC-059,A/Parana/416133590/2026_H3N2,plate15-A/Parana/416133590/2026_H3N2,0.0006746,interpolated,0.0006746,0.0006746,interpolated,1.185,1,0,0.9688,0.06424
human,plate15,flu-seqneut-2026-UWMC-059,A/Peru/ANC-INS-062/2026_H3N2,plate15-A/Peru/ANC-INS-062/2026_H3N2,0.0004782,interpolated,0.0004888,0.0004888,interpolated,4.372,0.9544,0,0.996,0.02667
human,plate15,flu-seqneut-2026-UWMC-059,A/Rhode_Island/11/2026_H1N1,plate15-A/Rhode_Island/11/2026_H1N1,0.001342,interpolated,0.001434,0.001434,interpolated,1.823,0.9431,0,0.9812,0.05439
human,plate15,flu-seqneut-2026-UWMC-059,A/RiodeJaneiro/331/2026_H3N2,plate15-A/RiodeJaneiro/331/2026_H3N2,0.001667,interpolated,0.001787,0.001787,interpolated,2.495,0.9209,0,0.9848,0.04921
human,plate15,flu-seqneut-2026-UWMC-059,A/Romania/612042/2026_H3N2,plate15-A/Romania/612042/2026_H3N2,0.00107,interpolated,0.001101,0.001101,interpolated,1.726,0.9765,0,0.957,0.08533
human,plate15,flu-seqneut-2026-UWMC-059,A/SantaCatarina/508/2026_H3N2,plate15-A/SantaCatarina/508/2026_H3N2,0.001346,interpolated,0.001408,0.001408,interpolated,3.3,0.9311,0,0.9785,0.06292
human,plate15,flu-seqneut-2026-UWMC-059,A/Saskatchewan/SKFLU477299/2025_H3N2,plate15-A/Saskatchewan/SKFLU477299/2025_H3N2,0.001216,interpolated,0.001336,0.001336,interpolated,2.165,0.908,0,0.9696,0.06859
human,plate15,flu-seqneut-2026-UWMC-059,A/Saskatchewan/SKFLU477727/2025_H3N2,plate15-A/Saskatchewan/SKFLU477727/2025_H3N2,0.001388,interpolated,0.001521,0.001521,interpolated,2.688,0.8906,0,0.9742,0.06409
human,plate15,flu-seqneut-2026-UWMC-059,A/Saskatchewan/SKFLU490586/2026_H1N1,plate15-A/Saskatchewan/SKFLU490586/2026_H1N1,0.002076,interpolated,0.002128,0.002128,interpolated,1.767,0.9787,0,0.9399,0.1033
human,plate15,flu-seqneut-2026-UWMC-059,A/Singapore/GP20238/2024_H3N2,plate15-A/Singapore/GP20238/2024_H3N2,0.0006083,interpolated,0.0006083,0.0006083,interpolated,3.841,1,0,0.9999,0.004105
human,plate15,flu-seqneut-2026-UWMC-059,A/Singapore/KK2768/2025_H1N1,plate15-A/Singapore/KK2768/2025_H1N1,0.0007097,interpolated,0.0007578,0.0007578,interpolated,1.982,0.9392,0,0.9806,0.05519
human,plate15,flu-seqneut-2026-UWMC-059,A/Singapore/MOH0547/2024_H1N1,plate15-A/Singapore/MOH0547/2024_H1N1,0.0009312,interpolated,0.0009312,0.0009312,interpolated,2.026,1,0,0.9969,0.0236
human,plate15,flu-seqneut-2026-UWMC-059,A/Singapore/NTF0577/2025_H3N2,plate15-A/Singapore/NTF0577/2025_H3N2,0.0003373,interpolated,0.0003373,0.0003373,interpolated,0.9285,1,0,0.9484,0.06766
human,plate15,flu-seqneut-2026-UWMC-059,A/Singapore/SAR8915/2025_H3N2,plate15-A/Singapore/SAR8915/2025_H3N2,0.000689,interpolated,0.000689,0.000689,interpolated,1.661,1,0,0.9801,0.05693
human,plate15,flu-seqneut-2026-UWMC-059,A/SouthAfrica/NHLS-SU-CERI-C075557/2026_H1N1,plate15-A/SouthAfrica/NHLS-SU-CERI-C075557/2026_H1N1,0.002021,interpolated,0.002026,0.002026,interpolated,10,0.9885,0,0.9989,0.01519
human,plate15,flu-seqneut-2026-UWMC-059,A/SouthAfrica/NICD-R01647/2026_H1N1,plate15-A/SouthAfrica/NICD-R01647/2026_H1N1,0.001807,interpolated,0.001807,0.001807,interpolated,5.558,1,0,0.998,0.02038
human,plate15,flu-seqneut-2026-UWMC-059,A/SouthAfrica/NICD-R01668/2026_H1N1,plate15-A/SouthAfrica/NICD-R01668/2026_H1N1,0.00168,interpolated,0.001752,0.001752,interpolated,2.243,0.9555,0,0.9775,0.06181
human,plate15,flu-seqneut-2026-UWMC-059,A/SouthAfrica/PATH-CERI-C073358/2025_H1N1,plate15-A/SouthAfrica/PATH-CERI-C073358/2025_H1N1,0.001948,interpolated,0.001971,0.001971,interpolated,10,0.9437,0,0.9853,0.05358
human,plate15,flu-seqneut-2026-UWMC-059,A/SouthAfrica/PATH-CERI-C073366/2025_H1N1,plate15-A/SouthAfrica/PATH-CERI-C073366/2025_H1N1,0.001883,interpolated,0.001895,0.001895,interpolated,10,0.9685,0,0.9922,0.0401
human,plate15,flu-seqneut-2026-UWMC-059,A/SouthAfrica/PATH-CERI-C075119/2026_H1N1,plate15-A/SouthAfrica/PATH-CERI-C075119/2026_H1N1,0.00134,interpolated,0.00146,0.00146,interpolated,2.346,0.9085,0,0.9759,0.06196
human,plate15,flu-seqneut-2026-UWMC-059,A/SouthAustralia/2605715552/2026_H3N2,plate15-A/SouthAustralia/2605715552/2026_H3N2,0.001081,interpolated,0.001098,0.001098,interpolated,2.224,0.983,0,0.9925,0.03696
human,plate15,flu-seqneut-2026-UWMC-059,A/SouthCarolina/USAFSAM-17046/2026_H3N2,plate15-A/SouthCarolina/USAFSAM-17046/2026_H3N2,0.0003217,interpolated,0.0003217,0.0003217,interpolated,2.051,1,0,0.9968,0.02119
human,plate15,flu-seqneut-2026-UWMC-059,A/South_Australia/2523812314/2025_H3N2,plate15-A/South_Australia/2523812314/2025_H3N2,0.0003611,interpolated,0.0008798,0.0008798,interpolated,1.807,0.6,0,0.9701,0.04238
human,plate15,flu-seqneut-2026-UWMC-059,A/South_Australia/2527213276/2025_H3N2,plate15-A/South_Australia/2527213276/2025_H3N2,0.001761,interpolated,0.001841,0.001841,interpolated,10,0.8206,0,0.8822,0.1393
human,plate15,flu-seqneut-2026-UWMC-059,A/StPetersburg/RII-25-2042S/2025_H3N2,plate15-A/StPetersburg/RII-25-2042S/2025_H3N2,0.001158,interpolated,0.001158,0.001158,interpolated,1.849,1,0,0.9982,0.01753
human,plate15,flu-seqneut-2026-UWMC-059,A/StPetersburg/RII-25-2321S/2025_H3N2,plate15-A/StPetersburg/RII-25-2321S/2025_H3N2,0.0005315,interpolated,0.0005315,0.0005315,interpolated,1.727,1,0,0.9655,0.07527
human,plate15,flu-seqneut-2026-UWMC-059,A/StPetersburg/RII-25-2506S/2026_H3N2,plate15-A/StPetersburg/RII-25-2506S/2026_H3N2,0.001972,interpolated,0.00203,0.00203,interpolated,10,0.8737,0,0.9401,0.09701
human,plate15,flu-seqneut-2026-UWMC-059,A/StPetersburg/RII-25-2600S/2026_H3N2,plate15-A/StPetersburg/RII-25-2600S/2026_H3N2,0.001798,interpolated,0.001898,0.001898,interpolated,10,0.7921,0,0.8845,0.1344
human,plate15,flu-seqneut-2026-UWMC-059,A/Switzerland/UN-SNRCI-HUG-053/2025_H1N1,plate15-A/Switzerland/UN-SNRCI-HUG-053/2025_H1N1,0.001041,interpolated,0.001044,0.001044,interpolated,3.973,0.9952,0,0.9992,0.01313
human,plate15,flu-seqneut-2026-UWMC-059,A/Sydney/1359/2024_H3N2,plate15-A/Sydney/1359/2024_H3N2,0.001315,interpolated,0.001438,0.001438,interpolated,1.886,0.9227,0,0.9853,0.04739
human,plate15,flu-seqneut-2026-UWMC-059,A/Sydney/50/2026_H1N1,plate15-A/Sydney/50/2026_H1N1,0.002828,interpolated,0.002828,0.002828,interpolated,2.545,1,0,0.9974,0.02169
human,plate15,flu-seqneut-2026-UWMC-059,A/Texas/29/2026_H1N1,plate15-A/Texas/29/2026_H1N1,0.002366,interpolated,0.002366,0.002366,interpolated,2.915,1,0,0.9999,0.003841
human,plate15,flu-seqneut-2026-UWMC-059,A/Thailand/8/2022_H3N2,plate15-A/Thailand/8/2022_H3N2,9.21e-05,interpolated,9.21e-05,9.21e-05,interpolated,1.384,1,0,0.9944,0.01454
human,plate15,flu-seqneut-2026-UWMC-059,A/Thuringen/16/2026_H3N2,plate15-A/Thuringen/16/2026_H3N2,0.001716,interpolated,0.001743,0.001743,interpolated,10,0.9267,0,0.9727,0.07468
human,plate15,flu-seqneut-2026-UWMC-059,A/Thuringen/39/2026_H3N2,plate15-A/Thuringen/39/2026_H3N2,0.0006177,interpolated,0.0006182,0.0006182,interpolated,1.74,0.9993,0,0.9973,0.02045
human,plate15,flu-seqneut-2026-UWMC-059,A/Tokyo/EIS11-277/2024_H1N1,plate15-A/Tokyo/EIS11-277/2024_H1N1,0.000612,interpolated,0.000612,0.000612,interpolated,1.734,1,0,0.9731,0.06716
human,plate15,flu-seqneut-2026-UWMC-059,A/Trieste/257/2025_H3N2,plate15-A/Trieste/257/2025_H3N2,0.00164,interpolated,0.001767,0.001767,interpolated,2.563,0.9129,0,0.9805,0.05656
human,plate15,flu-seqneut-2026-UWMC-059,A/Trieste/380/2026_H3N2,plate15-A/Trieste/380/2026_H3N2,0.002477,interpolated,0.002673,0.002673,interpolated,1.83,0.9349,0,0.9533,0.08353
human,plate15,flu-seqneut-2026-UWMC-059,A/Ukraine/5214/2026_H1N1,plate15-A/Ukraine/5214/2026_H1N1,0.001576,interpolated,0.0016,0.0016,interpolated,1.934,0.9858,0,0.9977,0.0199
human,plate15,flu-seqneut-2026-UWMC-059,A/Uppsala/SE26-01293/2026_H1N1,plate15-A/Uppsala/SE26-01293/2026_H1N1,0.002882,interpolated,0.002898,0.002898,interpolated,3.054,0.9914,0,0.9975,0.0215
human,plate15,flu-seqneut-2026-UWMC-059,A/Valencia/VAHNSI_09_02564/2025_H1N1,plate15-A/Valencia/VAHNSI_09_02564/2025_H1N1,0.0019,interpolated,0.001928,0.001928,interpolated,4.239,0.9708,0,0.9786,0.06326
human,plate15,flu-seqneut-2026-UWMC-059,A/Victoria/2948/2025_H3N2,plate15-A/Victoria/2948/2025_H3N2,0.001648,interpolated,0.001674,0.001674,interpolated,10,0.9289,0,0.9727,0.07413
human,plate15,flu-seqneut-2026-UWMC-059,A/Victoria/4897/2022_IVR-238_H1N1,plate15-A/Victoria/4897/2022_IVR-238_H1N1,0.0003078,interpolated,0.0003078,0.0003078,interpolated,10,1,0,0.9999,0.003238
human,plate15,flu-seqneut-2026-UWMC-059,A/Vietnam/F7324/2024_H3N2,plate15-A/Vietnam/F7324/2024_H3N2,0.0002662,interpolated,0.0002662,0.0002662,interpolated,1.752,1,0,0.9838,0.0444
human,plate15,flu-seqneut-2026-UWMC-059,A/Vietnam/PF125413/2025_H1N1,plate15-A/Vietnam/PF125413/2025_H1N1,0.000789,interpolated,0.000789,0.000789,interpolated,2.425,1,0,0.9955,0.0291
human,plate15,flu-seqneut-2026-UWMC-059,A/Vietnam/PF126009/2026_H1N1,plate15-A/Vietnam/PF126009/2026_H1N1,0.0008735,interpolated,0.0008854,0.0008854,interpolated,2.363,0.9842,0,0.9872,0.04873
human,plate15,flu-seqneut-2026-UWMC-059,A/Virginia/82/2025_H1N1,plate15-A/Virginia/82/2025_H1N1,0.001814,interpolated,0.001814,0.001814,interpolated,4.247,1,0,0.9885,0.04827
human,plate15,flu-seqneut-2026-UWMC-059,A/Wisconsin/588/2019_H1N1,plate15-A/Wisconsin/588/2019_H1N1,0.0004699,interpolated,0.0004699,0.0004699,interpolated,2.836,1,0,0.9973,0.02198
human,plate15,flu-seqneut-2026-UWMC-059,A/Wisconsin/67/2022_H1N1,plate15-A/Wisconsin/67/2022_H1N1,0.00173,interpolated,0.00173,0.00173,interpolated,9.439,1,0,0.9985,0.01814
human,plate15,flu-seqneut-2026-UWMC-059,A/Zacapa/FLU-012/2025_H1N1,plate15-A/Zacapa/FLU-012/2025_H1N1,0.0007886,interpolated,0.0007893,0.0007893,interpolated,2.129,0.999,0,0.984,0.05408
human,plate15,flu-seqneut-2026-UWMC-059,A/Zambia/6-NIC-014/2026_H1N1,plate15-A/Zambia/6-NIC-014/2026_H1N1,0.002143,interpolated,0.002143,0.002143,interpolated,3.229,1,0,0.9963,0.02711
human,plate15,flu-seqneut-2026-UWMC-059,A/Zambia/7-NIC-313/2026_H1N1,plate15-A/Zambia/7-NIC-313/2026_H1N1,0.002675,interpolated,0.002718,0.002718,interpolated,3.528,0.973,0,0.9916,0.03972
human,plate15,flu-seqneut-2026-UWMC-059,A/Missouri/11/2025_cell_H1N1,plate15-A/Missouri/11/2025_cell_H1N1,0.002147,interpolated,0.002202,0.002202,interpolated,4.095,0.951,0,0.9963,0.02647
