group,plate,serum,virus,replicate,ic50,ic50_bound,midpoint,midpoint_bound,midpoint_bound_type,slope,top,bottom,r2,rmsd
human,plate22,flu-seqneut-2026-CTS-039,A/Andalucia/PMC-01495/2025_H1N1,plate22-A/Andalucia/PMC-01495/2025_H1N1,0.01087,lower,0.03882,0.01087,lower,0.8,0.992,0,0.6537,0.06177
human,plate22,flu-seqneut-2026-CTS-039,A/Astrakhan/RII-MH273373S/2025_H3N2,plate22-A/Astrakhan/RII-MH273373S/2025_H3N2,0.002148,interpolated,0.002148,0.002148,interpolated,1.084,1,0,0.8675,0.1165
human,plate22,flu-seqneut-2026-CTS-039,A/Asturias/232590913/2025_H1N1,plate22-A/Asturias/232590913/2025_H1N1,0.01087,lower,0.0277,0.01087,lower,0.8,1,0,0.4083,0.118
human,plate22,flu-seqneut-2026-CTS-039,A/Badajoz/18811358/2026_H3N2,plate22-A/Badajoz/18811358/2026_H3N2,0.006011,interpolated,0.006011,0.006011,interpolated,0.8,1,0,0.8163,0.09134
human,plate22,flu-seqneut-2026-CTS-039,A/Blaenavon/6687/2026_H3N2,plate22-A/Blaenavon/6687/2026_H3N2,0.01087,lower,0.01483,0.01087,lower,0.8,1,0,0.5926,0.1139
human,plate22,flu-seqneut-2026-CTS-039,A/Bolivia/OR5702/2025_H3N2,plate22-A/Bolivia/OR5702/2025_H3N2,0.003426,interpolated,0.003426,0.003426,interpolated,0.8868,1,0,0.6999,0.1606
human,plate22,flu-seqneut-2026-CTS-039,A/BritishColumbia/RV00022-26/2025_H1N1,plate22-A/BritishColumbia/RV00022-26/2025_H1N1,0.01087,lower,1.381,0.01087,lower,0.8,0.9943,0,0.057,0.02716
human,plate22,flu-seqneut-2026-CTS-039,A/California/GKISBBBH79910/2026_H3N2,plate22-A/California/GKISBBBH79910/2026_H3N2,0.007317,interpolated,0.007317,0.007317,interpolated,0.9046,1,0,0.9394,0.05215
human,plate22,flu-seqneut-2026-CTS-039,A/California/NIRC-IS-1019/2026_H1N1,plate22-A/California/NIRC-IS-1019/2026_H1N1,0.01087,lower,272.8,0.01087,lower,9.808,0.9123,0,0,0.1338
human,plate22,flu-seqneut-2026-CTS-039,A/California/NIRC-IS-1067/2026_H3N2,plate22-A/California/NIRC-IS-1067/2026_H3N2,0.006112,interpolated,0.00637,0.00637,interpolated,0.8,0.9837,0,0.8971,0.06399
human,plate22,flu-seqneut-2026-CTS-039,A/California/NIRC-IS-1356/2025_H1N1,plate22-A/California/NIRC-IS-1356/2025_H1N1,0.01087,lower,0.1558,0.01087,lower,0.8,0.9539,0,0.1985,0.06376
human,plate22,flu-seqneut-2026-CTS-039,A/Colombia/1851/2024_H3N2,plate22-A/Colombia/1851/2024_H3N2,0.002456,interpolated,0.002456,0.002456,interpolated,1.093,1,0,0.9304,0.08462
human,plate22,flu-seqneut-2026-CTS-039,A/Croatia/10136RV/2023_H3N2,plate22-A/Croatia/10136RV/2023_H3N2,0.001281,interpolated,0.001281,0.001281,interpolated,2.156,1,0,0.9764,0.05978
human,plate22,flu-seqneut-2026-CTS-039,A/Darwin/1415/2025_H3N2,plate22-A/Darwin/1415/2025_H3N2,0.0007361,interpolated,0.0007361,0.0007361,interpolated,0.8,1,0,0.6664,0.1779
human,plate22,flu-seqneut-2026-CTS-039,A/Denmark/3940/2025_H3N2,plate22-A/Denmark/3940/2025_H3N2,0.008829,interpolated,0.008829,0.008829,interpolated,0.8,1,0,0.5615,0.1513
human,plate22,flu-seqneut-2026-CTS-039,A/Denmark/4547/2025_H1N1,plate22-A/Denmark/4547/2025_H1N1,0.003907,interpolated,0.00416,0.00416,interpolated,0.8,0.9755,0,0.5775,0.1527
human,plate22,flu-seqneut-2026-CTS-039,A/Denmark/4774/2025_H1N1,plate22-A/Denmark/4774/2025_H1N1,0.01087,lower,255.7,0.01087,lower,9.968,0.9667,0,-1.688e-14,0.04892
human,plate22,flu-seqneut-2026-CTS-039,A/Distrito_Federal/250106000728/2025_H3N2,plate22-A/Distrito_Federal/250106000728/2025_H3N2,0.003241,interpolated,0.003241,0.003241,interpolated,0.8,1,0,0.9241,0.07003
human,plate22,flu-seqneut-2026-CTS-039,A/England/1893256/2026_H1N1,plate22-A/England/1893256/2026_H1N1,0.01087,lower,0.07284,0.01087,lower,0.8,0.9824,0,0.3288,0.07773
human,plate22,flu-seqneut-2026-CTS-039,A/France/ARA-HCL025195259501/2025_H1N1,plate22-A/France/ARA-HCL025195259501/2025_H1N1,0.01087,lower,0.1417,0.01087,lower,0.8,0.9485,0,0.06147,0.1234
human,plate22,flu-seqneut-2026-CTS-039,A/France/ARA-HCL026031894402/2026_H3N2,plate22-A/France/ARA-HCL026031894402/2026_H3N2,0.01054,interpolated,0.01054,0.01054,interpolated,0.8833,1,0,0.8597,0.0727
human,plate22,flu-seqneut-2026-CTS-039,A/France/GES-IPP01077/2026_H3N2,plate22-A/France/GES-IPP01077/2026_H3N2,0.004153,interpolated,0.004711,0.004711,interpolated,0.8,0.952,0,0.5099,0.1611
human,plate22,flu-seqneut-2026-CTS-039,A/France/NAQ-HCL026010957001/2026_H3N2,plate22-A/France/NAQ-HCL026010957001/2026_H3N2,0.004821,interpolated,0.004821,0.004821,interpolated,0.8,1,0,0.8675,0.08413
human,plate22,flu-seqneut-2026-CTS-039,A/France/NAQ-HCL026046169102/2025_H1N1,plate22-A/France/NAQ-HCL026046169102/2025_H1N1,0.003825,interpolated,0.003905,0.003905,interpolated,0.8,0.9918,0,0.82,0.1011
human,plate22,flu-seqneut-2026-CTS-039,A/France/OCC-HCL026013263701/2026_H3N2,plate22-A/France/OCC-HCL026013263701/2026_H3N2,0.01087,lower,0.07455,0.01087,lower,0.8,0.8445,0,0.1094,0.1246
human,plate22,flu-seqneut-2026-CTS-039,A/Galicia/GA-CHUAC-451/2025_H3N2,plate22-A/Galicia/GA-CHUAC-451/2025_H3N2,0.003527,interpolated,0.003541,0.003541,interpolated,2.008,0.9958,0,0.9869,0.03778
human,plate22,flu-seqneut-2026-CTS-039,A/Galicia/GA-CHUAC-612/2025_H1N1,plate22-A/Galicia/GA-CHUAC-612/2025_H1N1,0.01087,lower,0.02248,0.01087,lower,0.8127,1,0,0.6522,0.08854
human,plate22,flu-seqneut-2026-CTS-039,A/Germany/LRMC_0113/2025_H3N2,plate22-A/Germany/LRMC_0113/2025_H3N2,0.005037,interpolated,0.005653,0.005653,interpolated,0.8,0.9559,0,0.7578,0.09855
human,plate22,flu-seqneut-2026-CTS-039,A/Hawaii/70/2019_H1N1,plate22-A/Hawaii/70/2019_H1N1,0.004366,interpolated,0.005301,0.005301,interpolated,0.8,0.9281,0,0.5476,0.1549
human,plate22,flu-seqneut-2026-CTS-039,A/Hawaii/ISC-1140/2025_H1N1,plate22-A/Hawaii/ISC-1140/2025_H1N1,0.002544,interpolated,0.003086,0.003086,interpolated,0.8,0.9284,0,0.6355,0.1453
human,plate22,flu-seqneut-2026-CTS-039,A/Ireland/91576/2025_H3N2,plate22-A/Ireland/91576/2025_H3N2,0.01087,lower,0.155,0.01087,lower,0.8,0.9966,0,0.2251,0.0628
human,plate22,flu-seqneut-2026-CTS-039,A/Kentucky/80/2025_H1N1,plate22-A/Kentucky/80/2025_H1N1,0.004048,interpolated,0.004048,0.004048,interpolated,1.133,1,0,0.8821,0.09443
human,plate22,flu-seqneut-2026-CTS-039,A/Lisboa/216/2023_H3N2,plate22-A/Lisboa/216/2023_H3N2,0.002163,interpolated,0.002163,0.002163,interpolated,1.173,1,0,0.9101,0.09981
human,plate22,flu-seqneut-2026-CTS-039,A/Maine/25/2026_H1N1,plate22-A/Maine/25/2026_H1N1,0.01087,lower,273,0.01087,lower,9.819,0.9016,0,-2.22e-16,0.1407
human,plate22,flu-seqneut-2026-CTS-039,A/Malaysia/IMR/SARI/2406/2025_H3N2,plate22-A/Malaysia/IMR/SARI/2406/2025_H3N2,0.008083,interpolated,0.00981,0.00981,interpolated,0.8,0.9282,0,0.5101,0.1388
human,plate22,flu-seqneut-2026-CTS-039,A/Massachusetts/18/2022_H3N2,plate22-A/Massachusetts/18/2022_H3N2,0.001695,interpolated,0.001695,0.001695,interpolated,0.8,1,0,0.8776,0.09851
human,plate22,flu-seqneut-2026-CTS-039,A/Michigan/UM-10068134090/2025_H3N2,plate22-A/Michigan/UM-10068134090/2025_H3N2,0.001973,interpolated,0.001973,0.001973,interpolated,0.8,1,0,0.8383,0.1104
human,plate22,flu-seqneut-2026-CTS-039,A/Michigan/UM-10068449788/2025_H3N2,plate22-A/Michigan/UM-10068449788/2025_H3N2,0.00786,interpolated,0.008343,0.008343,interpolated,0.8,0.9767,0,0.6131,0.1209
human,plate22,flu-seqneut-2026-CTS-039,A/Michigan/UM-10068747355/2026_H3N2,plate22-A/Michigan/UM-10068747355/2026_H3N2,0.003823,interpolated,0.004595,0.004595,interpolated,0.8,0.9316,0,0.5227,0.1637
human,plate22,flu-seqneut-2026-CTS-039,A/MinasGerais/410/2026_H1N1,plate22-A/MinasGerais/410/2026_H1N1,0.01087,lower,0.1547,0.01087,lower,0.8,0.9595,0,0.05571,0.1272
human,plate22,flu-seqneut-2026-CTS-039,A/Mississippi/20/2026_H1N1,plate22-A/Mississippi/20/2026_H1N1,0.009279,interpolated,0.01144,0.01087,lower,0.8,0.9229,0,0.4397,0.1401
human,plate22,flu-seqneut-2026-CTS-039,A/Missouri/11/2025_cell_H1N1,plate22-A/Missouri/11/2025_cell_H1N1,0.01087,lower,173.9,0.01087,lower,9.97,0.9581,0,-6.084e-14,0.05935
human,plate22,flu-seqneut-2026-CTS-039,A/Netherlands/10008/2026_H1N1,plate22-A/Netherlands/10008/2026_H1N1,0.002438,interpolated,0.002531,0.002531,interpolated,1.374,0.9751,0,0.9622,0.06269
human,plate22,flu-seqneut-2026-CTS-039,A/Netherlands/2398/2025_H1N1,plate22-A/Netherlands/2398/2025_H1N1,0.01087,lower,0.03393,0.01087,lower,0.8,1,0,0.5318,0.09799
human,plate22,flu-seqneut-2026-CTS-039,A/Netherlands/543/2026_H1N1,plate22-A/Netherlands/543/2026_H1N1,0.008925,interpolated,0.01183,0.01087,lower,0.8,0.8991,0,0.5635,0.1119
human,plate22,flu-seqneut-2026-CTS-039,A/Netherlands/864/2026_H1N1,plate22-A/Netherlands/864/2026_H1N1,0.01087,lower,245.6,0.01087,lower,9.947,0.9362,0,-1.776e-15,0.08872
human,plate22,flu-seqneut-2026-CTS-039,A/NewBrunswick/NBPHLFLUA10B-MM00057R/2026_H1N1,plate22-A/NewBrunswick/NBPHLFLUA10B-MM00057R/2026_H1N1,0.008017,interpolated,0.008017,0.008017,interpolated,0.9508,1,0,0.9821,0.02707
human,plate22,flu-seqneut-2026-CTS-039,A/NewYork/NIRC-IS-1086/2026_H3N2,plate22-A/NewYork/NIRC-IS-1086/2026_H3N2,0.002802,interpolated,0.002802,0.002802,interpolated,1.581,1,0,0.993,0.02869
human,plate22,flu-seqneut-2026-CTS-039,A/NordrheinWestfalen/96/2026_H1N1,plate22-A/NordrheinWestfalen/96/2026_H1N1,0.01087,lower,0.1378,0.01087,lower,0.8,0.9787,0,0.06712,0.1307
human,plate22,flu-seqneut-2026-CTS-039,A/Norway/9556/2025_H1N1,plate22-A/Norway/9556/2025_H1N1,0.01087,lower,854.6,0.01087,lower,9.999,0.867,0,1.11e-16,0.1416
human,plate22,flu-seqneut-2026-CTS-039,A/NovaScotia/25-365-06099/2025_H3N2,plate22-A/NovaScotia/25-365-06099/2025_H3N2,0.001638,interpolated,0.001638,0.001638,interpolated,0.8,1,0,0.6192,0.1691
human,plate22,flu-seqneut-2026-CTS-039,A/PaisVasco/70369726/2026_H1N1,plate22-A/PaisVasco/70369726/2026_H1N1,0.01087,lower,0.03068,0.01087,lower,0.8,0.9055,0,0.3021,0.1194
human,plate22,flu-seqneut-2026-CTS-039,A/RiodeJaneiro/331/2026_H3N2,plate22-A/RiodeJaneiro/331/2026_H3N2,0.002237,interpolated,0.002237,0.002237,interpolated,1.14,1,0,0.8897,0.1081
human,plate22,flu-seqneut-2026-CTS-039,A/SantaCatarina/508/2026_H3N2,plate22-A/SantaCatarina/508/2026_H3N2,0.006742,interpolated,0.00756,0.00756,interpolated,0.8,0.9562,0,0.7152,0.1006
human,plate22,flu-seqneut-2026-CTS-039,A/Saskatchewan/SKFLU477727/2025_H3N2,plate22-A/Saskatchewan/SKFLU477727/2025_H3N2,0.008635,interpolated,0.009246,0.009246,interpolated,0.8,0.9734,0,0.4899,0.1433
human,plate22,flu-seqneut-2026-CTS-039,A/Saskatchewan/SKFLU490586/2026_H1N1,plate22-A/Saskatchewan/SKFLU490586/2026_H1N1,0.01087,lower,340.6,0.01087,lower,9.992,0.9295,0,0,0.07853
human,plate22,flu-seqneut-2026-CTS-039,A/Singapore/GP20238/2024_H3N2,plate22-A/Singapore/GP20238/2024_H3N2,0.002733,interpolated,0.002733,0.002733,interpolated,0.8,1,0,0.7043,0.1523
human,plate22,flu-seqneut-2026-CTS-039,A/SouthAfrica/NHLS-SU-CERI-C075557/2026_H1N1,plate22-A/SouthAfrica/NHLS-SU-CERI-C075557/2026_H1N1,0.01087,lower,0.01434,0.01087,lower,0.8,0.9116,0,0.4582,0.1276
human,plate22,flu-seqneut-2026-CTS-039,A/SouthAfrica/NICD-R01647/2026_H1N1,plate22-A/SouthAfrica/NICD-R01647/2026_H1N1,0.01087,lower,0.01601,0.01087,lower,0.8,0.9969,0,0.616,0.1015
human,plate22,flu-seqneut-2026-CTS-039,A/SouthAfrica/NICD-R01668/2026_H1N1,plate22-A/SouthAfrica/NICD-R01668/2026_H1N1,0.01087,lower,0.03403,0.01087,lower,0.8,0.9634,0,0.2397,0.1405
human,plate22,flu-seqneut-2026-CTS-039,A/SouthAfrica/PATH-CERI-C075119/2026_H1N1,plate22-A/SouthAfrica/PATH-CERI-C075119/2026_H1N1,0.01073,interpolated,0.0108,0.0108,interpolated,0.8,0.9974,0,0.5246,0.1336
human,plate22,flu-seqneut-2026-CTS-039,A/SouthCarolina/USAFSAM-17046/2026_H3N2,plate22-A/SouthCarolina/USAFSAM-17046/2026_H3N2,0.003162,interpolated,0.003162,0.003162,interpolated,0.9447,1,0,0.9153,0.0799
human,plate22,flu-seqneut-2026-CTS-039,A/South_Australia/2523812314/2025_H3N2,plate22-A/South_Australia/2523812314/2025_H3N2,0.002646,interpolated,0.002646,0.002646,interpolated,0.8,1,0,0.897,0.08089
human,plate22,flu-seqneut-2026-CTS-039,A/South_Australia/2527213276/2025_H3N2,plate22-A/South_Australia/2527213276/2025_H3N2,0.0005745,interpolated,0.0005745,0.0005745,interpolated,2.783,1,0,0.9491,0.08771
human,plate22,flu-seqneut-2026-CTS-039,A/Sydney/1359/2024_H3N2,plate22-A/Sydney/1359/2024_H3N2,0.01087,lower,0.01879,0.01087,lower,0.851,1,0,0.5436,0.125
human,plate22,flu-seqneut-2026-CTS-039,A/Texas/29/2026_H1N1,plate22-A/Texas/29/2026_H1N1,0.01087,lower,0.1605,0.01087,lower,0.8,0.9855,0,0.2057,0.06337
human,plate22,flu-seqneut-2026-CTS-039,A/Thailand/8/2022_H3N2,plate22-A/Thailand/8/2022_H3N2,0.001294,interpolated,0.001294,0.001294,interpolated,1.467,1,0,0.9554,0.07838
human,plate22,flu-seqneut-2026-CTS-039,A/Ukraine/5214/2026_H1N1,plate22-A/Ukraine/5214/2026_H1N1,0.01087,lower,0.192,0.01087,lower,0.8,0.9815,0,0.06371,0.1072
human,plate22,flu-seqneut-2026-CTS-039,A/Uppsala/SE26-01293/2026_H1N1,plate22-A/Uppsala/SE26-01293/2026_H1N1,0.008688,interpolated,0.009048,0.009048,interpolated,1.16,0.977,0,0.7297,0.1142
human,plate22,flu-seqneut-2026-CTS-039,A/Valencia/VAHNSI_09_02564/2025_H1N1,plate22-A/Valencia/VAHNSI_09_02564/2025_H1N1,0.01087,lower,0.04543,0.01087,lower,0.8,0.9761,0,0.4556,0.0837
human,plate22,flu-seqneut-2026-CTS-039,A/Vietnam/F7324/2024_H3N2,plate22-A/Vietnam/F7324/2024_H3N2,0.002974,interpolated,0.003121,0.003121,interpolated,0.9078,0.9786,0,0.7688,0.1422
human,plate22,flu-seqneut-2026-CTS-039,A/Vietnam/PF125413/2025_H1N1,plate22-A/Vietnam/PF125413/2025_H1N1,0.01087,lower,55.05,0.01087,lower,4.506,0.9992,0,-4.237e-08,0.001688
human,plate22,flu-seqneut-2026-CTS-039,A/Virginia/82/2025_H1N1,plate22-A/Virginia/82/2025_H1N1,0.01087,lower,273.2,0.01087,lower,9.852,0.9446,0,-6.661e-16,0.08314
human,plate22,flu-seqneut-2026-CTS-039,A/Wisconsin/588/2019_H1N1,plate22-A/Wisconsin/588/2019_H1N1,0.002725,interpolated,0.002725,0.002725,interpolated,0.9265,1,0,0.9291,0.07446
human,plate22,flu-seqneut-2026-CTS-039,A/Wisconsin/67/2022_H1N1,plate22-A/Wisconsin/67/2022_H1N1,0.005147,interpolated,0.005147,0.005147,interpolated,0.8,1,0,0.7919,0.1074
human,plate22,flu-seqneut-2026-CTS-039,A/Zacapa/FLU-012/2025_H1N1,plate22-A/Zacapa/FLU-012/2025_H1N1,0.01087,lower,161.1,0.01087,lower,1.5,0.9036,0,-6.431e-08,0.1322
human,plate22,flu-seqneut-2026-CTS-039,A/Zambia/6-NIC-014/2026_H1N1,plate22-A/Zambia/6-NIC-014/2026_H1N1,0.01087,lower,0.02302,0.01087,lower,0.8,0.9303,0,0.3115,0.1395
human,plate22,flu-seqneut-2026-CTS-039,A/Zambia/7-NIC-313/2026_H1N1,plate22-A/Zambia/7-NIC-313/2026_H1N1,0.01048,interpolated,0.01048,0.01048,interpolated,0.8,1,0,0.6276,0.1312
human,plate22,flu-seqneut-2026-CTS-040,A/Andalucia/PMC-00977/2025_H1N1,plate22-A/Andalucia/PMC-00977/2025_H1N1,0.001332,interpolated,0.001332,0.001332,interpolated,0.8,1,0,0.6788,0.1328
human,plate22,flu-seqneut-2026-CTS-040,A/Andalucia/PMC-01217/2025_H1N1,plate22-A/Andalucia/PMC-01217/2025_H1N1,0.001243,interpolated,0.001243,0.001243,interpolated,0.8,1,0,0.8132,0.1267
human,plate22,flu-seqneut-2026-CTS-040,A/Andalucia/PMC-01495/2025_H1N1,plate22-A/Andalucia/PMC-01495/2025_H1N1,0.004334,interpolated,0.004334,0.004334,interpolated,0.8,1,0,0.5452,0.1867
human,plate22,flu-seqneut-2026-CTS-040,A/Astrakhan/RII-MH273373S/2025_H3N2,plate22-A/Astrakhan/RII-MH273373S/2025_H3N2,0.0003806,interpolated,0.0003806,0.0003806,interpolated,2.852,1,0,0.9822,0.05549
human,plate22,flu-seqneut-2026-CTS-040,A/Asturias/232590913/2025_H1N1,plate22-A/Asturias/232590913/2025_H1N1,0.004535,interpolated,0.004535,0.004535,interpolated,0.8446,1,0,0.7801,0.1223
human,plate22,flu-seqneut-2026-CTS-040,A/Badajoz/18738342/2026_H3N2,plate22-A/Badajoz/18738342/2026_H3N2,0.0005001,interpolated,0.0005001,0.0005001,interpolated,1.707,1,0,0.9904,0.0354
human,plate22,flu-seqneut-2026-CTS-040,A/Badajoz/18811358/2026_H3N2,plate22-A/Badajoz/18811358/2026_H3N2,0.000345,interpolated,0.000345,0.000345,interpolated,4.65,1,0,0.9872,0.04731
human,plate22,flu-seqneut-2026-CTS-040,A/Badajoz/18813527/2026_H3N2,plate22-A/Badajoz/18813527/2026_H3N2,0.0006266,interpolated,0.0006266,0.0006266,interpolated,1.831,1,0,0.9756,0.06425
human,plate22,flu-seqneut-2026-CTS-040,A/Bangkok/P2391/2025_H3N2,plate22-A/Bangkok/P2391/2025_H3N2,0.0006388,interpolated,0.0006388,0.0006388,interpolated,3.414,1,0,0.9991,0.01319
human,plate22,flu-seqneut-2026-CTS-040,A/Blaenavon/6687/2026_H3N2,plate22-A/Blaenavon/6687/2026_H3N2,0.0003389,interpolated,0.0003389,0.0003389,interpolated,9.356,1,0,0.9997,0.007919
human,plate22,flu-seqneut-2026-CTS-040,A/Bolivia/OR5702/2025_H3N2,plate22-A/Bolivia/OR5702/2025_H3N2,0.0003405,interpolated,0.0003405,0.0003405,interpolated,8.25,1,0,0.9994,0.01022
human,plate22,flu-seqneut-2026-CTS-040,A/BritishColumbia/RV00022-26/2025_H1N1,plate22-A/BritishColumbia/RV00022-26/2025_H1N1,0.004595,interpolated,0.004595,0.004595,interpolated,0.8,1,0,0.9184,0.06746
human,plate22,flu-seqneut-2026-CTS-040,A/BritishColumbia/RV00279-26/2025_H3N2,plate22-A/BritishColumbia/RV00279-26/2025_H3N2,0.0004353,interpolated,0.0004353,0.0004353,interpolated,2.006,1,0,0.9987,0.01299
human,plate22,flu-seqneut-2026-CTS-040,A/BritishColumbia/RV01350-26/2026_H1N1,plate22-A/BritishColumbia/RV01350-26/2026_H1N1,0.00452,interpolated,0.00452,0.00452,interpolated,1.044,1,0,0.8473,0.1077
human,plate22,flu-seqneut-2026-CTS-040,A/BritishColumbia/RV05508-25/2025_H1N1,plate22-A/BritishColumbia/RV05508-25/2025_H1N1,0.003975,interpolated,0.003975,0.003975,interpolated,1.158,1,0,0.8389,0.1166
human,plate22,flu-seqneut-2026-CTS-040,A/California/GKISBBBH79910/2026_H3N2,plate22-A/California/GKISBBBH79910/2026_H3N2,0.0004722,interpolated,0.0004722,0.0004722,interpolated,2.485,1,0,0.9905,0.04016
human,plate22,flu-seqneut-2026-CTS-040,A/California/NIRC-IS-1019/2026_H1N1,plate22-A/California/NIRC-IS-1019/2026_H1N1,0.00485,interpolated,0.004927,0.004927,interpolated,0.8,0.9937,0,0.7761,0.1042
human,plate22,flu-seqneut-2026-CTS-040,A/California/NIRC-IS-1059/2026_H3N2,plate22-A/California/NIRC-IS-1059/2026_H3N2,0.0007481,interpolated,0.0007481,0.0007481,interpolated,10,1,0,0.9994,0.01147
human,plate22,flu-seqneut-2026-CTS-040,A/California/NIRC-IS-1356/2025_H1N1,plate22-A/California/NIRC-IS-1356/2025_H1N1,0.002389,interpolated,0.002389,0.002389,interpolated,1.457,1,0,0.8535,0.1294
human,plate22,flu-seqneut-2026-CTS-040,A/Castellon/VAHNSI_02_02400/2025_H3N2,plate22-A/Castellon/VAHNSI_02_02400/2025_H3N2,0.0004077,interpolated,0.0004077,0.0004077,interpolated,1.76,1,0,0.9954,0.02408
human,plate22,flu-seqneut-2026-CTS-040,A/Colombia/1851/2024_H3N2,plate22-A/Colombia/1851/2024_H3N2,0.0002129,interpolated,0.0002129,0.0002129,interpolated,5.401,1,0,0.9999,0.002922
human,plate22,flu-seqneut-2026-CTS-040,A/Connecticut/5/2026_H3N2,plate22-A/Connecticut/5/2026_H3N2,0.0005004,interpolated,0.0005004,0.0005004,interpolated,2.01,1,0,0.9778,0.05886
human,plate22,flu-seqneut-2026-CTS-040,A/Croatia/10136RV/2023_H3N2,plate22-A/Croatia/10136RV/2023_H3N2,0.0003426,interpolated,0.0003426,0.0003426,interpolated,5.651,1,0,0.9927,0.03562
human,plate22,flu-seqneut-2026-CTS-040,A/Darwin/1415/2025_H3N2,plate22-A/Darwin/1415/2025_H3N2,0.0003601,interpolated,0.0003601,0.0003601,interpolated,3.737,1,0,0.9897,0.04269
human,plate22,flu-seqneut-2026-CTS-040,A/Darwin/1454/2025_H3N2,plate22-A/Darwin/1454/2025_H3N2,0.0003321,interpolated,0.0003321,0.0003321,interpolated,10,1,0,1,0.001248
human,plate22,flu-seqneut-2026-CTS-040,A/Denmark/3940/2025_H3N2,plate22-A/Denmark/3940/2025_H3N2,0.000516,interpolated,0.000516,0.000516,interpolated,1.93,1,0,0.9875,0.03983
human,plate22,flu-seqneut-2026-CTS-040,A/Denmark/4547/2025_H1N1,plate22-A/Denmark/4547/2025_H1N1,0.001047,interpolated,0.001047,0.001047,interpolated,0.8806,1,0,0.8804,0.1088
human,plate22,flu-seqneut-2026-CTS-040,A/Denmark/4774/2025_H1N1,plate22-A/Denmark/4774/2025_H1N1,0.01087,lower,0.01187,0.01087,lower,10,0.8747,0,0.3054,0.1437
human,plate22,flu-seqneut-2026-CTS-040,A/District_Of_Columbia/27/2023_H3N2,plate22-A/District_Of_Columbia/27/2023_H3N2,0.0004599,interpolated,0.0004599,0.0004599,interpolated,2.289,1,0,0.9866,0.04777
human,plate22,flu-seqneut-2026-CTS-040,A/Distrito_Federal/250106000728/2025_H3N2,plate22-A/Distrito_Federal/250106000728/2025_H3N2,0.0003399,interpolated,0.0003399,0.0003399,interpolated,9.804,1,0,0.9998,0.005481
human,plate22,flu-seqneut-2026-CTS-040,A/England/1893256/2026_H1N1,plate22-A/England/1893256/2026_H1N1,0.004654,interpolated,0.005449,0.005449,interpolated,1.284,0.9083,0,0.802,0.1158
human,plate22,flu-seqneut-2026-CTS-040,A/Florida/ISC-1069/2026_H3N2,plate22-A/Florida/ISC-1069/2026_H3N2,0.0005709,interpolated,0.0005709,0.0005709,interpolated,3.617,1,0,0.9951,0.02797
human,plate22,flu-seqneut-2026-CTS-040,A/France/ARA-HCL025195259501/2025_H1N1,plate22-A/France/ARA-HCL025195259501/2025_H1N1,0.002928,interpolated,0.002928,0.002928,interpolated,0.8,1,0,0.6272,0.1478
human,plate22,flu-seqneut-2026-CTS-040,A/France/ARA-HCL026031894402/2026_H3N2,plate22-A/France/ARA-HCL026031894402/2026_H3N2,0.0003516,interpolated,0.0003516,0.0003516,interpolated,6.887,1,0,0.9993,0.01155
human,plate22,flu-seqneut-2026-CTS-040,A/France/GES-IPP00659/2026_H1N1,plate22-A/France/GES-IPP00659/2026_H1N1,0.001615,interpolated,0.001615,0.001615,interpolated,0.8,1,0,0.9561,0.05686
human,plate22,flu-seqneut-2026-CTS-040,A/France/GES-IPP01077/2026_H3N2,plate22-A/France/GES-IPP01077/2026_H3N2,0.0005622,interpolated,0.0005622,0.0005622,interpolated,1.418,1,0,0.8973,0.1283
human,plate22,flu-seqneut-2026-CTS-040,A/France/HDF-RELAB-IPP00300/2026_H3N2,plate22-A/France/HDF-RELAB-IPP00300/2026_H3N2,0.0003218,interpolated,0.0003218,0.0003218,interpolated,8.289,1,0,0.9876,0.0471
human,plate22,flu-seqneut-2026-CTS-040,A/France/HDF-RELAB-IPP00303/2026_H3N2,plate22-A/France/HDF-RELAB-IPP00303/2026_H3N2,0.0005383,interpolated,0.0005383,0.0005383,interpolated,1.94,1,0,0.986,0.04807
human,plate22,flu-seqneut-2026-CTS-040,A/France/HDF-RELAB-IPP07969/2025_H1N1,plate22-A/France/HDF-RELAB-IPP07969/2025_H1N1,0.00202,interpolated,0.00202,0.00202,interpolated,0.8,1,0,0.8852,0.09191
human,plate22,flu-seqneut-2026-CTS-040,A/France/NAQ-HCL026010957001/2026_H3N2,plate22-A/France/NAQ-HCL026010957001/2026_H3N2,0.0004606,interpolated,0.0004606,0.0004606,interpolated,1.498,1,0,0.9914,0.03256
human,plate22,flu-seqneut-2026-CTS-040,A/France/NAQ-HCL026046169102/2025_H1N1,plate22-A/France/NAQ-HCL026046169102/2025_H1N1,0.000872,interpolated,0.000872,0.000872,interpolated,0.8946,1,0,0.8088,0.1404
human,plate22,flu-seqneut-2026-CTS-040,A/France/OCC-HCL026013263701/2026_H3N2,plate22-A/France/OCC-HCL026013263701/2026_H3N2,0.0008057,interpolated,0.0008057,0.0008057,interpolated,4.232,1,0,0.9841,0.05404
human,plate22,flu-seqneut-2026-CTS-040,A/France/PAC-RELAB-HCL026021993801/2026_H3N2,plate22-A/France/PAC-RELAB-HCL026021993801/2026_H3N2,0.0005332,interpolated,0.0005332,0.0005332,interpolated,2.285,1,0,0.9998,0.005041
human,plate22,flu-seqneut-2026-CTS-040,A/Galicia/GA-CHUAC-451/2025_H3N2,plate22-A/Galicia/GA-CHUAC-451/2025_H3N2,0.0003069,interpolated,0.0003069,0.0003069,interpolated,2.424,1,0,0.9977,0.01726
human,plate22,flu-seqneut-2026-CTS-040,A/Galicia/GA-CHUAC-612/2025_H1N1,plate22-A/Galicia/GA-CHUAC-612/2025_H1N1,0.004617,interpolated,0.004647,0.004647,interpolated,2.593,0.9916,0,0.9879,0.03505
human,plate22,flu-seqneut-2026-CTS-040,A/Germany/LRMC_0104/2025_H3N2,plate22-A/Germany/LRMC_0104/2025_H3N2,0.0005943,interpolated,0.0005943,0.0005943,interpolated,2.593,1,0,0.9976,0.02099
human,plate22,flu-seqneut-2026-CTS-040,A/Germany/LRMC_0113/2025_H3N2,plate22-A/Germany/LRMC_0113/2025_H3N2,0.0004523,interpolated,0.0004523,0.0004523,interpolated,2.572,1,0,0.9929,0.03539
human,plate22,flu-seqneut-2026-CTS-040,A/Hawaii/70/2019_H1N1,plate22-A/Hawaii/70/2019_H1N1,0.0005383,interpolated,0.0005383,0.0005383,interpolated,1.926,1,0,0.9798,0.05663
human,plate22,flu-seqneut-2026-CTS-040,A/Hawaii/ISC-1140/2025_H1N1,plate22-A/Hawaii/ISC-1140/2025_H1N1,0.000793,interpolated,0.000793,0.000793,interpolated,1.009,1,0,0.8822,0.1173
human,plate22,flu-seqneut-2026-CTS-040,A/Kentucky/80/2025_H1N1,plate22-A/Kentucky/80/2025_H1N1,0.001388,interpolated,0.001388,0.001388,interpolated,1.038,1,0,0.9604,0.06564
human,plate22,flu-seqneut-2026-CTS-040,A/Lisboa/216/2023_H3N2,plate22-A/Lisboa/216/2023_H3N2,0.0003232,interpolated,0.0003232,0.0003232,interpolated,8.004,1,0,0.9908,0.04088
human,plate22,flu-seqneut-2026-CTS-040,A/Luxembourg/LNS9132577/2026_H3N2,plate22-A/Luxembourg/LNS9132577/2026_H3N2,0.0005553,interpolated,0.0005553,0.0005553,interpolated,2.53,1,0,0.9998,0.00527
human,plate22,flu-seqneut-2026-CTS-040,A/Maine/25/2026_H1N1,plate22-A/Maine/25/2026_H1N1,0.00261,interpolated,0.00261,0.00261,interpolated,0.8624,1,0,0.969,0.0464
human,plate22,flu-seqneut-2026-CTS-040,A/Malaysia/IMR/SARI/2406/2025_H3N2,plate22-A/Malaysia/IMR/SARI/2406/2025_H3N2,0.0006525,interpolated,0.0006525,0.0006525,interpolated,0.8,1,0,0.8634,0.1033
human,plate22,flu-seqneut-2026-CTS-040,A/Massachusetts/18/2022_H3N2,plate22-A/Massachusetts/18/2022_H3N2,0.0003817,interpolated,0.0003817,0.0003817,interpolated,2.76,1,0,0.9997,0.006079
human,plate22,flu-seqneut-2026-CTS-040,A/Mauritius/26000203/2026_H1N1,plate22-A/Mauritius/26000203/2026_H1N1,0.002341,interpolated,0.002341,0.002341,interpolated,1.012,1,0,0.9058,0.09261
human,plate22,flu-seqneut-2026-CTS-040,A/Michigan/8/2026_H3N2,plate22-A/Michigan/8/2026_H3N2,0.0006693,interpolated,0.0006693,0.0006693,interpolated,3.266,1,0,0.9992,0.01164
human,plate22,flu-seqneut-2026-CTS-040,A/Michigan/UM-10068071276/2025_H3N2,plate22-A/Michigan/UM-10068071276/2025_H3N2,0.0003227,interpolated,0.0003227,0.0003227,interpolated,7.363,1,0,0.9848,0.05193
human,plate22,flu-seqneut-2026-CTS-040,A/Michigan/UM-10068134090/2025_H3N2,plate22-A/Michigan/UM-10068134090/2025_H3N2,0.0003334,interpolated,0.0003334,0.0003334,interpolated,5.207,1,0,0.9815,0.05665
human,plate22,flu-seqneut-2026-CTS-040,A/Michigan/UM-10068449788/2025_H3N2,plate22-A/Michigan/UM-10068449788/2025_H3N2,0.0003563,interpolated,0.0003563,0.0003563,interpolated,4.98,1,0,0.997,0.02358
human,plate22,flu-seqneut-2026-CTS-040,A/Michigan/UM-10068456988/2025_H3N2,plate22-A/Michigan/UM-10068456988/2025_H3N2,0.0004164,interpolated,0.0004164,0.0004164,interpolated,1.649,1,0,0.9893,0.03558
human,plate22,flu-seqneut-2026-CTS-040,A/Michigan/UM-10068747355/2026_H3N2,plate22-A/Michigan/UM-10068747355/2026_H3N2,0.0003631,interpolated,0.0003631,0.0003631,interpolated,4.357,1,0,0.9962,0.02641
human,plate22,flu-seqneut-2026-CTS-040,A/MinasGerais/410/2026_H1N1,plate22-A/MinasGerais/410/2026_H1N1,0.002526,interpolated,0.002526,0.002526,interpolated,0.8,1,0,0.8031,0.1148
human,plate22,flu-seqneut-2026-CTS-040,A/MinasGerais/671/2026_H1N1,plate22-A/MinasGerais/671/2026_H1N1,0.004992,interpolated,0.004992,0.004992,interpolated,0.8,1,0,0.8261,0.09587
human,plate22,flu-seqneut-2026-CTS-040,A/Mississippi/20/2026_H1N1,plate22-A/Mississippi/20/2026_H1N1,0.001414,interpolated,0.001414,0.001414,interpolated,0.9644,1,0,0.7417,0.165
human,plate22,flu-seqneut-2026-CTS-040,A/Missouri/11/2025_cell_H1N1,plate22-A/Missouri/11/2025_cell_H1N1,0.004301,interpolated,0.004828,0.004828,interpolated,2.488,0.8751,0,0.6727,0.185
human,plate22,flu-seqneut-2026-CTS-040,A/Montana/51/2025_H3N2,plate22-A/Montana/51/2025_H3N2,0.0004878,interpolated,0.0004878,0.0004878,interpolated,1.399,1,0,0.9382,0.09016
human,plate22,flu-seqneut-2026-CTS-040,A/NakhonPhanom/P495/2026_H3N2,plate22-A/NakhonPhanom/P495/2026_H3N2,0.0003754,interpolated,0.0003754,0.0003754,interpolated,2.35,1,0,0.9512,0.08918
human,plate22,flu-seqneut-2026-CTS-040,A/Nebraska/34/2026_H1N1,plate22-A/Nebraska/34/2026_H1N1,0.002174,interpolated,0.002174,0.002174,interpolated,1.348,1,0,0.9694,0.05818
human,plate22,flu-seqneut-2026-CTS-040,A/Netherlands/10008/2026_H1N1,plate22-A/Netherlands/10008/2026_H1N1,0.002829,interpolated,0.002829,0.002829,interpolated,0.8,1,0,0.7119,0.1498
human,plate22,flu-seqneut-2026-CTS-040,A/Netherlands/2398/2025_H1N1,plate22-A/Netherlands/2398/2025_H1N1,0.003094,interpolated,0.003094,0.003094,interpolated,1.731,1,0,0.9972,0.01763
human,plate22,flu-seqneut-2026-CTS-040,A/Netherlands/543/2026_H1N1,plate22-A/Netherlands/543/2026_H1N1,0.001247,interpolated,0.001247,0.001247,interpolated,0.8,1,0,0.7516,0.1526
human,plate22,flu-seqneut-2026-CTS-040,A/Netherlands/864/2026_H1N1,plate22-A/Netherlands/864/2026_H1N1,0.003943,interpolated,0.003943,0.003943,interpolated,0.9259,1,0,0.6937,0.162
human,plate22,flu-seqneut-2026-CTS-040,A/Netherlands/888/2026_H3N2,plate22-A/Netherlands/888/2026_H3N2,0.0009188,interpolated,0.0009188,0.0009188,interpolated,2.254,1,0,0.9982,0.01653
human,plate22,flu-seqneut-2026-CTS-040,A/Netherlands/968/2026_H3N2,plate22-A/Netherlands/968/2026_H3N2,0.0008279,interpolated,0.0008279,0.0008279,interpolated,1.396,1,0,0.9861,0.04137
human,plate22,flu-seqneut-2026-CTS-040,A/NewBrunswick/NBPHLFLUA10B-MM00057R/2026_H1N1,plate22-A/NewBrunswick/NBPHLFLUA10B-MM00057R/2026_H1N1,0.002147,interpolated,0.002147,0.002147,interpolated,0.8,1,0,0.6646,0.1608
human,plate22,flu-seqneut-2026-CTS-040,A/NewYork/NIRC-IS-1086/2026_H3N2,plate22-A/NewYork/NIRC-IS-1086/2026_H3N2,0.0003364,interpolated,0.0003383,0.0003383,interpolated,10,0.9715,0,0.9986,0.01597
human,plate22,flu-seqneut-2026-CTS-040,A/NordrheinWestfalen/96/2026_H1N1,plate22-A/NordrheinWestfalen/96/2026_H1N1,0.002905,interpolated,0.002905,0.002905,interpolated,1.149,1,0,0.9619,0.05928
human,plate22,flu-seqneut-2026-CTS-040,A/Norway/9556/2025_H1N1,plate22-A/Norway/9556/2025_H1N1,0.002618,interpolated,0.002618,0.002618,interpolated,0.8,1,0,0.6163,0.1574
human,plate22,flu-seqneut-2026-CTS-040,A/NovaScotia/25-365-06099/2025_H3N2,plate22-A/NovaScotia/25-365-06099/2025_H3N2,0.0003542,interpolated,0.0003542,0.0003542,interpolated,4.956,1,0,0.9964,0.02558
human,plate22,flu-seqneut-2026-CTS-040,A/Ohio/259/2024_H1N1,plate22-A/Ohio/259/2024_H1N1,0.001318,interpolated,0.001318,0.001318,interpolated,0.8,1,0,0.7657,0.1543
human,plate22,flu-seqneut-2026-CTS-040,A/Ontario/PHL202550193/2025_H3N2,plate22-A/Ontario/PHL202550193/2025_H3N2,0.0006433,interpolated,0.0006433,0.0006433,interpolated,1.392,1,0,0.9885,0.03739
human,plate22,flu-seqneut-2026-CTS-040,A/Oregon/81/2025_H3N2,plate22-A/Oregon/81/2025_H3N2,0.0004408,interpolated,0.0004408,0.0004408,interpolated,3.32,1,0,0.9961,0.02627
human,plate22,flu-seqneut-2026-CTS-040,A/PaisVasco/70369726/2026_H1N1,plate22-A/PaisVasco/70369726/2026_H1N1,0.001752,interpolated,0.001752,0.001752,interpolated,0.8849,1,0,0.8799,0.1026
human,plate22,flu-seqneut-2026-CTS-040,A/Peru/ANC-INS-062/2026_H3N2,plate22-A/Peru/ANC-INS-062/2026_H3N2,0.000354,interpolated,0.000354,0.000354,interpolated,3.657,1,0,0.9832,0.05395
human,plate22,flu-seqneut-2026-CTS-040,A/Rhode_Island/11/2026_H1N1,plate22-A/Rhode_Island/11/2026_H1N1,0.004663,interpolated,0.004663,0.004663,interpolated,0.8,1,0,0.7501,0.1175
human,plate22,flu-seqneut-2026-CTS-040,A/RiodeJaneiro/331/2026_H3N2,plate22-A/RiodeJaneiro/331/2026_H3N2,0.0003156,interpolated,0.0003156,0.0003156,interpolated,10,1,0,0.9999,0.004184
human,plate22,flu-seqneut-2026-CTS-040,A/SantaCatarina/508/2026_H3N2,plate22-A/SantaCatarina/508/2026_H3N2,0.0003649,interpolated,0.0003649,0.0003649,interpolated,3.646,1,0,0.9909,0.04035
human,plate22,flu-seqneut-2026-CTS-040,A/Saskatchewan/SKFLU477299/2025_H3N2,plate22-A/Saskatchewan/SKFLU477299/2025_H3N2,0.00117,interpolated,0.001291,0.001291,interpolated,1.43,0.934,0,0.8205,0.1524
human,plate22,flu-seqneut-2026-CTS-040,A/Saskatchewan/SKFLU477727/2025_H3N2,plate22-A/Saskatchewan/SKFLU477727/2025_H3N2,0.0006161,interpolated,0.0006161,0.0006161,interpolated,4.086,1,0,0.9887,0.04377
human,plate22,flu-seqneut-2026-CTS-040,A/Saskatchewan/SKFLU490586/2026_H1N1,plate22-A/Saskatchewan/SKFLU490586/2026_H1N1,0.001839,interpolated,0.001839,0.001839,interpolated,1.158,1,0,0.8692,0.1241
human,plate22,flu-seqneut-2026-CTS-040,A/Singapore/GP20238/2024_H3N2,plate22-A/Singapore/GP20238/2024_H3N2,0.0001633,interpolated,0.0001633,0.0001633,interpolated,10,1,0,1,0.0009425
human,plate22,flu-seqneut-2026-CTS-040,A/Singapore/KK2768/2025_H1N1,plate22-A/Singapore/KK2768/2025_H1N1,0.001212,interpolated,0.001212,0.001212,interpolated,1.032,1,0,0.9229,0.08951
human,plate22,flu-seqneut-2026-CTS-040,A/Singapore/MOH0547/2024_H1N1,plate22-A/Singapore/MOH0547/2024_H1N1,0.001728,interpolated,0.001728,0.001728,interpolated,1.19,1,0,0.8897,0.1146
human,plate22,flu-seqneut-2026-CTS-040,A/Singapore/SAR8915/2025_H3N2,plate22-A/Singapore/SAR8915/2025_H3N2,0.0002982,interpolated,0.0002982,0.0002982,interpolated,2.013,1,0,0.9883,0.03803
human,plate22,flu-seqneut-2026-CTS-040,A/SouthAfrica/NHLS-SU-CERI-C075557/2026_H1N1,plate22-A/SouthAfrica/NHLS-SU-CERI-C075557/2026_H1N1,0.001207,interpolated,0.001207,0.001207,interpolated,0.8408,1,0,0.8831,0.1055
human,plate22,flu-seqneut-2026-CTS-040,A/SouthAfrica/NICD-R01647/2026_H1N1,plate22-A/SouthAfrica/NICD-R01647/2026_H1N1,0.002182,interpolated,0.002182,0.002182,interpolated,0.8,1,0,0.8636,0.09644
human,plate22,flu-seqneut-2026-CTS-040,A/SouthAfrica/NICD-R01668/2026_H1N1,plate22-A/SouthAfrica/NICD-R01668/2026_H1N1,0.005206,interpolated,0.005206,0.005206,interpolated,0.8845,1,0,0.8886,0.08097
human,plate22,flu-seqneut-2026-CTS-040,A/SouthAfrica/PATH-CERI-C073358/2025_H1N1,plate22-A/SouthAfrica/PATH-CERI-C073358/2025_H1N1,0.001205,interpolated,0.001205,0.001205,interpolated,0.8892,1,0,0.9021,0.09925
human,plate22,flu-seqneut-2026-CTS-040,A/SouthAfrica/PATH-CERI-C075119/2026_H1N1,plate22-A/SouthAfrica/PATH-CERI-C075119/2026_H1N1,0.001131,interpolated,0.001131,0.001131,interpolated,0.9291,1,0,0.9295,0.08279
human,plate22,flu-seqneut-2026-CTS-040,A/SouthCarolina/USAFSAM-17046/2026_H3N2,plate22-A/SouthCarolina/USAFSAM-17046/2026_H3N2,0.0001735,interpolated,0.0001735,0.0001735,interpolated,10,1,0,0.9991,0.01085
human,plate22,flu-seqneut-2026-CTS-040,A/South_Australia/2523812314/2025_H3N2,plate22-A/South_Australia/2523812314/2025_H3N2,0.0003443,interpolated,0.0003443,0.0003443,interpolated,8.209,1,0,0.9997,0.008024
human,plate22,flu-seqneut-2026-CTS-040,A/South_Australia/2527213276/2025_H3N2,plate22-A/South_Australia/2527213276/2025_H3N2,0.000276,interpolated,0.000276,0.000276,interpolated,3.06,1,0,0.9995,0.008803
human,plate22,flu-seqneut-2026-CTS-040,A/StPetersburg/RII-25-2042S/2025_H3N2,plate22-A/StPetersburg/RII-25-2042S/2025_H3N2,0.0007008,interpolated,0.0007008,0.0007008,interpolated,2.827,1,0,0.992,0.03556
human,plate22,flu-seqneut-2026-CTS-040,A/StPetersburg/RII-25-2506S/2026_H3N2,plate22-A/StPetersburg/RII-25-2506S/2026_H3N2,0.001172,interpolated,0.001172,0.001172,interpolated,2.111,1,0,0.9709,0.06695
human,plate22,flu-seqneut-2026-CTS-040,A/StPetersburg/RII-25-2600S/2026_H3N2,plate22-A/StPetersburg/RII-25-2600S/2026_H3N2,0.0006697,interpolated,0.0006697,0.0006697,interpolated,3.009,1,0,0.9996,0.009039
human,plate22,flu-seqneut-2026-CTS-040,A/Switzerland/UN-SNRCI-HUG-053/2025_H1N1,plate22-A/Switzerland/UN-SNRCI-HUG-053/2025_H1N1,0.01087,lower,0.01854,0.01087,lower,0.8,1,0,0.7101,0.08136
human,plate22,flu-seqneut-2026-CTS-040,A/Sydney/1359/2024_H3N2,plate22-A/Sydney/1359/2024_H3N2,0.0002804,interpolated,0.0002804,0.0002804,interpolated,10,1,0,1,0.00266
human,plate22,flu-seqneut-2026-CTS-040,A/Sydney/50/2026_H1N1,plate22-A/Sydney/50/2026_H1N1,0.009477,interpolated,0.009477,0.009477,interpolated,0.851,1,0,0.773,0.09849
human,plate22,flu-seqneut-2026-CTS-040,A/Texas/29/2026_H1N1,plate22-A/Texas/29/2026_H1N1,0.00272,interpolated,0.00272,0.00272,interpolated,1.019,1,0,0.9457,0.06735
human,plate22,flu-seqneut-2026-CTS-040,A/Thailand/8/2022_H3N2,plate22-A/Thailand/8/2022_H3N2,0.0003314,interpolated,0.0003314,0.0003314,interpolated,8.963,1,0,0.9981,0.01878
human,plate22,flu-seqneut-2026-CTS-040,A/Thuringen/16/2026_H3N2,plate22-A/Thuringen/16/2026_H3N2,0.0004446,interpolated,0.0004446,0.0004446,interpolated,2.113,1,0,0.9993,0.00952
human,plate22,flu-seqneut-2026-CTS-040,A/Thuringen/39/2026_H3N2,plate22-A/Thuringen/39/2026_H3N2,0.0002533,interpolated,0.0002533,0.0002533,interpolated,1.874,1,0,0.9815,0.0486
human,plate22,flu-seqneut-2026-CTS-040,A/Tokyo/EIS11-277/2024_H1N1,plate22-A/Tokyo/EIS11-277/2024_H1N1,0.001105,interpolated,0.001105,0.001105,interpolated,0.8398,1,0,0.8749,0.1071
human,plate22,flu-seqneut-2026-CTS-040,A/Trieste/257/2025_H3N2,plate22-A/Trieste/257/2025_H3N2,0.0006622,interpolated,0.0006622,0.0006622,interpolated,2.493,1,0,0.9846,0.05141
human,plate22,flu-seqneut-2026-CTS-040,A/Ukraine/5214/2026_H1N1,plate22-A/Ukraine/5214/2026_H1N1,0.002536,interpolated,0.002536,0.002536,interpolated,1.101,1,0,0.9296,0.0808
human,plate22,flu-seqneut-2026-CTS-040,A/Uppsala/SE26-01293/2026_H1N1,plate22-A/Uppsala/SE26-01293/2026_H1N1,0.000995,interpolated,0.000995,0.000995,interpolated,0.846,1,0,0.8039,0.1345
human,plate22,flu-seqneut-2026-CTS-040,A/Valencia/VAHNSI_09_02564/2025_H1N1,plate22-A/Valencia/VAHNSI_09_02564/2025_H1N1,0.002781,interpolated,0.002781,0.002781,interpolated,0.8,1,0,0.9315,0.06682
human,plate22,flu-seqneut-2026-CTS-040,A/Victoria/2948/2025_H3N2,plate22-A/Victoria/2948/2025_H3N2,0.0006982,interpolated,0.0006982,0.0006982,interpolated,2.401,1,0,0.9974,0.01963
human,plate22,flu-seqneut-2026-CTS-040,A/Victoria/4897/2022_IVR-238_H1N1,plate22-A/Victoria/4897/2022_IVR-238_H1N1,0.001572,interpolated,0.001572,0.001572,interpolated,1.479,1,0,0.9607,0.07492
human,plate22,flu-seqneut-2026-CTS-040,A/Vietnam/F7324/2024_H3N2,plate22-A/Vietnam/F7324/2024_H3N2,0.0004787,interpolated,0.0004787,0.0004787,interpolated,3.226,1,0,0.999,0.01408
human,plate22,flu-seqneut-2026-CTS-040,A/Vietnam/PF125413/2025_H1N1,plate22-A/Vietnam/PF125413/2025_H1N1,0.002877,interpolated,0.002877,0.002877,interpolated,1.299,1,0,0.9448,0.07578
human,plate22,flu-seqneut-2026-CTS-040,A/Vietnam/PF126009/2026_H1N1,plate22-A/Vietnam/PF126009/2026_H1N1,0.00605,interpolated,0.00605,0.00605,interpolated,0.8773,1,0,0.8084,0.1057
human,plate22,flu-seqneut-2026-CTS-040,A/Wisconsin/588/2019_H1N1,plate22-A/Wisconsin/588/2019_H1N1,0.0008307,interpolated,0.0008307,0.0008307,interpolated,1.248,1,0,0.9672,0.06571
human,plate22,flu-seqneut-2026-CTS-040,A/Wisconsin/67/2022_H1N1,plate22-A/Wisconsin/67/2022_H1N1,0.001176,interpolated,0.001176,0.001176,interpolated,1.306,1,0,0.8801,0.1288
human,plate22,flu-seqneut-2026-CTS-040,A/Zambia/6-NIC-014/2026_H1N1,plate22-A/Zambia/6-NIC-014/2026_H1N1,0.001703,interpolated,0.001703,0.001703,interpolated,0.8095,1,0,0.8519,0.1102
human,plate22,flu-seqneut-2026-CTS-040,A/Zambia/7-NIC-313/2026_H1N1,plate22-A/Zambia/7-NIC-313/2026_H1N1,0.004366,interpolated,0.004472,0.004472,interpolated,10,0.8933,0,0.7301,0.173
human,plate22,flu-seqneut-2026-CTS-042,A/Andalucia/PMC-00977/2025_H1N1,plate22-A/Andalucia/PMC-00977/2025_H1N1,0.004205,interpolated,0.004205,0.004205,interpolated,1.274,1,0,0.9455,0.0871
human,plate22,flu-seqneut-2026-CTS-042,A/Andalucia/PMC-01217/2025_H1N1,plate22-A/Andalucia/PMC-01217/2025_H1N1,0.001924,interpolated,0.001924,0.001924,interpolated,10,1,0,0.9523,0.09035
human,plate22,flu-seqneut-2026-CTS-042,A/Andalucia/PMC-01495/2025_H1N1,plate22-A/Andalucia/PMC-01495/2025_H1N1,0.003397,interpolated,0.003397,0.003397,interpolated,1.123,1,0,0.8404,0.1556
human,plate22,flu-seqneut-2026-CTS-042,A/Arizona/40/2026_H1N1,plate22-A/Arizona/40/2026_H1N1,0.003067,interpolated,0.003067,0.003067,interpolated,1.433,1,0,0.9376,0.09974
human,plate22,flu-seqneut-2026-CTS-042,A/Astrakhan/RII-MH273373S/2025_H3N2,plate22-A/Astrakhan/RII-MH273373S/2025_H3N2,0.002651,interpolated,0.002884,0.002884,interpolated,0.8,0.9675,0,0.692,0.1885
human,plate22,flu-seqneut-2026-CTS-042,A/Asturias/232590913/2025_H1N1,plate22-A/Asturias/232590913/2025_H1N1,0.003112,interpolated,0.003112,0.003112,interpolated,1.392,1,0,0.9347,0.1007
human,plate22,flu-seqneut-2026-CTS-042,A/Badajoz/18738342/2026_H3N2,plate22-A/Badajoz/18738342/2026_H3N2,0.01306,interpolated,0.01358,0.01358,interpolated,4.84,0.9137,0,0.9016,0.1051
human,plate22,flu-seqneut-2026-CTS-042,A/Badajoz/18811358/2026_H3N2,plate22-A/Badajoz/18811358/2026_H3N2,0.005586,interpolated,0.005586,0.005586,interpolated,0.934,1,0,0.8549,0.1255
human,plate22,flu-seqneut-2026-CTS-042,A/Badajoz/18813527/2026_H3N2,plate22-A/Badajoz/18813527/2026_H3N2,0.006751,interpolated,0.006751,0.006751,interpolated,0.8826,1,0,0.7421,0.1745
human,plate22,flu-seqneut-2026-CTS-042,A/Bangkok/P2391/2025_H3N2,plate22-A/Bangkok/P2391/2025_H3N2,0.02047,interpolated,0.02152,0.02152,interpolated,10,0.8028,0,0.6132,0.1944
human,plate22,flu-seqneut-2026-CTS-042,A/Blaenavon/6687/2026_H3N2,plate22-A/Blaenavon/6687/2026_H3N2,0.02366,interpolated,0.02431,0.02431,interpolated,10,0.882,0,0.656,0.1356
human,plate22,flu-seqneut-2026-CTS-042,A/Bolivia/OR5702/2025_H3N2,plate22-A/Bolivia/OR5702/2025_H3N2,0.02034,interpolated,0.02133,0.02133,interpolated,10,0.8113,0,0.653,0.183
human,plate22,flu-seqneut-2026-CTS-042,A/BritishColumbia/RV00022-26/2025_H1N1,plate22-A/BritishColumbia/RV00022-26/2025_H1N1,0.005897,interpolated,0.005897,0.005897,interpolated,1.03,1,0,0.8541,0.1346
human,plate22,flu-seqneut-2026-CTS-042,A/BritishColumbia/RV00279-26/2025_H3N2,plate22-A/BritishColumbia/RV00279-26/2025_H3N2,0.007583,interpolated,0.007583,0.007583,interpolated,0.8645,1,0,0.7572,0.1613
human,plate22,flu-seqneut-2026-CTS-042,A/BritishColumbia/RV01350-26/2026_H1N1,plate22-A/BritishColumbia/RV01350-26/2026_H1N1,0.004115,interpolated,0.004115,0.004115,interpolated,1.285,1,0,0.944,0.09045
human,plate22,flu-seqneut-2026-CTS-042,A/BritishColumbia/RV05508-25/2025_H1N1,plate22-A/BritishColumbia/RV05508-25/2025_H1N1,0.005582,interpolated,0.005582,0.005582,interpolated,1.013,1,0,0.8322,0.147
human,plate22,flu-seqneut-2026-CTS-042,A/California/GKISBBBH79910/2026_H3N2,plate22-A/California/GKISBBBH79910/2026_H3N2,0.0197,interpolated,0.02052,0.02052,interpolated,10,0.8339,0,0.564,0.24
human,plate22,flu-seqneut-2026-CTS-042,A/California/NIRC-IS-1019/2026_H1N1,plate22-A/California/NIRC-IS-1019/2026_H1N1,0.003606,interpolated,0.003606,0.003606,interpolated,1.145,1,0,0.875,0.1352
human,plate22,flu-seqneut-2026-CTS-042,A/California/NIRC-IS-1059/2026_H3N2,plate22-A/California/NIRC-IS-1059/2026_H3N2,0.01929,interpolated,0.01993,0.01993,interpolated,10,0.8609,0,0.648,0.2145
human,plate22,flu-seqneut-2026-CTS-042,A/California/NIRC-IS-1067/2026_H3N2,plate22-A/California/NIRC-IS-1067/2026_H3N2,0.007258,interpolated,0.007258,0.007258,interpolated,0.8721,1,0,0.7675,0.1588
human,plate22,flu-seqneut-2026-CTS-042,A/California/NIRC-IS-1356/2025_H1N1,plate22-A/California/NIRC-IS-1356/2025_H1N1,0.001896,interpolated,0.001896,0.001896,interpolated,10,1,0,0.9444,0.09758
human,plate22,flu-seqneut-2026-CTS-042,A/Castellon/VAHNSI_02_02400/2025_H3N2,plate22-A/Castellon/VAHNSI_02_02400/2025_H3N2,0.02039,interpolated,0.0207,0.0207,interpolated,10,0.9308,0,0.8492,0.127
human,plate22,flu-seqneut-2026-CTS-042,A/Colombia/1851/2024_H3N2,plate22-A/Colombia/1851/2024_H3N2,0.003589,interpolated,0.003589,0.003589,interpolated,1.008,1,0,0.7679,0.1874
human,plate22,flu-seqneut-2026-CTS-042,A/Colorado/218/2024_H1N1,plate22-A/Colorado/218/2024_H1N1,0.00355,interpolated,0.00355,0.00355,interpolated,0.9809,1,0,0.9257,0.09359
human,plate22,flu-seqneut-2026-CTS-042,A/Connecticut/5/2026_H3N2,plate22-A/Connecticut/5/2026_H3N2,0.008118,interpolated,0.008137,0.008137,interpolated,1.362,0.9984,0,0.9575,0.07015
human,plate22,flu-seqneut-2026-CTS-042,A/Croatia/10136RV/2023_H3N2,plate22-A/Croatia/10136RV/2023_H3N2,0.004823,interpolated,0.004823,0.004823,interpolated,0.853,1,0,0.6554,0.2238
human,plate22,flu-seqneut-2026-CTS-042,A/Darwin/1415/2025_H3N2,plate22-A/Darwin/1415/2025_H3N2,0.0007567,interpolated,0.0007567,0.0007567,interpolated,1.032,1,0,0.8489,0.1339
human,plate22,flu-seqneut-2026-CTS-042,A/Darwin/1454/2025_H3N2,plate22-A/Darwin/1454/2025_H3N2,0.003278,interpolated,0.003278,0.003278,interpolated,0.8687,1,0,0.8945,0.1096
human,plate22,flu-seqneut-2026-CTS-042,A/Denmark/3940/2025_H3N2,plate22-A/Denmark/3940/2025_H3N2,0.02038,interpolated,0.02061,0.02061,interpolated,10,0.9489,0,0.9153,0.09402
human,plate22,flu-seqneut-2026-CTS-042,A/Denmark/4547/2025_H1N1,plate22-A/Denmark/4547/2025_H1N1,0.001379,interpolated,0.001379,0.001379,interpolated,1.559,1,0,0.9734,0.06232
human,plate22,flu-seqneut-2026-CTS-042,A/Denmark/4774/2025_H1N1,plate22-A/Denmark/4774/2025_H1N1,0.009705,interpolated,0.009733,0.009733,interpolated,2.048,0.9971,0,0.9989,0.01127
human,plate22,flu-seqneut-2026-CTS-042,A/District_Of_Columbia/27/2023_H3N2,plate22-A/District_Of_Columbia/27/2023_H3N2,0.015,interpolated,0.0154,0.0154,interpolated,8.483,0.9012,0,0.8459,0.1398
human,plate22,flu-seqneut-2026-CTS-042,A/Distrito_Federal/250106000728/2025_H3N2,plate22-A/Distrito_Federal/250106000728/2025_H3N2,0.003465,interpolated,0.003465,0.003465,interpolated,1.081,1,0,0.886,0.1249
human,plate22,flu-seqneut-2026-CTS-042,A/England/1893256/2026_H1N1,plate22-A/England/1893256/2026_H1N1,0.003241,interpolated,0.003241,0.003241,interpolated,1.284,1,0,0.9145,0.1134
human,plate22,flu-seqneut-2026-CTS-042,A/Florida/ISC-1069/2026_H3N2,plate22-A/Florida/ISC-1069/2026_H3N2,0.009139,interpolated,0.009139,0.009139,interpolated,0.9911,1,0,0.888,0.1013
human,plate22,flu-seqneut-2026-CTS-042,A/France/ARA-HCL025195259501/2025_H1N1,plate22-A/France/ARA-HCL025195259501/2025_H1N1,0.001968,interpolated,0.001968,0.001968,interpolated,10,1,0,0.9316,0.1058
human,plate22,flu-seqneut-2026-CTS-042,A/France/ARA-HCL026031894402/2026_H3N2,plate22-A/France/ARA-HCL026031894402/2026_H3N2,0.02021,interpolated,0.02084,0.02084,interpolated,10,0.8674,0,0.6202,0.218
human,plate22,flu-seqneut-2026-CTS-042,A/France/GES-IPP00659/2026_H1N1,plate22-A/France/GES-IPP00659/2026_H1N1,0.01474,interpolated,0.01525,0.01525,interpolated,8.692,0.8711,0,0.7519,0.1824
human,plate22,flu-seqneut-2026-CTS-042,A/France/GES-IPP01077/2026_H3N2,plate22-A/France/GES-IPP01077/2026_H3N2,0.005852,interpolated,0.006839,0.006839,interpolated,1.625,0.8881,0,0.8722,0.1205
human,plate22,flu-seqneut-2026-CTS-042,A/France/HDF-IPP01550/2026_H3N2,plate22-A/France/HDF-IPP01550/2026_H3N2,0.02062,interpolated,0.02088,0.02088,interpolated,10,0.9409,0,0.8852,0.1084
human,plate22,flu-seqneut-2026-CTS-042,A/France/HDF-RELAB-IPP00300/2026_H3N2,plate22-A/France/HDF-RELAB-IPP00300/2026_H3N2,0.004587,interpolated,0.004587,0.004587,interpolated,0.8178,1,0,0.769,0.1647
human,plate22,flu-seqneut-2026-CTS-042,A/France/HDF-RELAB-IPP07969/2025_H1N1,plate22-A/France/HDF-RELAB-IPP07969/2025_H1N1,0.003442,interpolated,0.003442,0.003442,interpolated,0.9392,1,0,0.7337,0.1972
human,plate22,flu-seqneut-2026-CTS-042,A/France/NAQ-HCL026010957001/2026_H3N2,plate22-A/France/NAQ-HCL026010957001/2026_H3N2,0.01927,interpolated,0.01988,0.01988,interpolated,10,0.8655,0,0.7217,0.182
human,plate22,flu-seqneut-2026-CTS-042,A/France/NAQ-HCL026046169102/2025_H1N1,plate22-A/France/NAQ-HCL026046169102/2025_H1N1,0.001035,interpolated,0.001035,0.001035,interpolated,1.968,1,0,0.9841,0.05072
human,plate22,flu-seqneut-2026-CTS-042,A/France/OCC-HCL026013263701/2026_H3N2,plate22-A/France/OCC-HCL026013263701/2026_H3N2,0.01972,interpolated,0.02089,0.02089,interpolated,4.132,0.8938,0,0.5754,0.18
human,plate22,flu-seqneut-2026-CTS-042,A/France/PAC-RELAB-HCL026021993801/2026_H3N2,plate22-A/France/PAC-RELAB-HCL026021993801/2026_H3N2,0.02,interpolated,0.02026,0.02026,interpolated,10,0.9392,0,0.8864,0.1118
human,plate22,flu-seqneut-2026-CTS-042,A/Galicia/GA-CHUAC-451/2025_H3N2,plate22-A/Galicia/GA-CHUAC-451/2025_H3N2,0.002216,interpolated,0.002216,0.002216,interpolated,0.8,1,0,0.7058,0.1804
human,plate22,flu-seqneut-2026-CTS-042,A/Galicia/GA-CHUAC-612/2025_H1N1,plate22-A/Galicia/GA-CHUAC-612/2025_H1N1,0.004225,interpolated,0.004225,0.004225,interpolated,1.527,1,0,0.9802,0.05574
human,plate22,flu-seqneut-2026-CTS-042,A/Germany/LRMC_0104/2025_H3N2,plate22-A/Germany/LRMC_0104/2025_H3N2,0.008943,interpolated,0.008943,0.008943,interpolated,0.8,1,0,0.6952,0.1559
human,plate22,flu-seqneut-2026-CTS-042,A/Germany/LRMC_0113/2025_H3N2,plate22-A/Germany/LRMC_0113/2025_H3N2,0.007353,interpolated,0.007353,0.007353,interpolated,0.8721,1,0,0.7308,0.1756
human,plate22,flu-seqneut-2026-CTS-042,A/Hawaii/70/2019_H1N1,plate22-A/Hawaii/70/2019_H1N1,0.001307,interpolated,0.001314,0.001314,interpolated,1.221,0.9966,0,0.884,0.1293
human,plate22,flu-seqneut-2026-CTS-042,A/Hawaii/ISC-1140/2025_H1N1,plate22-A/Hawaii/ISC-1140/2025_H1N1,0.001568,interpolated,0.001586,0.001586,interpolated,5.059,0.9705,0,0.9926,0.03716
human,plate22,flu-seqneut-2026-CTS-042,A/Hessen/18/2026_H1N1,plate22-A/Hessen/18/2026_H1N1,0.01021,interpolated,0.01024,0.01024,interpolated,4.522,0.9934,0,0.9994,0.009423
human,plate22,flu-seqneut-2026-CTS-042,A/Ireland/91576/2025_H3N2,plate22-A/Ireland/91576/2025_H3N2,0.01197,interpolated,0.01211,0.01211,interpolated,3.555,0.9794,0,0.9927,0.02943
human,plate22,flu-seqneut-2026-CTS-042,A/Kentucky/80/2025_H1N1,plate22-A/Kentucky/80/2025_H1N1,0.003159,interpolated,0.003159,0.003159,interpolated,1.217,1,0,0.9103,0.1136
human,plate22,flu-seqneut-2026-CTS-042,A/Lisboa/216/2023_H3N2,plate22-A/Lisboa/216/2023_H3N2,0.001651,interpolated,0.001651,0.001651,interpolated,1.094,1,0,0.9384,0.08865
human,plate22,flu-seqneut-2026-CTS-042,A/Luxembourg/LNS9132577/2026_H3N2,plate22-A/Luxembourg/LNS9132577/2026_H3N2,0.02036,interpolated,0.02072,0.02072,interpolated,10,0.9201,0,0.8054,0.1464
human,plate22,flu-seqneut-2026-CTS-042,A/Maine/25/2026_H1N1,plate22-A/Maine/25/2026_H1N1,0.001981,interpolated,0.001981,0.001981,interpolated,10,1,0,0.9288,0.1075
human,plate22,flu-seqneut-2026-CTS-042,A/Malaysia/IMR/SARI/2406/2025_H3N2,plate22-A/Malaysia/IMR/SARI/2406/2025_H3N2,0.01755,interpolated,0.01822,0.01822,interpolated,7.071,0.8833,0,0.7628,0.165
human,plate22,flu-seqneut-2026-CTS-042,A/Massachusetts/18/2022_H3N2,plate22-A/Massachusetts/18/2022_H3N2,0.001381,interpolated,0.001381,0.001381,interpolated,2.632,1,0,0.8747,0.1358
human,plate22,flu-seqneut-2026-CTS-042,A/Massachusetts/ISC-1856/2025_H3N2,plate22-A/Massachusetts/ISC-1856/2025_H3N2,0.02435,interpolated,0.02476,0.02476,interpolated,10,0.9235,0,0.6254,0.1397
human,plate22,flu-seqneut-2026-CTS-042,A/Mauritius/26000203/2026_H1N1,plate22-A/Mauritius/26000203/2026_H1N1,0.001561,interpolated,0.001561,0.001561,interpolated,3.116,1,0,0.949,0.09034
human,plate22,flu-seqneut-2026-CTS-042,A/Michigan/8/2026_H3N2,plate22-A/Michigan/8/2026_H3N2,0.00712,interpolated,0.00712,0.00712,interpolated,0.8636,1,0,0.7739,0.1561
human,plate22,flu-seqneut-2026-CTS-042,A/Michigan/UM-10068071276/2025_H3N2,plate22-A/Michigan/UM-10068071276/2025_H3N2,0.005903,interpolated,0.006376,0.006376,interpolated,0.8,0.9701,0,0.5699,0.2142
human,plate22,flu-seqneut-2026-CTS-042,A/Michigan/UM-10068134090/2025_H3N2,plate22-A/Michigan/UM-10068134090/2025_H3N2,0.003057,interpolated,0.003057,0.003057,interpolated,1.089,1,0,0.815,0.1635
human,plate22,flu-seqneut-2026-CTS-042,A/Michigan/UM-10068449788/2025_H3N2,plate22-A/Michigan/UM-10068449788/2025_H3N2,0.0161,interpolated,0.01726,0.01726,interpolated,7.063,0.8057,0,0.6485,0.2046
human,plate22,flu-seqneut-2026-CTS-042,A/Michigan/UM-10068456988/2025_H3N2,plate22-A/Michigan/UM-10068456988/2025_H3N2,0.01871,interpolated,0.01929,0.01929,interpolated,4.041,0.9414,0,0.9043,0.08305
human,plate22,flu-seqneut-2026-CTS-042,A/Michigan/UM-10068747355/2026_H3N2,plate22-A/Michigan/UM-10068747355/2026_H3N2,0.004383,interpolated,0.004383,0.004383,interpolated,1.108,1,0,0.898,0.1169
human,plate22,flu-seqneut-2026-CTS-042,A/MinasGerais/410/2026_H1N1,plate22-A/MinasGerais/410/2026_H1N1,0.003781,interpolated,0.003781,0.003781,interpolated,1.079,1,0,0.8349,0.156
human,plate22,flu-seqneut-2026-CTS-042,A/MinasGerais/671/2026_H1N1,plate22-A/MinasGerais/671/2026_H1N1,0.003638,interpolated,0.003638,0.003638,interpolated,1.195,1,0,0.9,0.1212
human,plate22,flu-seqneut-2026-CTS-042,A/Mississippi/20/2026_H1N1,plate22-A/Mississippi/20/2026_H1N1,0.001152,interpolated,0.001152,0.001152,interpolated,1.439,1,0,0.9779,0.05424
human,plate22,flu-seqneut-2026-CTS-042,A/Missouri/11/2025_cell_H1N1,plate22-A/Missouri/11/2025_cell_H1N1,0.006199,interpolated,0.006199,0.006199,interpolated,2.651,1,0,0.9996,0.008881
human,plate22,flu-seqneut-2026-CTS-042,A/Missouri/11/2025_egg_H1N1,plate22-A/Missouri/11/2025_egg_H1N1,0.001995,interpolated,0.001995,0.001995,interpolated,10,1,0,0.9979,0.01995
human,plate22,flu-seqneut-2026-CTS-042,A/Montana/51/2025_H3N2,plate22-A/Montana/51/2025_H3N2,0.00186,interpolated,0.00186,0.00186,interpolated,10,1,0,0.865,0.1427
human,plate22,flu-seqneut-2026-CTS-042,A/NakhonPhanom/P495/2026_H3N2,plate22-A/NakhonPhanom/P495/2026_H3N2,0.00347,interpolated,0.00347,0.00347,interpolated,1.025,1,0,0.8007,0.1692
human,plate22,flu-seqneut-2026-CTS-042,A/Nebraska/34/2026_H1N1,plate22-A/Nebraska/34/2026_H1N1,0.003235,interpolated,0.003235,0.003235,interpolated,1.602,1,0,0.991,0.03791
human,plate22,flu-seqneut-2026-CTS-042,A/Netherlands/10008/2026_H1N1,plate22-A/Netherlands/10008/2026_H1N1,0.001661,interpolated,0.001661,0.001661,interpolated,3.075,1,0,0.9403,0.09631
human,plate22,flu-seqneut-2026-CTS-042,A/Netherlands/2398/2025_H1N1,plate22-A/Netherlands/2398/2025_H1N1,0.006787,interpolated,0.006787,0.006787,interpolated,0.9333,1,0,0.7568,0.1729
human,plate22,flu-seqneut-2026-CTS-042,A/Netherlands/543/2026_H1N1,plate22-A/Netherlands/543/2026_H1N1,0.001809,interpolated,0.001809,0.001809,interpolated,7.978,1,0,0.9576,0.08767
human,plate22,flu-seqneut-2026-CTS-042,A/Netherlands/864/2026_H1N1,plate22-A/Netherlands/864/2026_H1N1,0.004155,interpolated,0.004155,0.004155,interpolated,1.113,1,0,0.8672,0.1385
human,plate22,flu-seqneut-2026-CTS-042,A/Netherlands/888/2026_H3N2,plate22-A/Netherlands/888/2026_H3N2,0.02123,interpolated,0.02137,0.02137,interpolated,10,0.9678,0,0.9622,0.05919
human,plate22,flu-seqneut-2026-CTS-042,A/Netherlands/968/2026_H3N2,plate22-A/Netherlands/968/2026_H3N2,0.007042,interpolated,0.007042,0.007042,interpolated,0.9985,1,0,0.8812,0.1127
human,plate22,flu-seqneut-2026-CTS-042,A/NewBrunswick/NBPHLFLUA10B-MM00057R/2026_H1N1,plate22-A/NewBrunswick/NBPHLFLUA10B-MM00057R/2026_H1N1,0.001825,interpolated,0.001825,0.001825,interpolated,3.318,1,0,0.9823,0.05507
human,plate22,flu-seqneut-2026-CTS-042,A/NewYork/NIRC-IS-1086/2026_H3N2,plate22-A/NewYork/NIRC-IS-1086/2026_H3N2,0.002365,interpolated,0.002365,0.002365,interpolated,0.8174,1,0,0.8552,0.1278
human,plate22,flu-seqneut-2026-CTS-042,A/NordrheinWestfalen/96/2026_H1N1,plate22-A/NordrheinWestfalen/96/2026_H1N1,0.004284,interpolated,0.004284,0.004284,interpolated,1.05,1,0,0.839,0.1505
human,plate22,flu-seqneut-2026-CTS-042,A/Norway/9556/2025_H1N1,plate22-A/Norway/9556/2025_H1N1,0.004707,interpolated,0.004707,0.004707,interpolated,1.037,1,0,0.8625,0.1341
human,plate22,flu-seqneut-2026-CTS-042,A/NovaScotia/25-365-06099/2025_H3N2,plate22-A/NovaScotia/25-365-06099/2025_H3N2,0.001338,interpolated,0.001338,0.001338,interpolated,1.702,1,0,0.9159,0.1081
human,plate22,flu-seqneut-2026-CTS-042,A/Ohio/259/2024_H1N1,plate22-A/Ohio/259/2024_H1N1,0.001862,interpolated,0.002009,0.002009,interpolated,2.214,0.9229,0,0.9372,0.09301
human,plate22,flu-seqneut-2026-CTS-042,A/Ontario/PHL202550193/2025_H3N2,plate22-A/Ontario/PHL202550193/2025_H3N2,0.01852,interpolated,0.01973,0.01973,interpolated,10,0.7652,0,0.6206,0.204
human,plate22,flu-seqneut-2026-CTS-042,A/Oregon/81/2025_H3N2,plate22-A/Oregon/81/2025_H3N2,0.0172,interpolated,0.01821,0.01821,interpolated,7.016,0.8351,0,0.5893,0.2332
human,plate22,flu-seqneut-2026-CTS-042,A/PaisVasco/70369726/2026_H1N1,plate22-A/PaisVasco/70369726/2026_H1N1,0.002572,interpolated,0.002572,0.002572,interpolated,1.488,1,0,0.9013,0.1263
human,plate22,flu-seqneut-2026-CTS-042,A/Parana/416133590/2026_H3N2,plate22-A/Parana/416133590/2026_H3N2,0.003385,interpolated,0.003385,0.003385,interpolated,0.9285,1,0,0.7363,0.1898
human,plate22,flu-seqneut-2026-CTS-042,A/Peru/ANC-INS-062/2026_H3N2,plate22-A/Peru/ANC-INS-062/2026_H3N2,0.004071,interpolated,0.004071,0.004071,interpolated,1.133,1,0,0.9002,0.1171
human,plate22,flu-seqneut-2026-CTS-042,A/Rhode_Island/11/2026_H1N1,plate22-A/Rhode_Island/11/2026_H1N1,0.003559,interpolated,0.003559,0.003559,interpolated,1.039,1,0,0.8782,0.1284
human,plate22,flu-seqneut-2026-CTS-042,A/RiodeJaneiro/331/2026_H3N2,plate22-A/RiodeJaneiro/331/2026_H3N2,0.001578,interpolated,0.001578,0.001578,interpolated,1.059,1,0,0.8783,0.129
human,plate22,flu-seqneut-2026-CTS-042,A/Romania/612042/2026_H3N2,plate22-A/Romania/612042/2026_H3N2,0.01303,interpolated,0.01328,0.01328,interpolated,2.49,0.9764,0,0.9864,0.03601
human,plate22,flu-seqneut-2026-CTS-042,A/SantaCatarina/508/2026_H3N2,plate22-A/SantaCatarina/508/2026_H3N2,0.01719,interpolated,0.01831,0.01831,interpolated,5.455,0.8544,0,0.6847,0.1701
human,plate22,flu-seqneut-2026-CTS-042,A/Saskatchewan/SKFLU477299/2025_H3N2,plate22-A/Saskatchewan/SKFLU477299/2025_H3N2,0.007145,interpolated,0.007145,0.007145,interpolated,0.8596,1,0,0.7687,0.1574
human,plate22,flu-seqneut-2026-CTS-042,A/Saskatchewan/SKFLU477727/2025_H3N2,plate22-A/Saskatchewan/SKFLU477727/2025_H3N2,0.005676,interpolated,0.005676,0.005676,interpolated,1.236,1,0,0.9581,0.07301
human,plate22,flu-seqneut-2026-CTS-042,A/Saskatchewan/SKFLU490586/2026_H1N1,plate22-A/Saskatchewan/SKFLU490586/2026_H1N1,0.003536,interpolated,0.003536,0.003536,interpolated,1.877,1,0,0.9922,0.03667
human,plate22,flu-seqneut-2026-CTS-042,A/Singapore/GP20238/2024_H3N2,plate22-A/Singapore/GP20238/2024_H3N2,0.002796,interpolated,0.002796,0.002796,interpolated,1.121,1,0,0.9093,0.1122
human,plate22,flu-seqneut-2026-CTS-042,A/Singapore/KK2768/2025_H1N1,plate22-A/Singapore/KK2768/2025_H1N1,0.002653,interpolated,0.002653,0.002653,interpolated,1.409,1,0,0.8992,0.1238
human,plate22,flu-seqneut-2026-CTS-042,A/Singapore/MOH0547/2024_H1N1,plate22-A/Singapore/MOH0547/2024_H1N1,0.00347,interpolated,0.00347,0.00347,interpolated,1.425,1,0,0.9631,0.07395
human,plate22,flu-seqneut-2026-CTS-042,A/Singapore/NTF0577/2025_H3N2,plate22-A/Singapore/NTF0577/2025_H3N2,0.02027,interpolated,0.02067,0.02067,interpolated,10,0.9108,0,0.7698,0.1616
human,plate22,flu-seqneut-2026-CTS-042,A/Singapore/SAR8915/2025_H3N2,plate22-A/Singapore/SAR8915/2025_H3N2,0.004202,interpolated,0.004202,0.004202,interpolated,0.9159,1,0,0.7589,0.1796
human,plate22,flu-seqneut-2026-CTS-042,A/SouthAfrica/NHLS-SU-CERI-C075557/2026_H1N1,plate22-A/SouthAfrica/NHLS-SU-CERI-C075557/2026_H1N1,0.002625,interpolated,0.002625,0.002625,interpolated,1.411,1,0,0.9689,0.06847
human,plate22,flu-seqneut-2026-CTS-042,A/SouthAfrica/NICD-R01647/2026_H1N1,plate22-A/SouthAfrica/NICD-R01647/2026_H1N1,0.00309,interpolated,0.00309,0.00309,interpolated,1.261,1,0,0.9183,0.1107
human,plate22,flu-seqneut-2026-CTS-042,A/SouthAfrica/NICD-R01668/2026_H1N1,plate22-A/SouthAfrica/NICD-R01668/2026_H1N1,0.00506,interpolated,0.00506,0.00506,interpolated,1.058,1,0,0.8611,0.1358
human,plate22,flu-seqneut-2026-CTS-042,A/SouthAfrica/PATH-CERI-C073358/2025_H1N1,plate22-A/SouthAfrica/PATH-CERI-C073358/2025_H1N1,0.001862,interpolated,0.001862,0.001862,interpolated,10,1,0,0.9776,0.06377
human,plate22,flu-seqneut-2026-CTS-042,A/SouthAfrica/PATH-CERI-C073366/2025_H1N1,plate22-A/SouthAfrica/PATH-CERI-C073366/2025_H1N1,0.003441,interpolated,0.003441,0.003441,interpolated,1.49,1,0,0.9653,0.07416
human,plate22,flu-seqneut-2026-CTS-042,A/SouthAfrica/PATH-CERI-C075119/2026_H1N1,plate22-A/SouthAfrica/PATH-CERI-C075119/2026_H1N1,0.00181,interpolated,0.00181,0.00181,interpolated,4.128,1,0,0.953,0.08806
human,plate22,flu-seqneut-2026-CTS-042,A/SouthAustralia/2605715552/2026_H3N2,plate22-A/SouthAustralia/2605715552/2026_H3N2,0.01567,interpolated,0.01655,0.01655,interpolated,5.724,0.866,0,0.7018,0.1895
human,plate22,flu-seqneut-2026-CTS-042,A/SouthCarolina/USAFSAM-17046/2026_H3N2,plate22-A/SouthCarolina/USAFSAM-17046/2026_H3N2,0.004585,interpolated,0.004585,0.004585,interpolated,1.41,1,0,0.973,0.06315
human,plate22,flu-seqneut-2026-CTS-042,A/South_Australia/2523812314/2025_H3N2,plate22-A/South_Australia/2523812314/2025_H3N2,0.0009533,interpolated,0.0009533,0.0009533,interpolated,2.176,1,0,0.9044,0.1199
human,plate22,flu-seqneut-2026-CTS-042,A/South_Australia/2527213276/2025_H3N2,plate22-A/South_Australia/2527213276/2025_H3N2,0.002446,interpolated,0.002596,0.002596,interpolated,1.163,0.9665,0,0.8993,0.117
human,plate22,flu-seqneut-2026-CTS-042,A/StPetersburg/RII-25-2042S/2025_H3N2,plate22-A/StPetersburg/RII-25-2042S/2025_H3N2,0.005853,interpolated,0.005853,0.005853,interpolated,0.8,1,0,0.6891,0.1901
human,plate22,flu-seqneut-2026-CTS-042,A/StPetersburg/RII-25-2506S/2026_H3N2,plate22-A/StPetersburg/RII-25-2506S/2026_H3N2,0.01933,interpolated,0.01973,0.01973,interpolated,10,0.9075,0,0.7694,0.1698
human,plate22,flu-seqneut-2026-CTS-042,A/Switzerland/UN-SNRCI-HUG-053/2025_H1N1,plate22-A/Switzerland/UN-SNRCI-HUG-053/2025_H1N1,0.01024,interpolated,0.01043,0.01043,interpolated,4.459,0.9597,0,0.9764,0.05723
human,plate22,flu-seqneut-2026-CTS-042,A/Sydney/1359/2024_H3N2,plate22-A/Sydney/1359/2024_H3N2,0.01626,interpolated,0.0175,0.0175,interpolated,3.804,0.8782,0,0.6867,0.1725
human,plate22,flu-seqneut-2026-CTS-042,A/Sydney/50/2026_H1N1,plate22-A/Sydney/50/2026_H1N1,0.007789,interpolated,0.007854,0.007854,interpolated,1.358,0.9944,0,0.9155,0.1036
human,plate22,flu-seqneut-2026-CTS-042,A/Texas/29/2026_H1N1,plate22-A/Texas/29/2026_H1N1,0.00559,interpolated,0.00559,0.00559,interpolated,1.52,1,0,0.9789,0.05582
human,plate22,flu-seqneut-2026-CTS-042,A/Thailand/8/2022_H3N2,plate22-A/Thailand/8/2022_H3N2,0.001399,interpolated,0.001399,0.001399,interpolated,4.598,1,0,0.9482,0.0959
human,plate22,flu-seqneut-2026-CTS-042,A/Thuringen/16/2026_H3N2,plate22-A/Thuringen/16/2026_H3N2,0.01975,interpolated,0.02033,0.02033,interpolated,10,0.8748,0,0.6716,0.2029
human,plate22,flu-seqneut-2026-CTS-042,A/Thuringen/39/2026_H3N2,plate22-A/Thuringen/39/2026_H3N2,0.003578,interpolated,0.003578,0.003578,interpolated,0.8044,1,0,0.8155,0.1421
human,plate22,flu-seqneut-2026-CTS-042,A/Tokyo/EIS11-277/2024_H1N1,plate22-A/Tokyo/EIS11-277/2024_H1N1,0.001398,interpolated,0.001398,0.001398,interpolated,1.55,1,0,0.9678,0.07093
human,plate22,flu-seqneut-2026-CTS-042,A/Trieste/257/2025_H3N2,plate22-A/Trieste/257/2025_H3N2,0.004861,interpolated,0.004861,0.004861,interpolated,0.8181,1,0,0.7848,0.1553
human,plate22,flu-seqneut-2026-CTS-042,A/Ukraine/5214/2026_H1N1,plate22-A/Ukraine/5214/2026_H1N1,0.003269,interpolated,0.003269,0.003269,interpolated,1.314,1,0,0.9229,0.1085
human,plate22,flu-seqneut-2026-CTS-042,A/Uppsala/SE26-01293/2026_H1N1,plate22-A/Uppsala/SE26-01293/2026_H1N1,0.003695,interpolated,0.003695,0.003695,interpolated,1.759,1,0,0.9903,0.03959
human,plate22,flu-seqneut-2026-CTS-042,A/Valencia/VAHNSI_09_02564/2025_H1N1,plate22-A/Valencia/VAHNSI_09_02564/2025_H1N1,0.002994,interpolated,0.002994,0.002994,interpolated,1.24,1,0,0.8729,0.1401
human,plate22,flu-seqneut-2026-CTS-042,A/Victoria/2948/2025_H3N2,plate22-A/Victoria/2948/2025_H3N2,0.01944,interpolated,0.02006,0.02006,interpolated,10,0.8659,0,0.856,0.1193
human,plate22,flu-seqneut-2026-CTS-042,A/Victoria/4897/2022_IVR-238_H1N1,plate22-A/Victoria/4897/2022_IVR-238_H1N1,0.002872,interpolated,0.002872,0.002872,interpolated,1.492,1,0,0.9361,0.1015
human,plate22,flu-seqneut-2026-CTS-042,A/Vietnam/F7324/2024_H3N2,plate22-A/Vietnam/F7324/2024_H3N2,0.001456,interpolated,0.001456,0.001456,interpolated,2.925,1,0,0.8779,0.1335
human,plate22,flu-seqneut-2026-CTS-042,A/Vietnam/PF125413/2025_H1N1,plate22-A/Vietnam/PF125413/2025_H1N1,0.01434,interpolated,0.0146,0.0146,interpolated,6.134,0.9479,0,0.9538,0.07362
human,plate22,flu-seqneut-2026-CTS-042,A/Vietnam/PF126009/2026_H1N1,plate22-A/Vietnam/PF126009/2026_H1N1,0.006186,interpolated,0.006186,0.006186,interpolated,1.228,1,0,0.9549,0.07461
human,plate22,flu-seqneut-2026-CTS-042,A/Virginia/82/2025_H1N1,plate22-A/Virginia/82/2025_H1N1,0.003685,interpolated,0.003685,0.003685,interpolated,1.422,1,0,0.9634,0.07502
human,plate22,flu-seqneut-2026-CTS-042,A/Wisconsin/588/2019_H1N1,plate22-A/Wisconsin/588/2019_H1N1,0.003191,interpolated,0.003191,0.003191,interpolated,1.633,1,0,0.9768,0.0605
human,plate22,flu-seqneut-2026-CTS-042,A/Wisconsin/67/2022_H1N1,plate22-A/Wisconsin/67/2022_H1N1,0.001915,interpolated,0.001915,0.001915,interpolated,10,1,0,0.9842,0.05395
human,plate22,flu-seqneut-2026-CTS-042,A/Zacapa/FLU-012/2025_H1N1,plate22-A/Zacapa/FLU-012/2025_H1N1,0.003296,interpolated,0.003296,0.003296,interpolated,1.179,1,0,0.871,0.1393
human,plate22,flu-seqneut-2026-CTS-042,A/Zambia/6-NIC-014/2026_H1N1,plate22-A/Zambia/6-NIC-014/2026_H1N1,0.001967,interpolated,0.001967,0.001967,interpolated,10,1,0,0.9594,0.0835
human,plate22,flu-seqneut-2026-CTS-042,A/Zambia/7-NIC-313/2026_H1N1,plate22-A/Zambia/7-NIC-313/2026_H1N1,0.002014,interpolated,0.002014,0.002014,interpolated,10,1,0,0.9498,0.09132
human,plate22,flu-seqneut-2026-CTS-043,A/Andalucia/PMC-00977/2025_H1N1,plate22-A/Andalucia/PMC-00977/2025_H1N1,0.001474,interpolated,0.001474,0.001474,interpolated,3.817,1,0,0.9947,0.03218
human,plate22,flu-seqneut-2026-CTS-043,A/Andalucia/PMC-01217/2025_H1N1,plate22-A/Andalucia/PMC-01217/2025_H1N1,0.00115,interpolated,0.001174,0.001174,interpolated,2.15,0.9785,0,0.9842,0.05213
human,plate22,flu-seqneut-2026-CTS-043,A/Andalucia/PMC-01495/2025_H1N1,plate22-A/Andalucia/PMC-01495/2025_H1N1,0.001753,interpolated,0.001753,0.001753,interpolated,9.116,1,0,0.9989,0.01523
human,plate22,flu-seqneut-2026-CTS-043,A/Arizona/40/2026_H1N1,plate22-A/Arizona/40/2026_H1N1,0.001762,interpolated,0.001762,0.001762,interpolated,6.972,1,0,0.9961,0.02845
human,plate22,flu-seqneut-2026-CTS-043,A/Astrakhan/RII-MH273373S/2025_H3N2,plate22-A/Astrakhan/RII-MH273373S/2025_H3N2,0.0004069,interpolated,0.0004069,0.0004069,interpolated,1.224,1,0,0.8964,0.1108
human,plate22,flu-seqneut-2026-CTS-043,A/Asturias/232590913/2025_H1N1,plate22-A/Asturias/232590913/2025_H1N1,0.001744,interpolated,0.001744,0.001744,interpolated,7.459,1,0,0.995,0.03238
human,plate22,flu-seqneut-2026-CTS-043,A/Badajoz/18738342/2026_H3N2,plate22-A/Badajoz/18738342/2026_H3N2,0.001205,interpolated,0.001362,0.001362,interpolated,3.537,0.8244,0,0.9988,0.01143
human,plate22,flu-seqneut-2026-CTS-043,A/Badajoz/18811358/2026_H3N2,plate22-A/Badajoz/18811358/2026_H3N2,0.0006637,interpolated,0.0006637,0.0006637,interpolated,1.221,1,0,0.9825,0.04573
human,plate22,flu-seqneut-2026-CTS-043,A/Badajoz/18813527/2026_H3N2,plate22-A/Badajoz/18813527/2026_H3N2,0.0008928,interpolated,0.000922,0.000922,interpolated,2.728,0.958,0,0.9829,0.05117
human,plate22,flu-seqneut-2026-CTS-043,A/Bangkok/P2390/2025_H3N2,plate22-A/Bangkok/P2390/2025_H3N2,0.001465,interpolated,0.001465,0.001465,interpolated,5.076,1,0,0.9999,0.003256
human,plate22,flu-seqneut-2026-CTS-043,A/Bangkok/P2391/2025_H3N2,plate22-A/Bangkok/P2391/2025_H3N2,0.0006989,interpolated,0.0006989,0.0006989,interpolated,1.195,1,0,0.8114,0.1652
human,plate22,flu-seqneut-2026-CTS-043,A/Blaenavon/6687/2026_H3N2,plate22-A/Blaenavon/6687/2026_H3N2,0.001325,interpolated,0.001325,0.001325,interpolated,1.832,1,0,0.9817,0.05425
human,plate22,flu-seqneut-2026-CTS-043,A/Bolivia/OR5702/2025_H3N2,plate22-A/Bolivia/OR5702/2025_H3N2,0.0005259,interpolated,0.0005259,0.0005259,interpolated,1.289,1,0,0.9516,0.07598
human,plate22,flu-seqneut-2026-CTS-043,A/BritishColumbia/RV00022-26/2025_H1N1,plate22-A/BritishColumbia/RV00022-26/2025_H1N1,0.00192,interpolated,0.00192,0.00192,interpolated,2.833,1,0,0.9659,0.07792
human,plate22,flu-seqneut-2026-CTS-043,A/BritishColumbia/RV00279-26/2025_H3N2,plate22-A/BritishColumbia/RV00279-26/2025_H3N2,0.001641,interpolated,0.001641,0.001641,interpolated,10,1,0,0.9995,0.01058
human,plate22,flu-seqneut-2026-CTS-043,A/BritishColumbia/RV01350-26/2026_H1N1,plate22-A/BritishColumbia/RV01350-26/2026_H1N1,0.001735,interpolated,0.001735,0.001735,interpolated,5.569,1,0,0.9821,0.05942
human,plate22,flu-seqneut-2026-CTS-043,A/BritishColumbia/RV05508-25/2025_H1N1,plate22-A/BritishColumbia/RV05508-25/2025_H1N1,0.002408,interpolated,0.002408,0.002408,interpolated,1.798,1,0,0.9423,0.09418
human,plate22,flu-seqneut-2026-CTS-043,A/California/GKISBBBH79910/2026_H3N2,plate22-A/California/GKISBBBH79910/2026_H3N2,0.001511,interpolated,0.001582,0.001582,interpolated,2.571,0.9448,0,0.9888,0.04234
human,plate22,flu-seqneut-2026-CTS-043,A/California/NIRC-IS-1019/2026_H1N1,plate22-A/California/NIRC-IS-1019/2026_H1N1,0.002492,interpolated,0.002492,0.002492,interpolated,1.691,1,0,0.9283,0.1028
human,plate22,flu-seqneut-2026-CTS-043,A/California/NIRC-IS-1059/2026_H3N2,plate22-A/California/NIRC-IS-1059/2026_H3N2,0.001658,interpolated,0.001658,0.001658,interpolated,10,1,0,0.9994,0.01163
human,plate22,flu-seqneut-2026-CTS-043,A/California/NIRC-IS-1067/2026_H3N2,plate22-A/California/NIRC-IS-1067/2026_H3N2,0.00171,interpolated,0.00171,0.00171,interpolated,9.948,1,0,0.996,0.02825
human,plate22,flu-seqneut-2026-CTS-043,A/California/NIRC-IS-1356/2025_H1N1,plate22-A/California/NIRC-IS-1356/2025_H1N1,0.001416,interpolated,0.001416,0.001416,interpolated,3.605,1,0,0.9981,0.01899
human,plate22,flu-seqneut-2026-CTS-043,A/Castellon/VAHNSI_02_02400/2025_H3N2,plate22-A/Castellon/VAHNSI_02_02400/2025_H3N2,0.001498,interpolated,0.001498,0.001498,interpolated,5.343,1,0,0.9982,0.01848
human,plate22,flu-seqneut-2026-CTS-043,A/Colombia/1851/2024_H3N2,plate22-A/Colombia/1851/2024_H3N2,0.0004218,interpolated,0.0004218,0.0004218,interpolated,3.062,1,0,0.9962,0.02577
human,plate22,flu-seqneut-2026-CTS-043,A/Colorado/218/2024_H1N1,plate22-A/Colorado/218/2024_H1N1,0.001069,interpolated,0.001069,0.001069,interpolated,3.112,1,0,0.9964,0.02534
human,plate22,flu-seqneut-2026-CTS-043,A/Connecticut/5/2026_H3N2,plate22-A/Connecticut/5/2026_H3N2,0.0009694,interpolated,0.000977,0.000977,interpolated,2.199,0.9916,0,0.9989,0.01332
human,plate22,flu-seqneut-2026-CTS-043,A/Croatia/10136RV/2023_H3N2,plate22-A/Croatia/10136RV/2023_H3N2,0.0003432,interpolated,0.0003432,0.0003432,interpolated,4.82,1,0,0.9914,0.03816
human,plate22,flu-seqneut-2026-CTS-043,A/Darwin/1415/2025_H3N2,plate22-A/Darwin/1415/2025_H3N2,0.0004832,interpolated,0.0004832,0.0004832,interpolated,1.65,1,0,0.9321,0.1054
human,plate22,flu-seqneut-2026-CTS-043,A/Darwin/1454/2025_H3N2,plate22-A/Darwin/1454/2025_H3N2,0.0005893,interpolated,0.0008587,0.0008587,interpolated,3.626,0.6277,0,0.9995,0.005167
human,plate22,flu-seqneut-2026-CTS-043,A/Denmark/3940/2025_H3N2,plate22-A/Denmark/3940/2025_H3N2,0.00123,interpolated,0.001259,0.001259,interpolated,3.365,0.9613,0,0.9947,0.03015
human,plate22,flu-seqneut-2026-CTS-043,A/Denmark/4547/2025_H1N1,plate22-A/Denmark/4547/2025_H1N1,0.001,interpolated,0.001,0.001,interpolated,1.779,1,0,0.9945,0.03043
human,plate22,flu-seqneut-2026-CTS-043,A/Denmark/4774/2025_H1N1,plate22-A/Denmark/4774/2025_H1N1,0.001741,interpolated,0.001741,0.001741,interpolated,5.219,1,0,0.9811,0.06132
human,plate22,flu-seqneut-2026-CTS-043,A/District_Of_Columbia/27/2023_H3N2,plate22-A/District_Of_Columbia/27/2023_H3N2,0.0008439,interpolated,0.0008439,0.0008439,interpolated,7.026,1,0,0.9999,0.004753
human,plate22,flu-seqneut-2026-CTS-043,A/Distrito_Federal/250106000728/2025_H3N2,plate22-A/Distrito_Federal/250106000728/2025_H3N2,0.0004424,interpolated,0.0004424,0.0004424,interpolated,1.52,1,0,0.9826,0.04598
human,plate22,flu-seqneut-2026-CTS-043,A/England/1893256/2026_H1N1,plate22-A/England/1893256/2026_H1N1,0.002629,interpolated,0.002629,0.002629,interpolated,3.006,1,0,0.9976,0.02131
human,plate22,flu-seqneut-2026-CTS-043,A/Florida/ISC-1069/2026_H3N2,plate22-A/Florida/ISC-1069/2026_H3N2,0.001882,interpolated,0.001882,0.001882,interpolated,5.445,1,0,0.9969,0.02416
human,plate22,flu-seqneut-2026-CTS-043,A/France/ARA-HCL025195259501/2025_H1N1,plate22-A/France/ARA-HCL025195259501/2025_H1N1,0.001822,interpolated,0.001822,0.001822,interpolated,5.24,1,0,0.9922,0.03919
human,plate22,flu-seqneut-2026-CTS-043,A/France/ARA-HCL026031894402/2026_H3N2,plate22-A/France/ARA-HCL026031894402/2026_H3N2,0.0009957,interpolated,0.00107,0.00107,interpolated,3.318,0.8934,0,0.97,0.06792
human,plate22,flu-seqneut-2026-CTS-043,A/France/GES-IPP00659/2026_H1N1,plate22-A/France/GES-IPP00659/2026_H1N1,0.001698,interpolated,0.001698,0.001698,interpolated,7.817,1,0,0.9886,0.04878
human,plate22,flu-seqneut-2026-CTS-043,A/France/GES-IPP01077/2026_H3N2,plate22-A/France/GES-IPP01077/2026_H3N2,0.001121,interpolated,0.001174,0.001174,interpolated,2.961,0.9363,0,0.9897,0.04116
human,plate22,flu-seqneut-2026-CTS-043,A/France/HDF-IPP01550/2026_H3N2,plate22-A/France/HDF-IPP01550/2026_H3N2,0.001728,interpolated,0.001728,0.001728,interpolated,9.995,1,0,0.9916,0.04034
human,plate22,flu-seqneut-2026-CTS-043,A/France/HDF-RELAB-IPP00300/2026_H3N2,plate22-A/France/HDF-RELAB-IPP00300/2026_H3N2,0.001015,interpolated,0.001015,0.001015,interpolated,3.216,1,0,0.995,0.03125
human,plate22,flu-seqneut-2026-CTS-043,A/France/HDF-RELAB-IPP00303/2026_H3N2,plate22-A/France/HDF-RELAB-IPP00303/2026_H3N2,0.001313,interpolated,0.001313,0.001313,interpolated,3.795,1,0,0.9951,0.02812
human,plate22,flu-seqneut-2026-CTS-043,A/France/HDF-RELAB-IPP07969/2025_H1N1,plate22-A/France/HDF-RELAB-IPP07969/2025_H1N1,0.002541,interpolated,0.002541,0.002541,interpolated,1.381,1,0,0.8724,0.1455
human,plate22,flu-seqneut-2026-CTS-043,A/France/NAQ-HCL026010957001/2026_H3N2,plate22-A/France/NAQ-HCL026010957001/2026_H3N2,0.001294,interpolated,0.001294,0.001294,interpolated,4.613,1,0,0.9953,0.03069
human,plate22,flu-seqneut-2026-CTS-043,A/France/NAQ-HCL026046169102/2025_H1N1,plate22-A/France/NAQ-HCL026046169102/2025_H1N1,0.0007675,interpolated,0.0007675,0.0007675,interpolated,1.41,1,0,0.9791,0.05645
human,plate22,flu-seqneut-2026-CTS-043,A/France/OCC-HCL026013263701/2026_H3N2,plate22-A/France/OCC-HCL026013263701/2026_H3N2,0.001172,interpolated,0.001172,0.001172,interpolated,4.033,1,0,0.9993,0.01152
human,plate22,flu-seqneut-2026-CTS-043,A/France/PAC-RELAB-HCL026021993801/2026_H3N2,plate22-A/France/PAC-RELAB-HCL026021993801/2026_H3N2,0.0015,interpolated,0.0015,0.0015,interpolated,5.047,1,0,0.9985,0.01669
human,plate22,flu-seqneut-2026-CTS-043,A/Galicia/GA-CHUAC-451/2025_H3N2,plate22-A/Galicia/GA-CHUAC-451/2025_H3N2,0.001324,interpolated,0.001468,0.001468,interpolated,7.095,0.7411,0,0.9991,0.01005
human,plate22,flu-seqneut-2026-CTS-043,A/Galicia/GA-CHUAC-612/2025_H1N1,plate22-A/Galicia/GA-CHUAC-612/2025_H1N1,0.001732,interpolated,0.001732,0.001732,interpolated,2.758,1,0,0.9884,0.04529
human,plate22,flu-seqneut-2026-CTS-043,A/Germany/LRMC_0104/2025_H3N2,plate22-A/Germany/LRMC_0104/2025_H3N2,0.001641,interpolated,0.001694,0.001694,interpolated,10,0.865,0,0.9093,0.1278
human,plate22,flu-seqneut-2026-CTS-043,A/Germany/LRMC_0113/2025_H3N2,plate22-A/Germany/LRMC_0113/2025_H3N2,0.001266,interpolated,0.001266,0.001266,interpolated,2.589,1,0,0.9979,0.01962
human,plate22,flu-seqneut-2026-CTS-043,A/Hawaii/70/2019_H1N1,plate22-A/Hawaii/70/2019_H1N1,0.001231,interpolated,0.001256,0.001256,interpolated,3.413,0.9677,0,0.9926,0.03749
human,plate22,flu-seqneut-2026-CTS-043,A/Hawaii/ISC-1140/2025_H1N1,plate22-A/Hawaii/ISC-1140/2025_H1N1,0.0006146,interpolated,0.0006146,0.0006146,interpolated,1.497,1,0,0.9717,0.06552
human,plate22,flu-seqneut-2026-CTS-043,A/Hessen/18/2026_H1N1,plate22-A/Hessen/18/2026_H1N1,0.002084,interpolated,0.002084,0.002084,interpolated,3.029,1,0,0.9887,0.04477
human,plate22,flu-seqneut-2026-CTS-043,A/Ireland/91576/2025_H3N2,plate22-A/Ireland/91576/2025_H3N2,0.001269,interpolated,0.001269,0.001269,interpolated,4.012,1,0,0.9991,0.01248
human,plate22,flu-seqneut-2026-CTS-043,A/Kentucky/80/2025_H1N1,plate22-A/Kentucky/80/2025_H1N1,0.002108,interpolated,0.002108,0.002108,interpolated,2.866,1,0,0.9878,0.04739
human,plate22,flu-seqneut-2026-CTS-043,A/Lisboa/216/2023_H3N2,plate22-A/Lisboa/216/2023_H3N2,0.000779,interpolated,0.000779,0.000779,interpolated,7.321,1,0,0.9988,0.01591
human,plate22,flu-seqneut-2026-CTS-043,A/Luxembourg/LNS9132577/2026_H3N2,plate22-A/Luxembourg/LNS9132577/2026_H3N2,0.001614,interpolated,0.001614,0.001614,interpolated,2.305,1,0,0.9963,0.02363
human,plate22,flu-seqneut-2026-CTS-043,A/Maine/25/2026_H1N1,plate22-A/Maine/25/2026_H1N1,0.001763,interpolated,0.001763,0.001763,interpolated,3.985,1,0,0.9749,0.06887
human,plate22,flu-seqneut-2026-CTS-043,A/Malaysia/IMR/SARI/2406/2025_H3N2,plate22-A/Malaysia/IMR/SARI/2406/2025_H3N2,0.00101,interpolated,0.00101,0.00101,interpolated,2.359,1,0,0.9998,0.005742
human,plate22,flu-seqneut-2026-CTS-043,A/Massachusetts/18/2022_H3N2,plate22-A/Massachusetts/18/2022_H3N2,0.0006945,interpolated,0.0008333,0.0008333,interpolated,1.973,0.849,0,1,0.001342
human,plate22,flu-seqneut-2026-CTS-043,A/Massachusetts/ISC-1856/2025_H3N2,plate22-A/Massachusetts/ISC-1856/2025_H3N2,0.001234,interpolated,0.001234,0.001234,interpolated,2.908,1,0,0.996,0.02421
human,plate22,flu-seqneut-2026-CTS-043,A/Mauritius/26000203/2026_H1N1,plate22-A/Mauritius/26000203/2026_H1N1,0.001514,interpolated,0.001514,0.001514,interpolated,5.393,1,0,0.9972,0.02459
human,plate22,flu-seqneut-2026-CTS-043,A/Michigan/8/2026_H3N2,plate22-A/Michigan/8/2026_H3N2,0.001216,interpolated,0.001216,0.001216,interpolated,3.902,1,0,0.9983,0.01653
human,plate22,flu-seqneut-2026-CTS-043,A/Michigan/UM-10068071276/2025_H3N2,plate22-A/Michigan/UM-10068071276/2025_H3N2,0.0006205,interpolated,0.0006205,0.0006205,interpolated,1.195,1,0,0.9032,0.1095
human,plate22,flu-seqneut-2026-CTS-043,A/Michigan/UM-10068134090/2025_H3N2,plate22-A/Michigan/UM-10068134090/2025_H3N2,0.001116,interpolated,0.001116,0.001116,interpolated,1.081,1,0,0.785,0.1855
human,plate22,flu-seqneut-2026-CTS-043,A/Michigan/UM-10068449788/2025_H3N2,plate22-A/Michigan/UM-10068449788/2025_H3N2,0.001562,interpolated,0.001691,0.001691,interpolated,3.681,0.8731,0,0.9477,0.08754
human,plate22,flu-seqneut-2026-CTS-043,A/Michigan/UM-10068456988/2025_H3N2,plate22-A/Michigan/UM-10068456988/2025_H3N2,0.001748,interpolated,0.001748,0.001748,interpolated,6.991,1,0,0.9889,0.04524
human,plate22,flu-seqneut-2026-CTS-043,A/Michigan/UM-10068747355/2026_H3N2,plate22-A/Michigan/UM-10068747355/2026_H3N2,0.0009097,interpolated,0.0009097,0.0009097,interpolated,3.979,1,0,0.9985,0.01675
human,plate22,flu-seqneut-2026-CTS-043,A/MinasGerais/410/2026_H1N1,plate22-A/MinasGerais/410/2026_H1N1,0.001735,interpolated,0.001736,0.001736,interpolated,5.105,0.9985,0,0.9696,0.07461
human,plate22,flu-seqneut-2026-CTS-043,A/MinasGerais/671/2026_H1N1,plate22-A/MinasGerais/671/2026_H1N1,0.001872,interpolated,0.001872,0.001872,interpolated,4.693,1,0,0.9945,0.03305
human,plate22,flu-seqneut-2026-CTS-043,A/Mississippi/20/2026_H1N1,plate22-A/Mississippi/20/2026_H1N1,0.000942,interpolated,0.000942,0.000942,interpolated,2.638,1,0,0.9936,0.03514
human,plate22,flu-seqneut-2026-CTS-043,A/Missouri/11/2025_cell_H1N1,plate22-A/Missouri/11/2025_cell_H1N1,0.001504,interpolated,0.001504,0.001504,interpolated,3.858,1,0,0.9979,0.02052
human,plate22,flu-seqneut-2026-CTS-043,A/Missouri/11/2025_egg_H1N1,plate22-A/Missouri/11/2025_egg_H1N1,0.0005526,interpolated,0.0005526,0.0005526,interpolated,2.804,1,0,0.9999,0.003482
human,plate22,flu-seqneut-2026-CTS-043,A/Missouri/NIRC-AV-1003/2025_H3N2,plate22-A/Missouri/NIRC-AV-1003/2025_H3N2,0.001185,interpolated,0.001185,0.001185,interpolated,3.909,1,0,0.9987,0.01455
human,plate22,flu-seqneut-2026-CTS-043,A/Montana/51/2025_H3N2,plate22-A/Montana/51/2025_H3N2,0.0008065,interpolated,0.0008065,0.0008065,interpolated,4.274,1,0,0.9903,0.04144
human,plate22,flu-seqneut-2026-CTS-043,A/NakhonPhanom/P495/2026_H3N2,plate22-A/NakhonPhanom/P495/2026_H3N2,0.0008982,interpolated,0.0008982,0.0008982,interpolated,3.183,1,0,0.998,0.01854
human,plate22,flu-seqneut-2026-CTS-043,A/Navarra/260009/2025_H3N2,plate22-A/Navarra/260009/2025_H3N2,0.001716,interpolated,0.001723,0.001723,interpolated,10,0.9795,0,0.9978,0.02059
human,plate22,flu-seqneut-2026-CTS-043,A/Nebraska/34/2026_H1N1,plate22-A/Nebraska/34/2026_H1N1,0.001322,interpolated,0.001322,0.001322,interpolated,2.526,1,0,0.997,0.02312
human,plate22,flu-seqneut-2026-CTS-043,A/Netherlands/10008/2026_H1N1,plate22-A/Netherlands/10008/2026_H1N1,0.001523,interpolated,0.001523,0.001523,interpolated,2.284,1,0,0.9912,0.03852
human,plate22,flu-seqneut-2026-CTS-043,A/Netherlands/2398/2025_H1N1,plate22-A/Netherlands/2398/2025_H1N1,0.003375,interpolated,0.003375,0.003375,interpolated,1.708,1,0,0.9731,0.06357
human,plate22,flu-seqneut-2026-CTS-043,A/Netherlands/543/2026_H1N1,plate22-A/Netherlands/543/2026_H1N1,0.001428,interpolated,0.001428,0.001428,interpolated,3.229,1,0,0.9969,0.02412
human,plate22,flu-seqneut-2026-CTS-043,A/Netherlands/864/2026_H1N1,plate22-A/Netherlands/864/2026_H1N1,0.001692,interpolated,0.001692,0.001692,interpolated,3.989,1,0,0.9929,0.037
human,plate22,flu-seqneut-2026-CTS-043,A/Netherlands/888/2026_H3N2,plate22-A/Netherlands/888/2026_H3N2,0.001728,interpolated,0.001728,0.001728,interpolated,8.381,1,0,0.995,0.03239
human,plate22,flu-seqneut-2026-CTS-043,A/Netherlands/968/2026_H3N2,plate22-A/Netherlands/968/2026_H3N2,0.00177,interpolated,0.00177,0.00177,interpolated,8.509,1,0,0.9946,0.03208
human,plate22,flu-seqneut-2026-CTS-043,A/NewBrunswick/NBPHLFLUA10B-MM00057R/2026_H1N1,plate22-A/NewBrunswick/NBPHLFLUA10B-MM00057R/2026_H1N1,0.001404,interpolated,0.001481,0.001481,interpolated,2.869,0.9294,0,0.9881,0.04415
human,plate22,flu-seqneut-2026-CTS-043,A/NewYork/NIRC-IS-1086/2026_H3N2,plate22-A/NewYork/NIRC-IS-1086/2026_H3N2,0.0005022,interpolated,0.0005022,0.0005022,interpolated,2.811,1,0,0.9981,0.01871
human,plate22,flu-seqneut-2026-CTS-043,A/NordrheinWestfalen/54/2026_H3N2,plate22-A/NordrheinWestfalen/54/2026_H3N2,0.001711,interpolated,0.001711,0.001711,interpolated,10,1,0,0.9972,0.02352
human,plate22,flu-seqneut-2026-CTS-043,A/NordrheinWestfalen/96/2026_H1N1,plate22-A/NordrheinWestfalen/96/2026_H1N1,0.001747,interpolated,0.001747,0.001747,interpolated,6.294,1,0,0.9908,0.04324
human,plate22,flu-seqneut-2026-CTS-043,A/Norway/9556/2025_H1N1,plate22-A/Norway/9556/2025_H1N1,0.001911,interpolated,0.001911,0.001911,interpolated,3.264,1,0,0.9835,0.056
human,plate22,flu-seqneut-2026-CTS-043,A/NovaScotia/25-365-06099/2025_H3N2,plate22-A/NovaScotia/25-365-06099/2025_H3N2,0.0004559,interpolated,0.0004559,0.0004559,interpolated,1.719,1,0,0.9366,0.1009
human,plate22,flu-seqneut-2026-CTS-043,A/Ohio/259/2024_H1N1,plate22-A/Ohio/259/2024_H1N1,0.0008127,interpolated,0.0008127,0.0008127,interpolated,1.286,1,0,0.847,0.1616
human,plate22,flu-seqneut-2026-CTS-043,A/Ontario/PHL202550193/2025_H3N2,plate22-A/Ontario/PHL202550193/2025_H3N2,0.001332,interpolated,0.001332,0.001332,interpolated,3.677,1,0,0.9948,0.03242
human,plate22,flu-seqneut-2026-CTS-043,A/Oregon/81/2025_H3N2,plate22-A/Oregon/81/2025_H3N2,0.001187,interpolated,0.001222,0.001222,interpolated,4.458,0.9393,0,0.9931,0.03515
human,plate22,flu-seqneut-2026-CTS-043,A/PaisVasco/70369726/2026_H1N1,plate22-A/PaisVasco/70369726/2026_H1N1,0.001523,interpolated,0.001523,0.001523,interpolated,4.78,1,0,0.9982,0.01905
human,plate22,flu-seqneut-2026-CTS-043,A/Parana/416133590/2026_H3N2,plate22-A/Parana/416133590/2026_H3N2,0.001219,interpolated,0.001219,0.001219,interpolated,2.694,1,0,0.9951,0.02667
human,plate22,flu-seqneut-2026-CTS-043,A/Peru/ANC-INS-062/2026_H3N2,plate22-A/Peru/ANC-INS-062/2026_H3N2,0.001002,interpolated,0.001002,0.001002,interpolated,4.463,1,0,0.9998,0.006222
human,plate22,flu-seqneut-2026-CTS-043,A/Rhode_Island/11/2026_H1N1,plate22-A/Rhode_Island/11/2026_H1N1,0.001767,interpolated,0.001767,0.001767,interpolated,6.27,1,0,0.9933,0.03699
human,plate22,flu-seqneut-2026-CTS-043,A/RiodeJaneiro/331/2026_H3N2,plate22-A/RiodeJaneiro/331/2026_H3N2,0.0004663,interpolated,0.0004663,0.0004663,interpolated,2.612,1,0,0.9952,0.02908
human,plate22,flu-seqneut-2026-CTS-043,A/Romania/612042/2026_H3N2,plate22-A/Romania/612042/2026_H3N2,0.001807,interpolated,0.001807,0.001807,interpolated,7.56,1,0,0.9988,0.0158
human,plate22,flu-seqneut-2026-CTS-043,A/SantaCatarina/508/2026_H3N2,plate22-A/SantaCatarina/508/2026_H3N2,0.001095,interpolated,0.00124,0.00124,interpolated,4.275,0.7938,0,0.9987,0.01182
human,plate22,flu-seqneut-2026-CTS-043,A/Saskatchewan/SKFLU477299/2025_H3N2,plate22-A/Saskatchewan/SKFLU477299/2025_H3N2,0.0009479,interpolated,0.0009479,0.0009479,interpolated,3.391,1,0,0.997,0.02351
human,plate22,flu-seqneut-2026-CTS-043,A/Saskatchewan/SKFLU477727/2025_H3N2,plate22-A/Saskatchewan/SKFLU477727/2025_H3N2,0.001778,interpolated,0.001778,0.001778,interpolated,4.277,1,0,0.9772,0.06561
human,plate22,flu-seqneut-2026-CTS-043,A/Saskatchewan/SKFLU490586/2026_H1N1,plate22-A/Saskatchewan/SKFLU490586/2026_H1N1,0.001788,interpolated,0.001788,0.001788,interpolated,7.906,1,0,0.9987,0.01652
human,plate22,flu-seqneut-2026-CTS-043,A/Singapore/GP20238/2024_H3N2,plate22-A/Singapore/GP20238/2024_H3N2,0.0005464,interpolated,0.0005464,0.0005464,interpolated,2.734,1,0,0.9934,0.03047
human,plate22,flu-seqneut-2026-CTS-043,A/Singapore/KK2768/2025_H1N1,plate22-A/Singapore/KK2768/2025_H1N1,0.001734,interpolated,0.001734,0.001734,interpolated,5.11,1,0,0.9761,0.06813
human,plate22,flu-seqneut-2026-CTS-043,A/Singapore/MOH0547/2024_H1N1,plate22-A/Singapore/MOH0547/2024_H1N1,0.001122,interpolated,0.001122,0.001122,interpolated,3.638,1,0,0.996,0.02719
human,plate22,flu-seqneut-2026-CTS-043,A/Singapore/NTF0577/2025_H3N2,plate22-A/Singapore/NTF0577/2025_H3N2,0.001236,interpolated,0.001257,0.001257,interpolated,3.63,0.9697,0,0.9849,0.05037
human,plate22,flu-seqneut-2026-CTS-043,A/Singapore/SAR8915/2025_H3N2,plate22-A/Singapore/SAR8915/2025_H3N2,0.001106,interpolated,0.001193,0.001193,interpolated,3.332,0.8895,0,0.9704,0.06752
human,plate22,flu-seqneut-2026-CTS-043,A/SouthAfrica/NHLS-SU-CERI-C075557/2026_H1N1,plate22-A/SouthAfrica/NHLS-SU-CERI-C075557/2026_H1N1,0.001312,interpolated,0.001312,0.001312,interpolated,2.188,1,0,0.9948,0.03074
human,plate22,flu-seqneut-2026-CTS-043,A/SouthAfrica/NICD-R01647/2026_H1N1,plate22-A/SouthAfrica/NICD-R01647/2026_H1N1,0.001639,interpolated,0.001639,0.001639,interpolated,3.591,1,0,0.9953,0.03039
human,plate22,flu-seqneut-2026-CTS-043,A/SouthAfrica/NICD-R01668/2026_H1N1,plate22-A/SouthAfrica/NICD-R01668/2026_H1N1,0.001723,interpolated,0.001723,0.001723,interpolated,6.197,1,0,0.9838,0.05681
human,plate22,flu-seqneut-2026-CTS-043,A/SouthAfrica/PATH-CERI-C073358/2025_H1N1,plate22-A/SouthAfrica/PATH-CERI-C073358/2025_H1N1,0.001189,interpolated,0.001189,0.001189,interpolated,2.165,1,0,0.9966,0.02496
human,plate22,flu-seqneut-2026-CTS-043,A/SouthAfrica/PATH-CERI-C073366/2025_H1N1,plate22-A/SouthAfrica/PATH-CERI-C073366/2025_H1N1,0.001919,interpolated,0.001919,0.001919,interpolated,3.067,1,0,0.9766,0.06554
human,plate22,flu-seqneut-2026-CTS-043,A/SouthAfrica/PATH-CERI-C075119/2026_H1N1,plate22-A/SouthAfrica/PATH-CERI-C075119/2026_H1N1,0.001282,interpolated,0.001282,0.001282,interpolated,2.378,1,0,0.995,0.0293
human,plate22,flu-seqneut-2026-CTS-043,A/SouthAustralia/2605715552/2026_H3N2,plate22-A/SouthAustralia/2605715552/2026_H3N2,0.001777,interpolated,0.001777,0.001777,interpolated,8.375,1,0,0.9977,0.02208
human,plate22,flu-seqneut-2026-CTS-043,A/SouthCarolina/USAFSAM-17046/2026_H3N2,plate22-A/SouthCarolina/USAFSAM-17046/2026_H3N2,0.0004029,interpolated,0.0004044,0.0004044,interpolated,7.1,0.987,0,0.9998,0.003201
human,plate22,flu-seqneut-2026-CTS-043,A/South_Australia/2523812314/2025_H3N2,plate22-A/South_Australia/2523812314/2025_H3N2,0.0005595,interpolated,0.0005595,0.0005595,interpolated,1.742,1,0,0.9623,0.06885
human,plate22,flu-seqneut-2026-CTS-043,A/South_Australia/2527213276/2025_H3N2,plate22-A/South_Australia/2527213276/2025_H3N2,0.0003928,interpolated,0.0003928,0.0003928,interpolated,1.883,1,0,0.9221,0.1113
human,plate22,flu-seqneut-2026-CTS-043,A/StPetersburg/RII-25-2042S/2025_H3N2,plate22-A/StPetersburg/RII-25-2042S/2025_H3N2,0.001489,interpolated,0.001489,0.001489,interpolated,4.909,1,0,0.9892,0.04404
human,plate22,flu-seqneut-2026-CTS-043,A/StPetersburg/RII-25-2321S/2025_H3N2,plate22-A/StPetersburg/RII-25-2321S/2025_H3N2,0.001669,interpolated,0.001669,0.001669,interpolated,10,1,0,0.9978,0.0213
human,plate22,flu-seqneut-2026-CTS-043,A/StPetersburg/RII-25-2506S/2026_H3N2,plate22-A/StPetersburg/RII-25-2506S/2026_H3N2,0.001774,interpolated,0.001774,0.001774,interpolated,7.563,1,0,0.997,0.025
human,plate22,flu-seqneut-2026-CTS-043,A/StPetersburg/RII-25-2600S/2026_H3N2,plate22-A/StPetersburg/RII-25-2600S/2026_H3N2,0.001479,interpolated,0.001479,0.001479,interpolated,3.939,1,0,0.9988,0.01436
human,plate22,flu-seqneut-2026-CTS-043,A/Switzerland/UN-SNRCI-HUG-053/2025_H1N1,plate22-A/Switzerland/UN-SNRCI-HUG-053/2025_H1N1,0.004062,interpolated,0.004062,0.004062,interpolated,1.334,1,0,0.815,0.1627
human,plate22,flu-seqneut-2026-CTS-043,A/Sydney/1359/2024_H3N2,plate22-A/Sydney/1359/2024_H3N2,0.0009341,interpolated,0.0009341,0.0009341,interpolated,4.634,1,0,0.9997,0.00795
human,plate22,flu-seqneut-2026-CTS-043,A/Sydney/50/2026_H1N1,plate22-A/Sydney/50/2026_H1N1,0.003776,interpolated,0.003776,0.003776,interpolated,1.405,1,0,0.9596,0.07517
human,plate22,flu-seqneut-2026-CTS-043,A/Texas/29/2026_H1N1,plate22-A/Texas/29/2026_H1N1,0.001784,interpolated,0.001784,0.001784,interpolated,5.504,1,0,0.9917,0.04065
human,plate22,flu-seqneut-2026-CTS-043,A/Thailand/8/2022_H3N2,plate22-A/Thailand/8/2022_H3N2,0.0005716,interpolated,0.0005716,0.0005716,interpolated,2.289,1,0,0.9966,0.0244
human,plate22,flu-seqneut-2026-CTS-043,A/Thuringen/16/2026_H3N2,plate22-A/Thuringen/16/2026_H3N2,0.001018,interpolated,0.001018,0.001018,interpolated,3.775,1,0,0.9983,0.01599
human,plate22,flu-seqneut-2026-CTS-043,A/Thuringen/39/2026_H3N2,plate22-A/Thuringen/39/2026_H3N2,0.0005702,interpolated,0.0005702,0.0005702,interpolated,1.692,1,0,0.9797,0.05618
human,plate22,flu-seqneut-2026-CTS-043,A/Tokyo/EIS11-277/2024_H1N1,plate22-A/Tokyo/EIS11-277/2024_H1N1,0.001315,interpolated,0.001322,0.001322,interpolated,1.45,0.9964,0,0.9774,0.05981
human,plate22,flu-seqneut-2026-CTS-043,A/Trieste/257/2025_H3N2,plate22-A/Trieste/257/2025_H3N2,0.001545,interpolated,0.001553,0.001553,interpolated,4.804,0.9869,0,0.9991,0.01325
human,plate22,flu-seqneut-2026-CTS-043,A/Trieste/380/2026_H3N2,plate22-A/Trieste/380/2026_H3N2,0.001746,interpolated,0.001746,0.001746,interpolated,7.324,1,0,0.9955,0.03059
human,plate22,flu-seqneut-2026-CTS-043,A/Ukraine/5214/2026_H1N1,plate22-A/Ukraine/5214/2026_H1N1,0.001897,interpolated,0.001897,0.001897,interpolated,3.686,1,0,0.9883,0.04719
human,plate22,flu-seqneut-2026-CTS-043,A/Uppsala/SE26-01293/2026_H1N1,plate22-A/Uppsala/SE26-01293/2026_H1N1,0.001241,interpolated,0.001241,0.001241,interpolated,1.887,1,0,0.9906,0.04114
human,plate22,flu-seqneut-2026-CTS-043,A/Valencia/VAHNSI_09_02564/2025_H1N1,plate22-A/Valencia/VAHNSI_09_02564/2025_H1N1,0.001422,interpolated,0.001422,0.001422,interpolated,2.155,1,0,0.996,0.02626
human,plate22,flu-seqneut-2026-CTS-043,A/Victoria/2948/2025_H3N2,plate22-A/Victoria/2948/2025_H3N2,0.00126,interpolated,0.00126,0.00126,interpolated,2.527,1,0,0.9586,0.08219
human,plate22,flu-seqneut-2026-CTS-043,A/Victoria/4897/2022_IVR-238_H1N1,plate22-A/Victoria/4897/2022_IVR-238_H1N1,0.001089,interpolated,0.001089,0.001089,interpolated,4.633,1,0,0.9999,0.004529
human,plate22,flu-seqneut-2026-CTS-043,A/Vietnam/F7324/2024_H3N2,plate22-A/Vietnam/F7324/2024_H3N2,0.000794,interpolated,0.000813,0.000813,interpolated,2.411,0.9723,0,0.9888,0.04175
human,plate22,flu-seqneut-2026-CTS-043,A/Vietnam/PF125413/2025_H1N1,plate22-A/Vietnam/PF125413/2025_H1N1,0.002768,interpolated,0.002768,0.002768,interpolated,4.344,1,0,0.9991,0.01327
human,plate22,flu-seqneut-2026-CTS-043,A/Vietnam/PF126009/2026_H1N1,plate22-A/Vietnam/PF126009/2026_H1N1,0.001833,interpolated,0.001833,0.001833,interpolated,3.405,1,0,0.9678,0.07517
human,plate22,flu-seqneut-2026-CTS-043,A/Virginia/82/2025_H1N1,plate22-A/Virginia/82/2025_H1N1,0.00177,interpolated,0.00177,0.00177,interpolated,5.201,1,0,0.9834,0.05474
human,plate22,flu-seqneut-2026-CTS-043,A/Wisconsin/588/2019_H1N1,plate22-A/Wisconsin/588/2019_H1N1,0.00119,interpolated,0.00119,0.00119,interpolated,3.769,1,0,0.9736,0.06881
human,plate22,flu-seqneut-2026-CTS-043,A/Wisconsin/67/2022_H1N1,plate22-A/Wisconsin/67/2022_H1N1,0.001141,interpolated,0.001141,0.001141,interpolated,2.425,1,0,0.9953,0.0299
human,plate22,flu-seqneut-2026-CTS-043,A/Zacapa/FLU-012/2025_H1N1,plate22-A/Zacapa/FLU-012/2025_H1N1,0.001495,interpolated,0.001495,0.001495,interpolated,4.306,1,0,0.9989,0.01478
human,plate22,flu-seqneut-2026-CTS-043,A/Zambia/6-NIC-014/2026_H1N1,plate22-A/Zambia/6-NIC-014/2026_H1N1,0.001712,interpolated,0.001712,0.001712,interpolated,8.569,1,0,0.992,0.0407
human,plate22,flu-seqneut-2026-CTS-043,A/Zambia/7-NIC-313/2026_H1N1,plate22-A/Zambia/7-NIC-313/2026_H1N1,0.001743,interpolated,0.001743,0.001743,interpolated,8.385,1,0,0.9968,0.02616
human,plate22,flu-seqneut-2026-CTS-044,A/Andalucia/PMC-01217/2025_H1N1,plate22-A/Andalucia/PMC-01217/2025_H1N1,0.00109,interpolated,0.00109,0.00109,interpolated,1.839,1,0,0.9934,0.03174
human,plate22,flu-seqneut-2026-CTS-044,A/Astrakhan/RII-MH273373S/2025_H3N2,plate22-A/Astrakhan/RII-MH273373S/2025_H3N2,0.0005277,interpolated,0.0005277,0.0005277,interpolated,1.709,1,0,0.9517,0.07523
human,plate22,flu-seqneut-2026-CTS-044,A/Badajoz/18811358/2026_H3N2,plate22-A/Badajoz/18811358/2026_H3N2,0.001497,interpolated,0.001539,0.001539,interpolated,3.99,0.9474,0,0.9918,0.03778
human,plate22,flu-seqneut-2026-CTS-044,A/Blaenavon/6687/2026_H3N2,plate22-A/Blaenavon/6687/2026_H3N2,0.001372,interpolated,0.001372,0.001372,interpolated,1.565,1,0,0.96,0.07966
human,plate22,flu-seqneut-2026-CTS-044,A/California/GKISBBBH79910/2026_H3N2,plate22-A/California/GKISBBBH79910/2026_H3N2,0.0008884,interpolated,0.0008884,0.0008884,interpolated,1.121,1,0,0.8607,0.1321
human,plate22,flu-seqneut-2026-CTS-044,A/California/NIRC-IS-1019/2026_H1N1,plate22-A/California/NIRC-IS-1019/2026_H1N1,0.001866,interpolated,0.0019,0.0019,interpolated,10,0.9179,0,0.9617,0.08306
human,plate22,flu-seqneut-2026-CTS-044,A/Darwin/1415/2025_H3N2,plate22-A/Darwin/1415/2025_H3N2,0.001631,interpolated,0.001771,0.001771,interpolated,10,0.7185,0,0.6645,0.2411
human,plate22,flu-seqneut-2026-CTS-044,A/Denmark/3940/2025_H3N2,plate22-A/Denmark/3940/2025_H3N2,0.001402,interpolated,0.001402,0.001402,interpolated,3.815,1,0,0.9487,0.09258
human,plate22,flu-seqneut-2026-CTS-044,A/Denmark/4547/2025_H1N1,plate22-A/Denmark/4547/2025_H1N1,0.001379,interpolated,0.001498,0.001498,interpolated,3.783,0.8663,0,0.9521,0.08464
human,plate22,flu-seqneut-2026-CTS-044,A/France/ARA-HCL026031894402/2026_H3N2,plate22-A/France/ARA-HCL026031894402/2026_H3N2,0.001245,interpolated,0.001332,0.001332,interpolated,2.588,0.9198,0,0.9693,0.0664
human,plate22,flu-seqneut-2026-CTS-044,A/France/HDF-RELAB-IPP00300/2026_H3N2,plate22-A/France/HDF-RELAB-IPP00300/2026_H3N2,0.0005588,interpolated,0.0005588,0.0005588,interpolated,1.533,1,0,0.9377,0.08454
human,plate22,flu-seqneut-2026-CTS-044,A/France/NAQ-HCL026046169102/2025_H1N1,plate22-A/France/NAQ-HCL026046169102/2025_H1N1,0.0008205,interpolated,0.0008205,0.0008205,interpolated,2.059,1,0,0.9884,0.04206
human,plate22,flu-seqneut-2026-CTS-044,A/France/OCC-HCL026013263701/2026_H3N2,plate22-A/France/OCC-HCL026013263701/2026_H3N2,0.001593,interpolated,0.001593,0.001593,interpolated,4.775,1,0,0.8653,0.1487
human,plate22,flu-seqneut-2026-CTS-044,A/Hawaii/70/2019_H1N1,plate22-A/Hawaii/70/2019_H1N1,0.0003894,interpolated,0.0003894,0.0003894,interpolated,2.307,1,0,0.9412,0.08573
human,plate22,flu-seqneut-2026-CTS-044,A/Hawaii/ISC-1140/2025_H1N1,plate22-A/Hawaii/ISC-1140/2025_H1N1,0.0004938,interpolated,0.0004938,0.0004938,interpolated,1.591,1,0,0.9086,0.1063
human,plate22,flu-seqneut-2026-CTS-044,A/Lisboa/216/2023_H3N2,plate22-A/Lisboa/216/2023_H3N2,0.005588,interpolated,0.006076,0.006076,interpolated,10,0.7165,0,0.812,0.1622
human,plate22,flu-seqneut-2026-CTS-044,A/Michigan/UM-10068134090/2025_H3N2,plate22-A/Michigan/UM-10068134090/2025_H3N2,0.00172,interpolated,0.001873,0.001873,interpolated,10,0.7129,0,0.6919,0.2164
human,plate22,flu-seqneut-2026-CTS-044,A/Michigan/UM-10068747355/2026_H3N2,plate22-A/Michigan/UM-10068747355/2026_H3N2,0.001376,interpolated,0.001391,0.001391,interpolated,2.356,0.9872,0,0.9983,0.01707
human,plate22,flu-seqneut-2026-CTS-044,A/MinasGerais/410/2026_H1N1,plate22-A/MinasGerais/410/2026_H1N1,0.001402,interpolated,0.001402,0.001402,interpolated,3.604,1,0,0.9998,0.00556
human,plate22,flu-seqneut-2026-CTS-044,A/Mississippi/20/2026_H1N1,plate22-A/Mississippi/20/2026_H1N1,0.001392,interpolated,0.001392,0.001392,interpolated,2.85,1,0,0.9993,0.01113
human,plate22,flu-seqneut-2026-CTS-044,A/Netherlands/10008/2026_H1N1,plate22-A/Netherlands/10008/2026_H1N1,0.001338,interpolated,0.001428,0.001428,interpolated,1.451,0.9548,0,0.9508,0.08287
human,plate22,flu-seqneut-2026-CTS-044,A/Netherlands/543/2026_H1N1,plate22-A/Netherlands/543/2026_H1N1,0.001414,interpolated,0.001414,0.001414,interpolated,2.617,1,0,0.9988,0.0146
human,plate22,flu-seqneut-2026-CTS-044,A/NewBrunswick/NBPHLFLUA10B-MM00057R/2026_H1N1,plate22-A/NewBrunswick/NBPHLFLUA10B-MM00057R/2026_H1N1,0.001844,interpolated,0.001885,0.001885,interpolated,10,0.9009,0,0.9451,0.09945
human,plate22,flu-seqneut-2026-CTS-044,A/NovaScotia/25-365-06099/2025_H3N2,plate22-A/NovaScotia/25-365-06099/2025_H3N2,0.0004147,interpolated,0.0004147,0.0004147,interpolated,1.645,1,0,0.86,0.1245
human,plate22,flu-seqneut-2026-CTS-044,A/Ohio/259/2024_H1N1,plate22-A/Ohio/259/2024_H1N1,0.000655,interpolated,0.000655,0.000655,interpolated,1.805,1,0,0.9837,0.04717
human,plate22,flu-seqneut-2026-CTS-044,A/PaisVasco/70369726/2026_H1N1,plate22-A/PaisVasco/70369726/2026_H1N1,0.001571,interpolated,0.001645,0.001645,interpolated,2.672,0.9421,0,0.9896,0.04096
human,plate22,flu-seqneut-2026-CTS-044,A/Rhode_Island/11/2026_H1N1,plate22-A/Rhode_Island/11/2026_H1N1,0.001872,interpolated,0.001929,0.001929,interpolated,10,0.8713,0,0.9577,0.08333
human,plate22,flu-seqneut-2026-CTS-044,A/RiodeJaneiro/331/2026_H3N2,plate22-A/RiodeJaneiro/331/2026_H3N2,0.001389,interpolated,0.001389,0.001389,interpolated,1.002,1,0,0.7743,0.169
human,plate22,flu-seqneut-2026-CTS-044,A/SantaCatarina/508/2026_H3N2,plate22-A/SantaCatarina/508/2026_H3N2,0.0009182,interpolated,0.0009182,0.0009182,interpolated,1.359,1,0,0.9277,0.09679
human,plate22,flu-seqneut-2026-CTS-044,A/Saskatchewan/SKFLU490586/2026_H1N1,plate22-A/Saskatchewan/SKFLU490586/2026_H1N1,0.001725,interpolated,0.001783,0.001783,interpolated,10,0.8611,0,0.9574,0.08478
human,plate22,flu-seqneut-2026-CTS-044,A/Singapore/MOH0547/2024_H1N1,plate22-A/Singapore/MOH0547/2024_H1N1,0.00126,interpolated,0.00126,0.00126,interpolated,4.89,1,0,0.9996,0.009575
human,plate22,flu-seqneut-2026-CTS-044,A/SouthAfrica/NHLS-SU-CERI-C075557/2026_H1N1,plate22-A/SouthAfrica/NHLS-SU-CERI-C075557/2026_H1N1,0.001573,interpolated,0.001573,0.001573,interpolated,3.042,1,0,0.9996,0.008311
human,plate22,flu-seqneut-2026-CTS-044,A/SouthAfrica/PATH-CERI-C073358/2025_H1N1,plate22-A/SouthAfrica/PATH-CERI-C073358/2025_H1N1,0.001774,interpolated,0.001803,0.001803,interpolated,10,0.926,0,0.9803,0.05979
human,plate22,flu-seqneut-2026-CTS-044,A/SouthAfrica/PATH-CERI-C075119/2026_H1N1,plate22-A/SouthAfrica/PATH-CERI-C075119/2026_H1N1,0.001667,interpolated,0.001687,0.001687,interpolated,4.79,0.9728,0,0.9982,0.01861
human,plate22,flu-seqneut-2026-CTS-044,A/South_Australia/2523812314/2025_H3N2,plate22-A/South_Australia/2523812314/2025_H3N2,0.0006297,interpolated,0.0006297,0.0006297,interpolated,1.379,1,0,0.9214,0.09697
human,plate22,flu-seqneut-2026-CTS-044,A/South_Australia/2527213276/2025_H3N2,plate22-A/South_Australia/2527213276/2025_H3N2,0.0005441,interpolated,0.0005441,0.0005441,interpolated,2.491,1,0,0.9928,0.03212
human,plate22,flu-seqneut-2026-CTS-044,A/Thuringen/39/2026_H3N2,plate22-A/Thuringen/39/2026_H3N2,0.001765,interpolated,0.001806,0.001806,interpolated,10,0.8976,0,0.9251,0.1121
human,plate22,flu-seqneut-2026-CTS-044,A/Uppsala/SE26-01293/2026_H1N1,plate22-A/Uppsala/SE26-01293/2026_H1N1,0.001714,interpolated,0.001818,0.001818,interpolated,10,0.7768,0,0.8784,0.1325
human,plate22,flu-seqneut-2026-CTS-044,A/Wisconsin/588/2019_H1N1,plate22-A/Wisconsin/588/2019_H1N1,0.0004563,interpolated,0.0004563,0.0004563,interpolated,1.853,1,0,0.9303,0.09419
human,plate22,flu-seqneut-2026-CTS-044,A/Wisconsin/67/2022_H1N1,plate22-A/Wisconsin/67/2022_H1N1,0.001775,interpolated,0.001812,0.001812,interpolated,10,0.9067,0,0.9528,0.09381
human,plate22,flu-seqneut-2026-CTS-044,A/Zambia/7-NIC-313/2026_H1N1,plate22-A/Zambia/7-NIC-313/2026_H1N1,0.001424,interpolated,0.001424,0.001424,interpolated,4.907,1,0,1,0.00209
human,plate22,flu-seqneut-2026-CTS-045,A/Andalucia/PMC-01217/2025_H1N1,plate22-A/Andalucia/PMC-01217/2025_H1N1,0.001103,interpolated,0.001103,0.001103,interpolated,0.9901,1,0,0.9443,0.0873
human,plate22,flu-seqneut-2026-CTS-045,A/Astrakhan/RII-MH273373S/2025_H3N2,plate22-A/Astrakhan/RII-MH273373S/2025_H3N2,0.002189,interpolated,0.002463,0.002463,interpolated,1.905,0.8996,0,0.8976,0.1367
human,plate22,flu-seqneut-2026-CTS-045,A/Colorado/218/2024_H1N1,plate22-A/Colorado/218/2024_H1N1,0.002809,interpolated,0.002809,0.002809,interpolated,0.941,1,0,0.9295,0.09808
human,plate22,flu-seqneut-2026-CTS-045,A/Connecticut/5/2026_H3N2,plate22-A/Connecticut/5/2026_H3N2,0.0008671,interpolated,0.0008671,0.0008671,interpolated,1.09,1,0,0.915,0.114
human,plate22,flu-seqneut-2026-CTS-045,A/Darwin/1415/2025_H3N2,plate22-A/Darwin/1415/2025_H3N2,0.0003248,interpolated,0.0003248,0.0003248,interpolated,5.711,1,0,0.9726,0.07112
human,plate22,flu-seqneut-2026-CTS-045,A/Denmark/4547/2025_H1N1,plate22-A/Denmark/4547/2025_H1N1,0.002331,interpolated,0.002454,0.002454,interpolated,0.8,0.9798,0,0.7364,0.1899
human,plate22,flu-seqneut-2026-CTS-045,A/France/ARA-HCL026031894402/2026_H3N2,plate22-A/France/ARA-HCL026031894402/2026_H3N2,0.0008764,interpolated,0.0008764,0.0008764,interpolated,4.799,1,0,1,0.002251
human,plate22,flu-seqneut-2026-CTS-045,A/France/GES-IPP00659/2026_H1N1,plate22-A/France/GES-IPP00659/2026_H1N1,0.007522,interpolated,0.007884,0.007884,interpolated,3.372,0.9268,0,0.9484,0.08903
human,plate22,flu-seqneut-2026-CTS-045,A/France/GES-IPP01077/2026_H3N2,plate22-A/France/GES-IPP01077/2026_H3N2,0.0004791,interpolated,0.0004791,0.0004791,interpolated,1.487,1,0,0.8828,0.141
human,plate22,flu-seqneut-2026-CTS-045,A/France/HDF-RELAB-IPP00300/2026_H3N2,plate22-A/France/HDF-RELAB-IPP00300/2026_H3N2,0.0003835,interpolated,0.0003835,0.0003835,interpolated,1.98,1,0,0.8944,0.1324
human,plate22,flu-seqneut-2026-CTS-045,A/France/NAQ-HCL026046169102/2025_H1N1,plate22-A/France/NAQ-HCL026046169102/2025_H1N1,0.001506,interpolated,0.001506,0.001506,interpolated,0.9712,1,0,0.9544,0.08045
human,plate22,flu-seqneut-2026-CTS-045,A/Hawaii/70/2019_H1N1,plate22-A/Hawaii/70/2019_H1N1,0.0005645,interpolated,0.0005645,0.0005645,interpolated,1.811,1,0,0.9792,0.05957
human,plate22,flu-seqneut-2026-CTS-045,A/Hawaii/ISC-1140/2025_H1N1,plate22-A/Hawaii/ISC-1140/2025_H1N1,0.0004781,interpolated,0.0004781,0.0004781,interpolated,1.562,1,0,0.8936,0.1272
human,plate22,flu-seqneut-2026-CTS-045,A/Kentucky/80/2025_H1N1,plate22-A/Kentucky/80/2025_H1N1,0.001496,interpolated,0.001496,0.001496,interpolated,0.9706,1,0,0.895,0.1273
human,plate22,flu-seqneut-2026-CTS-045,A/Lisboa/216/2023_H3N2,plate22-A/Lisboa/216/2023_H3N2,0.0007836,interpolated,0.0007836,0.0007836,interpolated,3.13,1,0,0.9993,0.01156
human,plate22,flu-seqneut-2026-CTS-045,A/Mauritius/26000203/2026_H1N1,plate22-A/Mauritius/26000203/2026_H1N1,0.002594,interpolated,0.002594,0.002594,interpolated,0.9779,1,0,0.9764,0.05695
human,plate22,flu-seqneut-2026-CTS-045,A/Michigan/UM-10068071276/2025_H3N2,plate22-A/Michigan/UM-10068071276/2025_H3N2,0.000345,interpolated,0.000345,0.000345,interpolated,4.773,1,0,0.991,0.04114
human,plate22,flu-seqneut-2026-CTS-045,A/Michigan/UM-10068134090/2025_H3N2,plate22-A/Michigan/UM-10068134090/2025_H3N2,0.0004176,interpolated,0.0004176,0.0004176,interpolated,1.626,1,0,0.8749,0.1389
human,plate22,flu-seqneut-2026-CTS-045,A/Mississippi/20/2026_H1N1,plate22-A/Mississippi/20/2026_H1N1,0.001036,interpolated,0.001036,0.001036,interpolated,0.8,1,0,0.6019,0.2246
human,plate22,flu-seqneut-2026-CTS-045,A/NakhonPhanom/P495/2026_H3N2,plate22-A/NakhonPhanom/P495/2026_H3N2,0.0005159,interpolated,0.0005159,0.0005159,interpolated,1.691,1,0,0.9515,0.0883
human,plate22,flu-seqneut-2026-CTS-045,A/Netherlands/10008/2026_H1N1,plate22-A/Netherlands/10008/2026_H1N1,0.002083,interpolated,0.002083,0.002083,interpolated,0.8485,1,0,0.928,0.09639
human,plate22,flu-seqneut-2026-CTS-045,A/NewBrunswick/NBPHLFLUA10B-MM00057R/2026_H1N1,plate22-A/NewBrunswick/NBPHLFLUA10B-MM00057R/2026_H1N1,0.002243,interpolated,0.002243,0.002243,interpolated,0.9735,1,0,0.9693,0.0654
human,plate22,flu-seqneut-2026-CTS-045,A/NovaScotia/25-365-06099/2025_H3N2,plate22-A/NovaScotia/25-365-06099/2025_H3N2,0.0003224,interpolated,0.0003224,0.0003224,interpolated,5.121,1,0,0.9499,0.09387
human,plate22,flu-seqneut-2026-CTS-045,A/Ohio/259/2024_H1N1,plate22-A/Ohio/259/2024_H1N1,0.0008994,interpolated,0.0008994,0.0008994,interpolated,1.024,1,0,0.9181,0.1055
human,plate22,flu-seqneut-2026-CTS-045,A/SantaCatarina/508/2026_H3N2,plate22-A/SantaCatarina/508/2026_H3N2,0.0005536,interpolated,0.0005536,0.0005536,interpolated,1.735,1,0,0.9689,0.07102
human,plate22,flu-seqneut-2026-CTS-045,A/Singapore/MOH0547/2024_H1N1,plate22-A/Singapore/MOH0547/2024_H1N1,0.0008754,interpolated,0.0008754,0.0008754,interpolated,10,1,0,0.9759,0.06463
human,plate22,flu-seqneut-2026-CTS-045,A/SouthAfrica/NHLS-SU-CERI-C075557/2026_H1N1,plate22-A/SouthAfrica/NHLS-SU-CERI-C075557/2026_H1N1,0.002637,interpolated,0.002637,0.002637,interpolated,0.8506,1,0,0.9307,0.0935
human,plate22,flu-seqneut-2026-CTS-045,A/SouthAfrica/PATH-CERI-C073358/2025_H1N1,plate22-A/SouthAfrica/PATH-CERI-C073358/2025_H1N1,0.0009742,interpolated,0.0009742,0.0009742,interpolated,0.9787,1,0,0.9087,0.1134
human,plate22,flu-seqneut-2026-CTS-045,A/SouthAfrica/PATH-CERI-C075119/2026_H1N1,plate22-A/SouthAfrica/PATH-CERI-C075119/2026_H1N1,0.003213,interpolated,0.003213,0.003213,interpolated,0.9704,1,0,0.9314,0.09867
human,plate22,flu-seqneut-2026-CTS-045,A/South_Australia/2527213276/2025_H3N2,plate22-A/South_Australia/2527213276/2025_H3N2,0.0003508,interpolated,0.0003508,0.0003508,interpolated,1.647,1,0,0.9918,0.03362
human,plate22,flu-seqneut-2026-CTS-045,A/Thuringen/39/2026_H3N2,plate22-A/Thuringen/39/2026_H3N2,0.0007874,interpolated,0.0007874,0.0007874,interpolated,1.013,1,0,0.8626,0.1427
human,plate22,flu-seqneut-2026-CTS-045,A/Tokyo/EIS11-277/2024_H1N1,plate22-A/Tokyo/EIS11-277/2024_H1N1,0.0007537,interpolated,0.0007537,0.0007537,interpolated,0.9448,1,0,0.829,0.1508
human,plate22,flu-seqneut-2026-CTS-045,A/Uppsala/SE26-01293/2026_H1N1,plate22-A/Uppsala/SE26-01293/2026_H1N1,0.001332,interpolated,0.001684,0.001684,interpolated,1.037,0.8921,0,0.8939,0.1144
human,plate22,flu-seqneut-2026-CTS-045,A/Victoria/2948/2025_H3N2,plate22-A/Victoria/2948/2025_H3N2,0.001346,interpolated,0.001346,0.001346,interpolated,1.127,1,0,0.9289,0.1089
human,plate22,flu-seqneut-2026-CTS-045,A/Victoria/4897/2022_IVR-238_H1N1,plate22-A/Victoria/4897/2022_IVR-238_H1N1,0.002332,interpolated,0.002332,0.002332,interpolated,2.004,1,0,0.9993,0.01195
human,plate22,flu-seqneut-2026-CTS-045,A/Wisconsin/588/2019_H1N1,plate22-A/Wisconsin/588/2019_H1N1,0.001039,interpolated,0.001039,0.001039,interpolated,0.9186,1,0,0.8644,0.1408
human,plate22,flu-seqneut-2026-CTS-045,A/Zambia/7-NIC-313/2026_H1N1,plate22-A/Zambia/7-NIC-313/2026_H1N1,0.002587,interpolated,0.002587,0.002587,interpolated,0.9974,1,0,0.9407,0.09334
human,plate22,flu-seqneut-2026-CTS-047,A/Andalucia/PMC-00977/2025_H1N1,plate22-A/Andalucia/PMC-00977/2025_H1N1,0.0005507,interpolated,0.0005507,0.0005507,interpolated,4.533,1,0,1,0.001921
human,plate22,flu-seqneut-2026-CTS-047,A/Andalucia/PMC-01217/2025_H1N1,plate22-A/Andalucia/PMC-01217/2025_H1N1,0.0004115,interpolated,0.0004115,0.0004115,interpolated,3.081,1,0,0.9942,0.03292
human,plate22,flu-seqneut-2026-CTS-047,A/Andalucia/PMC-01495/2025_H1N1,plate22-A/Andalucia/PMC-01495/2025_H1N1,0.0004541,interpolated,0.0004541,0.0004541,interpolated,2.949,1,0,0.9967,0.02482
human,plate22,flu-seqneut-2026-CTS-047,A/Arizona/40/2026_H1N1,plate22-A/Arizona/40/2026_H1N1,0.0004526,interpolated,0.0004526,0.0004526,interpolated,3.762,1,0,0.9994,0.01081
human,plate22,flu-seqneut-2026-CTS-047,A/Astrakhan/RII-MH273373S/2025_H3N2,plate22-A/Astrakhan/RII-MH273373S/2025_H3N2,0.0009513,interpolated,0.0009513,0.0009513,interpolated,2.08,1,0,0.9845,0.04981
human,plate22,flu-seqneut-2026-CTS-047,A/Asturias/232590913/2025_H1N1,plate22-A/Asturias/232590913/2025_H1N1,0.000543,interpolated,0.000543,0.000543,interpolated,3.522,1,0,0.9998,0.006833
human,plate22,flu-seqneut-2026-CTS-047,A/Badajoz/18811358/2026_H3N2,plate22-A/Badajoz/18811358/2026_H3N2,0.006809,interpolated,0.006809,0.006809,interpolated,3.562,1,0,1,0.0003029
human,plate22,flu-seqneut-2026-CTS-047,A/Blaenavon/6687/2026_H3N2,plate22-A/Blaenavon/6687/2026_H3N2,0.00398,interpolated,0.00398,0.00398,interpolated,1.259,1,0,0.9863,0.04602
human,plate22,flu-seqneut-2026-CTS-047,A/BritishColumbia/RV01350-26/2026_H1N1,plate22-A/BritishColumbia/RV01350-26/2026_H1N1,0.0004749,interpolated,0.0004749,0.0004749,interpolated,2.71,1,0,0.9958,0.02793
human,plate22,flu-seqneut-2026-CTS-047,A/California/NIRC-IS-1019/2026_H1N1,plate22-A/California/NIRC-IS-1019/2026_H1N1,0.0005924,interpolated,0.0005924,0.0005924,interpolated,3.048,1,0,0.9996,0.009155
human,plate22,flu-seqneut-2026-CTS-047,A/Colombia/1851/2024_H3N2,plate22-A/Colombia/1851/2024_H3N2,0.0007528,interpolated,0.0007528,0.0007528,interpolated,3.805,1,0,0.9999,0.003263
human,plate22,flu-seqneut-2026-CTS-047,A/Connecticut/5/2026_H3N2,plate22-A/Connecticut/5/2026_H3N2,0.0115,interpolated,0.01196,0.01196,interpolated,6.829,0.8822,0,0.7904,0.1666
human,plate22,flu-seqneut-2026-CTS-047,A/Darwin/1415/2025_H3N2,plate22-A/Darwin/1415/2025_H3N2,0.0004153,interpolated,0.0004279,0.0004279,interpolated,2.497,0.9642,0,0.9666,0.07196
human,plate22,flu-seqneut-2026-CTS-047,A/Denmark/4547/2025_H1N1,plate22-A/Denmark/4547/2025_H1N1,0.0003551,interpolated,0.0003551,0.0003551,interpolated,4.527,1,0,0.9943,0.03283
human,plate22,flu-seqneut-2026-CTS-047,A/England/1893256/2026_H1N1,plate22-A/England/1893256/2026_H1N1,0.0004076,interpolated,0.0004076,0.0004076,interpolated,3.794,1,0,0.9984,0.01764
human,plate22,flu-seqneut-2026-CTS-047,A/France/ARA-HCL025195259501/2025_H1N1,plate22-A/France/ARA-HCL025195259501/2025_H1N1,0.0005161,interpolated,0.0005161,0.0005161,interpolated,2.909,1,0,0.9985,0.01668
human,plate22,flu-seqneut-2026-CTS-047,A/France/ARA-HCL026031894402/2026_H3N2,plate22-A/France/ARA-HCL026031894402/2026_H3N2,0.002913,interpolated,0.002913,0.002913,interpolated,1.016,1,0,0.9479,0.08709
human,plate22,flu-seqneut-2026-CTS-047,A/France/GES-IPP00659/2026_H1N1,plate22-A/France/GES-IPP00659/2026_H1N1,0.000508,interpolated,0.000508,0.000508,interpolated,3.337,1,0,0.9994,0.01065
human,plate22,flu-seqneut-2026-CTS-047,A/France/HDF-RELAB-IPP00300/2026_H3N2,plate22-A/France/HDF-RELAB-IPP00300/2026_H3N2,0.0017,interpolated,0.0017,0.0017,interpolated,1.387,1,0,0.9973,0.0215
human,plate22,flu-seqneut-2026-CTS-047,A/France/NAQ-HCL026046169102/2025_H1N1,plate22-A/France/NAQ-HCL026046169102/2025_H1N1,0.000485,interpolated,0.0004925,0.0004925,interpolated,4.126,0.9695,0,0.997,0.02369
human,plate22,flu-seqneut-2026-CTS-047,A/Galicia/GA-CHUAC-451/2025_H3N2,plate22-A/Galicia/GA-CHUAC-451/2025_H3N2,0.0005166,interpolated,0.0005166,0.0005166,interpolated,2.476,1,0,0.9955,0.02864
human,plate22,flu-seqneut-2026-CTS-047,A/Hawaii/70/2019_H1N1,plate22-A/Hawaii/70/2019_H1N1,0.0003286,interpolated,0.0003308,0.0003308,interpolated,10,0.9678,0,0.9981,0.01932
human,plate22,flu-seqneut-2026-CTS-047,A/Hawaii/ISC-1140/2025_H1N1,plate22-A/Hawaii/ISC-1140/2025_H1N1,0.0003431,interpolated,0.0003505,0.0003505,interpolated,10,0.9041,0,0.9787,0.05879
human,plate22,flu-seqneut-2026-CTS-047,A/Kentucky/80/2025_H1N1,plate22-A/Kentucky/80/2025_H1N1,0.00046,interpolated,0.00046,0.00046,interpolated,2.775,1,0,0.9955,0.02885
human,plate22,flu-seqneut-2026-CTS-047,A/Mauritius/26000203/2026_H1N1,plate22-A/Mauritius/26000203/2026_H1N1,0.0003675,interpolated,0.0003675,0.0003675,interpolated,3.192,1,0,0.9823,0.05664
human,plate22,flu-seqneut-2026-CTS-047,A/Michigan/UM-10068071276/2025_H3N2,plate22-A/Michigan/UM-10068071276/2025_H3N2,0.0009409,interpolated,0.0009409,0.0009409,interpolated,1.911,1,0,0.994,0.03156
human,plate22,flu-seqneut-2026-CTS-047,A/Michigan/UM-10068134090/2025_H3N2,plate22-A/Michigan/UM-10068134090/2025_H3N2,0.0008595,interpolated,0.0008595,0.0008595,interpolated,10,1,0,0.9881,0.04685
human,plate22,flu-seqneut-2026-CTS-047,A/Michigan/UM-10068449788/2025_H3N2,plate22-A/Michigan/UM-10068449788/2025_H3N2,0.00413,interpolated,0.00413,0.00413,interpolated,0.8271,1,0,0.8506,0.1384
human,plate22,flu-seqneut-2026-CTS-047,A/Mississippi/20/2026_H1N1,plate22-A/Mississippi/20/2026_H1N1,0.0008015,interpolated,0.0008015,0.0008015,interpolated,10,1,0,1,0.000367
human,plate22,flu-seqneut-2026-CTS-047,A/Missouri/11/2025_cell_H1N1,plate22-A/Missouri/11/2025_cell_H1N1,0.0004768,interpolated,0.0004768,0.0004768,interpolated,2.896,1,0,0.9973,0.02231
human,plate22,flu-seqneut-2026-CTS-047,A/Missouri/11/2025_egg_H1N1,plate22-A/Missouri/11/2025_egg_H1N1,0.0002364,interpolated,0.0002627,0.0002627,interpolated,10,0.674,0,0.9997,0.005308
human,plate22,flu-seqneut-2026-CTS-047,A/Nebraska/34/2026_H1N1,plate22-A/Nebraska/34/2026_H1N1,0.000361,interpolated,0.000361,0.000361,interpolated,5.554,1,0,0.9989,0.01444
human,plate22,flu-seqneut-2026-CTS-047,A/Netherlands/543/2026_H1N1,plate22-A/Netherlands/543/2026_H1N1,0.0004048,interpolated,0.0004048,0.0004048,interpolated,3.18,1,0,0.9942,0.03269
human,plate22,flu-seqneut-2026-CTS-047,A/NewBrunswick/NBPHLFLUA10B-MM00057R/2026_H1N1,plate22-A/NewBrunswick/NBPHLFLUA10B-MM00057R/2026_H1N1,0.000513,interpolated,0.000513,0.000513,interpolated,5.119,1,0,1,0.001853
human,plate22,flu-seqneut-2026-CTS-047,A/NovaScotia/25-365-06099/2025_H3N2,plate22-A/NovaScotia/25-365-06099/2025_H3N2,0.0004919,interpolated,0.0004919,0.0004919,interpolated,2.28,1,0,0.9859,0.04869
human,plate22,flu-seqneut-2026-CTS-047,A/Ohio/259/2024_H1N1,plate22-A/Ohio/259/2024_H1N1,0.0003767,interpolated,0.0003767,0.0003767,interpolated,5.318,1,0,0.9995,0.00975
human,plate22,flu-seqneut-2026-CTS-047,A/Ontario/PHL202550193/2025_H3N2,plate22-A/Ontario/PHL202550193/2025_H3N2,0.0008627,interpolated,0.0008627,0.0008627,interpolated,10,1,0,0.9606,0.08173
human,plate22,flu-seqneut-2026-CTS-047,A/PaisVasco/70369726/2026_H1N1,plate22-A/PaisVasco/70369726/2026_H1N1,0.0004765,interpolated,0.0004765,0.0004765,interpolated,3.822,1,0,0.9997,0.00825
human,plate22,flu-seqneut-2026-CTS-047,A/Rhode_Island/11/2026_H1N1,plate22-A/Rhode_Island/11/2026_H1N1,0.0004833,interpolated,0.0004833,0.0004833,interpolated,2.852,1,0,0.9974,0.02219
human,plate22,flu-seqneut-2026-CTS-047,A/RiodeJaneiro/331/2026_H3N2,plate22-A/RiodeJaneiro/331/2026_H3N2,0.002007,interpolated,0.002007,0.002007,interpolated,1.22,1,0,0.9832,0.05184
human,plate22,flu-seqneut-2026-CTS-047,A/SantaCatarina/508/2026_H3N2,plate22-A/SantaCatarina/508/2026_H3N2,0.0008609,interpolated,0.0008609,0.0008609,interpolated,10,1,0,0.9889,0.04503
human,plate22,flu-seqneut-2026-CTS-047,A/Saskatchewan/SKFLU490586/2026_H1N1,plate22-A/Saskatchewan/SKFLU490586/2026_H1N1,0.0006839,interpolated,0.0006839,0.0006839,interpolated,10,1,0,0.9999,0.003993
human,plate22,flu-seqneut-2026-CTS-047,A/Singapore/GP20238/2024_H3N2,plate22-A/Singapore/GP20238/2024_H3N2,0.0008981,interpolated,0.0008981,0.0008981,interpolated,10,1,0,0.9997,0.007448
human,plate22,flu-seqneut-2026-CTS-047,A/Singapore/MOH0547/2024_H1N1,plate22-A/Singapore/MOH0547/2024_H1N1,0.0006763,interpolated,0.0006763,0.0006763,interpolated,10,1,0,1,0.001589
human,plate22,flu-seqneut-2026-CTS-047,A/SouthAfrica/NHLS-SU-CERI-C075557/2026_H1N1,plate22-A/SouthAfrica/NHLS-SU-CERI-C075557/2026_H1N1,0.0004201,interpolated,0.0004201,0.0004201,interpolated,3.917,1,0,0.9991,0.01348
human,plate22,flu-seqneut-2026-CTS-047,A/SouthAfrica/NICD-R01647/2026_H1N1,plate22-A/SouthAfrica/NICD-R01647/2026_H1N1,0.0003937,interpolated,0.0003937,0.0003937,interpolated,3.003,1,0,0.9893,0.04428
human,plate22,flu-seqneut-2026-CTS-047,A/SouthAfrica/PATH-CERI-C073358/2025_H1N1,plate22-A/SouthAfrica/PATH-CERI-C073358/2025_H1N1,0.0003511,interpolated,0.0003511,0.0003511,interpolated,4.526,1,0,0.9925,0.03744
human,plate22,flu-seqneut-2026-CTS-047,A/SouthAfrica/PATH-CERI-C075119/2026_H1N1,plate22-A/SouthAfrica/PATH-CERI-C075119/2026_H1N1,0.0003675,interpolated,0.0003675,0.0003675,interpolated,4.081,1,0,0.9951,0.03045
human,plate22,flu-seqneut-2026-CTS-047,A/South_Australia/2527213276/2025_H3N2,plate22-A/South_Australia/2527213276/2025_H3N2,0.001291,interpolated,0.001291,0.001291,interpolated,1.363,1,0,0.982,0.05585
human,plate22,flu-seqneut-2026-CTS-047,A/Thailand/8/2022_H3N2,plate22-A/Thailand/8/2022_H3N2,0.0003483,interpolated,0.0003483,0.0003483,interpolated,6.059,1,0,0.9981,0.01941
human,plate22,flu-seqneut-2026-CTS-047,A/Thuringen/39/2026_H3N2,plate22-A/Thuringen/39/2026_H3N2,0.001214,interpolated,0.001214,0.001214,interpolated,0.8,1,0,0.8606,0.1263
human,plate22,flu-seqneut-2026-CTS-047,A/Tokyo/EIS11-277/2024_H1N1,plate22-A/Tokyo/EIS11-277/2024_H1N1,0.0003363,interpolated,0.0003363,0.0003363,interpolated,5.956,1,0,0.9929,0.03667
human,plate22,flu-seqneut-2026-CTS-047,A/Ukraine/5214/2026_H1N1,plate22-A/Ukraine/5214/2026_H1N1,0.0004968,interpolated,0.0004968,0.0004968,interpolated,3.98,1,0,0.9995,0.009502
human,plate22,flu-seqneut-2026-CTS-047,A/Uppsala/SE26-01293/2026_H1N1,plate22-A/Uppsala/SE26-01293/2026_H1N1,0.0003814,interpolated,0.0003965,0.0003965,interpolated,10,0.8385,0,0.9379,0.09528
human,plate22,flu-seqneut-2026-CTS-047,A/Valencia/VAHNSI_09_02564/2025_H1N1,plate22-A/Valencia/VAHNSI_09_02564/2025_H1N1,0.0005325,interpolated,0.0005325,0.0005325,interpolated,4.319,1,0,0.9999,0.003308
human,plate22,flu-seqneut-2026-CTS-047,A/Victoria/2948/2025_H3N2,plate22-A/Victoria/2948/2025_H3N2,0.007503,interpolated,0.008857,0.008857,interpolated,0.8,0.9378,0,0.5337,0.2432
human,plate22,flu-seqneut-2026-CTS-047,A/Victoria/4897/2022_IVR-238_H1N1,plate22-A/Victoria/4897/2022_IVR-238_H1N1,0.0003336,interpolated,0.0003336,0.0003336,interpolated,10,1,0,0.9999,0.003883
human,plate22,flu-seqneut-2026-CTS-047,A/Wisconsin/67/2022_H1N1,plate22-A/Wisconsin/67/2022_H1N1,0.0003431,interpolated,0.0003431,0.0003431,interpolated,6.521,1,0,0.9975,0.02169
human,plate22,flu-seqneut-2026-CTS-047,A/Zambia/6-NIC-014/2026_H1N1,plate22-A/Zambia/6-NIC-014/2026_H1N1,0.0003976,interpolated,0.0003976,0.0003976,interpolated,3.413,1,0,0.9956,0.02889
human,plate22,flu-seqneut-2026-CTS-047,A/Zambia/7-NIC-313/2026_H1N1,plate22-A/Zambia/7-NIC-313/2026_H1N1,0.0004,interpolated,0.0004,0.0004,interpolated,3.381,1,0,0.9956,0.02875
human,plate22,flu-seqneut-2026-CTS-048,A/Andalucia/PMC-00977/2025_H1N1,plate22-A/Andalucia/PMC-00977/2025_H1N1,0.004346,interpolated,0.004529,0.004529,interpolated,1.496,0.9701,0,0.9664,0.06535
human,plate22,flu-seqneut-2026-CTS-048,A/Andalucia/PMC-01217/2025_H1N1,plate22-A/Andalucia/PMC-01217/2025_H1N1,0.002902,interpolated,0.002902,0.002902,interpolated,1.387,1,0,0.9575,0.07702
human,plate22,flu-seqneut-2026-CTS-048,A/Andalucia/PMC-01495/2025_H1N1,plate22-A/Andalucia/PMC-01495/2025_H1N1,0.004723,interpolated,0.004723,0.004723,interpolated,1.159,1,0,0.9029,0.1063
human,plate22,flu-seqneut-2026-CTS-048,A/Arizona/40/2026_H1N1,plate22-A/Arizona/40/2026_H1N1,0.00431,interpolated,0.00431,0.00431,interpolated,3.192,1,0,0.9735,0.06622
human,plate22,flu-seqneut-2026-CTS-048,A/Astrakhan/RII-MH273373S/2025_H3N2,plate22-A/Astrakhan/RII-MH273373S/2025_H3N2,0.001607,interpolated,0.001607,0.001607,interpolated,1.917,1,0,0.9952,0.02816
human,plate22,flu-seqneut-2026-CTS-048,A/Asturias/232590913/2025_H1N1,plate22-A/Asturias/232590913/2025_H1N1,0.003673,interpolated,0.003673,0.003673,interpolated,1.975,1,0,0.959,0.07845
human,plate22,flu-seqneut-2026-CTS-048,A/Badajoz/18738342/2026_H3N2,plate22-A/Badajoz/18738342/2026_H3N2,0.002106,interpolated,0.002106,0.002106,interpolated,1.634,1,0,0.9952,0.0272
human,plate22,flu-seqneut-2026-CTS-048,A/Badajoz/18811358/2026_H3N2,plate22-A/Badajoz/18811358/2026_H3N2,0.001643,interpolated,0.001643,0.001643,interpolated,2.001,1,0,0.9907,0.03872
human,plate22,flu-seqneut-2026-CTS-048,A/Badajoz/18813527/2026_H3N2,plate22-A/Badajoz/18813527/2026_H3N2,0.00201,interpolated,0.00201,0.00201,interpolated,2.061,1,0,0.9155,0.1179
human,plate22,flu-seqneut-2026-CTS-048,A/Bangkok/P2390/2025_H3N2,plate22-A/Bangkok/P2390/2025_H3N2,0.003781,interpolated,0.003811,0.003811,interpolated,10,0.9623,0,0.9744,0.06979
human,plate22,flu-seqneut-2026-CTS-048,A/Bangkok/P2391/2025_H3N2,plate22-A/Bangkok/P2391/2025_H3N2,0.001562,interpolated,0.001587,0.001587,interpolated,3.222,0.9757,0,0.916,0.1131
human,plate22,flu-seqneut-2026-CTS-048,A/Blaenavon/6687/2026_H3N2,plate22-A/Blaenavon/6687/2026_H3N2,0.001829,interpolated,0.001831,0.001831,interpolated,4.653,0.9977,0,0.969,0.07444
human,plate22,flu-seqneut-2026-CTS-048,A/Bolivia/OR5702/2025_H3N2,plate22-A/Bolivia/OR5702/2025_H3N2,0.004322,interpolated,0.004322,0.004322,interpolated,1.298,1,0,0.9411,0.08466
human,plate22,flu-seqneut-2026-CTS-048,A/BritishColumbia/RV00022-26/2025_H1N1,plate22-A/BritishColumbia/RV00022-26/2025_H1N1,0.006871,interpolated,0.006902,0.006902,interpolated,1.396,0.9968,0,0.9714,0.05583
human,plate22,flu-seqneut-2026-CTS-048,A/BritishColumbia/RV00279-26/2025_H3N2,plate22-A/BritishColumbia/RV00279-26/2025_H3N2,0.002663,interpolated,0.002663,0.002663,interpolated,1.525,1,0,0.9938,0.02973
human,plate22,flu-seqneut-2026-CTS-048,A/BritishColumbia/RV01350-26/2026_H1N1,plate22-A/BritishColumbia/RV01350-26/2026_H1N1,0.005252,interpolated,0.005252,0.005252,interpolated,1.462,1,0,0.8731,0.131
human,plate22,flu-seqneut-2026-CTS-048,A/BritishColumbia/RV05508-25/2025_H1N1,plate22-A/BritishColumbia/RV05508-25/2025_H1N1,0.004083,interpolated,0.004083,0.004083,interpolated,1.685,1,0,0.9817,0.05141
human,plate22,flu-seqneut-2026-CTS-048,A/California/GKISBBBH79910/2026_H3N2,plate22-A/California/GKISBBBH79910/2026_H3N2,0.002091,interpolated,0.002407,0.002407,interpolated,1.35,0.9137,0,0.9174,0.09839
human,plate22,flu-seqneut-2026-CTS-048,A/California/NIRC-IS-1019/2026_H1N1,plate22-A/California/NIRC-IS-1019/2026_H1N1,0.006247,interpolated,0.006247,0.006247,interpolated,1.594,1,0,0.963,0.06845
human,plate22,flu-seqneut-2026-CTS-048,A/California/NIRC-IS-1059/2026_H3N2,plate22-A/California/NIRC-IS-1059/2026_H3N2,0.002513,interpolated,0.002513,0.002513,interpolated,1.513,1,0,0.9611,0.07187
human,plate22,flu-seqneut-2026-CTS-048,A/California/NIRC-IS-1067/2026_H3N2,plate22-A/California/NIRC-IS-1067/2026_H3N2,0.002675,interpolated,0.002675,0.002675,interpolated,1.938,1,0,0.9511,0.08781
human,plate22,flu-seqneut-2026-CTS-048,A/California/NIRC-IS-1356/2025_H1N1,plate22-A/California/NIRC-IS-1356/2025_H1N1,0.003186,interpolated,0.003186,0.003186,interpolated,1.38,1,0,0.9447,0.08612
human,plate22,flu-seqneut-2026-CTS-048,A/Castellon/VAHNSI_02_02400/2025_H3N2,plate22-A/Castellon/VAHNSI_02_02400/2025_H3N2,0.003874,interpolated,0.003874,0.003874,interpolated,2.315,1,0,0.9862,0.04701
human,plate22,flu-seqneut-2026-CTS-048,A/Colombia/1851/2024_H3N2,plate22-A/Colombia/1851/2024_H3N2,0.002025,interpolated,0.002025,0.002025,interpolated,1.23,1,0,0.9642,0.06842
human,plate22,flu-seqneut-2026-CTS-048,A/Colorado/218/2024_H1N1,plate22-A/Colorado/218/2024_H1N1,0.003665,interpolated,0.003665,0.003665,interpolated,1.485,1,0,0.9817,0.04928
human,plate22,flu-seqneut-2026-CTS-048,A/Connecticut/5/2026_H3N2,plate22-A/Connecticut/5/2026_H3N2,0.001847,interpolated,0.001847,0.001847,interpolated,1.312,1,0,0.9722,0.0611
human,plate22,flu-seqneut-2026-CTS-048,A/Croatia/10136RV/2023_H3N2,plate22-A/Croatia/10136RV/2023_H3N2,0.003708,interpolated,0.00378,0.00378,interpolated,7.183,0.9357,0,0.9726,0.07041
human,plate22,flu-seqneut-2026-CTS-048,A/Darwin/1415/2025_H3N2,plate22-A/Darwin/1415/2025_H3N2,0.0005786,interpolated,0.0005786,0.0005786,interpolated,1.684,1,0,0.9806,0.05465
human,plate22,flu-seqneut-2026-CTS-048,A/Darwin/1454/2025_H3N2,plate22-A/Darwin/1454/2025_H3N2,0.0009979,interpolated,0.001011,0.001011,interpolated,2.615,0.983,0,0.9983,0.01693
human,plate22,flu-seqneut-2026-CTS-048,A/Denmark/3940/2025_H3N2,plate22-A/Denmark/3940/2025_H3N2,0.002729,interpolated,0.002729,0.002729,interpolated,1.765,1,0,0.9691,0.06972
human,plate22,flu-seqneut-2026-CTS-048,A/Denmark/4547/2025_H1N1,plate22-A/Denmark/4547/2025_H1N1,0.001934,interpolated,0.001934,0.001934,interpolated,0.9357,1,0,0.965,0.06262
human,plate22,flu-seqneut-2026-CTS-048,A/Denmark/4774/2025_H1N1,plate22-A/Denmark/4774/2025_H1N1,0.006174,interpolated,0.006174,0.006174,interpolated,1.445,1,0,0.8587,0.1369
human,plate22,flu-seqneut-2026-CTS-048,A/District_Of_Columbia/27/2023_H3N2,plate22-A/District_Of_Columbia/27/2023_H3N2,0.0024,interpolated,0.0024,0.0024,interpolated,1.453,1,0,0.9879,0.04143
human,plate22,flu-seqneut-2026-CTS-048,A/Distrito_Federal/250106000728/2025_H3N2,plate22-A/Distrito_Federal/250106000728/2025_H3N2,0.002727,interpolated,0.002727,0.002727,interpolated,1.493,1,0,0.88,0.1316
human,plate22,flu-seqneut-2026-CTS-048,A/England/1893256/2026_H1N1,plate22-A/England/1893256/2026_H1N1,0.004013,interpolated,0.004013,0.004013,interpolated,1.785,1,0,0.9322,0.1013
human,plate22,flu-seqneut-2026-CTS-048,A/Florida/ISC-1069/2026_H3N2,plate22-A/Florida/ISC-1069/2026_H3N2,0.00344,interpolated,0.00344,0.00344,interpolated,1.416,1,0,0.9957,0.02369
human,plate22,flu-seqneut-2026-CTS-048,A/France/ARA-HCL025195259501/2025_H1N1,plate22-A/France/ARA-HCL025195259501/2025_H1N1,0.003541,interpolated,0.003541,0.003541,interpolated,1.119,1,0,0.9397,0.08414
human,plate22,flu-seqneut-2026-CTS-048,A/France/ARA-HCL026031894402/2026_H3N2,plate22-A/France/ARA-HCL026031894402/2026_H3N2,0.00174,interpolated,0.00174,0.00174,interpolated,0.9192,1,0,0.9305,0.08652
human,plate22,flu-seqneut-2026-CTS-048,A/France/GES-IPP00659/2026_H1N1,plate22-A/France/GES-IPP00659/2026_H1N1,0.003615,interpolated,0.003615,0.003615,interpolated,1.484,1,0,0.9744,0.05826
human,plate22,flu-seqneut-2026-CTS-048,A/France/GES-IPP01077/2026_H3N2,plate22-A/France/GES-IPP01077/2026_H3N2,0.00229,interpolated,0.002739,0.002739,interpolated,3.672,0.7593,0,0.8965,0.1155
human,plate22,flu-seqneut-2026-CTS-048,A/France/HDF-IPP01550/2026_H3N2,plate22-A/France/HDF-IPP01550/2026_H3N2,0.001949,interpolated,0.001949,0.001949,interpolated,1.549,1,0,0.9608,0.07533
human,plate22,flu-seqneut-2026-CTS-048,A/France/HDF-RELAB-IPP00300/2026_H3N2,plate22-A/France/HDF-RELAB-IPP00300/2026_H3N2,0.001329,interpolated,0.001329,0.001329,interpolated,1.241,1,0,0.9586,0.07521
human,plate22,flu-seqneut-2026-CTS-048,A/France/HDF-RELAB-IPP00303/2026_H3N2,plate22-A/France/HDF-RELAB-IPP00303/2026_H3N2,0.002932,interpolated,0.002932,0.002932,interpolated,1.472,1,0,0.9359,0.09458
human,plate22,flu-seqneut-2026-CTS-048,A/France/HDF-RELAB-IPP07969/2025_H1N1,plate22-A/France/HDF-RELAB-IPP07969/2025_H1N1,0.003508,interpolated,0.00369,0.00369,interpolated,1.185,0.9709,0,0.9183,0.09862
human,plate22,flu-seqneut-2026-CTS-048,A/France/NAQ-HCL026010957001/2026_H3N2,plate22-A/France/NAQ-HCL026010957001/2026_H3N2,0.002339,interpolated,0.002339,0.002339,interpolated,1.36,1,0,0.9841,0.04565
human,plate22,flu-seqneut-2026-CTS-048,A/France/NAQ-HCL026046169102/2025_H1N1,plate22-A/France/NAQ-HCL026046169102/2025_H1N1,0.00127,interpolated,0.001309,0.001309,interpolated,0.8,0.9882,0,0.8555,0.1191
human,plate22,flu-seqneut-2026-CTS-048,A/France/OCC-HCL026013263701/2026_H3N2,plate22-A/France/OCC-HCL026013263701/2026_H3N2,0.002347,interpolated,0.002347,0.002347,interpolated,1.961,1,0,0.9628,0.0809
human,plate22,flu-seqneut-2026-CTS-048,A/France/PAC-RELAB-HCL026021993801/2026_H3N2,plate22-A/France/PAC-RELAB-HCL026021993801/2026_H3N2,0.004149,interpolated,0.004235,0.004235,interpolated,3.825,0.9624,0,0.9993,0.0113
human,plate22,flu-seqneut-2026-CTS-048,A/Galicia/GA-CHUAC-451/2025_H3N2,plate22-A/Galicia/GA-CHUAC-451/2025_H3N2,0.003082,interpolated,0.003082,0.003082,interpolated,1.223,1,0,0.8249,0.1587
human,plate22,flu-seqneut-2026-CTS-048,A/Galicia/GA-CHUAC-612/2025_H1N1,plate22-A/Galicia/GA-CHUAC-612/2025_H1N1,0.004727,interpolated,0.004727,0.004727,interpolated,2.025,1,0,0.9395,0.09563
human,plate22,flu-seqneut-2026-CTS-048,A/Germany/LRMC_0104/2025_H3N2,plate22-A/Germany/LRMC_0104/2025_H3N2,0.002771,interpolated,0.002771,0.002771,interpolated,3.439,1,0,0.9916,0.03955
human,plate22,flu-seqneut-2026-CTS-048,A/Germany/LRMC_0113/2025_H3N2,plate22-A/Germany/LRMC_0113/2025_H3N2,0.001884,interpolated,0.001884,0.001884,interpolated,1.372,1,0,0.9905,0.03646
human,plate22,flu-seqneut-2026-CTS-048,A/Hawaii/70/2019_H1N1,plate22-A/Hawaii/70/2019_H1N1,0.002376,interpolated,0.002618,0.002618,interpolated,2.989,0.8742,0,0.9182,0.106
human,plate22,flu-seqneut-2026-CTS-048,A/Hawaii/ISC-1140/2025_H1N1,plate22-A/Hawaii/ISC-1140/2025_H1N1,0.001357,interpolated,0.001357,0.001357,interpolated,0.8556,1,0,0.941,0.07854
human,plate22,flu-seqneut-2026-CTS-048,A/Hessen/18/2026_H1N1,plate22-A/Hessen/18/2026_H1N1,0.01014,interpolated,0.01014,0.01014,interpolated,1.343,1,0,0.7449,0.1726
human,plate22,flu-seqneut-2026-CTS-048,A/Ireland/91576/2025_H3N2,plate22-A/Ireland/91576/2025_H3N2,0.002216,interpolated,0.002216,0.002216,interpolated,2.031,1,0,0.9445,0.09221
human,plate22,flu-seqneut-2026-CTS-048,A/Kentucky/80/2025_H1N1,plate22-A/Kentucky/80/2025_H1N1,0.00266,interpolated,0.002699,0.002699,interpolated,2.272,0.9838,0,0.9867,0.0467
human,plate22,flu-seqneut-2026-CTS-048,A/Lisboa/216/2023_H3N2,plate22-A/Lisboa/216/2023_H3N2,0.00151,interpolated,0.001523,0.001523,interpolated,1.238,0.9947,0,0.946,0.08765
human,plate22,flu-seqneut-2026-CTS-048,A/Luxembourg/LNS9132577/2026_H3N2,plate22-A/Luxembourg/LNS9132577/2026_H3N2,0.002651,interpolated,0.002651,0.002651,interpolated,1.511,1,0,0.9455,0.08901
human,plate22,flu-seqneut-2026-CTS-048,A/Maine/25/2026_H1N1,plate22-A/Maine/25/2026_H1N1,0.004558,interpolated,0.004558,0.004558,interpolated,1.632,1,0,0.9094,0.1152
human,plate22,flu-seqneut-2026-CTS-048,A/Malaysia/IMR/SARI/2406/2025_H3N2,plate22-A/Malaysia/IMR/SARI/2406/2025_H3N2,0.004144,interpolated,0.004196,0.004196,interpolated,1.23,0.9923,0,0.8957,0.1185
human,plate22,flu-seqneut-2026-CTS-048,A/Massachusetts/18/2022_H3N2,plate22-A/Massachusetts/18/2022_H3N2,0.002075,interpolated,0.002075,0.002075,interpolated,1.56,1,0,0.9802,0.05499
human,plate22,flu-seqneut-2026-CTS-048,A/Massachusetts/ISC-1856/2025_H3N2,plate22-A/Massachusetts/ISC-1856/2025_H3N2,0.004054,interpolated,0.004054,0.004054,interpolated,2.337,1,0,0.9985,0.01558
human,plate22,flu-seqneut-2026-CTS-048,A/Mauritius/26000203/2026_H1N1,plate22-A/Mauritius/26000203/2026_H1N1,0.002735,interpolated,0.002735,0.002735,interpolated,1.927,1,0,0.9715,0.06739
human,plate22,flu-seqneut-2026-CTS-048,A/Michigan/8/2026_H3N2,plate22-A/Michigan/8/2026_H3N2,0.003446,interpolated,0.003446,0.003446,interpolated,2.975,1,0,0.9954,0.02839
human,plate22,flu-seqneut-2026-CTS-048,A/Michigan/UM-10068071276/2025_H3N2,plate22-A/Michigan/UM-10068071276/2025_H3N2,0.0009719,interpolated,0.0009719,0.0009719,interpolated,1.415,1,0,0.99,0.03945
human,plate22,flu-seqneut-2026-CTS-048,A/Michigan/UM-10068134090/2025_H3N2,plate22-A/Michigan/UM-10068134090/2025_H3N2,0.0009802,interpolated,0.0009802,0.0009802,interpolated,1.594,1,0,0.9649,0.07337
human,plate22,flu-seqneut-2026-CTS-048,A/Michigan/UM-10068449788/2025_H3N2,plate22-A/Michigan/UM-10068449788/2025_H3N2,0.001815,interpolated,0.001815,0.001815,interpolated,1.373,1,0,0.957,0.07677
human,plate22,flu-seqneut-2026-CTS-048,A/Michigan/UM-10068456988/2025_H3N2,plate22-A/Michigan/UM-10068456988/2025_H3N2,0.004949,interpolated,0.004949,0.004949,interpolated,1.167,1,0,0.9006,0.1074
human,plate22,flu-seqneut-2026-CTS-048,A/Michigan/UM-10068747355/2026_H3N2,plate22-A/Michigan/UM-10068747355/2026_H3N2,0.001982,interpolated,0.001999,0.001999,interpolated,2.641,0.9891,0,0.9931,0.03485
human,plate22,flu-seqneut-2026-CTS-048,A/MinasGerais/410/2026_H1N1,plate22-A/MinasGerais/410/2026_H1N1,0.003153,interpolated,0.003153,0.003153,interpolated,1.387,1,0,0.9604,0.07338
human,plate22,flu-seqneut-2026-CTS-048,A/MinasGerais/671/2026_H1N1,plate22-A/MinasGerais/671/2026_H1N1,0.006084,interpolated,0.006084,0.006084,interpolated,1.139,1,0,0.8668,0.1242
human,plate22,flu-seqneut-2026-CTS-048,A/Mississippi/20/2026_H1N1,plate22-A/Mississippi/20/2026_H1N1,0.00106,interpolated,0.001063,0.001063,interpolated,0.8,0.9991,0,0.7369,0.1576
human,plate22,flu-seqneut-2026-CTS-048,A/Missouri/11/2025_cell_H1N1,plate22-A/Missouri/11/2025_cell_H1N1,0.006553,interpolated,0.006553,0.006553,interpolated,1.131,1,0,0.6948,0.2016
human,plate22,flu-seqneut-2026-CTS-048,A/Missouri/11/2025_egg_H1N1,plate22-A/Missouri/11/2025_egg_H1N1,0.003087,interpolated,0.003087,0.003087,interpolated,3.585,1,0,0.9983,0.01836
human,plate22,flu-seqneut-2026-CTS-048,A/Missouri/NIRC-AV-1003/2025_H3N2,plate22-A/Missouri/NIRC-AV-1003/2025_H3N2,0.001882,interpolated,0.001882,0.001882,interpolated,1.923,1,0,0.9969,0.02282
human,plate22,flu-seqneut-2026-CTS-048,A/Montana/51/2025_H3N2,plate22-A/Montana/51/2025_H3N2,0.003901,interpolated,0.003992,0.003992,interpolated,10,0.8971,0,0.9394,0.1049
human,plate22,flu-seqneut-2026-CTS-048,A/NakhonPhanom/P495/2026_H3N2,plate22-A/NakhonPhanom/P495/2026_H3N2,0.002422,interpolated,0.002422,0.002422,interpolated,1.327,1,0,0.9631,0.07061
human,plate22,flu-seqneut-2026-CTS-048,A/Nebraska/34/2026_H1N1,plate22-A/Nebraska/34/2026_H1N1,0.002767,interpolated,0.002767,0.002767,interpolated,0.9223,1,0,0.9088,0.09684
human,plate22,flu-seqneut-2026-CTS-048,A/Netherlands/10008/2026_H1N1,plate22-A/Netherlands/10008/2026_H1N1,0.002361,interpolated,0.002361,0.002361,interpolated,1.007,1,0,0.896,0.1161
human,plate22,flu-seqneut-2026-CTS-048,A/Netherlands/2398/2025_H1N1,plate22-A/Netherlands/2398/2025_H1N1,0.004434,interpolated,0.004434,0.004434,interpolated,2.369,1,0,0.97,0.06899
human,plate22,flu-seqneut-2026-CTS-048,A/Netherlands/543/2026_H1N1,plate22-A/Netherlands/543/2026_H1N1,0.001914,interpolated,0.001914,0.001914,interpolated,1.138,1,0,0.9786,0.05257
human,plate22,flu-seqneut-2026-CTS-048,A/Netherlands/864/2026_H1N1,plate22-A/Netherlands/864/2026_H1N1,0.003795,interpolated,0.003795,0.003795,interpolated,1.408,1,0,0.8994,0.1147
human,plate22,flu-seqneut-2026-CTS-048,A/Netherlands/888/2026_H3N2,plate22-A/Netherlands/888/2026_H3N2,0.003519,interpolated,0.003519,0.003519,interpolated,1.975,1,0,0.972,0.06505
human,plate22,flu-seqneut-2026-CTS-048,A/Netherlands/968/2026_H3N2,plate22-A/Netherlands/968/2026_H3N2,0.002761,interpolated,0.002761,0.002761,interpolated,2.513,1,0,0.9912,0.03897
human,plate22,flu-seqneut-2026-CTS-048,A/NewBrunswick/NBPHLFLUA10B-MM00057R/2026_H1N1,plate22-A/NewBrunswick/NBPHLFLUA10B-MM00057R/2026_H1N1,0.003162,interpolated,0.003168,0.003168,interpolated,1.219,0.9989,0,0.903,0.1097
human,plate22,flu-seqneut-2026-CTS-048,A/NewYork/NIRC-IS-1086/2026_H3N2,plate22-A/NewYork/NIRC-IS-1086/2026_H3N2,0.002515,interpolated,0.002515,0.002515,interpolated,1.729,1,0,0.9551,0.08409
human,plate22,flu-seqneut-2026-CTS-048,A/NordrheinWestfalen/54/2026_H3N2,plate22-A/NordrheinWestfalen/54/2026_H3N2,0.005535,interpolated,0.00564,0.00564,interpolated,1.685,0.9845,0,0.9172,0.1085
human,plate22,flu-seqneut-2026-CTS-048,A/NordrheinWestfalen/96/2026_H1N1,plate22-A/NordrheinWestfalen/96/2026_H1N1,0.005285,interpolated,0.005285,0.005285,interpolated,1.327,1,0,0.8701,0.1315
human,plate22,flu-seqneut-2026-CTS-048,A/Norway/9556/2025_H1N1,plate22-A/Norway/9556/2025_H1N1,0.005091,interpolated,0.005091,0.005091,interpolated,1.501,1,0,0.9745,0.0572
human,plate22,flu-seqneut-2026-CTS-048,A/NovaScotia/25-365-06099/2025_H3N2,plate22-A/NovaScotia/25-365-06099/2025_H3N2,0.0008634,interpolated,0.0008634,0.0008634,interpolated,1.078,1,0,0.9344,0.09344
human,plate22,flu-seqneut-2026-CTS-048,A/Ohio/259/2024_H1N1,plate22-A/Ohio/259/2024_H1N1,0.001907,interpolated,0.001967,0.001967,interpolated,10,0.8665,0,0.8945,0.1221
human,plate22,flu-seqneut-2026-CTS-048,A/Ontario/PHL202550193/2025_H3N2,plate22-A/Ontario/PHL202550193/2025_H3N2,0.001677,interpolated,0.001677,0.001677,interpolated,1.284,1,0,0.9346,0.09482
human,plate22,flu-seqneut-2026-CTS-048,A/Oregon/81/2025_H3N2,plate22-A/Oregon/81/2025_H3N2,0.001746,interpolated,0.001746,0.001746,interpolated,1.121,1,0,0.9073,0.1102
human,plate22,flu-seqneut-2026-CTS-048,A/PaisVasco/70369726/2026_H1N1,plate22-A/PaisVasco/70369726/2026_H1N1,0.002183,interpolated,0.002183,0.002183,interpolated,1.551,1,0,0.9688,0.06683
human,plate22,flu-seqneut-2026-CTS-048,A/Parana/416133590/2026_H3N2,plate22-A/Parana/416133590/2026_H3N2,0.002305,interpolated,0.002305,0.002305,interpolated,0.9431,1,0,0.9087,0.1014
human,plate22,flu-seqneut-2026-CTS-048,A/Peru/ANC-INS-062/2026_H3N2,plate22-A/Peru/ANC-INS-062/2026_H3N2,0.002538,interpolated,0.002538,0.002538,interpolated,1.304,1,0,0.9542,0.07902
human,plate22,flu-seqneut-2026-CTS-048,A/Rhode_Island/11/2026_H1N1,plate22-A/Rhode_Island/11/2026_H1N1,0.00538,interpolated,0.00538,0.00538,interpolated,1.308,1,0,0.8957,0.1136
human,plate22,flu-seqneut-2026-CTS-048,A/RiodeJaneiro/331/2026_H3N2,plate22-A/RiodeJaneiro/331/2026_H3N2,0.001138,interpolated,0.001138,0.001138,interpolated,0.8588,1,0,0.9693,0.05418
human,plate22,flu-seqneut-2026-CTS-048,A/Romania/612042/2026_H3N2,plate22-A/Romania/612042/2026_H3N2,0.003288,interpolated,0.003343,0.003343,interpolated,1.452,0.9881,0,0.9737,0.06046
human,plate22,flu-seqneut-2026-CTS-048,A/SantaCatarina/508/2026_H3N2,plate22-A/SantaCatarina/508/2026_H3N2,0.00144,interpolated,0.00144,0.00144,interpolated,1.509,1,0,0.9955,0.02511
human,plate22,flu-seqneut-2026-CTS-048,A/Saskatchewan/SKFLU477299/2025_H3N2,plate22-A/Saskatchewan/SKFLU477299/2025_H3N2,0.002553,interpolated,0.002553,0.002553,interpolated,1.525,1,0,0.9597,0.07676
human,plate22,flu-seqneut-2026-CTS-048,A/Saskatchewan/SKFLU477727/2025_H3N2,plate22-A/Saskatchewan/SKFLU477727/2025_H3N2,0.002673,interpolated,0.002721,0.002721,interpolated,1.713,0.9851,0,0.9684,0.0693
human,plate22,flu-seqneut-2026-CTS-048,A/Saskatchewan/SKFLU490586/2026_H1N1,plate22-A/Saskatchewan/SKFLU490586/2026_H1N1,0.003742,interpolated,0.003745,0.003745,interpolated,3.788,0.9987,0,0.9731,0.0665
human,plate22,flu-seqneut-2026-CTS-048,A/Singapore/GP20238/2024_H3N2,plate22-A/Singapore/GP20238/2024_H3N2,0.001039,interpolated,0.001039,0.001039,interpolated,2.987,1,0,0.9995,0.009714
human,plate22,flu-seqneut-2026-CTS-048,A/Singapore/KK2768/2025_H1N1,plate22-A/Singapore/KK2768/2025_H1N1,0.002578,interpolated,0.002578,0.002578,interpolated,2.366,1,0,0.9849,0.05094
human,plate22,flu-seqneut-2026-CTS-048,A/Singapore/MOH0547/2024_H1N1,plate22-A/Singapore/MOH0547/2024_H1N1,0.002866,interpolated,0.002975,0.002975,interpolated,3.072,0.946,0,0.9485,0.08913
human,plate22,flu-seqneut-2026-CTS-048,A/Singapore/NTF0577/2025_H3N2,plate22-A/Singapore/NTF0577/2025_H3N2,0.004032,interpolated,0.004148,0.004148,interpolated,2.497,0.9657,0,0.9726,0.06433
human,plate22,flu-seqneut-2026-CTS-048,A/Singapore/SAR8915/2025_H3N2,plate22-A/Singapore/SAR8915/2025_H3N2,0.001776,interpolated,0.001776,0.001776,interpolated,1.225,1,0,0.9565,0.0769
human,plate22,flu-seqneut-2026-CTS-048,A/SouthAfrica/NHLS-SU-CERI-C075557/2026_H1N1,plate22-A/SouthAfrica/NHLS-SU-CERI-C075557/2026_H1N1,0.002517,interpolated,0.002517,0.002517,interpolated,1.645,1,0,0.9774,0.05722
human,plate22,flu-seqneut-2026-CTS-048,A/SouthAfrica/NICD-R01647/2026_H1N1,plate22-A/SouthAfrica/NICD-R01647/2026_H1N1,0.004191,interpolated,0.004191,0.004191,interpolated,1.235,1,0,0.9677,0.06196
human,plate22,flu-seqneut-2026-CTS-048,A/SouthAfrica/NICD-R01668/2026_H1N1,plate22-A/SouthAfrica/NICD-R01668/2026_H1N1,0.005089,interpolated,0.005089,0.005089,interpolated,1.336,1,0,0.895,0.1174
human,plate22,flu-seqneut-2026-CTS-048,A/SouthAfrica/PATH-CERI-C073358/2025_H1N1,plate22-A/SouthAfrica/PATH-CERI-C073358/2025_H1N1,0.003057,interpolated,0.003398,0.003398,interpolated,1.507,0.9264,0,0.9156,0.1018
human,plate22,flu-seqneut-2026-CTS-048,A/SouthAfrica/PATH-CERI-C073366/2025_H1N1,plate22-A/SouthAfrica/PATH-CERI-C073366/2025_H1N1,0.007601,interpolated,0.007601,0.007601,interpolated,2.078,1,0,0.9856,0.04359
human,plate22,flu-seqneut-2026-CTS-048,A/SouthAfrica/PATH-CERI-C075119/2026_H1N1,plate22-A/SouthAfrica/PATH-CERI-C075119/2026_H1N1,0.004664,interpolated,0.004812,0.004812,interpolated,2.373,0.9643,0,0.932,0.09965
human,plate22,flu-seqneut-2026-CTS-048,A/SouthAustralia/2605715552/2026_H3N2,plate22-A/SouthAustralia/2605715552/2026_H3N2,0.003405,interpolated,0.003417,0.003417,interpolated,2.198,0.9961,0,0.9877,0.04341
human,plate22,flu-seqneut-2026-CTS-048,A/SouthCarolina/USAFSAM-17046/2026_H3N2,plate22-A/SouthCarolina/USAFSAM-17046/2026_H3N2,0.001958,interpolated,0.002001,0.002001,interpolated,1.89,0.9797,0,0.9383,0.1045
human,plate22,flu-seqneut-2026-CTS-048,A/South_Australia/2523812314/2025_H3N2,plate22-A/South_Australia/2523812314/2025_H3N2,0.0008947,interpolated,0.0008947,0.0008947,interpolated,1.879,1,0,0.9927,0.03296
human,plate22,flu-seqneut-2026-CTS-048,A/South_Australia/2527213276/2025_H3N2,plate22-A/South_Australia/2527213276/2025_H3N2,0.0006567,interpolated,0.0006567,0.0006567,interpolated,0.9423,1,0,0.834,0.1396
human,plate22,flu-seqneut-2026-CTS-048,A/StPetersburg/RII-25-2042S/2025_H3N2,plate22-A/StPetersburg/RII-25-2042S/2025_H3N2,0.003438,interpolated,0.003459,0.003459,interpolated,2.124,0.9936,0,0.9786,0.05751
human,plate22,flu-seqneut-2026-CTS-048,A/StPetersburg/RII-25-2321S/2025_H3N2,plate22-A/StPetersburg/RII-25-2321S/2025_H3N2,0.002566,interpolated,0.002566,0.002566,interpolated,1.624,1,0,0.9929,0.0327
human,plate22,flu-seqneut-2026-CTS-048,A/StPetersburg/RII-25-2506S/2026_H3N2,plate22-A/StPetersburg/RII-25-2506S/2026_H3N2,0.003472,interpolated,0.003677,0.003677,interpolated,3.298,0.9139,0,0.9621,0.07327
human,plate22,flu-seqneut-2026-CTS-048,A/StPetersburg/RII-25-2600S/2026_H3N2,plate22-A/StPetersburg/RII-25-2600S/2026_H3N2,0.003378,interpolated,0.003511,0.003511,interpolated,2.148,0.9601,0,0.9785,0.05659
human,plate22,flu-seqneut-2026-CTS-048,A/Switzerland/UN-SNRCI-HUG-053/2025_H1N1,plate22-A/Switzerland/UN-SNRCI-HUG-053/2025_H1N1,0.004154,interpolated,0.004154,0.004154,interpolated,3.252,1,0,0.9578,0.08349
human,plate22,flu-seqneut-2026-CTS-048,A/Sydney/1359/2024_H3N2,plate22-A/Sydney/1359/2024_H3N2,0.001173,interpolated,0.001173,0.001173,interpolated,1.523,1,0,0.9164,0.1105
human,plate22,flu-seqneut-2026-CTS-048,A/Sydney/50/2026_H1N1,plate22-A/Sydney/50/2026_H1N1,0.007492,interpolated,0.007492,0.007492,interpolated,1.561,1,0,0.9587,0.06895
human,plate22,flu-seqneut-2026-CTS-048,A/Texas/29/2026_H1N1,plate22-A/Texas/29/2026_H1N1,0.006748,interpolated,0.006748,0.006748,interpolated,1.452,1,0,0.8441,0.1448
human,plate22,flu-seqneut-2026-CTS-048,A/Thailand/8/2022_H3N2,plate22-A/Thailand/8/2022_H3N2,0.0009973,interpolated,0.0009973,0.0009973,interpolated,1.295,1,0,0.9841,0.04525
human,plate22,flu-seqneut-2026-CTS-048,A/Thuringen/16/2026_H3N2,plate22-A/Thuringen/16/2026_H3N2,0.003126,interpolated,0.003126,0.003126,interpolated,2.079,1,0,0.9941,0.03136
human,plate22,flu-seqneut-2026-CTS-048,A/Thuringen/39/2026_H3N2,plate22-A/Thuringen/39/2026_H3N2,0.002063,interpolated,0.002063,0.002063,interpolated,0.8317,1,0,0.9019,0.1027
human,plate22,flu-seqneut-2026-CTS-048,A/Tokyo/EIS11-277/2024_H1N1,plate22-A/Tokyo/EIS11-277/2024_H1N1,0.002166,interpolated,0.002596,0.002596,interpolated,1.478,0.8827,0,0.964,0.06182
human,plate22,flu-seqneut-2026-CTS-048,A/Trieste/257/2025_H3N2,plate22-A/Trieste/257/2025_H3N2,0.001995,interpolated,0.001995,0.001995,interpolated,1.324,1,0,0.9505,0.0842
human,plate22,flu-seqneut-2026-CTS-048,A/Ukraine/5214/2026_H1N1,plate22-A/Ukraine/5214/2026_H1N1,0.004927,interpolated,0.004927,0.004927,interpolated,1.947,1,0,0.9309,0.1015
human,plate22,flu-seqneut-2026-CTS-048,A/Uppsala/SE26-01293/2026_H1N1,plate22-A/Uppsala/SE26-01293/2026_H1N1,0.002755,interpolated,0.002755,0.002755,interpolated,1.912,1,0,0.9953,0.0273
human,plate22,flu-seqneut-2026-CTS-048,A/Valencia/VAHNSI_09_02564/2025_H1N1,plate22-A/Valencia/VAHNSI_09_02564/2025_H1N1,0.003803,interpolated,0.003803,0.003803,interpolated,1.625,1,0,0.9768,0.05792
human,plate22,flu-seqneut-2026-CTS-048,A/Victoria/2948/2025_H3N2,plate22-A/Victoria/2948/2025_H3N2,0.001891,interpolated,0.001911,0.001911,interpolated,10,0.9505,0,0.9529,0.08859
human,plate22,flu-seqneut-2026-CTS-048,A/Victoria/4897/2022_IVR-238_H1N1,plate22-A/Victoria/4897/2022_IVR-238_H1N1,0.002661,interpolated,0.002661,0.002661,interpolated,1.274,1,0,0.9378,0.09235
human,plate22,flu-seqneut-2026-CTS-048,A/Vietnam/F7324/2024_H3N2,plate22-A/Vietnam/F7324/2024_H3N2,0.003309,interpolated,0.003619,0.003619,interpolated,3.141,0.8774,0,0.934,0.09836
human,plate22,flu-seqneut-2026-CTS-048,A/Vietnam/PF125413/2025_H1N1,plate22-A/Vietnam/PF125413/2025_H1N1,0.002439,interpolated,0.002439,0.002439,interpolated,1.739,1,0,0.9486,0.0907
human,plate22,flu-seqneut-2026-CTS-048,A/Vietnam/PF126009/2026_H1N1,plate22-A/Vietnam/PF126009/2026_H1N1,0.004249,interpolated,0.004249,0.004249,interpolated,3.259,1,0,0.9931,0.03491
human,plate22,flu-seqneut-2026-CTS-048,A/Virginia/82/2025_H1N1,plate22-A/Virginia/82/2025_H1N1,0.005542,interpolated,0.005542,0.005542,interpolated,1.691,1,0,0.9174,0.1073
human,plate22,flu-seqneut-2026-CTS-048,A/Wisconsin/588/2019_H1N1,plate22-A/Wisconsin/588/2019_H1N1,0.001831,interpolated,0.001831,0.001831,interpolated,1.407,1,0,0.997,0.02086
human,plate22,flu-seqneut-2026-CTS-048,A/Wisconsin/67/2022_H1N1,plate22-A/Wisconsin/67/2022_H1N1,0.00295,interpolated,0.00295,0.00295,interpolated,1.626,1,0,0.961,0.07671
human,plate22,flu-seqneut-2026-CTS-048,A/Zacapa/FLU-012/2025_H1N1,plate22-A/Zacapa/FLU-012/2025_H1N1,0.003019,interpolated,0.003019,0.003019,interpolated,1.094,1,0,0.9179,0.09966
human,plate22,flu-seqneut-2026-CTS-048,A/Zambia/6-NIC-014/2026_H1N1,plate22-A/Zambia/6-NIC-014/2026_H1N1,0.00298,interpolated,0.002992,0.002992,interpolated,1.074,0.998,0,0.9247,0.09627
human,plate22,flu-seqneut-2026-CTS-048,A/Zambia/7-NIC-313/2026_H1N1,plate22-A/Zambia/7-NIC-313/2026_H1N1,0.00205,interpolated,0.00205,0.00205,interpolated,2.722,1,0,0.9686,0.07355
