serum,strain,plate_barcode,dilution_factor,frac_infectivity_raw,frac_infectivity_ceiling
flu-seqneut-2026-CTS-039,A/Andalucia/PMC-01495/2025_H1N1,plate22-A/Andalucia/PMC-01495/2025_H1N1,92,0.781,0.781
flu-seqneut-2026-CTS-039,A/Andalucia/PMC-01495/2025_H1N1,plate22-A/Andalucia/PMC-01495/2025_H1N1,212,0.8091,0.8091
flu-seqneut-2026-CTS-039,A/Andalucia/PMC-01495/2025_H1N1,plate22-A/Andalucia/PMC-01495/2025_H1N1,487,0.7825,0.7825
flu-seqneut-2026-CTS-039,A/Andalucia/PMC-01495/2025_H1N1,plate22-A/Andalucia/PMC-01495/2025_H1N1,1119,1.234,1
flu-seqneut-2026-CTS-039,A/Andalucia/PMC-01495/2025_H1N1,plate22-A/Andalucia/PMC-01495/2025_H1N1,2575,1.09,1
flu-seqneut-2026-CTS-039,A/Andalucia/PMC-01495/2025_H1N1,plate22-A/Andalucia/PMC-01495/2025_H1N1,1.362e+04,2.458,1
flu-seqneut-2026-CTS-039,A/Astrakhan/RII-MH273373S/2025_H3N2,plate22-A/Astrakhan/RII-MH273373S/2025_H3N2,92,0.3076,0.3076
flu-seqneut-2026-CTS-039,A/Astrakhan/RII-MH273373S/2025_H3N2,plate22-A/Astrakhan/RII-MH273373S/2025_H3N2,212,0.09715,0.09715
flu-seqneut-2026-CTS-039,A/Astrakhan/RII-MH273373S/2025_H3N2,plate22-A/Astrakhan/RII-MH273373S/2025_H3N2,487,0.6461,0.6461
flu-seqneut-2026-CTS-039,A/Astrakhan/RII-MH273373S/2025_H3N2,plate22-A/Astrakhan/RII-MH273373S/2025_H3N2,1119,0.6412,0.6412
flu-seqneut-2026-CTS-039,A/Astrakhan/RII-MH273373S/2025_H3N2,plate22-A/Astrakhan/RII-MH273373S/2025_H3N2,2575,0.8718,0.8718
flu-seqneut-2026-CTS-039,A/Astrakhan/RII-MH273373S/2025_H3N2,plate22-A/Astrakhan/RII-MH273373S/2025_H3N2,5921,1.418,1
flu-seqneut-2026-CTS-039,A/Astrakhan/RII-MH273373S/2025_H3N2,plate22-A/Astrakhan/RII-MH273373S/2025_H3N2,1.362e+04,2.211,1
flu-seqneut-2026-CTS-039,A/Asturias/232590913/2025_H1N1,plate22-A/Asturias/232590913/2025_H1N1,92,0.8467,0.8467
flu-seqneut-2026-CTS-039,A/Asturias/232590913/2025_H1N1,plate22-A/Asturias/232590913/2025_H1N1,212,0.5517,0.5517
flu-seqneut-2026-CTS-039,A/Asturias/232590913/2025_H1N1,plate22-A/Asturias/232590913/2025_H1N1,487,0.8732,0.8732
flu-seqneut-2026-CTS-039,A/Asturias/232590913/2025_H1N1,plate22-A/Asturias/232590913/2025_H1N1,1119,1.061,1
flu-seqneut-2026-CTS-039,A/Asturias/232590913/2025_H1N1,plate22-A/Asturias/232590913/2025_H1N1,2575,1.407,1
flu-seqneut-2026-CTS-039,A/Asturias/232590913/2025_H1N1,plate22-A/Asturias/232590913/2025_H1N1,5921,2.893,1
flu-seqneut-2026-CTS-039,A/Asturias/232590913/2025_H1N1,plate22-A/Asturias/232590913/2025_H1N1,1.362e+04,2.399,1
flu-seqneut-2026-CTS-039,A/Badajoz/18811358/2026_H3N2,plate22-A/Badajoz/18811358/2026_H3N2,92,0.4739,0.4739
flu-seqneut-2026-CTS-039,A/Badajoz/18811358/2026_H3N2,plate22-A/Badajoz/18811358/2026_H3N2,212,0.5841,0.5841
flu-seqneut-2026-CTS-039,A/Badajoz/18811358/2026_H3N2,plate22-A/Badajoz/18811358/2026_H3N2,487,0.613,0.613
flu-seqneut-2026-CTS-039,A/Badajoz/18811358/2026_H3N2,plate22-A/Badajoz/18811358/2026_H3N2,1119,0.6566,0.6566
flu-seqneut-2026-CTS-039,A/Badajoz/18811358/2026_H3N2,plate22-A/Badajoz/18811358/2026_H3N2,2575,1.265,1
flu-seqneut-2026-CTS-039,A/Badajoz/18811358/2026_H3N2,plate22-A/Badajoz/18811358/2026_H3N2,5921,1.869,1
flu-seqneut-2026-CTS-039,A/Badajoz/18811358/2026_H3N2,plate22-A/Badajoz/18811358/2026_H3N2,1.362e+04,2.949,1
flu-seqneut-2026-CTS-039,A/Blaenavon/6687/2026_H3N2,plate22-A/Blaenavon/6687/2026_H3N2,92,0.725,0.725
flu-seqneut-2026-CTS-039,A/Blaenavon/6687/2026_H3N2,plate22-A/Blaenavon/6687/2026_H3N2,212,0.4758,0.4758
flu-seqneut-2026-CTS-039,A/Blaenavon/6687/2026_H3N2,plate22-A/Blaenavon/6687/2026_H3N2,487,0.8877,0.8877
flu-seqneut-2026-CTS-039,A/Blaenavon/6687/2026_H3N2,plate22-A/Blaenavon/6687/2026_H3N2,1119,0.8719,0.8719
flu-seqneut-2026-CTS-039,A/Blaenavon/6687/2026_H3N2,plate22-A/Blaenavon/6687/2026_H3N2,2575,0.9932,0.9932
flu-seqneut-2026-CTS-039,A/Blaenavon/6687/2026_H3N2,plate22-A/Blaenavon/6687/2026_H3N2,5921,2.854,1
flu-seqneut-2026-CTS-039,A/Blaenavon/6687/2026_H3N2,plate22-A/Blaenavon/6687/2026_H3N2,1.362e+04,2.263,1
flu-seqneut-2026-CTS-039,A/Bolivia/OR5702/2025_H3N2,plate22-A/Bolivia/OR5702/2025_H3N2,92,0.5192,0.5192
flu-seqneut-2026-CTS-039,A/Bolivia/OR5702/2025_H3N2,plate22-A/Bolivia/OR5702/2025_H3N2,212,0.2336,0.2336
flu-seqneut-2026-CTS-039,A/Bolivia/OR5702/2025_H3N2,plate22-A/Bolivia/OR5702/2025_H3N2,487,0.4607,0.4607
flu-seqneut-2026-CTS-039,A/Bolivia/OR5702/2025_H3N2,plate22-A/Bolivia/OR5702/2025_H3N2,1119,0.8748,0.8748
flu-seqneut-2026-CTS-039,A/Bolivia/OR5702/2025_H3N2,plate22-A/Bolivia/OR5702/2025_H3N2,2575,1.008,1
flu-seqneut-2026-CTS-039,A/Bolivia/OR5702/2025_H3N2,plate22-A/Bolivia/OR5702/2025_H3N2,1.362e+04,2.502,1
flu-seqneut-2026-CTS-039,A/BritishColumbia/RV00022-26/2025_H1N1,plate22-A/BritishColumbia/RV00022-26/2025_H1N1,92,1.664,1
flu-seqneut-2026-CTS-039,A/BritishColumbia/RV00022-26/2025_H1N1,plate22-A/BritishColumbia/RV00022-26/2025_H1N1,212,0.9249,0.9249
flu-seqneut-2026-CTS-039,A/BritishColumbia/RV00022-26/2025_H1N1,plate22-A/BritishColumbia/RV00022-26/2025_H1N1,487,1.118,1
flu-seqneut-2026-CTS-039,A/BritishColumbia/RV00022-26/2025_H1N1,plate22-A/BritishColumbia/RV00022-26/2025_H1N1,1119,1.058,1
flu-seqneut-2026-CTS-039,A/BritishColumbia/RV00022-26/2025_H1N1,plate22-A/BritishColumbia/RV00022-26/2025_H1N1,2575,1.59,1
flu-seqneut-2026-CTS-039,A/BritishColumbia/RV00022-26/2025_H1N1,plate22-A/BritishColumbia/RV00022-26/2025_H1N1,5921,2.796,1
flu-seqneut-2026-CTS-039,A/California/GKISBBBH79910/2026_H3N2,plate22-A/California/GKISBBBH79910/2026_H3N2,92,0.4805,0.4805
flu-seqneut-2026-CTS-039,A/California/GKISBBBH79910/2026_H3N2,plate22-A/California/GKISBBBH79910/2026_H3N2,212,0.523,0.523
flu-seqneut-2026-CTS-039,A/California/GKISBBBH79910/2026_H3N2,plate22-A/California/GKISBBBH79910/2026_H3N2,487,0.7106,0.7106
flu-seqneut-2026-CTS-039,A/California/GKISBBBH79910/2026_H3N2,plate22-A/California/GKISBBBH79910/2026_H3N2,1119,0.927,0.927
flu-seqneut-2026-CTS-039,A/California/GKISBBBH79910/2026_H3N2,plate22-A/California/GKISBBBH79910/2026_H3N2,2575,0.9763,0.9763
flu-seqneut-2026-CTS-039,A/California/GKISBBBH79910/2026_H3N2,plate22-A/California/GKISBBBH79910/2026_H3N2,5921,2.882,1
flu-seqneut-2026-CTS-039,A/California/GKISBBBH79910/2026_H3N2,plate22-A/California/GKISBBBH79910/2026_H3N2,1.362e+04,2.861,1
flu-seqneut-2026-CTS-039,A/California/NIRC-IS-1019/2026_H1N1,plate22-A/California/NIRC-IS-1019/2026_H1N1,92,1.273,1
flu-seqneut-2026-CTS-039,A/California/NIRC-IS-1019/2026_H1N1,plate22-A/California/NIRC-IS-1019/2026_H1N1,212,0.6291,0.6291
flu-seqneut-2026-CTS-039,A/California/NIRC-IS-1019/2026_H1N1,plate22-A/California/NIRC-IS-1019/2026_H1N1,487,0.9562,0.9562
flu-seqneut-2026-CTS-039,A/California/NIRC-IS-1019/2026_H1N1,plate22-A/California/NIRC-IS-1019/2026_H1N1,1119,0.8009,0.8009
flu-seqneut-2026-CTS-039,A/California/NIRC-IS-1019/2026_H1N1,plate22-A/California/NIRC-IS-1019/2026_H1N1,2575,1.077,1
flu-seqneut-2026-CTS-039,A/California/NIRC-IS-1019/2026_H1N1,plate22-A/California/NIRC-IS-1019/2026_H1N1,5921,2.719,1
flu-seqneut-2026-CTS-039,A/California/NIRC-IS-1019/2026_H1N1,plate22-A/California/NIRC-IS-1019/2026_H1N1,1.362e+04,2.413,1
flu-seqneut-2026-CTS-039,A/California/NIRC-IS-1067/2026_H3N2,plate22-A/California/NIRC-IS-1067/2026_H3N2,92,0.4433,0.4433
flu-seqneut-2026-CTS-039,A/California/NIRC-IS-1067/2026_H3N2,plate22-A/California/NIRC-IS-1067/2026_H3N2,212,0.5432,0.5432
flu-seqneut-2026-CTS-039,A/California/NIRC-IS-1067/2026_H3N2,plate22-A/California/NIRC-IS-1067/2026_H3N2,487,0.6597,0.6597
flu-seqneut-2026-CTS-039,A/California/NIRC-IS-1067/2026_H3N2,plate22-A/California/NIRC-IS-1067/2026_H3N2,1119,0.8419,0.8419
flu-seqneut-2026-CTS-039,A/California/NIRC-IS-1067/2026_H3N2,plate22-A/California/NIRC-IS-1067/2026_H3N2,2575,0.7594,0.7594
flu-seqneut-2026-CTS-039,A/California/NIRC-IS-1067/2026_H3N2,plate22-A/California/NIRC-IS-1067/2026_H3N2,5921,2.466,1
flu-seqneut-2026-CTS-039,A/California/NIRC-IS-1067/2026_H3N2,plate22-A/California/NIRC-IS-1067/2026_H3N2,1.362e+04,2.768,1
flu-seqneut-2026-CTS-039,A/California/NIRC-IS-1356/2025_H1N1,plate22-A/California/NIRC-IS-1356/2025_H1N1,92,0.9202,0.9202
flu-seqneut-2026-CTS-039,A/California/NIRC-IS-1356/2025_H1N1,plate22-A/California/NIRC-IS-1356/2025_H1N1,212,0.8254,0.8254
flu-seqneut-2026-CTS-039,A/California/NIRC-IS-1356/2025_H1N1,plate22-A/California/NIRC-IS-1356/2025_H1N1,487,0.8595,0.8595
flu-seqneut-2026-CTS-039,A/California/NIRC-IS-1356/2025_H1N1,plate22-A/California/NIRC-IS-1356/2025_H1N1,1119,0.8587,0.8587
flu-seqneut-2026-CTS-039,A/California/NIRC-IS-1356/2025_H1N1,plate22-A/California/NIRC-IS-1356/2025_H1N1,2575,1.208,1
flu-seqneut-2026-CTS-039,A/California/NIRC-IS-1356/2025_H1N1,plate22-A/California/NIRC-IS-1356/2025_H1N1,5921,2.607,1
flu-seqneut-2026-CTS-039,A/California/NIRC-IS-1356/2025_H1N1,plate22-A/California/NIRC-IS-1356/2025_H1N1,1.362e+04,2.455,1
flu-seqneut-2026-CTS-039,A/Colombia/1851/2024_H3N2,plate22-A/Colombia/1851/2024_H3N2,92,0.1105,0.1105
flu-seqneut-2026-CTS-039,A/Colombia/1851/2024_H3N2,plate22-A/Colombia/1851/2024_H3N2,212,0.4256,0.4256
flu-seqneut-2026-CTS-039,A/Colombia/1851/2024_H3N2,plate22-A/Colombia/1851/2024_H3N2,487,0.5408,0.5408
flu-seqneut-2026-CTS-039,A/Colombia/1851/2024_H3N2,plate22-A/Colombia/1851/2024_H3N2,1119,0.6065,0.6065
flu-seqneut-2026-CTS-039,A/Colombia/1851/2024_H3N2,plate22-A/Colombia/1851/2024_H3N2,2575,1.341,1
flu-seqneut-2026-CTS-039,A/Colombia/1851/2024_H3N2,plate22-A/Colombia/1851/2024_H3N2,5921,2.832,1
flu-seqneut-2026-CTS-039,A/Colombia/1851/2024_H3N2,plate22-A/Colombia/1851/2024_H3N2,1.362e+04,2.533,1
flu-seqneut-2026-CTS-039,A/Croatia/10136RV/2023_H3N2,plate22-A/Croatia/10136RV/2023_H3N2,92,0.06188,0.06188
flu-seqneut-2026-CTS-039,A/Croatia/10136RV/2023_H3N2,plate22-A/Croatia/10136RV/2023_H3N2,212,0.1649,0.1649
flu-seqneut-2026-CTS-039,A/Croatia/10136RV/2023_H3N2,plate22-A/Croatia/10136RV/2023_H3N2,487,0.2224,0.2224
flu-seqneut-2026-CTS-039,A/Croatia/10136RV/2023_H3N2,plate22-A/Croatia/10136RV/2023_H3N2,1119,0.6728,0.6728
flu-seqneut-2026-CTS-039,A/Croatia/10136RV/2023_H3N2,plate22-A/Croatia/10136RV/2023_H3N2,2575,1.402,1
flu-seqneut-2026-CTS-039,A/Croatia/10136RV/2023_H3N2,plate22-A/Croatia/10136RV/2023_H3N2,1.362e+04,2.096,1
flu-seqneut-2026-CTS-039,A/Darwin/1415/2025_H3N2,plate22-A/Darwin/1415/2025_H3N2,92,0.3491,0.3491
flu-seqneut-2026-CTS-039,A/Darwin/1415/2025_H3N2,plate22-A/Darwin/1415/2025_H3N2,212,0.2955,0.2955
flu-seqneut-2026-CTS-039,A/Darwin/1415/2025_H3N2,plate22-A/Darwin/1415/2025_H3N2,487,0.2468,0.2468
flu-seqneut-2026-CTS-039,A/Darwin/1415/2025_H3N2,plate22-A/Darwin/1415/2025_H3N2,1119,0.3441,0.3441
flu-seqneut-2026-CTS-039,A/Darwin/1415/2025_H3N2,plate22-A/Darwin/1415/2025_H3N2,2575,0.3844,0.3844
flu-seqneut-2026-CTS-039,A/Darwin/1415/2025_H3N2,plate22-A/Darwin/1415/2025_H3N2,5921,1.489,1
flu-seqneut-2026-CTS-039,A/Darwin/1415/2025_H3N2,plate22-A/Darwin/1415/2025_H3N2,1.362e+04,1.439,1
flu-seqneut-2026-CTS-039,A/Denmark/3940/2025_H3N2,plate22-A/Denmark/3940/2025_H3N2,92,0.7004,0.7004
flu-seqneut-2026-CTS-039,A/Denmark/3940/2025_H3N2,plate22-A/Denmark/3940/2025_H3N2,212,0.3581,0.3581
flu-seqneut-2026-CTS-039,A/Denmark/3940/2025_H3N2,plate22-A/Denmark/3940/2025_H3N2,487,0.6632,0.6632
flu-seqneut-2026-CTS-039,A/Denmark/3940/2025_H3N2,plate22-A/Denmark/3940/2025_H3N2,1119,1.115,1
flu-seqneut-2026-CTS-039,A/Denmark/3940/2025_H3N2,plate22-A/Denmark/3940/2025_H3N2,2575,0.9486,0.9486
flu-seqneut-2026-CTS-039,A/Denmark/3940/2025_H3N2,plate22-A/Denmark/3940/2025_H3N2,5921,2.133,1
flu-seqneut-2026-CTS-039,A/Denmark/3940/2025_H3N2,plate22-A/Denmark/3940/2025_H3N2,1.362e+04,2.574,1
flu-seqneut-2026-CTS-039,A/Denmark/4547/2025_H1N1,plate22-A/Denmark/4547/2025_H1N1,92,0.6092,0.6092
flu-seqneut-2026-CTS-039,A/Denmark/4547/2025_H1N1,plate22-A/Denmark/4547/2025_H1N1,212,0.2695,0.2695
flu-seqneut-2026-CTS-039,A/Denmark/4547/2025_H1N1,plate22-A/Denmark/4547/2025_H1N1,487,0.6477,0.6477
flu-seqneut-2026-CTS-039,A/Denmark/4547/2025_H1N1,plate22-A/Denmark/4547/2025_H1N1,1119,0.6278,0.6278
flu-seqneut-2026-CTS-039,A/Denmark/4547/2025_H1N1,plate22-A/Denmark/4547/2025_H1N1,2575,0.7701,0.7701
flu-seqneut-2026-CTS-039,A/Denmark/4547/2025_H1N1,plate22-A/Denmark/4547/2025_H1N1,5921,1.714,1
flu-seqneut-2026-CTS-039,A/Denmark/4547/2025_H1N1,plate22-A/Denmark/4547/2025_H1N1,1.362e+04,1.822,1
flu-seqneut-2026-CTS-039,A/Denmark/4774/2025_H1N1,plate22-A/Denmark/4774/2025_H1N1,92,2.008,1
flu-seqneut-2026-CTS-039,A/Denmark/4774/2025_H1N1,plate22-A/Denmark/4774/2025_H1N1,212,0.9227,0.9227
flu-seqneut-2026-CTS-039,A/Denmark/4774/2025_H1N1,plate22-A/Denmark/4774/2025_H1N1,487,0.8773,0.8773
flu-seqneut-2026-CTS-039,A/Denmark/4774/2025_H1N1,plate22-A/Denmark/4774/2025_H1N1,1119,1.228,1
flu-seqneut-2026-CTS-039,A/Denmark/4774/2025_H1N1,plate22-A/Denmark/4774/2025_H1N1,2575,2.693,1
flu-seqneut-2026-CTS-039,A/Denmark/4774/2025_H1N1,plate22-A/Denmark/4774/2025_H1N1,1.362e+04,2.949,1
flu-seqneut-2026-CTS-039,A/Distrito_Federal/250106000728/2025_H3N2,plate22-A/Distrito_Federal/250106000728/2025_H3N2,92,0.3548,0.3548
flu-seqneut-2026-CTS-039,A/Distrito_Federal/250106000728/2025_H3N2,plate22-A/Distrito_Federal/250106000728/2025_H3N2,212,0.4305,0.4305
flu-seqneut-2026-CTS-039,A/Distrito_Federal/250106000728/2025_H3N2,plate22-A/Distrito_Federal/250106000728/2025_H3N2,487,0.5223,0.5223
flu-seqneut-2026-CTS-039,A/Distrito_Federal/250106000728/2025_H3N2,plate22-A/Distrito_Federal/250106000728/2025_H3N2,1119,0.6418,0.6418
flu-seqneut-2026-CTS-039,A/Distrito_Federal/250106000728/2025_H3N2,plate22-A/Distrito_Federal/250106000728/2025_H3N2,2575,0.9143,0.9143
flu-seqneut-2026-CTS-039,A/Distrito_Federal/250106000728/2025_H3N2,plate22-A/Distrito_Federal/250106000728/2025_H3N2,5921,2.739,1
flu-seqneut-2026-CTS-039,A/Distrito_Federal/250106000728/2025_H3N2,plate22-A/Distrito_Federal/250106000728/2025_H3N2,1.362e+04,2.986,1
flu-seqneut-2026-CTS-039,A/England/1893256/2026_H1N1,plate22-A/England/1893256/2026_H1N1,92,0.9123,0.9123
flu-seqneut-2026-CTS-039,A/England/1893256/2026_H1N1,plate22-A/England/1893256/2026_H1N1,212,0.7206,0.7206
flu-seqneut-2026-CTS-039,A/England/1893256/2026_H1N1,plate22-A/England/1893256/2026_H1N1,487,0.8857,0.8857
flu-seqneut-2026-CTS-039,A/England/1893256/2026_H1N1,plate22-A/England/1893256/2026_H1N1,1119,0.9772,0.9772
flu-seqneut-2026-CTS-039,A/England/1893256/2026_H1N1,plate22-A/England/1893256/2026_H1N1,2575,1.094,1
flu-seqneut-2026-CTS-039,A/England/1893256/2026_H1N1,plate22-A/England/1893256/2026_H1N1,5921,2.927,1
flu-seqneut-2026-CTS-039,A/England/1893256/2026_H1N1,plate22-A/England/1893256/2026_H1N1,1.362e+04,2.566,1
flu-seqneut-2026-CTS-039,A/France/ARA-HCL025195259501/2025_H1N1,plate22-A/France/ARA-HCL025195259501/2025_H1N1,92,1.037,1
flu-seqneut-2026-CTS-039,A/France/ARA-HCL025195259501/2025_H1N1,plate22-A/France/ARA-HCL025195259501/2025_H1N1,212,0.6578,0.6578
flu-seqneut-2026-CTS-039,A/France/ARA-HCL025195259501/2025_H1N1,plate22-A/France/ARA-HCL025195259501/2025_H1N1,487,0.7888,0.7888
flu-seqneut-2026-CTS-039,A/France/ARA-HCL025195259501/2025_H1N1,plate22-A/France/ARA-HCL025195259501/2025_H1N1,1119,0.9652,0.9652
flu-seqneut-2026-CTS-039,A/France/ARA-HCL025195259501/2025_H1N1,plate22-A/France/ARA-HCL025195259501/2025_H1N1,2575,1.229,1
flu-seqneut-2026-CTS-039,A/France/ARA-HCL025195259501/2025_H1N1,plate22-A/France/ARA-HCL025195259501/2025_H1N1,5921,2.692,1
flu-seqneut-2026-CTS-039,A/France/ARA-HCL025195259501/2025_H1N1,plate22-A/France/ARA-HCL025195259501/2025_H1N1,1.362e+04,2.296,1
flu-seqneut-2026-CTS-039,A/France/ARA-HCL026031894402/2026_H3N2,plate22-A/France/ARA-HCL026031894402/2026_H3N2,92,0.5269,0.5269
flu-seqneut-2026-CTS-039,A/France/ARA-HCL026031894402/2026_H3N2,plate22-A/France/ARA-HCL026031894402/2026_H3N2,212,0.6672,0.6672
flu-seqneut-2026-CTS-039,A/France/ARA-HCL026031894402/2026_H3N2,plate22-A/France/ARA-HCL026031894402/2026_H3N2,487,0.679,0.679
flu-seqneut-2026-CTS-039,A/France/ARA-HCL026031894402/2026_H3N2,plate22-A/France/ARA-HCL026031894402/2026_H3N2,1119,1.234,1
flu-seqneut-2026-CTS-039,A/France/ARA-HCL026031894402/2026_H3N2,plate22-A/France/ARA-HCL026031894402/2026_H3N2,2575,1.21,1
flu-seqneut-2026-CTS-039,A/France/ARA-HCL026031894402/2026_H3N2,plate22-A/France/ARA-HCL026031894402/2026_H3N2,5921,2.205,1
flu-seqneut-2026-CTS-039,A/France/GES-IPP01077/2026_H3N2,plate22-A/France/GES-IPP01077/2026_H3N2,92,0.6062,0.6062
flu-seqneut-2026-CTS-039,A/France/GES-IPP01077/2026_H3N2,plate22-A/France/GES-IPP01077/2026_H3N2,212,0.3392,0.3392
flu-seqneut-2026-CTS-039,A/France/GES-IPP01077/2026_H3N2,plate22-A/France/GES-IPP01077/2026_H3N2,487,0.6546,0.6546
flu-seqneut-2026-CTS-039,A/France/GES-IPP01077/2026_H3N2,plate22-A/France/GES-IPP01077/2026_H3N2,1119,0.5038,0.5038
flu-seqneut-2026-CTS-039,A/France/GES-IPP01077/2026_H3N2,plate22-A/France/GES-IPP01077/2026_H3N2,2575,0.805,0.805
flu-seqneut-2026-CTS-039,A/France/GES-IPP01077/2026_H3N2,plate22-A/France/GES-IPP01077/2026_H3N2,5921,2.533,1
flu-seqneut-2026-CTS-039,A/France/GES-IPP01077/2026_H3N2,plate22-A/France/GES-IPP01077/2026_H3N2,1.362e+04,2.362,1
flu-seqneut-2026-CTS-039,A/France/NAQ-HCL026010957001/2026_H3N2,plate22-A/France/NAQ-HCL026010957001/2026_H3N2,92,0.441,0.441
flu-seqneut-2026-CTS-039,A/France/NAQ-HCL026010957001/2026_H3N2,plate22-A/France/NAQ-HCL026010957001/2026_H3N2,212,0.4314,0.4314
flu-seqneut-2026-CTS-039,A/France/NAQ-HCL026010957001/2026_H3N2,plate22-A/France/NAQ-HCL026010957001/2026_H3N2,487,0.6693,0.6693
flu-seqneut-2026-CTS-039,A/France/NAQ-HCL026010957001/2026_H3N2,plate22-A/France/NAQ-HCL026010957001/2026_H3N2,1119,0.682,0.682
flu-seqneut-2026-CTS-039,A/France/NAQ-HCL026010957001/2026_H3N2,plate22-A/France/NAQ-HCL026010957001/2026_H3N2,2575,1.289,1
flu-seqneut-2026-CTS-039,A/France/NAQ-HCL026010957001/2026_H3N2,plate22-A/France/NAQ-HCL026010957001/2026_H3N2,1.362e+04,2.813,1
flu-seqneut-2026-CTS-039,A/France/NAQ-HCL026046169102/2025_H1N1,plate22-A/France/NAQ-HCL026046169102/2025_H1N1,92,0.3968,0.3968
flu-seqneut-2026-CTS-039,A/France/NAQ-HCL026046169102/2025_H1N1,plate22-A/France/NAQ-HCL026046169102/2025_H1N1,212,0.3761,0.3761
flu-seqneut-2026-CTS-039,A/France/NAQ-HCL026046169102/2025_H1N1,plate22-A/France/NAQ-HCL026046169102/2025_H1N1,487,0.6446,0.6446
flu-seqneut-2026-CTS-039,A/France/NAQ-HCL026046169102/2025_H1N1,plate22-A/France/NAQ-HCL026046169102/2025_H1N1,1119,0.8235,0.8235
flu-seqneut-2026-CTS-039,A/France/NAQ-HCL026046169102/2025_H1N1,plate22-A/France/NAQ-HCL026046169102/2025_H1N1,2575,0.6513,0.6513
flu-seqneut-2026-CTS-039,A/France/NAQ-HCL026046169102/2025_H1N1,plate22-A/France/NAQ-HCL026046169102/2025_H1N1,5921,1.795,1
flu-seqneut-2026-CTS-039,A/France/NAQ-HCL026046169102/2025_H1N1,plate22-A/France/NAQ-HCL026046169102/2025_H1N1,1.362e+04,1.473,1
flu-seqneut-2026-CTS-039,A/France/OCC-HCL026013263701/2026_H3N2,plate22-A/France/OCC-HCL026013263701/2026_H3N2,92,0.8322,0.8322
flu-seqneut-2026-CTS-039,A/France/OCC-HCL026013263701/2026_H3N2,plate22-A/France/OCC-HCL026013263701/2026_H3N2,212,0.5586,0.5586
flu-seqneut-2026-CTS-039,A/France/OCC-HCL026013263701/2026_H3N2,plate22-A/France/OCC-HCL026013263701/2026_H3N2,487,0.783,0.783
flu-seqneut-2026-CTS-039,A/France/OCC-HCL026013263701/2026_H3N2,plate22-A/France/OCC-HCL026013263701/2026_H3N2,1119,0.7366,0.7366
flu-seqneut-2026-CTS-039,A/France/OCC-HCL026013263701/2026_H3N2,plate22-A/France/OCC-HCL026013263701/2026_H3N2,2575,0.8384,0.8384
flu-seqneut-2026-CTS-039,A/France/OCC-HCL026013263701/2026_H3N2,plate22-A/France/OCC-HCL026013263701/2026_H3N2,5921,2.212,1
flu-seqneut-2026-CTS-039,A/Galicia/GA-CHUAC-451/2025_H3N2,plate22-A/Galicia/GA-CHUAC-451/2025_H3N2,92,0.1354,0.1354
flu-seqneut-2026-CTS-039,A/Galicia/GA-CHUAC-451/2025_H3N2,plate22-A/Galicia/GA-CHUAC-451/2025_H3N2,212,0.3374,0.3374
flu-seqneut-2026-CTS-039,A/Galicia/GA-CHUAC-451/2025_H3N2,plate22-A/Galicia/GA-CHUAC-451/2025_H3N2,487,0.7382,0.7382
flu-seqneut-2026-CTS-039,A/Galicia/GA-CHUAC-451/2025_H3N2,plate22-A/Galicia/GA-CHUAC-451/2025_H3N2,1119,1.255,1
flu-seqneut-2026-CTS-039,A/Galicia/GA-CHUAC-451/2025_H3N2,plate22-A/Galicia/GA-CHUAC-451/2025_H3N2,2575,0.9227,0.9227
flu-seqneut-2026-CTS-039,A/Galicia/GA-CHUAC-451/2025_H3N2,plate22-A/Galicia/GA-CHUAC-451/2025_H3N2,5921,1.793,1
flu-seqneut-2026-CTS-039,A/Galicia/GA-CHUAC-451/2025_H3N2,plate22-A/Galicia/GA-CHUAC-451/2025_H3N2,1.362e+04,2.196,1
flu-seqneut-2026-CTS-039,A/Galicia/GA-CHUAC-612/2025_H1N1,plate22-A/Galicia/GA-CHUAC-612/2025_H1N1,92,0.608,0.608
flu-seqneut-2026-CTS-039,A/Galicia/GA-CHUAC-612/2025_H1N1,plate22-A/Galicia/GA-CHUAC-612/2025_H1N1,212,0.9043,0.9043
flu-seqneut-2026-CTS-039,A/Galicia/GA-CHUAC-612/2025_H1N1,plate22-A/Galicia/GA-CHUAC-612/2025_H1N1,487,0.7152,0.7152
flu-seqneut-2026-CTS-039,A/Galicia/GA-CHUAC-612/2025_H1N1,plate22-A/Galicia/GA-CHUAC-612/2025_H1N1,1119,1.336,1
flu-seqneut-2026-CTS-039,A/Galicia/GA-CHUAC-612/2025_H1N1,plate22-A/Galicia/GA-CHUAC-612/2025_H1N1,2575,0.9587,0.9587
flu-seqneut-2026-CTS-039,A/Galicia/GA-CHUAC-612/2025_H1N1,plate22-A/Galicia/GA-CHUAC-612/2025_H1N1,5921,1.677,1
flu-seqneut-2026-CTS-039,A/Germany/LRMC_0113/2025_H3N2,plate22-A/Germany/LRMC_0113/2025_H3N2,92,0.5041,0.5041
flu-seqneut-2026-CTS-039,A/Germany/LRMC_0113/2025_H3N2,plate22-A/Germany/LRMC_0113/2025_H3N2,212,0.3784,0.3784
flu-seqneut-2026-CTS-039,A/Germany/LRMC_0113/2025_H3N2,plate22-A/Germany/LRMC_0113/2025_H3N2,487,0.6724,0.6724
flu-seqneut-2026-CTS-039,A/Germany/LRMC_0113/2025_H3N2,plate22-A/Germany/LRMC_0113/2025_H3N2,1119,0.7763,0.7763
flu-seqneut-2026-CTS-039,A/Germany/LRMC_0113/2025_H3N2,plate22-A/Germany/LRMC_0113/2025_H3N2,2575,0.7636,0.7636
flu-seqneut-2026-CTS-039,A/Germany/LRMC_0113/2025_H3N2,plate22-A/Germany/LRMC_0113/2025_H3N2,5921,2.791,1
flu-seqneut-2026-CTS-039,A/Hawaii/70/2019_H1N1,plate22-A/Hawaii/70/2019_H1N1,92,0.5416,0.5416
flu-seqneut-2026-CTS-039,A/Hawaii/70/2019_H1N1,plate22-A/Hawaii/70/2019_H1N1,212,0.3163,0.3163
flu-seqneut-2026-CTS-039,A/Hawaii/70/2019_H1N1,plate22-A/Hawaii/70/2019_H1N1,487,0.6836,0.6836
flu-seqneut-2026-CTS-039,A/Hawaii/70/2019_H1N1,plate22-A/Hawaii/70/2019_H1N1,1119,0.738,0.738
flu-seqneut-2026-CTS-039,A/Hawaii/70/2019_H1N1,plate22-A/Hawaii/70/2019_H1N1,2575,0.5669,0.5669
flu-seqneut-2026-CTS-039,A/Hawaii/70/2019_H1N1,plate22-A/Hawaii/70/2019_H1N1,5921,1.714,1
flu-seqneut-2026-CTS-039,A/Hawaii/70/2019_H1N1,plate22-A/Hawaii/70/2019_H1N1,1.362e+04,1.386,1
flu-seqneut-2026-CTS-039,A/Hawaii/ISC-1140/2025_H1N1,plate22-A/Hawaii/ISC-1140/2025_H1N1,92,0.3407,0.3407
flu-seqneut-2026-CTS-039,A/Hawaii/ISC-1140/2025_H1N1,plate22-A/Hawaii/ISC-1140/2025_H1N1,212,0.4946,0.4946
flu-seqneut-2026-CTS-039,A/Hawaii/ISC-1140/2025_H1N1,plate22-A/Hawaii/ISC-1140/2025_H1N1,487,0.5575,0.5575
flu-seqneut-2026-CTS-039,A/Hawaii/ISC-1140/2025_H1N1,plate22-A/Hawaii/ISC-1140/2025_H1N1,1119,0.5078,0.5078
flu-seqneut-2026-CTS-039,A/Hawaii/ISC-1140/2025_H1N1,plate22-A/Hawaii/ISC-1140/2025_H1N1,2575,0.5325,0.5325
flu-seqneut-2026-CTS-039,A/Hawaii/ISC-1140/2025_H1N1,plate22-A/Hawaii/ISC-1140/2025_H1N1,5921,1.471,1
flu-seqneut-2026-CTS-039,A/Hawaii/ISC-1140/2025_H1N1,plate22-A/Hawaii/ISC-1140/2025_H1N1,1.362e+04,1.316,1
flu-seqneut-2026-CTS-039,A/Ireland/91576/2025_H3N2,plate22-A/Ireland/91576/2025_H3N2,92,0.9583,0.9583
flu-seqneut-2026-CTS-039,A/Ireland/91576/2025_H3N2,plate22-A/Ireland/91576/2025_H3N2,212,0.7934,0.7934
flu-seqneut-2026-CTS-039,A/Ireland/91576/2025_H3N2,plate22-A/Ireland/91576/2025_H3N2,487,1.034,1
flu-seqneut-2026-CTS-039,A/Ireland/91576/2025_H3N2,plate22-A/Ireland/91576/2025_H3N2,1119,1.043,1
flu-seqneut-2026-CTS-039,A/Ireland/91576/2025_H3N2,plate22-A/Ireland/91576/2025_H3N2,2575,1.384,1
flu-seqneut-2026-CTS-039,A/Ireland/91576/2025_H3N2,plate22-A/Ireland/91576/2025_H3N2,5921,2.76,1
flu-seqneut-2026-CTS-039,A/Ireland/91576/2025_H3N2,plate22-A/Ireland/91576/2025_H3N2,1.362e+04,2.973,1
flu-seqneut-2026-CTS-039,A/Kentucky/80/2025_H1N1,plate22-A/Kentucky/80/2025_H1N1,92,0.3449,0.3449
flu-seqneut-2026-CTS-039,A/Kentucky/80/2025_H1N1,plate22-A/Kentucky/80/2025_H1N1,212,0.3392,0.3392
flu-seqneut-2026-CTS-039,A/Kentucky/80/2025_H1N1,plate22-A/Kentucky/80/2025_H1N1,487,0.6724,0.6724
flu-seqneut-2026-CTS-039,A/Kentucky/80/2025_H1N1,plate22-A/Kentucky/80/2025_H1N1,1119,1.485,1
flu-seqneut-2026-CTS-039,A/Kentucky/80/2025_H1N1,plate22-A/Kentucky/80/2025_H1N1,2575,0.8139,0.8139
flu-seqneut-2026-CTS-039,A/Kentucky/80/2025_H1N1,plate22-A/Kentucky/80/2025_H1N1,5921,2.084,1
flu-seqneut-2026-CTS-039,A/Kentucky/80/2025_H1N1,plate22-A/Kentucky/80/2025_H1N1,1.362e+04,2.185,1
flu-seqneut-2026-CTS-039,A/Lisboa/216/2023_H3N2,plate22-A/Lisboa/216/2023_H3N2,92,0.1366,0.1366
flu-seqneut-2026-CTS-039,A/Lisboa/216/2023_H3N2,plate22-A/Lisboa/216/2023_H3N2,212,0.242,0.242
flu-seqneut-2026-CTS-039,A/Lisboa/216/2023_H3N2,plate22-A/Lisboa/216/2023_H3N2,487,0.6321,0.6321
flu-seqneut-2026-CTS-039,A/Lisboa/216/2023_H3N2,plate22-A/Lisboa/216/2023_H3N2,1119,0.5652,0.5652
flu-seqneut-2026-CTS-039,A/Lisboa/216/2023_H3N2,plate22-A/Lisboa/216/2023_H3N2,2575,1.167,1
flu-seqneut-2026-CTS-039,A/Lisboa/216/2023_H3N2,plate22-A/Lisboa/216/2023_H3N2,1.362e+04,2.098,1
flu-seqneut-2026-CTS-039,A/Maine/25/2026_H1N1,plate22-A/Maine/25/2026_H1N1,92,0.9941,0.9941
flu-seqneut-2026-CTS-039,A/Maine/25/2026_H1N1,plate22-A/Maine/25/2026_H1N1,212,0.6011,0.6011
flu-seqneut-2026-CTS-039,A/Maine/25/2026_H1N1,plate22-A/Maine/25/2026_H1N1,487,0.9227,0.9227
flu-seqneut-2026-CTS-039,A/Maine/25/2026_H1N1,plate22-A/Maine/25/2026_H1N1,1119,0.8916,0.8916
flu-seqneut-2026-CTS-039,A/Maine/25/2026_H1N1,plate22-A/Maine/25/2026_H1N1,2575,1.27,1
flu-seqneut-2026-CTS-039,A/Maine/25/2026_H1N1,plate22-A/Maine/25/2026_H1N1,5921,2.765,1
flu-seqneut-2026-CTS-039,A/Malaysia/IMR/SARI/2406/2025_H3N2,plate22-A/Malaysia/IMR/SARI/2406/2025_H3N2,92,0.6341,0.6341
flu-seqneut-2026-CTS-039,A/Malaysia/IMR/SARI/2406/2025_H3N2,plate22-A/Malaysia/IMR/SARI/2406/2025_H3N2,212,0.383,0.383
flu-seqneut-2026-CTS-039,A/Malaysia/IMR/SARI/2406/2025_H3N2,plate22-A/Malaysia/IMR/SARI/2406/2025_H3N2,487,0.704,0.704
flu-seqneut-2026-CTS-039,A/Malaysia/IMR/SARI/2406/2025_H3N2,plate22-A/Malaysia/IMR/SARI/2406/2025_H3N2,1119,0.9105,0.9105
flu-seqneut-2026-CTS-039,A/Malaysia/IMR/SARI/2406/2025_H3N2,plate22-A/Malaysia/IMR/SARI/2406/2025_H3N2,2575,0.738,0.738
flu-seqneut-2026-CTS-039,A/Malaysia/IMR/SARI/2406/2025_H3N2,plate22-A/Malaysia/IMR/SARI/2406/2025_H3N2,1.362e+04,2.883,1
flu-seqneut-2026-CTS-039,A/Massachusetts/18/2022_H3N2,plate22-A/Massachusetts/18/2022_H3N2,92,0.3327,0.3327
flu-seqneut-2026-CTS-039,A/Massachusetts/18/2022_H3N2,plate22-A/Massachusetts/18/2022_H3N2,212,0.3348,0.3348
flu-seqneut-2026-CTS-039,A/Massachusetts/18/2022_H3N2,plate22-A/Massachusetts/18/2022_H3N2,487,0.3389,0.3389
flu-seqneut-2026-CTS-039,A/Massachusetts/18/2022_H3N2,plate22-A/Massachusetts/18/2022_H3N2,1119,0.5499,0.5499
flu-seqneut-2026-CTS-039,A/Massachusetts/18/2022_H3N2,plate22-A/Massachusetts/18/2022_H3N2,2575,0.7563,0.7563
flu-seqneut-2026-CTS-039,A/Massachusetts/18/2022_H3N2,plate22-A/Massachusetts/18/2022_H3N2,5921,2.911,1
flu-seqneut-2026-CTS-039,A/Massachusetts/18/2022_H3N2,plate22-A/Massachusetts/18/2022_H3N2,1.362e+04,2.538,1
flu-seqneut-2026-CTS-039,A/Michigan/UM-10068134090/2025_H3N2,plate22-A/Michigan/UM-10068134090/2025_H3N2,92,0.3567,0.3567
flu-seqneut-2026-CTS-039,A/Michigan/UM-10068134090/2025_H3N2,plate22-A/Michigan/UM-10068134090/2025_H3N2,212,0.3106,0.3106
flu-seqneut-2026-CTS-039,A/Michigan/UM-10068134090/2025_H3N2,plate22-A/Michigan/UM-10068134090/2025_H3N2,487,0.5126,0.5126
flu-seqneut-2026-CTS-039,A/Michigan/UM-10068134090/2025_H3N2,plate22-A/Michigan/UM-10068134090/2025_H3N2,1119,0.4511,0.4511
flu-seqneut-2026-CTS-039,A/Michigan/UM-10068134090/2025_H3N2,plate22-A/Michigan/UM-10068134090/2025_H3N2,2575,0.8054,0.8054
flu-seqneut-2026-CTS-039,A/Michigan/UM-10068134090/2025_H3N2,plate22-A/Michigan/UM-10068134090/2025_H3N2,5921,2.381,1
flu-seqneut-2026-CTS-039,A/Michigan/UM-10068134090/2025_H3N2,plate22-A/Michigan/UM-10068134090/2025_H3N2,1.362e+04,2.687,1
flu-seqneut-2026-CTS-039,A/Michigan/UM-10068449788/2025_H3N2,plate22-A/Michigan/UM-10068449788/2025_H3N2,92,0.6507,0.6507
flu-seqneut-2026-CTS-039,A/Michigan/UM-10068449788/2025_H3N2,plate22-A/Michigan/UM-10068449788/2025_H3N2,212,0.4773,0.4773
flu-seqneut-2026-CTS-039,A/Michigan/UM-10068449788/2025_H3N2,plate22-A/Michigan/UM-10068449788/2025_H3N2,487,0.6665,0.6665
flu-seqneut-2026-CTS-039,A/Michigan/UM-10068449788/2025_H3N2,plate22-A/Michigan/UM-10068449788/2025_H3N2,1119,0.6748,0.6748
flu-seqneut-2026-CTS-039,A/Michigan/UM-10068449788/2025_H3N2,plate22-A/Michigan/UM-10068449788/2025_H3N2,2575,0.9689,0.9689
flu-seqneut-2026-CTS-039,A/Michigan/UM-10068449788/2025_H3N2,plate22-A/Michigan/UM-10068449788/2025_H3N2,5921,2.361,1
flu-seqneut-2026-CTS-039,A/Michigan/UM-10068449788/2025_H3N2,plate22-A/Michigan/UM-10068449788/2025_H3N2,1.362e+04,2.153,1
flu-seqneut-2026-CTS-039,A/Michigan/UM-10068747355/2026_H3N2,plate22-A/Michigan/UM-10068747355/2026_H3N2,92,0.5708,0.5708
flu-seqneut-2026-CTS-039,A/Michigan/UM-10068747355/2026_H3N2,plate22-A/Michigan/UM-10068747355/2026_H3N2,212,0.2176,0.2176
flu-seqneut-2026-CTS-039,A/Michigan/UM-10068747355/2026_H3N2,plate22-A/Michigan/UM-10068747355/2026_H3N2,487,0.6333,0.6333
flu-seqneut-2026-CTS-039,A/Michigan/UM-10068747355/2026_H3N2,plate22-A/Michigan/UM-10068747355/2026_H3N2,1119,0.7919,0.7919
flu-seqneut-2026-CTS-039,A/Michigan/UM-10068747355/2026_H3N2,plate22-A/Michigan/UM-10068747355/2026_H3N2,2575,0.6763,0.6763
flu-seqneut-2026-CTS-039,A/Michigan/UM-10068747355/2026_H3N2,plate22-A/Michigan/UM-10068747355/2026_H3N2,1.362e+04,2.038,1
flu-seqneut-2026-CTS-039,A/MinasGerais/410/2026_H1N1,plate22-A/MinasGerais/410/2026_H1N1,92,1.329,1
flu-seqneut-2026-CTS-039,A/MinasGerais/410/2026_H1N1,plate22-A/MinasGerais/410/2026_H1N1,212,0.6179,0.6179
flu-seqneut-2026-CTS-039,A/MinasGerais/410/2026_H1N1,plate22-A/MinasGerais/410/2026_H1N1,487,1.081,1
flu-seqneut-2026-CTS-039,A/MinasGerais/410/2026_H1N1,plate22-A/MinasGerais/410/2026_H1N1,1119,0.9049,0.9049
flu-seqneut-2026-CTS-039,A/MinasGerais/410/2026_H1N1,plate22-A/MinasGerais/410/2026_H1N1,2575,0.9781,0.9781
flu-seqneut-2026-CTS-039,A/MinasGerais/410/2026_H1N1,plate22-A/MinasGerais/410/2026_H1N1,5921,2.274,1
flu-seqneut-2026-CTS-039,A/MinasGerais/410/2026_H1N1,plate22-A/MinasGerais/410/2026_H1N1,1.362e+04,2.549,1
flu-seqneut-2026-CTS-039,A/Mississippi/20/2026_H1N1,plate22-A/Mississippi/20/2026_H1N1,92,0.6979,0.6979
flu-seqneut-2026-CTS-039,A/Mississippi/20/2026_H1N1,plate22-A/Mississippi/20/2026_H1N1,212,0.452,0.452
flu-seqneut-2026-CTS-039,A/Mississippi/20/2026_H1N1,plate22-A/Mississippi/20/2026_H1N1,487,0.7046,0.7046
flu-seqneut-2026-CTS-039,A/Mississippi/20/2026_H1N1,plate22-A/Mississippi/20/2026_H1N1,1119,0.6247,0.6247
flu-seqneut-2026-CTS-039,A/Mississippi/20/2026_H1N1,plate22-A/Mississippi/20/2026_H1N1,2575,0.8601,0.8601
flu-seqneut-2026-CTS-039,A/Mississippi/20/2026_H1N1,plate22-A/Mississippi/20/2026_H1N1,5921,1.009,1
flu-seqneut-2026-CTS-039,A/Mississippi/20/2026_H1N1,plate22-A/Mississippi/20/2026_H1N1,1.362e+04,2.133,1
flu-seqneut-2026-CTS-039,A/Missouri/11/2025_cell_H1N1,plate22-A/Missouri/11/2025_cell_H1N1,92,2.251,1
flu-seqneut-2026-CTS-039,A/Missouri/11/2025_cell_H1N1,plate22-A/Missouri/11/2025_cell_H1N1,212,0.8815,0.8815
flu-seqneut-2026-CTS-039,A/Missouri/11/2025_cell_H1N1,plate22-A/Missouri/11/2025_cell_H1N1,487,1.593,1
flu-seqneut-2026-CTS-039,A/Missouri/11/2025_cell_H1N1,plate22-A/Missouri/11/2025_cell_H1N1,1119,1.145,1
flu-seqneut-2026-CTS-039,A/Missouri/11/2025_cell_H1N1,plate22-A/Missouri/11/2025_cell_H1N1,2575,0.8673,0.8673
flu-seqneut-2026-CTS-039,A/Missouri/11/2025_cell_H1N1,plate22-A/Missouri/11/2025_cell_H1N1,1.362e+04,2.507,1
flu-seqneut-2026-CTS-039,A/Netherlands/10008/2026_H1N1,plate22-A/Netherlands/10008/2026_H1N1,92,0.1427,0.1427
flu-seqneut-2026-CTS-039,A/Netherlands/10008/2026_H1N1,plate22-A/Netherlands/10008/2026_H1N1,212,0.2224,0.2224
flu-seqneut-2026-CTS-039,A/Netherlands/10008/2026_H1N1,plate22-A/Netherlands/10008/2026_H1N1,487,0.6196,0.6196
flu-seqneut-2026-CTS-039,A/Netherlands/10008/2026_H1N1,plate22-A/Netherlands/10008/2026_H1N1,1119,0.8047,0.8047
flu-seqneut-2026-CTS-039,A/Netherlands/10008/2026_H1N1,plate22-A/Netherlands/10008/2026_H1N1,2575,0.7856,0.7856
flu-seqneut-2026-CTS-039,A/Netherlands/10008/2026_H1N1,plate22-A/Netherlands/10008/2026_H1N1,5921,2.121,1
flu-seqneut-2026-CTS-039,A/Netherlands/10008/2026_H1N1,plate22-A/Netherlands/10008/2026_H1N1,1.362e+04,1.776,1
flu-seqneut-2026-CTS-039,A/Netherlands/2398/2025_H1N1,plate22-A/Netherlands/2398/2025_H1N1,92,0.7926,0.7926
flu-seqneut-2026-CTS-039,A/Netherlands/2398/2025_H1N1,plate22-A/Netherlands/2398/2025_H1N1,212,0.6324,0.6324
flu-seqneut-2026-CTS-039,A/Netherlands/2398/2025_H1N1,plate22-A/Netherlands/2398/2025_H1N1,487,1.102,1
flu-seqneut-2026-CTS-039,A/Netherlands/2398/2025_H1N1,plate22-A/Netherlands/2398/2025_H1N1,1119,1.354,1
flu-seqneut-2026-CTS-039,A/Netherlands/2398/2025_H1N1,plate22-A/Netherlands/2398/2025_H1N1,2575,1.275,1
flu-seqneut-2026-CTS-039,A/Netherlands/2398/2025_H1N1,plate22-A/Netherlands/2398/2025_H1N1,1.362e+04,2.861,1
flu-seqneut-2026-CTS-039,A/Netherlands/543/2026_H1N1,plate22-A/Netherlands/543/2026_H1N1,92,0.5758,0.5758
flu-seqneut-2026-CTS-039,A/Netherlands/543/2026_H1N1,plate22-A/Netherlands/543/2026_H1N1,212,0.634,0.634
flu-seqneut-2026-CTS-039,A/Netherlands/543/2026_H1N1,plate22-A/Netherlands/543/2026_H1N1,487,0.5921,0.5921
flu-seqneut-2026-CTS-039,A/Netherlands/543/2026_H1N1,plate22-A/Netherlands/543/2026_H1N1,1119,0.6652,0.6652
flu-seqneut-2026-CTS-039,A/Netherlands/543/2026_H1N1,plate22-A/Netherlands/543/2026_H1N1,2575,0.7448,0.7448
flu-seqneut-2026-CTS-039,A/Netherlands/543/2026_H1N1,plate22-A/Netherlands/543/2026_H1N1,5921,1.574,1
flu-seqneut-2026-CTS-039,A/Netherlands/543/2026_H1N1,plate22-A/Netherlands/543/2026_H1N1,1.362e+04,1.571,1
flu-seqneut-2026-CTS-039,A/Netherlands/864/2026_H1N1,plate22-A/Netherlands/864/2026_H1N1,92,1.007,1
flu-seqneut-2026-CTS-039,A/Netherlands/864/2026_H1N1,plate22-A/Netherlands/864/2026_H1N1,212,0.7512,0.7512
flu-seqneut-2026-CTS-039,A/Netherlands/864/2026_H1N1,plate22-A/Netherlands/864/2026_H1N1,487,0.9525,0.9525
flu-seqneut-2026-CTS-039,A/Netherlands/864/2026_H1N1,plate22-A/Netherlands/864/2026_H1N1,1119,0.9135,0.9135
flu-seqneut-2026-CTS-039,A/Netherlands/864/2026_H1N1,plate22-A/Netherlands/864/2026_H1N1,2575,1.159,1
flu-seqneut-2026-CTS-039,A/Netherlands/864/2026_H1N1,plate22-A/Netherlands/864/2026_H1N1,1.362e+04,2.784,1
flu-seqneut-2026-CTS-039,A/NewBrunswick/NBPHLFLUA10B-MM00057R/2026_H1N1,plate22-A/NewBrunswick/NBPHLFLUA10B-MM00057R/2026_H1N1,92,0.4341,0.4341
flu-seqneut-2026-CTS-039,A/NewBrunswick/NBPHLFLUA10B-MM00057R/2026_H1N1,plate22-A/NewBrunswick/NBPHLFLUA10B-MM00057R/2026_H1N1,212,0.6335,0.6335
flu-seqneut-2026-CTS-039,A/NewBrunswick/NBPHLFLUA10B-MM00057R/2026_H1N1,plate22-A/NewBrunswick/NBPHLFLUA10B-MM00057R/2026_H1N1,487,0.7566,0.7566
flu-seqneut-2026-CTS-039,A/NewBrunswick/NBPHLFLUA10B-MM00057R/2026_H1N1,plate22-A/NewBrunswick/NBPHLFLUA10B-MM00057R/2026_H1N1,1119,0.8649,0.8649
flu-seqneut-2026-CTS-039,A/NewBrunswick/NBPHLFLUA10B-MM00057R/2026_H1N1,plate22-A/NewBrunswick/NBPHLFLUA10B-MM00057R/2026_H1N1,2575,1.05,1
flu-seqneut-2026-CTS-039,A/NewBrunswick/NBPHLFLUA10B-MM00057R/2026_H1N1,plate22-A/NewBrunswick/NBPHLFLUA10B-MM00057R/2026_H1N1,5921,2.161,1
flu-seqneut-2026-CTS-039,A/NewBrunswick/NBPHLFLUA10B-MM00057R/2026_H1N1,plate22-A/NewBrunswick/NBPHLFLUA10B-MM00057R/2026_H1N1,1.362e+04,2.382,1
flu-seqneut-2026-CTS-039,A/NewYork/NIRC-IS-1086/2026_H3N2,plate22-A/NewYork/NIRC-IS-1086/2026_H3N2,92,0.08132,0.08132
flu-seqneut-2026-CTS-039,A/NewYork/NIRC-IS-1086/2026_H3N2,plate22-A/NewYork/NIRC-IS-1086/2026_H3N2,212,0.347,0.347
flu-seqneut-2026-CTS-039,A/NewYork/NIRC-IS-1086/2026_H3N2,plate22-A/NewYork/NIRC-IS-1086/2026_H3N2,487,0.5817,0.5817
flu-seqneut-2026-CTS-039,A/NewYork/NIRC-IS-1086/2026_H3N2,plate22-A/NewYork/NIRC-IS-1086/2026_H3N2,1119,0.8641,0.8641
flu-seqneut-2026-CTS-039,A/NewYork/NIRC-IS-1086/2026_H3N2,plate22-A/NewYork/NIRC-IS-1086/2026_H3N2,2575,1.099,1
flu-seqneut-2026-CTS-039,A/NewYork/NIRC-IS-1086/2026_H3N2,plate22-A/NewYork/NIRC-IS-1086/2026_H3N2,5921,2.384,1
flu-seqneut-2026-CTS-039,A/NewYork/NIRC-IS-1086/2026_H3N2,plate22-A/NewYork/NIRC-IS-1086/2026_H3N2,1.362e+04,2.375,1
flu-seqneut-2026-CTS-039,A/NordrheinWestfalen/96/2026_H1N1,plate22-A/NordrheinWestfalen/96/2026_H1N1,92,1.324,1
flu-seqneut-2026-CTS-039,A/NordrheinWestfalen/96/2026_H1N1,plate22-A/NordrheinWestfalen/96/2026_H1N1,212,0.637,0.637
flu-seqneut-2026-CTS-039,A/NordrheinWestfalen/96/2026_H1N1,plate22-A/NordrheinWestfalen/96/2026_H1N1,487,1.293,1
flu-seqneut-2026-CTS-039,A/NordrheinWestfalen/96/2026_H1N1,plate22-A/NordrheinWestfalen/96/2026_H1N1,1119,1.317,1
flu-seqneut-2026-CTS-039,A/NordrheinWestfalen/96/2026_H1N1,plate22-A/NordrheinWestfalen/96/2026_H1N1,2575,1.833,1
flu-seqneut-2026-CTS-039,A/NordrheinWestfalen/96/2026_H1N1,plate22-A/NordrheinWestfalen/96/2026_H1N1,1.362e+04,2.833,1
flu-seqneut-2026-CTS-039,A/Norway/9556/2025_H1N1,plate22-A/Norway/9556/2025_H1N1,92,1.732,1
flu-seqneut-2026-CTS-039,A/Norway/9556/2025_H1N1,plate22-A/Norway/9556/2025_H1N1,212,0.665,0.665
flu-seqneut-2026-CTS-039,A/Norway/9556/2025_H1N1,plate22-A/Norway/9556/2025_H1N1,487,0.7093,0.7093
flu-seqneut-2026-CTS-039,A/Norway/9556/2025_H1N1,plate22-A/Norway/9556/2025_H1N1,1119,0.8276,0.8276
flu-seqneut-2026-CTS-039,A/Norway/9556/2025_H1N1,plate22-A/Norway/9556/2025_H1N1,2575,1.23,1
flu-seqneut-2026-CTS-039,A/Norway/9556/2025_H1N1,plate22-A/Norway/9556/2025_H1N1,5921,2.044,1
flu-seqneut-2026-CTS-039,A/NovaScotia/25-365-06099/2025_H3N2,plate22-A/NovaScotia/25-365-06099/2025_H3N2,92,0.5322,0.5322
flu-seqneut-2026-CTS-039,A/NovaScotia/25-365-06099/2025_H3N2,plate22-A/NovaScotia/25-365-06099/2025_H3N2,212,0.2453,0.2453
flu-seqneut-2026-CTS-039,A/NovaScotia/25-365-06099/2025_H3N2,plate22-A/NovaScotia/25-365-06099/2025_H3N2,487,0.3242,0.3242
flu-seqneut-2026-CTS-039,A/NovaScotia/25-365-06099/2025_H3N2,plate22-A/NovaScotia/25-365-06099/2025_H3N2,1119,0.6259,0.6259
flu-seqneut-2026-CTS-039,A/NovaScotia/25-365-06099/2025_H3N2,plate22-A/NovaScotia/25-365-06099/2025_H3N2,2575,0.5844,0.5844
flu-seqneut-2026-CTS-039,A/NovaScotia/25-365-06099/2025_H3N2,plate22-A/NovaScotia/25-365-06099/2025_H3N2,5921,2.511,1
flu-seqneut-2026-CTS-039,A/NovaScotia/25-365-06099/2025_H3N2,plate22-A/NovaScotia/25-365-06099/2025_H3N2,1.362e+04,1.665,1
flu-seqneut-2026-CTS-039,A/PaisVasco/70369726/2026_H1N1,plate22-A/PaisVasco/70369726/2026_H1N1,92,0.8071,0.8071
flu-seqneut-2026-CTS-039,A/PaisVasco/70369726/2026_H1N1,plate22-A/PaisVasco/70369726/2026_H1N1,212,0.5645,0.5645
flu-seqneut-2026-CTS-039,A/PaisVasco/70369726/2026_H1N1,plate22-A/PaisVasco/70369726/2026_H1N1,487,0.7071,0.7071
flu-seqneut-2026-CTS-039,A/PaisVasco/70369726/2026_H1N1,plate22-A/PaisVasco/70369726/2026_H1N1,1119,0.8111,0.8111
flu-seqneut-2026-CTS-039,A/PaisVasco/70369726/2026_H1N1,plate22-A/PaisVasco/70369726/2026_H1N1,2575,0.8259,0.8259
flu-seqneut-2026-CTS-039,A/PaisVasco/70369726/2026_H1N1,plate22-A/PaisVasco/70369726/2026_H1N1,5921,2.987,1
flu-seqneut-2026-CTS-039,A/PaisVasco/70369726/2026_H1N1,plate22-A/PaisVasco/70369726/2026_H1N1,1.362e+04,1.935,1
flu-seqneut-2026-CTS-039,A/RiodeJaneiro/331/2026_H3N2,plate22-A/RiodeJaneiro/331/2026_H3N2,92,0.2211,0.2211
flu-seqneut-2026-CTS-039,A/RiodeJaneiro/331/2026_H3N2,plate22-A/RiodeJaneiro/331/2026_H3N2,212,0.4024,0.4024
flu-seqneut-2026-CTS-039,A/RiodeJaneiro/331/2026_H3N2,plate22-A/RiodeJaneiro/331/2026_H3N2,487,0.3092,0.3092
flu-seqneut-2026-CTS-039,A/RiodeJaneiro/331/2026_H3N2,plate22-A/RiodeJaneiro/331/2026_H3N2,1119,0.7764,0.7764
flu-seqneut-2026-CTS-039,A/RiodeJaneiro/331/2026_H3N2,plate22-A/RiodeJaneiro/331/2026_H3N2,2575,1.039,1
flu-seqneut-2026-CTS-039,A/RiodeJaneiro/331/2026_H3N2,plate22-A/RiodeJaneiro/331/2026_H3N2,5921,1.718,1
flu-seqneut-2026-CTS-039,A/RiodeJaneiro/331/2026_H3N2,plate22-A/RiodeJaneiro/331/2026_H3N2,1.362e+04,1.988,1
flu-seqneut-2026-CTS-039,A/SantaCatarina/508/2026_H3N2,plate22-A/SantaCatarina/508/2026_H3N2,92,0.5791,0.5791
flu-seqneut-2026-CTS-039,A/SantaCatarina/508/2026_H3N2,plate22-A/SantaCatarina/508/2026_H3N2,212,0.4671,0.4671
flu-seqneut-2026-CTS-039,A/SantaCatarina/508/2026_H3N2,plate22-A/SantaCatarina/508/2026_H3N2,487,0.6966,0.6966
flu-seqneut-2026-CTS-039,A/SantaCatarina/508/2026_H3N2,plate22-A/SantaCatarina/508/2026_H3N2,1119,0.6767,0.6767
flu-seqneut-2026-CTS-039,A/SantaCatarina/508/2026_H3N2,plate22-A/SantaCatarina/508/2026_H3N2,2575,0.8293,0.8293
flu-seqneut-2026-CTS-039,A/SantaCatarina/508/2026_H3N2,plate22-A/SantaCatarina/508/2026_H3N2,5921,2.487,1
flu-seqneut-2026-CTS-039,A/SantaCatarina/508/2026_H3N2,plate22-A/SantaCatarina/508/2026_H3N2,1.362e+04,2.832,1
flu-seqneut-2026-CTS-039,A/Saskatchewan/SKFLU477727/2025_H3N2,plate22-A/Saskatchewan/SKFLU477727/2025_H3N2,92,0.6403,0.6403
flu-seqneut-2026-CTS-039,A/Saskatchewan/SKFLU477727/2025_H3N2,plate22-A/Saskatchewan/SKFLU477727/2025_H3N2,212,0.5928,0.5928
flu-seqneut-2026-CTS-039,A/Saskatchewan/SKFLU477727/2025_H3N2,plate22-A/Saskatchewan/SKFLU477727/2025_H3N2,487,0.4702,0.4702
flu-seqneut-2026-CTS-039,A/Saskatchewan/SKFLU477727/2025_H3N2,plate22-A/Saskatchewan/SKFLU477727/2025_H3N2,1119,0.8475,0.8475
flu-seqneut-2026-CTS-039,A/Saskatchewan/SKFLU477727/2025_H3N2,plate22-A/Saskatchewan/SKFLU477727/2025_H3N2,2575,0.9837,0.9837
flu-seqneut-2026-CTS-039,A/Saskatchewan/SKFLU477727/2025_H3N2,plate22-A/Saskatchewan/SKFLU477727/2025_H3N2,5921,2.711,1
flu-seqneut-2026-CTS-039,A/Saskatchewan/SKFLU490586/2026_H1N1,plate22-A/Saskatchewan/SKFLU490586/2026_H1N1,92,1.357,1
flu-seqneut-2026-CTS-039,A/Saskatchewan/SKFLU490586/2026_H1N1,plate22-A/Saskatchewan/SKFLU490586/2026_H1N1,212,0.8107,0.8107
flu-seqneut-2026-CTS-039,A/Saskatchewan/SKFLU490586/2026_H1N1,plate22-A/Saskatchewan/SKFLU490586/2026_H1N1,487,0.9663,0.9663
flu-seqneut-2026-CTS-039,A/Saskatchewan/SKFLU490586/2026_H1N1,plate22-A/Saskatchewan/SKFLU490586/2026_H1N1,1119,0.9117,0.9117
flu-seqneut-2026-CTS-039,A/Saskatchewan/SKFLU490586/2026_H1N1,plate22-A/Saskatchewan/SKFLU490586/2026_H1N1,2575,0.8179,0.8179
flu-seqneut-2026-CTS-039,A/Saskatchewan/SKFLU490586/2026_H1N1,plate22-A/Saskatchewan/SKFLU490586/2026_H1N1,5921,2.7,1
flu-seqneut-2026-CTS-039,A/Saskatchewan/SKFLU490586/2026_H1N1,plate22-A/Saskatchewan/SKFLU490586/2026_H1N1,1.362e+04,1.901,1
flu-seqneut-2026-CTS-039,A/Singapore/GP20238/2024_H3N2,plate22-A/Singapore/GP20238/2024_H3N2,92,0.4795,0.4795
flu-seqneut-2026-CTS-039,A/Singapore/GP20238/2024_H3N2,plate22-A/Singapore/GP20238/2024_H3N2,212,0.3114,0.3114
flu-seqneut-2026-CTS-039,A/Singapore/GP20238/2024_H3N2,plate22-A/Singapore/GP20238/2024_H3N2,487,0.3626,0.3626
flu-seqneut-2026-CTS-039,A/Singapore/GP20238/2024_H3N2,plate22-A/Singapore/GP20238/2024_H3N2,1119,0.665,0.665
flu-seqneut-2026-CTS-039,A/Singapore/GP20238/2024_H3N2,plate22-A/Singapore/GP20238/2024_H3N2,2575,1.184,1
flu-seqneut-2026-CTS-039,A/Singapore/GP20238/2024_H3N2,plate22-A/Singapore/GP20238/2024_H3N2,5921,2.477,1
flu-seqneut-2026-CTS-039,A/SouthAfrica/NHLS-SU-CERI-C075557/2026_H1N1,plate22-A/SouthAfrica/NHLS-SU-CERI-C075557/2026_H1N1,92,0.6839,0.6839
flu-seqneut-2026-CTS-039,A/SouthAfrica/NHLS-SU-CERI-C075557/2026_H1N1,plate22-A/SouthAfrica/NHLS-SU-CERI-C075557/2026_H1N1,212,0.487,0.487
flu-seqneut-2026-CTS-039,A/SouthAfrica/NHLS-SU-CERI-C075557/2026_H1N1,plate22-A/SouthAfrica/NHLS-SU-CERI-C075557/2026_H1N1,487,0.6934,0.6934
flu-seqneut-2026-CTS-039,A/SouthAfrica/NHLS-SU-CERI-C075557/2026_H1N1,plate22-A/SouthAfrica/NHLS-SU-CERI-C075557/2026_H1N1,1119,0.8405,0.8405
flu-seqneut-2026-CTS-039,A/SouthAfrica/NHLS-SU-CERI-C075557/2026_H1N1,plate22-A/SouthAfrica/NHLS-SU-CERI-C075557/2026_H1N1,2575,0.6902,0.6902
flu-seqneut-2026-CTS-039,A/SouthAfrica/NHLS-SU-CERI-C075557/2026_H1N1,plate22-A/SouthAfrica/NHLS-SU-CERI-C075557/2026_H1N1,5921,2.217,1
flu-seqneut-2026-CTS-039,A/SouthAfrica/NHLS-SU-CERI-C075557/2026_H1N1,plate22-A/SouthAfrica/NHLS-SU-CERI-C075557/2026_H1N1,1.362e+04,1.645,1
flu-seqneut-2026-CTS-039,A/SouthAfrica/NICD-R01647/2026_H1N1,plate22-A/SouthAfrica/NICD-R01647/2026_H1N1,92,0.7313,0.7313
flu-seqneut-2026-CTS-039,A/SouthAfrica/NICD-R01647/2026_H1N1,plate22-A/SouthAfrica/NICD-R01647/2026_H1N1,212,0.5125,0.5125
flu-seqneut-2026-CTS-039,A/SouthAfrica/NICD-R01647/2026_H1N1,plate22-A/SouthAfrica/NICD-R01647/2026_H1N1,487,0.8428,0.8428
flu-seqneut-2026-CTS-039,A/SouthAfrica/NICD-R01647/2026_H1N1,plate22-A/SouthAfrica/NICD-R01647/2026_H1N1,1119,0.9427,0.9427
flu-seqneut-2026-CTS-039,A/SouthAfrica/NICD-R01647/2026_H1N1,plate22-A/SouthAfrica/NICD-R01647/2026_H1N1,2575,0.9287,0.9287
flu-seqneut-2026-CTS-039,A/SouthAfrica/NICD-R01647/2026_H1N1,plate22-A/SouthAfrica/NICD-R01647/2026_H1N1,5921,2.515,1
flu-seqneut-2026-CTS-039,A/SouthAfrica/NICD-R01647/2026_H1N1,plate22-A/SouthAfrica/NICD-R01647/2026_H1N1,1.362e+04,1.796,1
flu-seqneut-2026-CTS-039,A/SouthAfrica/NICD-R01668/2026_H1N1,plate22-A/SouthAfrica/NICD-R01668/2026_H1N1,92,0.8702,0.8702
flu-seqneut-2026-CTS-039,A/SouthAfrica/NICD-R01668/2026_H1N1,plate22-A/SouthAfrica/NICD-R01668/2026_H1N1,212,0.5894,0.5894
flu-seqneut-2026-CTS-039,A/SouthAfrica/NICD-R01668/2026_H1N1,plate22-A/SouthAfrica/NICD-R01668/2026_H1N1,487,0.7064,0.7064
flu-seqneut-2026-CTS-039,A/SouthAfrica/NICD-R01668/2026_H1N1,plate22-A/SouthAfrica/NICD-R01668/2026_H1N1,1119,1.126,1
flu-seqneut-2026-CTS-039,A/SouthAfrica/NICD-R01668/2026_H1N1,plate22-A/SouthAfrica/NICD-R01668/2026_H1N1,2575,1.312,1
flu-seqneut-2026-CTS-039,A/SouthAfrica/NICD-R01668/2026_H1N1,plate22-A/SouthAfrica/NICD-R01668/2026_H1N1,5921,2.976,1
flu-seqneut-2026-CTS-039,A/SouthAfrica/PATH-CERI-C075119/2026_H1N1,plate22-A/SouthAfrica/PATH-CERI-C075119/2026_H1N1,92,0.7425,0.7425
flu-seqneut-2026-CTS-039,A/SouthAfrica/PATH-CERI-C075119/2026_H1N1,plate22-A/SouthAfrica/PATH-CERI-C075119/2026_H1N1,212,0.471,0.471
flu-seqneut-2026-CTS-039,A/SouthAfrica/PATH-CERI-C075119/2026_H1N1,plate22-A/SouthAfrica/PATH-CERI-C075119/2026_H1N1,487,0.6351,0.6351
flu-seqneut-2026-CTS-039,A/SouthAfrica/PATH-CERI-C075119/2026_H1N1,plate22-A/SouthAfrica/PATH-CERI-C075119/2026_H1N1,1119,0.8825,0.8825
flu-seqneut-2026-CTS-039,A/SouthAfrica/PATH-CERI-C075119/2026_H1N1,plate22-A/SouthAfrica/PATH-CERI-C075119/2026_H1N1,2575,0.9991,0.9991
flu-seqneut-2026-CTS-039,A/SouthAfrica/PATH-CERI-C075119/2026_H1N1,plate22-A/SouthAfrica/PATH-CERI-C075119/2026_H1N1,5921,2.339,1
flu-seqneut-2026-CTS-039,A/SouthAfrica/PATH-CERI-C075119/2026_H1N1,plate22-A/SouthAfrica/PATH-CERI-C075119/2026_H1N1,1.362e+04,1.888,1
flu-seqneut-2026-CTS-039,A/SouthCarolina/USAFSAM-17046/2026_H3N2,plate22-A/SouthCarolina/USAFSAM-17046/2026_H3N2,92,0.2683,0.2683
flu-seqneut-2026-CTS-039,A/SouthCarolina/USAFSAM-17046/2026_H3N2,plate22-A/SouthCarolina/USAFSAM-17046/2026_H3N2,212,0.3789,0.3789
flu-seqneut-2026-CTS-039,A/SouthCarolina/USAFSAM-17046/2026_H3N2,plate22-A/SouthCarolina/USAFSAM-17046/2026_H3N2,487,0.5589,0.5589
flu-seqneut-2026-CTS-039,A/SouthCarolina/USAFSAM-17046/2026_H3N2,plate22-A/SouthCarolina/USAFSAM-17046/2026_H3N2,1119,0.8936,0.8936
flu-seqneut-2026-CTS-039,A/SouthCarolina/USAFSAM-17046/2026_H3N2,plate22-A/SouthCarolina/USAFSAM-17046/2026_H3N2,2575,0.7338,0.7338
flu-seqneut-2026-CTS-039,A/SouthCarolina/USAFSAM-17046/2026_H3N2,plate22-A/SouthCarolina/USAFSAM-17046/2026_H3N2,5921,2.631,1
flu-seqneut-2026-CTS-039,A/SouthCarolina/USAFSAM-17046/2026_H3N2,plate22-A/SouthCarolina/USAFSAM-17046/2026_H3N2,1.362e+04,2.482,1
flu-seqneut-2026-CTS-039,A/South_Australia/2523812314/2025_H3N2,plate22-A/South_Australia/2523812314/2025_H3N2,92,0.3079,0.3079
flu-seqneut-2026-CTS-039,A/South_Australia/2523812314/2025_H3N2,plate22-A/South_Australia/2523812314/2025_H3N2,212,0.3827,0.3827
flu-seqneut-2026-CTS-039,A/South_Australia/2523812314/2025_H3N2,plate22-A/South_Australia/2523812314/2025_H3N2,487,0.5581,0.5581
flu-seqneut-2026-CTS-039,A/South_Australia/2523812314/2025_H3N2,plate22-A/South_Australia/2523812314/2025_H3N2,1119,0.7059,0.7059
flu-seqneut-2026-CTS-039,A/South_Australia/2523812314/2025_H3N2,plate22-A/South_Australia/2523812314/2025_H3N2,2575,0.6529,0.6529
flu-seqneut-2026-CTS-039,A/South_Australia/2523812314/2025_H3N2,plate22-A/South_Australia/2523812314/2025_H3N2,5921,1.485,1
flu-seqneut-2026-CTS-039,A/South_Australia/2523812314/2025_H3N2,plate22-A/South_Australia/2523812314/2025_H3N2,1.362e+04,1.9,1
flu-seqneut-2026-CTS-039,A/South_Australia/2527213276/2025_H3N2,plate22-A/South_Australia/2527213276/2025_H3N2,92,0.11,0.11
flu-seqneut-2026-CTS-039,A/South_Australia/2527213276/2025_H3N2,plate22-A/South_Australia/2527213276/2025_H3N2,212,0.1871,0.1871
flu-seqneut-2026-CTS-039,A/South_Australia/2527213276/2025_H3N2,plate22-A/South_Australia/2527213276/2025_H3N2,487,0.1055,0.1055
flu-seqneut-2026-CTS-039,A/South_Australia/2527213276/2025_H3N2,plate22-A/South_Australia/2527213276/2025_H3N2,1119,0.1983,0.1983
flu-seqneut-2026-CTS-039,A/South_Australia/2527213276/2025_H3N2,plate22-A/South_Australia/2527213276/2025_H3N2,2575,0.7549,0.7549
flu-seqneut-2026-CTS-039,A/South_Australia/2527213276/2025_H3N2,plate22-A/South_Australia/2527213276/2025_H3N2,5921,1.327,1
flu-seqneut-2026-CTS-039,A/South_Australia/2527213276/2025_H3N2,plate22-A/South_Australia/2527213276/2025_H3N2,1.362e+04,1.237,1
flu-seqneut-2026-CTS-039,A/Sydney/1359/2024_H3N2,plate22-A/Sydney/1359/2024_H3N2,92,0.7326,0.7326
flu-seqneut-2026-CTS-039,A/Sydney/1359/2024_H3N2,plate22-A/Sydney/1359/2024_H3N2,212,0.4946,0.4946
flu-seqneut-2026-CTS-039,A/Sydney/1359/2024_H3N2,plate22-A/Sydney/1359/2024_H3N2,487,1.008,1
flu-seqneut-2026-CTS-039,A/Sydney/1359/2024_H3N2,plate22-A/Sydney/1359/2024_H3N2,1119,0.9899,0.9899
flu-seqneut-2026-CTS-039,A/Sydney/1359/2024_H3N2,plate22-A/Sydney/1359/2024_H3N2,2575,1.246,1
flu-seqneut-2026-CTS-039,A/Sydney/1359/2024_H3N2,plate22-A/Sydney/1359/2024_H3N2,5921,2.703,1
flu-seqneut-2026-CTS-039,A/Sydney/1359/2024_H3N2,plate22-A/Sydney/1359/2024_H3N2,1.362e+04,2.316,1
flu-seqneut-2026-CTS-039,A/Texas/29/2026_H1N1,plate22-A/Texas/29/2026_H1N1,92,0.9622,0.9622
flu-seqneut-2026-CTS-039,A/Texas/29/2026_H1N1,plate22-A/Texas/29/2026_H1N1,212,0.7902,0.7902
flu-seqneut-2026-CTS-039,A/Texas/29/2026_H1N1,plate22-A/Texas/29/2026_H1N1,487,0.9344,0.9344
flu-seqneut-2026-CTS-039,A/Texas/29/2026_H1N1,plate22-A/Texas/29/2026_H1N1,1119,0.996,0.996
flu-seqneut-2026-CTS-039,A/Texas/29/2026_H1N1,plate22-A/Texas/29/2026_H1N1,2575,1.446,1
flu-seqneut-2026-CTS-039,A/Texas/29/2026_H1N1,plate22-A/Texas/29/2026_H1N1,5921,2.886,1
flu-seqneut-2026-CTS-039,A/Texas/29/2026_H1N1,plate22-A/Texas/29/2026_H1N1,1.362e+04,2.753,1
flu-seqneut-2026-CTS-039,A/Thailand/8/2022_H3N2,plate22-A/Thailand/8/2022_H3N2,92,0.06329,0.06329
flu-seqneut-2026-CTS-039,A/Thailand/8/2022_H3N2,plate22-A/Thailand/8/2022_H3N2,212,0.1408,0.1408
flu-seqneut-2026-CTS-039,A/Thailand/8/2022_H3N2,plate22-A/Thailand/8/2022_H3N2,487,0.2613,0.2613
flu-seqneut-2026-CTS-039,A/Thailand/8/2022_H3N2,plate22-A/Thailand/8/2022_H3N2,1119,0.7585,0.7585
flu-seqneut-2026-CTS-039,A/Thailand/8/2022_H3N2,plate22-A/Thailand/8/2022_H3N2,2575,0.7185,0.7185
flu-seqneut-2026-CTS-039,A/Thailand/8/2022_H3N2,plate22-A/Thailand/8/2022_H3N2,5921,2.979,1
flu-seqneut-2026-CTS-039,A/Thailand/8/2022_H3N2,plate22-A/Thailand/8/2022_H3N2,1.362e+04,2.279,1
flu-seqneut-2026-CTS-039,A/Ukraine/5214/2026_H1N1,plate22-A/Ukraine/5214/2026_H1N1,92,1.251,1
flu-seqneut-2026-CTS-039,A/Ukraine/5214/2026_H1N1,plate22-A/Ukraine/5214/2026_H1N1,212,0.7027,0.7027
flu-seqneut-2026-CTS-039,A/Ukraine/5214/2026_H1N1,plate22-A/Ukraine/5214/2026_H1N1,487,1.163,1
flu-seqneut-2026-CTS-039,A/Ukraine/5214/2026_H1N1,plate22-A/Ukraine/5214/2026_H1N1,1119,1.284,1
flu-seqneut-2026-CTS-039,A/Ukraine/5214/2026_H1N1,plate22-A/Ukraine/5214/2026_H1N1,2575,1.132,1
flu-seqneut-2026-CTS-039,A/Ukraine/5214/2026_H1N1,plate22-A/Ukraine/5214/2026_H1N1,5921,2.581,1
flu-seqneut-2026-CTS-039,A/Uppsala/SE26-01293/2026_H1N1,plate22-A/Uppsala/SE26-01293/2026_H1N1,92,0.4325,0.4325
flu-seqneut-2026-CTS-039,A/Uppsala/SE26-01293/2026_H1N1,plate22-A/Uppsala/SE26-01293/2026_H1N1,212,0.6261,0.6261
flu-seqneut-2026-CTS-039,A/Uppsala/SE26-01293/2026_H1N1,plate22-A/Uppsala/SE26-01293/2026_H1N1,487,1.055,1
flu-seqneut-2026-CTS-039,A/Uppsala/SE26-01293/2026_H1N1,plate22-A/Uppsala/SE26-01293/2026_H1N1,1119,0.6772,0.6772
flu-seqneut-2026-CTS-039,A/Uppsala/SE26-01293/2026_H1N1,plate22-A/Uppsala/SE26-01293/2026_H1N1,2575,1.465,1
flu-seqneut-2026-CTS-039,A/Uppsala/SE26-01293/2026_H1N1,plate22-A/Uppsala/SE26-01293/2026_H1N1,5921,1.473,1
flu-seqneut-2026-CTS-039,A/Uppsala/SE26-01293/2026_H1N1,plate22-A/Uppsala/SE26-01293/2026_H1N1,1.362e+04,1.373,1
flu-seqneut-2026-CTS-039,A/Valencia/VAHNSI_09_02564/2025_H1N1,plate22-A/Valencia/VAHNSI_09_02564/2025_H1N1,92,0.8103,0.8103
flu-seqneut-2026-CTS-039,A/Valencia/VAHNSI_09_02564/2025_H1N1,plate22-A/Valencia/VAHNSI_09_02564/2025_H1N1,212,0.6864,0.6864
flu-seqneut-2026-CTS-039,A/Valencia/VAHNSI_09_02564/2025_H1N1,plate22-A/Valencia/VAHNSI_09_02564/2025_H1N1,487,0.9619,0.9619
flu-seqneut-2026-CTS-039,A/Valencia/VAHNSI_09_02564/2025_H1N1,plate22-A/Valencia/VAHNSI_09_02564/2025_H1N1,1119,1.06,1
flu-seqneut-2026-CTS-039,A/Valencia/VAHNSI_09_02564/2025_H1N1,plate22-A/Valencia/VAHNSI_09_02564/2025_H1N1,2575,0.8838,0.8838
flu-seqneut-2026-CTS-039,A/Valencia/VAHNSI_09_02564/2025_H1N1,plate22-A/Valencia/VAHNSI_09_02564/2025_H1N1,1.362e+04,2.207,1
flu-seqneut-2026-CTS-039,A/Vietnam/F7324/2024_H3N2,plate22-A/Vietnam/F7324/2024_H3N2,92,0.2033,0.2033
flu-seqneut-2026-CTS-039,A/Vietnam/F7324/2024_H3N2,plate22-A/Vietnam/F7324/2024_H3N2,212,0.2915,0.2915
flu-seqneut-2026-CTS-039,A/Vietnam/F7324/2024_H3N2,plate22-A/Vietnam/F7324/2024_H3N2,487,0.8508,0.8508
flu-seqneut-2026-CTS-039,A/Vietnam/F7324/2024_H3N2,plate22-A/Vietnam/F7324/2024_H3N2,1119,0.6434,0.6434
flu-seqneut-2026-CTS-039,A/Vietnam/F7324/2024_H3N2,plate22-A/Vietnam/F7324/2024_H3N2,2575,0.6594,0.6594
flu-seqneut-2026-CTS-039,A/Vietnam/F7324/2024_H3N2,plate22-A/Vietnam/F7324/2024_H3N2,5921,2.533,1
flu-seqneut-2026-CTS-039,A/Vietnam/F7324/2024_H3N2,plate22-A/Vietnam/F7324/2024_H3N2,1.362e+04,2.859,1
flu-seqneut-2026-CTS-039,A/Vietnam/PF125413/2025_H1N1,plate22-A/Vietnam/PF125413/2025_H1N1,92,1.29,1
flu-seqneut-2026-CTS-039,A/Vietnam/PF125413/2025_H1N1,plate22-A/Vietnam/PF125413/2025_H1N1,212,1.933,1
flu-seqneut-2026-CTS-039,A/Vietnam/PF125413/2025_H1N1,plate22-A/Vietnam/PF125413/2025_H1N1,487,1.906,1
flu-seqneut-2026-CTS-039,A/Vietnam/PF125413/2025_H1N1,plate22-A/Vietnam/PF125413/2025_H1N1,1119,0.9955,0.9955
flu-seqneut-2026-CTS-039,A/Vietnam/PF125413/2025_H1N1,plate22-A/Vietnam/PF125413/2025_H1N1,2575,1.039,1
flu-seqneut-2026-CTS-039,A/Vietnam/PF125413/2025_H1N1,plate22-A/Vietnam/PF125413/2025_H1N1,1.362e+04,1.991,1
flu-seqneut-2026-CTS-039,A/Virginia/82/2025_H1N1,plate22-A/Virginia/82/2025_H1N1,92,1.254,1
flu-seqneut-2026-CTS-039,A/Virginia/82/2025_H1N1,plate22-A/Virginia/82/2025_H1N1,212,0.8069,0.8069
flu-seqneut-2026-CTS-039,A/Virginia/82/2025_H1N1,plate22-A/Virginia/82/2025_H1N1,487,0.82,0.82
flu-seqneut-2026-CTS-039,A/Virginia/82/2025_H1N1,plate22-A/Virginia/82/2025_H1N1,1119,0.985,0.985
flu-seqneut-2026-CTS-039,A/Virginia/82/2025_H1N1,plate22-A/Virginia/82/2025_H1N1,2575,1.157,1
flu-seqneut-2026-CTS-039,A/Virginia/82/2025_H1N1,plate22-A/Virginia/82/2025_H1N1,5921,2.901,1
flu-seqneut-2026-CTS-039,A/Virginia/82/2025_H1N1,plate22-A/Virginia/82/2025_H1N1,1.362e+04,2.223,1
flu-seqneut-2026-CTS-039,A/Wisconsin/588/2019_H1N1,plate22-A/Wisconsin/588/2019_H1N1,92,0.3258,0.3258
flu-seqneut-2026-CTS-039,A/Wisconsin/588/2019_H1N1,plate22-A/Wisconsin/588/2019_H1N1,212,0.2564,0.2564
flu-seqneut-2026-CTS-039,A/Wisconsin/588/2019_H1N1,plate22-A/Wisconsin/588/2019_H1N1,487,0.6222,0.6222
flu-seqneut-2026-CTS-039,A/Wisconsin/588/2019_H1N1,plate22-A/Wisconsin/588/2019_H1N1,1119,0.6794,0.6794
flu-seqneut-2026-CTS-039,A/Wisconsin/588/2019_H1N1,plate22-A/Wisconsin/588/2019_H1N1,2575,0.8665,0.8665
flu-seqneut-2026-CTS-039,A/Wisconsin/588/2019_H1N1,plate22-A/Wisconsin/588/2019_H1N1,5921,1.798,1
flu-seqneut-2026-CTS-039,A/Wisconsin/588/2019_H1N1,plate22-A/Wisconsin/588/2019_H1N1,1.362e+04,1.129,1
flu-seqneut-2026-CTS-039,A/Wisconsin/67/2022_H1N1,plate22-A/Wisconsin/67/2022_H1N1,92,0.5155,0.5155
flu-seqneut-2026-CTS-039,A/Wisconsin/67/2022_H1N1,plate22-A/Wisconsin/67/2022_H1N1,212,0.3408,0.3408
flu-seqneut-2026-CTS-039,A/Wisconsin/67/2022_H1N1,plate22-A/Wisconsin/67/2022_H1N1,487,0.6452,0.6452
flu-seqneut-2026-CTS-039,A/Wisconsin/67/2022_H1N1,plate22-A/Wisconsin/67/2022_H1N1,1119,0.9115,0.9115
flu-seqneut-2026-CTS-039,A/Wisconsin/67/2022_H1N1,plate22-A/Wisconsin/67/2022_H1N1,2575,0.8097,0.8097
flu-seqneut-2026-CTS-039,A/Wisconsin/67/2022_H1N1,plate22-A/Wisconsin/67/2022_H1N1,5921,1.528,1
flu-seqneut-2026-CTS-039,A/Wisconsin/67/2022_H1N1,plate22-A/Wisconsin/67/2022_H1N1,1.362e+04,1.898,1
flu-seqneut-2026-CTS-039,A/Zacapa/FLU-012/2025_H1N1,plate22-A/Zacapa/FLU-012/2025_H1N1,92,1.102,1
flu-seqneut-2026-CTS-039,A/Zacapa/FLU-012/2025_H1N1,plate22-A/Zacapa/FLU-012/2025_H1N1,212,0.6077,0.6077
flu-seqneut-2026-CTS-039,A/Zacapa/FLU-012/2025_H1N1,plate22-A/Zacapa/FLU-012/2025_H1N1,487,0.846,0.846
flu-seqneut-2026-CTS-039,A/Zacapa/FLU-012/2025_H1N1,plate22-A/Zacapa/FLU-012/2025_H1N1,1119,0.9073,0.9073
flu-seqneut-2026-CTS-039,A/Zacapa/FLU-012/2025_H1N1,plate22-A/Zacapa/FLU-012/2025_H1N1,2575,0.964,0.964
flu-seqneut-2026-CTS-039,A/Zacapa/FLU-012/2025_H1N1,plate22-A/Zacapa/FLU-012/2025_H1N1,5921,2.626,1
flu-seqneut-2026-CTS-039,A/Zacapa/FLU-012/2025_H1N1,plate22-A/Zacapa/FLU-012/2025_H1N1,1.362e+04,2.618,1
flu-seqneut-2026-CTS-039,A/Zambia/6-NIC-014/2026_H1N1,plate22-A/Zambia/6-NIC-014/2026_H1N1,92,0.7818,0.7818
flu-seqneut-2026-CTS-039,A/Zambia/6-NIC-014/2026_H1N1,plate22-A/Zambia/6-NIC-014/2026_H1N1,212,0.5693,0.5693
flu-seqneut-2026-CTS-039,A/Zambia/6-NIC-014/2026_H1N1,plate22-A/Zambia/6-NIC-014/2026_H1N1,487,0.757,0.757
flu-seqneut-2026-CTS-039,A/Zambia/6-NIC-014/2026_H1N1,plate22-A/Zambia/6-NIC-014/2026_H1N1,1119,0.64,0.64
flu-seqneut-2026-CTS-039,A/Zambia/6-NIC-014/2026_H1N1,plate22-A/Zambia/6-NIC-014/2026_H1N1,2575,1.112,1
flu-seqneut-2026-CTS-039,A/Zambia/6-NIC-014/2026_H1N1,plate22-A/Zambia/6-NIC-014/2026_H1N1,5921,2.288,1
flu-seqneut-2026-CTS-039,A/Zambia/6-NIC-014/2026_H1N1,plate22-A/Zambia/6-NIC-014/2026_H1N1,1.362e+04,2.084,1
flu-seqneut-2026-CTS-039,A/Zambia/7-NIC-313/2026_H1N1,plate22-A/Zambia/7-NIC-313/2026_H1N1,92,0.6835,0.6835
flu-seqneut-2026-CTS-039,A/Zambia/7-NIC-313/2026_H1N1,plate22-A/Zambia/7-NIC-313/2026_H1N1,212,0.4144,0.4144
flu-seqneut-2026-CTS-039,A/Zambia/7-NIC-313/2026_H1N1,plate22-A/Zambia/7-NIC-313/2026_H1N1,487,0.7136,0.7136
flu-seqneut-2026-CTS-039,A/Zambia/7-NIC-313/2026_H1N1,plate22-A/Zambia/7-NIC-313/2026_H1N1,1119,1.094,1
flu-seqneut-2026-CTS-039,A/Zambia/7-NIC-313/2026_H1N1,plate22-A/Zambia/7-NIC-313/2026_H1N1,2575,1.02,1
flu-seqneut-2026-CTS-039,A/Zambia/7-NIC-313/2026_H1N1,plate22-A/Zambia/7-NIC-313/2026_H1N1,5921,2.347,1
flu-seqneut-2026-CTS-039,A/Zambia/7-NIC-313/2026_H1N1,plate22-A/Zambia/7-NIC-313/2026_H1N1,1.362e+04,1.915,1
flu-seqneut-2026-CTS-040,A/Andalucia/PMC-00977/2025_H1N1,plate22-A/Andalucia/PMC-00977/2025_H1N1,92,0.392,0.392
flu-seqneut-2026-CTS-040,A/Andalucia/PMC-00977/2025_H1N1,plate22-A/Andalucia/PMC-00977/2025_H1N1,212,0.3792,0.3792
flu-seqneut-2026-CTS-040,A/Andalucia/PMC-00977/2025_H1N1,plate22-A/Andalucia/PMC-00977/2025_H1N1,487,0.3567,0.3567
flu-seqneut-2026-CTS-040,A/Andalucia/PMC-00977/2025_H1N1,plate22-A/Andalucia/PMC-00977/2025_H1N1,1119,0.4204,0.4204
flu-seqneut-2026-CTS-040,A/Andalucia/PMC-00977/2025_H1N1,plate22-A/Andalucia/PMC-00977/2025_H1N1,2575,0.6894,0.6894
flu-seqneut-2026-CTS-040,A/Andalucia/PMC-00977/2025_H1N1,plate22-A/Andalucia/PMC-00977/2025_H1N1,1.362e+04,2.087,1
flu-seqneut-2026-CTS-040,A/Andalucia/PMC-01217/2025_H1N1,plate22-A/Andalucia/PMC-01217/2025_H1N1,92,0.1601,0.1601
flu-seqneut-2026-CTS-040,A/Andalucia/PMC-01217/2025_H1N1,plate22-A/Andalucia/PMC-01217/2025_H1N1,212,0.3976,0.3976
flu-seqneut-2026-CTS-040,A/Andalucia/PMC-01217/2025_H1N1,plate22-A/Andalucia/PMC-01217/2025_H1N1,487,0.4366,0.4366
flu-seqneut-2026-CTS-040,A/Andalucia/PMC-01217/2025_H1N1,plate22-A/Andalucia/PMC-01217/2025_H1N1,1119,0.4552,0.4552
flu-seqneut-2026-CTS-040,A/Andalucia/PMC-01217/2025_H1N1,plate22-A/Andalucia/PMC-01217/2025_H1N1,2575,0.5135,0.5135
flu-seqneut-2026-CTS-040,A/Andalucia/PMC-01217/2025_H1N1,plate22-A/Andalucia/PMC-01217/2025_H1N1,5921,2.434,1
flu-seqneut-2026-CTS-040,A/Andalucia/PMC-01217/2025_H1N1,plate22-A/Andalucia/PMC-01217/2025_H1N1,1.362e+04,1.622,1
flu-seqneut-2026-CTS-040,A/Andalucia/PMC-01495/2025_H1N1,plate22-A/Andalucia/PMC-01495/2025_H1N1,92,0.6288,0.6288
flu-seqneut-2026-CTS-040,A/Andalucia/PMC-01495/2025_H1N1,plate22-A/Andalucia/PMC-01495/2025_H1N1,212,0.2538,0.2538
flu-seqneut-2026-CTS-040,A/Andalucia/PMC-01495/2025_H1N1,plate22-A/Andalucia/PMC-01495/2025_H1N1,487,0.4522,0.4522
flu-seqneut-2026-CTS-040,A/Andalucia/PMC-01495/2025_H1N1,plate22-A/Andalucia/PMC-01495/2025_H1N1,1119,1.175,1
flu-seqneut-2026-CTS-040,A/Andalucia/PMC-01495/2025_H1N1,plate22-A/Andalucia/PMC-01495/2025_H1N1,2575,0.7918,0.7918
flu-seqneut-2026-CTS-040,A/Andalucia/PMC-01495/2025_H1N1,plate22-A/Andalucia/PMC-01495/2025_H1N1,5921,2.895,1
flu-seqneut-2026-CTS-040,A/Andalucia/PMC-01495/2025_H1N1,plate22-A/Andalucia/PMC-01495/2025_H1N1,1.362e+04,2.007,1
flu-seqneut-2026-CTS-040,A/Astrakhan/RII-MH273373S/2025_H3N2,plate22-A/Astrakhan/RII-MH273373S/2025_H3N2,92,0.0004846,0.0004846
flu-seqneut-2026-CTS-040,A/Astrakhan/RII-MH273373S/2025_H3N2,plate22-A/Astrakhan/RII-MH273373S/2025_H3N2,212,0.004006,0.004006
flu-seqneut-2026-CTS-040,A/Astrakhan/RII-MH273373S/2025_H3N2,plate22-A/Astrakhan/RII-MH273373S/2025_H3N2,487,0.04546,0.04546
flu-seqneut-2026-CTS-040,A/Astrakhan/RII-MH273373S/2025_H3N2,plate22-A/Astrakhan/RII-MH273373S/2025_H3N2,1119,0.1734,0.1734
flu-seqneut-2026-CTS-040,A/Astrakhan/RII-MH273373S/2025_H3N2,plate22-A/Astrakhan/RII-MH273373S/2025_H3N2,2575,0.4272,0.4272
flu-seqneut-2026-CTS-040,A/Astrakhan/RII-MH273373S/2025_H3N2,plate22-A/Astrakhan/RII-MH273373S/2025_H3N2,5921,1.926,1
flu-seqneut-2026-CTS-040,A/Astrakhan/RII-MH273373S/2025_H3N2,plate22-A/Astrakhan/RII-MH273373S/2025_H3N2,1.362e+04,2.172,1
flu-seqneut-2026-CTS-040,A/Asturias/232590913/2025_H1N1,plate22-A/Asturias/232590913/2025_H1N1,92,0.4172,0.4172
flu-seqneut-2026-CTS-040,A/Asturias/232590913/2025_H1N1,plate22-A/Asturias/232590913/2025_H1N1,212,0.3325,0.3325
flu-seqneut-2026-CTS-040,A/Asturias/232590913/2025_H1N1,plate22-A/Asturias/232590913/2025_H1N1,487,0.8022,0.8022
flu-seqneut-2026-CTS-040,A/Asturias/232590913/2025_H1N1,plate22-A/Asturias/232590913/2025_H1N1,1119,0.6477,0.6477
flu-seqneut-2026-CTS-040,A/Asturias/232590913/2025_H1N1,plate22-A/Asturias/232590913/2025_H1N1,2575,1.077,1
flu-seqneut-2026-CTS-040,A/Asturias/232590913/2025_H1N1,plate22-A/Asturias/232590913/2025_H1N1,1.362e+04,2.732,1
flu-seqneut-2026-CTS-040,A/Badajoz/18738342/2026_H3N2,plate22-A/Badajoz/18738342/2026_H3N2,92,0,0
flu-seqneut-2026-CTS-040,A/Badajoz/18738342/2026_H3N2,plate22-A/Badajoz/18738342/2026_H3N2,212,0,0
flu-seqneut-2026-CTS-040,A/Badajoz/18738342/2026_H3N2,plate22-A/Badajoz/18738342/2026_H3N2,487,0.1507,0.1507
flu-seqneut-2026-CTS-040,A/Badajoz/18738342/2026_H3N2,plate22-A/Badajoz/18738342/2026_H3N2,1119,0.2386,0.2386
flu-seqneut-2026-CTS-040,A/Badajoz/18738342/2026_H3N2,plate22-A/Badajoz/18738342/2026_H3N2,2575,0.6078,0.6078
flu-seqneut-2026-CTS-040,A/Badajoz/18738342/2026_H3N2,plate22-A/Badajoz/18738342/2026_H3N2,1.362e+04,2.211,1
flu-seqneut-2026-CTS-040,A/Badajoz/18811358/2026_H3N2,plate22-A/Badajoz/18811358/2026_H3N2,92,0.003891,0.003891
flu-seqneut-2026-CTS-040,A/Badajoz/18811358/2026_H3N2,plate22-A/Badajoz/18811358/2026_H3N2,212,0,0
flu-seqneut-2026-CTS-040,A/Badajoz/18811358/2026_H3N2,plate22-A/Badajoz/18811358/2026_H3N2,487,0.06993,0.06993
flu-seqneut-2026-CTS-040,A/Badajoz/18811358/2026_H3N2,plate22-A/Badajoz/18811358/2026_H3N2,1119,0.1092,0.1092
flu-seqneut-2026-CTS-040,A/Badajoz/18811358/2026_H3N2,plate22-A/Badajoz/18811358/2026_H3N2,2575,0.3557,0.3557
flu-seqneut-2026-CTS-040,A/Badajoz/18811358/2026_H3N2,plate22-A/Badajoz/18811358/2026_H3N2,5921,1.951,1
flu-seqneut-2026-CTS-040,A/Badajoz/18811358/2026_H3N2,plate22-A/Badajoz/18811358/2026_H3N2,1.362e+04,1.81,1
flu-seqneut-2026-CTS-040,A/Badajoz/18813527/2026_H3N2,plate22-A/Badajoz/18813527/2026_H3N2,92,0,0
flu-seqneut-2026-CTS-040,A/Badajoz/18813527/2026_H3N2,plate22-A/Badajoz/18813527/2026_H3N2,212,0.03015,0.03015
flu-seqneut-2026-CTS-040,A/Badajoz/18813527/2026_H3N2,plate22-A/Badajoz/18813527/2026_H3N2,487,0.03255,0.03255
flu-seqneut-2026-CTS-040,A/Badajoz/18813527/2026_H3N2,plate22-A/Badajoz/18813527/2026_H3N2,1119,0.4295,0.4295
flu-seqneut-2026-CTS-040,A/Badajoz/18813527/2026_H3N2,plate22-A/Badajoz/18813527/2026_H3N2,2575,0.61,0.61
flu-seqneut-2026-CTS-040,A/Badajoz/18813527/2026_H3N2,plate22-A/Badajoz/18813527/2026_H3N2,5921,2.309,1
flu-seqneut-2026-CTS-040,A/Badajoz/18813527/2026_H3N2,plate22-A/Badajoz/18813527/2026_H3N2,1.362e+04,1.51,1
flu-seqneut-2026-CTS-040,A/Bangkok/P2391/2025_H3N2,plate22-A/Bangkok/P2391/2025_H3N2,92,0.003957,0.003957
flu-seqneut-2026-CTS-040,A/Bangkok/P2391/2025_H3N2,plate22-A/Bangkok/P2391/2025_H3N2,212,0.0001818,0.0001818
flu-seqneut-2026-CTS-040,A/Bangkok/P2391/2025_H3N2,plate22-A/Bangkok/P2391/2025_H3N2,487,0.05064,0.05064
flu-seqneut-2026-CTS-040,A/Bangkok/P2391/2025_H3N2,plate22-A/Bangkok/P2391/2025_H3N2,1119,0.2355,0.2355
flu-seqneut-2026-CTS-040,A/Bangkok/P2391/2025_H3N2,plate22-A/Bangkok/P2391/2025_H3N2,2575,0.8482,0.8482
flu-seqneut-2026-CTS-040,A/Bangkok/P2391/2025_H3N2,plate22-A/Bangkok/P2391/2025_H3N2,5921,1.712,1
flu-seqneut-2026-CTS-040,A/Bangkok/P2391/2025_H3N2,plate22-A/Bangkok/P2391/2025_H3N2,1.362e+04,2.677,1
flu-seqneut-2026-CTS-040,A/Blaenavon/6687/2026_H3N2,plate22-A/Blaenavon/6687/2026_H3N2,92,0.002071,0.002071
flu-seqneut-2026-CTS-040,A/Blaenavon/6687/2026_H3N2,plate22-A/Blaenavon/6687/2026_H3N2,212,0.005821,0.005821
flu-seqneut-2026-CTS-040,A/Blaenavon/6687/2026_H3N2,plate22-A/Blaenavon/6687/2026_H3N2,487,0.006431,0.006431
flu-seqneut-2026-CTS-040,A/Blaenavon/6687/2026_H3N2,plate22-A/Blaenavon/6687/2026_H3N2,1119,0.01902,0.01902
flu-seqneut-2026-CTS-040,A/Blaenavon/6687/2026_H3N2,plate22-A/Blaenavon/6687/2026_H3N2,2575,0.2187,0.2187
flu-seqneut-2026-CTS-040,A/Blaenavon/6687/2026_H3N2,plate22-A/Blaenavon/6687/2026_H3N2,5921,2.281,1
flu-seqneut-2026-CTS-040,A/Blaenavon/6687/2026_H3N2,plate22-A/Blaenavon/6687/2026_H3N2,1.362e+04,1.184,1
flu-seqneut-2026-CTS-040,A/Bolivia/OR5702/2025_H3N2,plate22-A/Bolivia/OR5702/2025_H3N2,92,0,0
flu-seqneut-2026-CTS-040,A/Bolivia/OR5702/2025_H3N2,plate22-A/Bolivia/OR5702/2025_H3N2,212,0.001545,0.001545
flu-seqneut-2026-CTS-040,A/Bolivia/OR5702/2025_H3N2,plate22-A/Bolivia/OR5702/2025_H3N2,487,0,0
flu-seqneut-2026-CTS-040,A/Bolivia/OR5702/2025_H3N2,plate22-A/Bolivia/OR5702/2025_H3N2,1119,0.02718,0.02718
flu-seqneut-2026-CTS-040,A/Bolivia/OR5702/2025_H3N2,plate22-A/Bolivia/OR5702/2025_H3N2,2575,0.2525,0.2525
flu-seqneut-2026-CTS-040,A/Bolivia/OR5702/2025_H3N2,plate22-A/Bolivia/OR5702/2025_H3N2,5921,1.595,1
flu-seqneut-2026-CTS-040,A/Bolivia/OR5702/2025_H3N2,plate22-A/Bolivia/OR5702/2025_H3N2,1.362e+04,1.627,1
flu-seqneut-2026-CTS-040,A/BritishColumbia/RV00022-26/2025_H1N1,plate22-A/BritishColumbia/RV00022-26/2025_H1N1,92,0.3843,0.3843
flu-seqneut-2026-CTS-040,A/BritishColumbia/RV00022-26/2025_H1N1,plate22-A/BritishColumbia/RV00022-26/2025_H1N1,212,0.4984,0.4984
flu-seqneut-2026-CTS-040,A/BritishColumbia/RV00022-26/2025_H1N1,plate22-A/BritishColumbia/RV00022-26/2025_H1N1,487,0.5833,0.5833
flu-seqneut-2026-CTS-040,A/BritishColumbia/RV00022-26/2025_H1N1,plate22-A/BritishColumbia/RV00022-26/2025_H1N1,1119,0.7285,0.7285
flu-seqneut-2026-CTS-040,A/BritishColumbia/RV00022-26/2025_H1N1,plate22-A/BritishColumbia/RV00022-26/2025_H1N1,2575,1.055,1
flu-seqneut-2026-CTS-040,A/BritishColumbia/RV00022-26/2025_H1N1,plate22-A/BritishColumbia/RV00022-26/2025_H1N1,1.362e+04,2.58,1
flu-seqneut-2026-CTS-040,A/BritishColumbia/RV00279-26/2025_H3N2,plate22-A/BritishColumbia/RV00279-26/2025_H3N2,92,0.005886,0.005886
flu-seqneut-2026-CTS-040,A/BritishColumbia/RV00279-26/2025_H3N2,plate22-A/BritishColumbia/RV00279-26/2025_H3N2,212,0.01411,0.01411
flu-seqneut-2026-CTS-040,A/BritishColumbia/RV00279-26/2025_H3N2,plate22-A/BritishColumbia/RV00279-26/2025_H3N2,487,0.0556,0.0556
flu-seqneut-2026-CTS-040,A/BritishColumbia/RV00279-26/2025_H3N2,plate22-A/BritishColumbia/RV00279-26/2025_H3N2,1119,0.1925,0.1925
flu-seqneut-2026-CTS-040,A/BritishColumbia/RV00279-26/2025_H3N2,plate22-A/BritishColumbia/RV00279-26/2025_H3N2,2575,0.5507,0.5507
flu-seqneut-2026-CTS-040,A/BritishColumbia/RV00279-26/2025_H3N2,plate22-A/BritishColumbia/RV00279-26/2025_H3N2,1.362e+04,2.366,1
flu-seqneut-2026-CTS-040,A/BritishColumbia/RV01350-26/2026_H1N1,plate22-A/BritishColumbia/RV01350-26/2026_H1N1,92,0.3989,0.3989
flu-seqneut-2026-CTS-040,A/BritishColumbia/RV01350-26/2026_H1N1,plate22-A/BritishColumbia/RV01350-26/2026_H1N1,212,0.4262,0.4262
flu-seqneut-2026-CTS-040,A/BritishColumbia/RV01350-26/2026_H1N1,plate22-A/BritishColumbia/RV01350-26/2026_H1N1,487,0.541,0.541
flu-seqneut-2026-CTS-040,A/BritishColumbia/RV01350-26/2026_H1N1,plate22-A/BritishColumbia/RV01350-26/2026_H1N1,1119,0.9989,0.9989
flu-seqneut-2026-CTS-040,A/BritishColumbia/RV01350-26/2026_H1N1,plate22-A/BritishColumbia/RV01350-26/2026_H1N1,2575,1.318,1
flu-seqneut-2026-CTS-040,A/BritishColumbia/RV01350-26/2026_H1N1,plate22-A/BritishColumbia/RV01350-26/2026_H1N1,1.362e+04,2.634,1
flu-seqneut-2026-CTS-040,A/BritishColumbia/RV05508-25/2025_H1N1,plate22-A/BritishColumbia/RV05508-25/2025_H1N1,92,0.4204,0.4204
flu-seqneut-2026-CTS-040,A/BritishColumbia/RV05508-25/2025_H1N1,plate22-A/BritishColumbia/RV05508-25/2025_H1N1,212,0.2569,0.2569
flu-seqneut-2026-CTS-040,A/BritishColumbia/RV05508-25/2025_H1N1,plate22-A/BritishColumbia/RV05508-25/2025_H1N1,487,0.6851,0.6851
flu-seqneut-2026-CTS-040,A/BritishColumbia/RV05508-25/2025_H1N1,plate22-A/BritishColumbia/RV05508-25/2025_H1N1,1119,0.9308,0.9308
flu-seqneut-2026-CTS-040,A/BritishColumbia/RV05508-25/2025_H1N1,plate22-A/BritishColumbia/RV05508-25/2025_H1N1,2575,1.11,1
flu-seqneut-2026-CTS-040,A/BritishColumbia/RV05508-25/2025_H1N1,plate22-A/BritishColumbia/RV05508-25/2025_H1N1,1.362e+04,2.692,1
flu-seqneut-2026-CTS-040,A/California/GKISBBBH79910/2026_H3N2,plate22-A/California/GKISBBBH79910/2026_H3N2,92,0.05733,0.05733
flu-seqneut-2026-CTS-040,A/California/GKISBBBH79910/2026_H3N2,plate22-A/California/GKISBBBH79910/2026_H3N2,212,0.01159,0.01159
flu-seqneut-2026-CTS-040,A/California/GKISBBBH79910/2026_H3N2,plate22-A/California/GKISBBBH79910/2026_H3N2,487,0.04323,0.04323
flu-seqneut-2026-CTS-040,A/California/GKISBBBH79910/2026_H3N2,plate22-A/California/GKISBBBH79910/2026_H3N2,1119,0.1981,0.1981
flu-seqneut-2026-CTS-040,A/California/GKISBBBH79910/2026_H3N2,plate22-A/California/GKISBBBH79910/2026_H3N2,2575,0.5794,0.5794
flu-seqneut-2026-CTS-040,A/California/GKISBBBH79910/2026_H3N2,plate22-A/California/GKISBBBH79910/2026_H3N2,5921,2.633,1
flu-seqneut-2026-CTS-040,A/California/GKISBBBH79910/2026_H3N2,plate22-A/California/GKISBBBH79910/2026_H3N2,1.362e+04,2.572,1
flu-seqneut-2026-CTS-040,A/California/NIRC-IS-1019/2026_H1N1,plate22-A/California/NIRC-IS-1019/2026_H1N1,92,0.4701,0.4701
flu-seqneut-2026-CTS-040,A/California/NIRC-IS-1019/2026_H1N1,plate22-A/California/NIRC-IS-1019/2026_H1N1,212,0.4697,0.4697
flu-seqneut-2026-CTS-040,A/California/NIRC-IS-1019/2026_H1N1,plate22-A/California/NIRC-IS-1019/2026_H1N1,487,0.7034,0.7034
flu-seqneut-2026-CTS-040,A/California/NIRC-IS-1019/2026_H1N1,plate22-A/California/NIRC-IS-1019/2026_H1N1,1119,0.5673,0.5673
flu-seqneut-2026-CTS-040,A/California/NIRC-IS-1019/2026_H1N1,plate22-A/California/NIRC-IS-1019/2026_H1N1,2575,0.9065,0.9065
flu-seqneut-2026-CTS-040,A/California/NIRC-IS-1019/2026_H1N1,plate22-A/California/NIRC-IS-1019/2026_H1N1,5921,2.676,1
flu-seqneut-2026-CTS-040,A/California/NIRC-IS-1019/2026_H1N1,plate22-A/California/NIRC-IS-1019/2026_H1N1,1.362e+04,2.126,1
flu-seqneut-2026-CTS-040,A/California/NIRC-IS-1059/2026_H3N2,plate22-A/California/NIRC-IS-1059/2026_H3N2,92,0.002113,0.002113
flu-seqneut-2026-CTS-040,A/California/NIRC-IS-1059/2026_H3N2,plate22-A/California/NIRC-IS-1059/2026_H3N2,212,0,0
flu-seqneut-2026-CTS-040,A/California/NIRC-IS-1059/2026_H3N2,plate22-A/California/NIRC-IS-1059/2026_H3N2,487,0.02803,0.02803
flu-seqneut-2026-CTS-040,A/California/NIRC-IS-1059/2026_H3N2,plate22-A/California/NIRC-IS-1059/2026_H3N2,1119,0.1445,0.1445
flu-seqneut-2026-CTS-040,A/California/NIRC-IS-1059/2026_H3N2,plate22-A/California/NIRC-IS-1059/2026_H3N2,2575,1.152,1
flu-seqneut-2026-CTS-040,A/California/NIRC-IS-1059/2026_H3N2,plate22-A/California/NIRC-IS-1059/2026_H3N2,5921,2.589,1
flu-seqneut-2026-CTS-040,A/California/NIRC-IS-1356/2025_H1N1,plate22-A/California/NIRC-IS-1356/2025_H1N1,92,0.2812,0.2812
flu-seqneut-2026-CTS-040,A/California/NIRC-IS-1356/2025_H1N1,plate22-A/California/NIRC-IS-1356/2025_H1N1,212,0.2543,0.2543
flu-seqneut-2026-CTS-040,A/California/NIRC-IS-1356/2025_H1N1,plate22-A/California/NIRC-IS-1356/2025_H1N1,487,0.3823,0.3823
flu-seqneut-2026-CTS-040,A/California/NIRC-IS-1356/2025_H1N1,plate22-A/California/NIRC-IS-1356/2025_H1N1,1119,1.283,1
flu-seqneut-2026-CTS-040,A/California/NIRC-IS-1356/2025_H1N1,plate22-A/California/NIRC-IS-1356/2025_H1N1,2575,0.9278,0.9278
flu-seqneut-2026-CTS-040,A/California/NIRC-IS-1356/2025_H1N1,plate22-A/California/NIRC-IS-1356/2025_H1N1,1.362e+04,2.258,1
flu-seqneut-2026-CTS-040,A/Castellon/VAHNSI_02_02400/2025_H3N2,plate22-A/Castellon/VAHNSI_02_02400/2025_H3N2,92,0.01205,0.01205
flu-seqneut-2026-CTS-040,A/Castellon/VAHNSI_02_02400/2025_H3N2,plate22-A/Castellon/VAHNSI_02_02400/2025_H3N2,212,0.01328,0.01328
flu-seqneut-2026-CTS-040,A/Castellon/VAHNSI_02_02400/2025_H3N2,plate22-A/Castellon/VAHNSI_02_02400/2025_H3N2,487,0.05522,0.05522
flu-seqneut-2026-CTS-040,A/Castellon/VAHNSI_02_02400/2025_H3N2,plate22-A/Castellon/VAHNSI_02_02400/2025_H3N2,1119,0.2257,0.2257
flu-seqneut-2026-CTS-040,A/Castellon/VAHNSI_02_02400/2025_H3N2,plate22-A/Castellon/VAHNSI_02_02400/2025_H3N2,2575,0.4969,0.4969
flu-seqneut-2026-CTS-040,A/Castellon/VAHNSI_02_02400/2025_H3N2,plate22-A/Castellon/VAHNSI_02_02400/2025_H3N2,1.362e+04,2.795,1
flu-seqneut-2026-CTS-040,A/Colombia/1851/2024_H3N2,plate22-A/Colombia/1851/2024_H3N2,92,0,0
flu-seqneut-2026-CTS-040,A/Colombia/1851/2024_H3N2,plate22-A/Colombia/1851/2024_H3N2,212,0.001944,0.001944
flu-seqneut-2026-CTS-040,A/Colombia/1851/2024_H3N2,plate22-A/Colombia/1851/2024_H3N2,487,0.0003043,0.0003043
flu-seqneut-2026-CTS-040,A/Colombia/1851/2024_H3N2,plate22-A/Colombia/1851/2024_H3N2,1119,0.007198,0.007198
flu-seqneut-2026-CTS-040,A/Colombia/1851/2024_H3N2,plate22-A/Colombia/1851/2024_H3N2,2575,0.03753,0.03753
flu-seqneut-2026-CTS-040,A/Colombia/1851/2024_H3N2,plate22-A/Colombia/1851/2024_H3N2,5921,0.7771,0.7771
flu-seqneut-2026-CTS-040,A/Colombia/1851/2024_H3N2,plate22-A/Colombia/1851/2024_H3N2,1.362e+04,1.16,1
flu-seqneut-2026-CTS-040,A/Connecticut/5/2026_H3N2,plate22-A/Connecticut/5/2026_H3N2,92,0.01825,0.01825
flu-seqneut-2026-CTS-040,A/Connecticut/5/2026_H3N2,plate22-A/Connecticut/5/2026_H3N2,212,0.07209,0.07209
flu-seqneut-2026-CTS-040,A/Connecticut/5/2026_H3N2,plate22-A/Connecticut/5/2026_H3N2,487,0.1318,0.1318
flu-seqneut-2026-CTS-040,A/Connecticut/5/2026_H3N2,plate22-A/Connecticut/5/2026_H3N2,1119,0.2374,0.2374
flu-seqneut-2026-CTS-040,A/Connecticut/5/2026_H3N2,plate22-A/Connecticut/5/2026_H3N2,2575,0.5637,0.5637
flu-seqneut-2026-CTS-040,A/Connecticut/5/2026_H3N2,plate22-A/Connecticut/5/2026_H3N2,5921,2.13,1
flu-seqneut-2026-CTS-040,A/Connecticut/5/2026_H3N2,plate22-A/Connecticut/5/2026_H3N2,1.362e+04,2.196,1
flu-seqneut-2026-CTS-040,A/Croatia/10136RV/2023_H3N2,plate22-A/Croatia/10136RV/2023_H3N2,92,0.02219,0.02219
flu-seqneut-2026-CTS-040,A/Croatia/10136RV/2023_H3N2,plate22-A/Croatia/10136RV/2023_H3N2,212,0.02789,0.02789
flu-seqneut-2026-CTS-040,A/Croatia/10136RV/2023_H3N2,plate22-A/Croatia/10136RV/2023_H3N2,487,0.04599,0.04599
flu-seqneut-2026-CTS-040,A/Croatia/10136RV/2023_H3N2,plate22-A/Croatia/10136RV/2023_H3N2,1119,0.07628,0.07628
flu-seqneut-2026-CTS-040,A/Croatia/10136RV/2023_H3N2,plate22-A/Croatia/10136RV/2023_H3N2,2575,0.327,0.327
flu-seqneut-2026-CTS-040,A/Croatia/10136RV/2023_H3N2,plate22-A/Croatia/10136RV/2023_H3N2,5921,2.635,1
flu-seqneut-2026-CTS-040,A/Croatia/10136RV/2023_H3N2,plate22-A/Croatia/10136RV/2023_H3N2,1.362e+04,1.638,1
flu-seqneut-2026-CTS-040,A/Darwin/1415/2025_H3N2,plate22-A/Darwin/1415/2025_H3N2,92,0,0
flu-seqneut-2026-CTS-040,A/Darwin/1415/2025_H3N2,plate22-A/Darwin/1415/2025_H3N2,212,0.003165,0.003165
flu-seqneut-2026-CTS-040,A/Darwin/1415/2025_H3N2,plate22-A/Darwin/1415/2025_H3N2,487,0.02793,0.02793
flu-seqneut-2026-CTS-040,A/Darwin/1415/2025_H3N2,plate22-A/Darwin/1415/2025_H3N2,1119,0.1239,0.1239
flu-seqneut-2026-CTS-040,A/Darwin/1415/2025_H3N2,plate22-A/Darwin/1415/2025_H3N2,2575,0.406,0.406
flu-seqneut-2026-CTS-040,A/Darwin/1415/2025_H3N2,plate22-A/Darwin/1415/2025_H3N2,5921,1.821,1
flu-seqneut-2026-CTS-040,A/Darwin/1415/2025_H3N2,plate22-A/Darwin/1415/2025_H3N2,1.362e+04,1.483,1
flu-seqneut-2026-CTS-040,A/Darwin/1454/2025_H3N2,plate22-A/Darwin/1454/2025_H3N2,92,0,0
flu-seqneut-2026-CTS-040,A/Darwin/1454/2025_H3N2,plate22-A/Darwin/1454/2025_H3N2,212,0.0004479,0.0004479
flu-seqneut-2026-CTS-040,A/Darwin/1454/2025_H3N2,plate22-A/Darwin/1454/2025_H3N2,487,0,0
flu-seqneut-2026-CTS-040,A/Darwin/1454/2025_H3N2,plate22-A/Darwin/1454/2025_H3N2,1119,0.003109,0.003109
flu-seqneut-2026-CTS-040,A/Darwin/1454/2025_H3N2,plate22-A/Darwin/1454/2025_H3N2,2575,0.1729,0.1729
flu-seqneut-2026-CTS-040,A/Darwin/1454/2025_H3N2,plate22-A/Darwin/1454/2025_H3N2,5921,2.54,1
flu-seqneut-2026-CTS-040,A/Darwin/1454/2025_H3N2,plate22-A/Darwin/1454/2025_H3N2,1.362e+04,1.746,1
flu-seqneut-2026-CTS-040,A/Denmark/3940/2025_H3N2,plate22-A/Denmark/3940/2025_H3N2,92,0.04633,0.04633
flu-seqneut-2026-CTS-040,A/Denmark/3940/2025_H3N2,plate22-A/Denmark/3940/2025_H3N2,212,0.04991,0.04991
flu-seqneut-2026-CTS-040,A/Denmark/3940/2025_H3N2,plate22-A/Denmark/3940/2025_H3N2,487,0.1257,0.1257
flu-seqneut-2026-CTS-040,A/Denmark/3940/2025_H3N2,plate22-A/Denmark/3940/2025_H3N2,1119,0.2138,0.2138
flu-seqneut-2026-CTS-040,A/Denmark/3940/2025_H3N2,plate22-A/Denmark/3940/2025_H3N2,2575,0.6489,0.6489
flu-seqneut-2026-CTS-040,A/Denmark/3940/2025_H3N2,plate22-A/Denmark/3940/2025_H3N2,1.362e+04,2.114,1
flu-seqneut-2026-CTS-040,A/Denmark/4547/2025_H1N1,plate22-A/Denmark/4547/2025_H1N1,92,0.1537,0.1537
flu-seqneut-2026-CTS-040,A/Denmark/4547/2025_H1N1,plate22-A/Denmark/4547/2025_H1N1,212,0.2697,0.2697
flu-seqneut-2026-CTS-040,A/Denmark/4547/2025_H1N1,plate22-A/Denmark/4547/2025_H1N1,487,0.4284,0.4284
flu-seqneut-2026-CTS-040,A/Denmark/4547/2025_H1N1,plate22-A/Denmark/4547/2025_H1N1,1119,0.3662,0.3662
flu-seqneut-2026-CTS-040,A/Denmark/4547/2025_H1N1,plate22-A/Denmark/4547/2025_H1N1,2575,0.6141,0.6141
flu-seqneut-2026-CTS-040,A/Denmark/4547/2025_H1N1,plate22-A/Denmark/4547/2025_H1N1,5921,1.978,1
flu-seqneut-2026-CTS-040,A/Denmark/4547/2025_H1N1,plate22-A/Denmark/4547/2025_H1N1,1.362e+04,1.382,1
flu-seqneut-2026-CTS-040,A/Denmark/4774/2025_H1N1,plate22-A/Denmark/4774/2025_H1N1,92,0.619,0.619
flu-seqneut-2026-CTS-040,A/Denmark/4774/2025_H1N1,plate22-A/Denmark/4774/2025_H1N1,212,1.204,1
flu-seqneut-2026-CTS-040,A/Denmark/4774/2025_H1N1,plate22-A/Denmark/4774/2025_H1N1,487,0.6313,0.6313
flu-seqneut-2026-CTS-040,A/Denmark/4774/2025_H1N1,plate22-A/Denmark/4774/2025_H1N1,1119,1.482,1
flu-seqneut-2026-CTS-040,A/Denmark/4774/2025_H1N1,plate22-A/Denmark/4774/2025_H1N1,2575,0.7423,0.7423
flu-seqneut-2026-CTS-040,A/Denmark/4774/2025_H1N1,plate22-A/Denmark/4774/2025_H1N1,1.362e+04,2.956,1
flu-seqneut-2026-CTS-040,A/District_Of_Columbia/27/2023_H3N2,plate22-A/District_Of_Columbia/27/2023_H3N2,92,0,0
flu-seqneut-2026-CTS-040,A/District_Of_Columbia/27/2023_H3N2,plate22-A/District_Of_Columbia/27/2023_H3N2,212,0,0
flu-seqneut-2026-CTS-040,A/District_Of_Columbia/27/2023_H3N2,plate22-A/District_Of_Columbia/27/2023_H3N2,487,0.08225,0.08225
flu-seqneut-2026-CTS-040,A/District_Of_Columbia/27/2023_H3N2,plate22-A/District_Of_Columbia/27/2023_H3N2,1119,0.2136,0.2136
flu-seqneut-2026-CTS-040,A/District_Of_Columbia/27/2023_H3N2,plate22-A/District_Of_Columbia/27/2023_H3N2,2575,0.5358,0.5358
flu-seqneut-2026-CTS-040,A/District_Of_Columbia/27/2023_H3N2,plate22-A/District_Of_Columbia/27/2023_H3N2,5921,2.748,1
flu-seqneut-2026-CTS-040,A/District_Of_Columbia/27/2023_H3N2,plate22-A/District_Of_Columbia/27/2023_H3N2,1.362e+04,2.364,1
flu-seqneut-2026-CTS-040,A/Distrito_Federal/250106000728/2025_H3N2,plate22-A/Distrito_Federal/250106000728/2025_H3N2,92,0.001618,0.001618
flu-seqneut-2026-CTS-040,A/Distrito_Federal/250106000728/2025_H3N2,plate22-A/Distrito_Federal/250106000728/2025_H3N2,212,0.0004458,0.0004458
flu-seqneut-2026-CTS-040,A/Distrito_Federal/250106000728/2025_H3N2,plate22-A/Distrito_Federal/250106000728/2025_H3N2,487,0,0
flu-seqneut-2026-CTS-040,A/Distrito_Federal/250106000728/2025_H3N2,plate22-A/Distrito_Federal/250106000728/2025_H3N2,1119,0.01444,0.01444
flu-seqneut-2026-CTS-040,A/Distrito_Federal/250106000728/2025_H3N2,plate22-A/Distrito_Federal/250106000728/2025_H3N2,2575,0.2132,0.2132
flu-seqneut-2026-CTS-040,A/Distrito_Federal/250106000728/2025_H3N2,plate22-A/Distrito_Federal/250106000728/2025_H3N2,5921,2.319,1
flu-seqneut-2026-CTS-040,A/Distrito_Federal/250106000728/2025_H3N2,plate22-A/Distrito_Federal/250106000728/2025_H3N2,1.362e+04,1.732,1
flu-seqneut-2026-CTS-040,A/England/1893256/2026_H1N1,plate22-A/England/1893256/2026_H1N1,92,0.2649,0.2649
flu-seqneut-2026-CTS-040,A/England/1893256/2026_H1N1,plate22-A/England/1893256/2026_H1N1,212,0.4333,0.4333
flu-seqneut-2026-CTS-040,A/England/1893256/2026_H1N1,plate22-A/England/1893256/2026_H1N1,487,0.8873,0.8873
flu-seqneut-2026-CTS-040,A/England/1893256/2026_H1N1,plate22-A/England/1893256/2026_H1N1,1119,0.6443,0.6443
flu-seqneut-2026-CTS-040,A/England/1893256/2026_H1N1,plate22-A/England/1893256/2026_H1N1,2575,0.8427,0.8427
flu-seqneut-2026-CTS-040,A/England/1893256/2026_H1N1,plate22-A/England/1893256/2026_H1N1,1.362e+04,2.581,1
flu-seqneut-2026-CTS-040,A/Florida/ISC-1069/2026_H3N2,plate22-A/Florida/ISC-1069/2026_H3N2,92,0.01661,0.01661
flu-seqneut-2026-CTS-040,A/Florida/ISC-1069/2026_H3N2,plate22-A/Florida/ISC-1069/2026_H3N2,212,0.03496,0.03496
flu-seqneut-2026-CTS-040,A/Florida/ISC-1069/2026_H3N2,plate22-A/Florida/ISC-1069/2026_H3N2,487,0.06579,0.06579
flu-seqneut-2026-CTS-040,A/Florida/ISC-1069/2026_H3N2,plate22-A/Florida/ISC-1069/2026_H3N2,1119,0.157,0.157
flu-seqneut-2026-CTS-040,A/Florida/ISC-1069/2026_H3N2,plate22-A/Florida/ISC-1069/2026_H3N2,2575,0.8048,0.8048
flu-seqneut-2026-CTS-040,A/Florida/ISC-1069/2026_H3N2,plate22-A/Florida/ISC-1069/2026_H3N2,1.362e+04,2.966,1
flu-seqneut-2026-CTS-040,A/France/ARA-HCL025195259501/2025_H1N1,plate22-A/France/ARA-HCL025195259501/2025_H1N1,92,0.5045,0.5045
flu-seqneut-2026-CTS-040,A/France/ARA-HCL025195259501/2025_H1N1,plate22-A/France/ARA-HCL025195259501/2025_H1N1,212,0.3966,0.3966
flu-seqneut-2026-CTS-040,A/France/ARA-HCL025195259501/2025_H1N1,plate22-A/France/ARA-HCL025195259501/2025_H1N1,487,0.4805,0.4805
flu-seqneut-2026-CTS-040,A/France/ARA-HCL025195259501/2025_H1N1,plate22-A/France/ARA-HCL025195259501/2025_H1N1,1119,0.5097,0.5097
flu-seqneut-2026-CTS-040,A/France/ARA-HCL025195259501/2025_H1N1,plate22-A/France/ARA-HCL025195259501/2025_H1N1,2575,0.9596,0.9596
flu-seqneut-2026-CTS-040,A/France/ARA-HCL025195259501/2025_H1N1,plate22-A/France/ARA-HCL025195259501/2025_H1N1,1.362e+04,1.929,1
flu-seqneut-2026-CTS-040,A/France/ARA-HCL026031894402/2026_H3N2,plate22-A/France/ARA-HCL026031894402/2026_H3N2,92,0,0
flu-seqneut-2026-CTS-040,A/France/ARA-HCL026031894402/2026_H3N2,plate22-A/France/ARA-HCL026031894402/2026_H3N2,212,0.0033,0.0033
flu-seqneut-2026-CTS-040,A/France/ARA-HCL026031894402/2026_H3N2,plate22-A/France/ARA-HCL026031894402/2026_H3N2,487,0.01643,0.01643
flu-seqneut-2026-CTS-040,A/France/ARA-HCL026031894402/2026_H3N2,plate22-A/France/ARA-HCL026031894402/2026_H3N2,1119,0.02638,0.02638
flu-seqneut-2026-CTS-040,A/France/ARA-HCL026031894402/2026_H3N2,plate22-A/France/ARA-HCL026031894402/2026_H3N2,2575,0.335,0.335
flu-seqneut-2026-CTS-040,A/France/ARA-HCL026031894402/2026_H3N2,plate22-A/France/ARA-HCL026031894402/2026_H3N2,5921,2.667,1
flu-seqneut-2026-CTS-040,A/France/ARA-HCL026031894402/2026_H3N2,plate22-A/France/ARA-HCL026031894402/2026_H3N2,1.362e+04,1.798,1
flu-seqneut-2026-CTS-040,A/France/GES-IPP00659/2026_H1N1,plate22-A/France/GES-IPP00659/2026_H1N1,92,0.2158,0.2158
flu-seqneut-2026-CTS-040,A/France/GES-IPP00659/2026_H1N1,plate22-A/France/GES-IPP00659/2026_H1N1,212,0.3047,0.3047
flu-seqneut-2026-CTS-040,A/France/GES-IPP00659/2026_H1N1,plate22-A/France/GES-IPP00659/2026_H1N1,487,0.4702,0.4702
flu-seqneut-2026-CTS-040,A/France/GES-IPP00659/2026_H1N1,plate22-A/France/GES-IPP00659/2026_H1N1,1119,0.5153,0.5153
flu-seqneut-2026-CTS-040,A/France/GES-IPP00659/2026_H1N1,plate22-A/France/GES-IPP00659/2026_H1N1,2575,0.7954,0.7954
flu-seqneut-2026-CTS-040,A/France/GES-IPP00659/2026_H1N1,plate22-A/France/GES-IPP00659/2026_H1N1,1.362e+04,1.698,1
flu-seqneut-2026-CTS-040,A/France/GES-IPP01077/2026_H3N2,plate22-A/France/GES-IPP01077/2026_H3N2,92,0.004444,0.004444
flu-seqneut-2026-CTS-040,A/France/GES-IPP01077/2026_H3N2,plate22-A/France/GES-IPP01077/2026_H3N2,212,0.008466,0.008466
flu-seqneut-2026-CTS-040,A/France/GES-IPP01077/2026_H3N2,plate22-A/France/GES-IPP01077/2026_H3N2,487,0.1055,0.1055
flu-seqneut-2026-CTS-040,A/France/GES-IPP01077/2026_H3N2,plate22-A/France/GES-IPP01077/2026_H3N2,1119,0.5131,0.5131
flu-seqneut-2026-CTS-040,A/France/GES-IPP01077/2026_H3N2,plate22-A/France/GES-IPP01077/2026_H3N2,2575,0.39,0.39
flu-seqneut-2026-CTS-040,A/France/GES-IPP01077/2026_H3N2,plate22-A/France/GES-IPP01077/2026_H3N2,5921,1.384,1
flu-seqneut-2026-CTS-040,A/France/GES-IPP01077/2026_H3N2,plate22-A/France/GES-IPP01077/2026_H3N2,1.362e+04,2.392,1
flu-seqneut-2026-CTS-040,A/France/HDF-RELAB-IPP00300/2026_H3N2,plate22-A/France/HDF-RELAB-IPP00300/2026_H3N2,92,0.009721,0.009721
flu-seqneut-2026-CTS-040,A/France/HDF-RELAB-IPP00300/2026_H3N2,plate22-A/France/HDF-RELAB-IPP00300/2026_H3N2,212,0,0
flu-seqneut-2026-CTS-040,A/France/HDF-RELAB-IPP00300/2026_H3N2,plate22-A/France/HDF-RELAB-IPP00300/2026_H3N2,487,0.06289,0.06289
flu-seqneut-2026-CTS-040,A/France/HDF-RELAB-IPP00300/2026_H3N2,plate22-A/France/HDF-RELAB-IPP00300/2026_H3N2,1119,0.1072,0.1072
flu-seqneut-2026-CTS-040,A/France/HDF-RELAB-IPP00300/2026_H3N2,plate22-A/France/HDF-RELAB-IPP00300/2026_H3N2,2575,0.1735,0.1735
flu-seqneut-2026-CTS-040,A/France/HDF-RELAB-IPP00300/2026_H3N2,plate22-A/France/HDF-RELAB-IPP00300/2026_H3N2,5921,1.961,1
flu-seqneut-2026-CTS-040,A/France/HDF-RELAB-IPP00300/2026_H3N2,plate22-A/France/HDF-RELAB-IPP00300/2026_H3N2,1.362e+04,1.815,1
flu-seqneut-2026-CTS-040,A/France/HDF-RELAB-IPP00303/2026_H3N2,plate22-A/France/HDF-RELAB-IPP00303/2026_H3N2,92,0.006526,0.006526
flu-seqneut-2026-CTS-040,A/France/HDF-RELAB-IPP00303/2026_H3N2,plate22-A/France/HDF-RELAB-IPP00303/2026_H3N2,212,0.01238,0.01238
flu-seqneut-2026-CTS-040,A/France/HDF-RELAB-IPP00303/2026_H3N2,plate22-A/France/HDF-RELAB-IPP00303/2026_H3N2,487,0.09339,0.09339
flu-seqneut-2026-CTS-040,A/France/HDF-RELAB-IPP00303/2026_H3N2,plate22-A/France/HDF-RELAB-IPP00303/2026_H3N2,1119,0.3026,0.3026
flu-seqneut-2026-CTS-040,A/France/HDF-RELAB-IPP00303/2026_H3N2,plate22-A/France/HDF-RELAB-IPP00303/2026_H3N2,2575,0.5817,0.5817
flu-seqneut-2026-CTS-040,A/France/HDF-RELAB-IPP00303/2026_H3N2,plate22-A/France/HDF-RELAB-IPP00303/2026_H3N2,5921,2.635,1
flu-seqneut-2026-CTS-040,A/France/HDF-RELAB-IPP00303/2026_H3N2,plate22-A/France/HDF-RELAB-IPP00303/2026_H3N2,1.362e+04,2.305,1
flu-seqneut-2026-CTS-040,A/France/HDF-RELAB-IPP07969/2025_H1N1,plate22-A/France/HDF-RELAB-IPP07969/2025_H1N1,92,0.3777,0.3777
flu-seqneut-2026-CTS-040,A/France/HDF-RELAB-IPP07969/2025_H1N1,plate22-A/France/HDF-RELAB-IPP07969/2025_H1N1,212,0.2815,0.2815
flu-seqneut-2026-CTS-040,A/France/HDF-RELAB-IPP07969/2025_H1N1,plate22-A/France/HDF-RELAB-IPP07969/2025_H1N1,487,0.4266,0.4266
flu-seqneut-2026-CTS-040,A/France/HDF-RELAB-IPP07969/2025_H1N1,plate22-A/France/HDF-RELAB-IPP07969/2025_H1N1,1119,0.6179,0.6179
flu-seqneut-2026-CTS-040,A/France/HDF-RELAB-IPP07969/2025_H1N1,plate22-A/France/HDF-RELAB-IPP07969/2025_H1N1,2575,0.7521,0.7521
flu-seqneut-2026-CTS-040,A/France/HDF-RELAB-IPP07969/2025_H1N1,plate22-A/France/HDF-RELAB-IPP07969/2025_H1N1,5921,2.934,1
flu-seqneut-2026-CTS-040,A/France/HDF-RELAB-IPP07969/2025_H1N1,plate22-A/France/HDF-RELAB-IPP07969/2025_H1N1,1.362e+04,1.729,1
flu-seqneut-2026-CTS-040,A/France/NAQ-HCL026010957001/2026_H3N2,plate22-A/France/NAQ-HCL026010957001/2026_H3N2,92,0.003166,0.003166
flu-seqneut-2026-CTS-040,A/France/NAQ-HCL026010957001/2026_H3N2,plate22-A/France/NAQ-HCL026010957001/2026_H3N2,212,0.02057,0.02057
flu-seqneut-2026-CTS-040,A/France/NAQ-HCL026010957001/2026_H3N2,plate22-A/France/NAQ-HCL026010957001/2026_H3N2,487,0.1071,0.1071
flu-seqneut-2026-CTS-040,A/France/NAQ-HCL026010957001/2026_H3N2,plate22-A/France/NAQ-HCL026010957001/2026_H3N2,1119,0.3003,0.3003
flu-seqneut-2026-CTS-040,A/France/NAQ-HCL026010957001/2026_H3N2,plate22-A/France/NAQ-HCL026010957001/2026_H3N2,2575,0.5232,0.5232
flu-seqneut-2026-CTS-040,A/France/NAQ-HCL026010957001/2026_H3N2,plate22-A/France/NAQ-HCL026010957001/2026_H3N2,1.362e+04,2.692,1
flu-seqneut-2026-CTS-040,A/France/NAQ-HCL026046169102/2025_H1N1,plate22-A/France/NAQ-HCL026046169102/2025_H1N1,92,0.1665,0.1665
flu-seqneut-2026-CTS-040,A/France/NAQ-HCL026046169102/2025_H1N1,plate22-A/France/NAQ-HCL026046169102/2025_H1N1,212,0.4039,0.4039
flu-seqneut-2026-CTS-040,A/France/NAQ-HCL026046169102/2025_H1N1,plate22-A/France/NAQ-HCL026046169102/2025_H1N1,487,0.192,0.192
flu-seqneut-2026-CTS-040,A/France/NAQ-HCL026046169102/2025_H1N1,plate22-A/France/NAQ-HCL026046169102/2025_H1N1,1119,0.4008,0.4008
flu-seqneut-2026-CTS-040,A/France/NAQ-HCL026046169102/2025_H1N1,plate22-A/France/NAQ-HCL026046169102/2025_H1N1,2575,0.5559,0.5559
flu-seqneut-2026-CTS-040,A/France/NAQ-HCL026046169102/2025_H1N1,plate22-A/France/NAQ-HCL026046169102/2025_H1N1,5921,2.265,1
flu-seqneut-2026-CTS-040,A/France/NAQ-HCL026046169102/2025_H1N1,plate22-A/France/NAQ-HCL026046169102/2025_H1N1,1.362e+04,1.011,1
flu-seqneut-2026-CTS-040,A/France/OCC-HCL026013263701/2026_H3N2,plate22-A/France/OCC-HCL026013263701/2026_H3N2,92,0.07399,0.07399
flu-seqneut-2026-CTS-040,A/France/OCC-HCL026013263701/2026_H3N2,plate22-A/France/OCC-HCL026013263701/2026_H3N2,212,0.06186,0.06186
flu-seqneut-2026-CTS-040,A/France/OCC-HCL026013263701/2026_H3N2,plate22-A/France/OCC-HCL026013263701/2026_H3N2,487,0.114,0.114
flu-seqneut-2026-CTS-040,A/France/OCC-HCL026013263701/2026_H3N2,plate22-A/France/OCC-HCL026013263701/2026_H3N2,1119,0.3769,0.3769
flu-seqneut-2026-CTS-040,A/France/OCC-HCL026013263701/2026_H3N2,plate22-A/France/OCC-HCL026013263701/2026_H3N2,2575,1.121,1
flu-seqneut-2026-CTS-040,A/France/OCC-HCL026013263701/2026_H3N2,plate22-A/France/OCC-HCL026013263701/2026_H3N2,5921,2.862,1
flu-seqneut-2026-CTS-040,A/France/OCC-HCL026013263701/2026_H3N2,plate22-A/France/OCC-HCL026013263701/2026_H3N2,1.362e+04,2.919,1
flu-seqneut-2026-CTS-040,A/France/PAC-RELAB-HCL026021993801/2026_H3N2,plate22-A/France/PAC-RELAB-HCL026021993801/2026_H3N2,92,0.001937,0.001937
flu-seqneut-2026-CTS-040,A/France/PAC-RELAB-HCL026021993801/2026_H3N2,plate22-A/France/PAC-RELAB-HCL026021993801/2026_H3N2,212,0.00881,0.00881
flu-seqneut-2026-CTS-040,A/France/PAC-RELAB-HCL026021993801/2026_H3N2,plate22-A/France/PAC-RELAB-HCL026021993801/2026_H3N2,487,0.04951,0.04951
flu-seqneut-2026-CTS-040,A/France/PAC-RELAB-HCL026021993801/2026_H3N2,plate22-A/France/PAC-RELAB-HCL026021993801/2026_H3N2,1119,0.2335,0.2335
flu-seqneut-2026-CTS-040,A/France/PAC-RELAB-HCL026021993801/2026_H3N2,plate22-A/France/PAC-RELAB-HCL026021993801/2026_H3N2,2575,0.6732,0.6732
flu-seqneut-2026-CTS-040,A/France/PAC-RELAB-HCL026021993801/2026_H3N2,plate22-A/France/PAC-RELAB-HCL026021993801/2026_H3N2,1.362e+04,2.559,1
flu-seqneut-2026-CTS-040,A/Galicia/GA-CHUAC-451/2025_H3N2,plate22-A/Galicia/GA-CHUAC-451/2025_H3N2,92,0.0003843,0.0003843
flu-seqneut-2026-CTS-040,A/Galicia/GA-CHUAC-451/2025_H3N2,plate22-A/Galicia/GA-CHUAC-451/2025_H3N2,212,0,0
flu-seqneut-2026-CTS-040,A/Galicia/GA-CHUAC-451/2025_H3N2,plate22-A/Galicia/GA-CHUAC-451/2025_H3N2,487,0.02487,0.02487
flu-seqneut-2026-CTS-040,A/Galicia/GA-CHUAC-451/2025_H3N2,plate22-A/Galicia/GA-CHUAC-451/2025_H3N2,1119,0.09265,0.09265
flu-seqneut-2026-CTS-040,A/Galicia/GA-CHUAC-451/2025_H3N2,plate22-A/Galicia/GA-CHUAC-451/2025_H3N2,2575,0.3502,0.3502
flu-seqneut-2026-CTS-040,A/Galicia/GA-CHUAC-451/2025_H3N2,plate22-A/Galicia/GA-CHUAC-451/2025_H3N2,1.362e+04,2.783,1
flu-seqneut-2026-CTS-040,A/Galicia/GA-CHUAC-612/2025_H1N1,plate22-A/Galicia/GA-CHUAC-612/2025_H1N1,92,0.1337,0.1337
flu-seqneut-2026-CTS-040,A/Galicia/GA-CHUAC-612/2025_H1N1,plate22-A/Galicia/GA-CHUAC-612/2025_H1N1,212,0.4578,0.4578
flu-seqneut-2026-CTS-040,A/Galicia/GA-CHUAC-612/2025_H1N1,plate22-A/Galicia/GA-CHUAC-612/2025_H1N1,487,0.9349,0.9349
flu-seqneut-2026-CTS-040,A/Galicia/GA-CHUAC-612/2025_H1N1,plate22-A/Galicia/GA-CHUAC-612/2025_H1N1,1119,0.916,0.916
flu-seqneut-2026-CTS-040,A/Galicia/GA-CHUAC-612/2025_H1N1,plate22-A/Galicia/GA-CHUAC-612/2025_H1N1,2575,1.078,1
flu-seqneut-2026-CTS-040,A/Galicia/GA-CHUAC-612/2025_H1N1,plate22-A/Galicia/GA-CHUAC-612/2025_H1N1,5921,2.136,1
flu-seqneut-2026-CTS-040,A/Galicia/GA-CHUAC-612/2025_H1N1,plate22-A/Galicia/GA-CHUAC-612/2025_H1N1,1.362e+04,2.734,1
flu-seqneut-2026-CTS-040,A/Germany/LRMC_0104/2025_H3N2,plate22-A/Germany/LRMC_0104/2025_H3N2,92,0.004811,0.004811
flu-seqneut-2026-CTS-040,A/Germany/LRMC_0104/2025_H3N2,plate22-A/Germany/LRMC_0104/2025_H3N2,212,0.04158,0.04158
flu-seqneut-2026-CTS-040,A/Germany/LRMC_0104/2025_H3N2,plate22-A/Germany/LRMC_0104/2025_H3N2,487,0.03056,0.03056
flu-seqneut-2026-CTS-040,A/Germany/LRMC_0104/2025_H3N2,plate22-A/Germany/LRMC_0104/2025_H3N2,1119,0.2652,0.2652
flu-seqneut-2026-CTS-040,A/Germany/LRMC_0104/2025_H3N2,plate22-A/Germany/LRMC_0104/2025_H3N2,2575,0.7368,0.7368
flu-seqneut-2026-CTS-040,A/Germany/LRMC_0104/2025_H3N2,plate22-A/Germany/LRMC_0104/2025_H3N2,5921,2.888,1
flu-seqneut-2026-CTS-040,A/Germany/LRMC_0104/2025_H3N2,plate22-A/Germany/LRMC_0104/2025_H3N2,1.362e+04,1.9,1
flu-seqneut-2026-CTS-040,A/Germany/LRMC_0113/2025_H3N2,plate22-A/Germany/LRMC_0113/2025_H3N2,92,0,0
flu-seqneut-2026-CTS-040,A/Germany/LRMC_0113/2025_H3N2,plate22-A/Germany/LRMC_0113/2025_H3N2,212,0.005129,0.005129
flu-seqneut-2026-CTS-040,A/Germany/LRMC_0113/2025_H3N2,plate22-A/Germany/LRMC_0113/2025_H3N2,487,0.03873,0.03873
flu-seqneut-2026-CTS-040,A/Germany/LRMC_0113/2025_H3N2,plate22-A/Germany/LRMC_0113/2025_H3N2,1119,0.1829,0.1829
flu-seqneut-2026-CTS-040,A/Germany/LRMC_0113/2025_H3N2,plate22-A/Germany/LRMC_0113/2025_H3N2,2575,0.5557,0.5557
flu-seqneut-2026-CTS-040,A/Germany/LRMC_0113/2025_H3N2,plate22-A/Germany/LRMC_0113/2025_H3N2,5921,2.765,1
flu-seqneut-2026-CTS-040,A/Germany/LRMC_0113/2025_H3N2,plate22-A/Germany/LRMC_0113/2025_H3N2,1.362e+04,2.804,1
flu-seqneut-2026-CTS-040,A/Hawaii/70/2019_H1N1,plate22-A/Hawaii/70/2019_H1N1,92,0.008804,0.008804
flu-seqneut-2026-CTS-040,A/Hawaii/70/2019_H1N1,plate22-A/Hawaii/70/2019_H1N1,212,0.03836,0.03836
flu-seqneut-2026-CTS-040,A/Hawaii/70/2019_H1N1,plate22-A/Hawaii/70/2019_H1N1,487,0.166,0.166
flu-seqneut-2026-CTS-040,A/Hawaii/70/2019_H1N1,plate22-A/Hawaii/70/2019_H1N1,1119,0.2522,0.2522
flu-seqneut-2026-CTS-040,A/Hawaii/70/2019_H1N1,plate22-A/Hawaii/70/2019_H1N1,2575,0.6025,0.6025
flu-seqneut-2026-CTS-040,A/Hawaii/70/2019_H1N1,plate22-A/Hawaii/70/2019_H1N1,5921,1.744,1
flu-seqneut-2026-CTS-040,A/Hawaii/70/2019_H1N1,plate22-A/Hawaii/70/2019_H1N1,1.362e+04,1.2,1
flu-seqneut-2026-CTS-040,A/Hawaii/ISC-1140/2025_H1N1,plate22-A/Hawaii/ISC-1140/2025_H1N1,92,0.1121,0.1121
flu-seqneut-2026-CTS-040,A/Hawaii/ISC-1140/2025_H1N1,plate22-A/Hawaii/ISC-1140/2025_H1N1,212,0.1223,0.1223
flu-seqneut-2026-CTS-040,A/Hawaii/ISC-1140/2025_H1N1,plate22-A/Hawaii/ISC-1140/2025_H1N1,487,0.3544,0.3544
flu-seqneut-2026-CTS-040,A/Hawaii/ISC-1140/2025_H1N1,plate22-A/Hawaii/ISC-1140/2025_H1N1,1119,0.4795,0.4795
flu-seqneut-2026-CTS-040,A/Hawaii/ISC-1140/2025_H1N1,plate22-A/Hawaii/ISC-1140/2025_H1N1,2575,0.4474,0.4474
flu-seqneut-2026-CTS-040,A/Hawaii/ISC-1140/2025_H1N1,plate22-A/Hawaii/ISC-1140/2025_H1N1,5921,1.006,1
flu-seqneut-2026-CTS-040,A/Hawaii/ISC-1140/2025_H1N1,plate22-A/Hawaii/ISC-1140/2025_H1N1,1.362e+04,1.109,1
flu-seqneut-2026-CTS-040,A/Kentucky/80/2025_H1N1,plate22-A/Kentucky/80/2025_H1N1,92,0.07122,0.07122
flu-seqneut-2026-CTS-040,A/Kentucky/80/2025_H1N1,plate22-A/Kentucky/80/2025_H1N1,212,0.2372,0.2372
flu-seqneut-2026-CTS-040,A/Kentucky/80/2025_H1N1,plate22-A/Kentucky/80/2025_H1N1,487,0.4299,0.4299
flu-seqneut-2026-CTS-040,A/Kentucky/80/2025_H1N1,plate22-A/Kentucky/80/2025_H1N1,1119,0.6227,0.6227
flu-seqneut-2026-CTS-040,A/Kentucky/80/2025_H1N1,plate22-A/Kentucky/80/2025_H1N1,2575,0.6654,0.6654
flu-seqneut-2026-CTS-040,A/Kentucky/80/2025_H1N1,plate22-A/Kentucky/80/2025_H1N1,5921,2.728,1
flu-seqneut-2026-CTS-040,A/Kentucky/80/2025_H1N1,plate22-A/Kentucky/80/2025_H1N1,1.362e+04,2.061,1
flu-seqneut-2026-CTS-040,A/Lisboa/216/2023_H3N2,plate22-A/Lisboa/216/2023_H3N2,92,0,0
flu-seqneut-2026-CTS-040,A/Lisboa/216/2023_H3N2,plate22-A/Lisboa/216/2023_H3N2,212,0,0
flu-seqneut-2026-CTS-040,A/Lisboa/216/2023_H3N2,plate22-A/Lisboa/216/2023_H3N2,487,0.03161,0.03161
flu-seqneut-2026-CTS-040,A/Lisboa/216/2023_H3N2,plate22-A/Lisboa/216/2023_H3N2,1119,0.1036,0.1036
flu-seqneut-2026-CTS-040,A/Lisboa/216/2023_H3N2,plate22-A/Lisboa/216/2023_H3N2,2575,0.1868,0.1868
flu-seqneut-2026-CTS-040,A/Lisboa/216/2023_H3N2,plate22-A/Lisboa/216/2023_H3N2,5921,1.791,1
flu-seqneut-2026-CTS-040,A/Lisboa/216/2023_H3N2,plate22-A/Lisboa/216/2023_H3N2,1.362e+04,2.896,1
flu-seqneut-2026-CTS-040,A/Luxembourg/LNS9132577/2026_H3N2,plate22-A/Luxembourg/LNS9132577/2026_H3N2,92,0.0003867,0.0003867
flu-seqneut-2026-CTS-040,A/Luxembourg/LNS9132577/2026_H3N2,plate22-A/Luxembourg/LNS9132577/2026_H3N2,212,0.003836,0.003836
flu-seqneut-2026-CTS-040,A/Luxembourg/LNS9132577/2026_H3N2,plate22-A/Luxembourg/LNS9132577/2026_H3N2,487,0.04604,0.04604
flu-seqneut-2026-CTS-040,A/Luxembourg/LNS9132577/2026_H3N2,plate22-A/Luxembourg/LNS9132577/2026_H3N2,1119,0.2271,0.2271
flu-seqneut-2026-CTS-040,A/Luxembourg/LNS9132577/2026_H3N2,plate22-A/Luxembourg/LNS9132577/2026_H3N2,2575,0.7132,0.7132
flu-seqneut-2026-CTS-040,A/Luxembourg/LNS9132577/2026_H3N2,plate22-A/Luxembourg/LNS9132577/2026_H3N2,1.362e+04,2.963,1
flu-seqneut-2026-CTS-040,A/Maine/25/2026_H1N1,plate22-A/Maine/25/2026_H1N1,92,0.2833,0.2833
flu-seqneut-2026-CTS-040,A/Maine/25/2026_H1N1,plate22-A/Maine/25/2026_H1N1,212,0.3221,0.3221
flu-seqneut-2026-CTS-040,A/Maine/25/2026_H1N1,plate22-A/Maine/25/2026_H1N1,487,0.575,0.575
flu-seqneut-2026-CTS-040,A/Maine/25/2026_H1N1,plate22-A/Maine/25/2026_H1N1,1119,0.6635,0.6635
flu-seqneut-2026-CTS-040,A/Maine/25/2026_H1N1,plate22-A/Maine/25/2026_H1N1,2575,0.878,0.878
flu-seqneut-2026-CTS-040,A/Maine/25/2026_H1N1,plate22-A/Maine/25/2026_H1N1,1.362e+04,2.208,1
flu-seqneut-2026-CTS-040,A/Malaysia/IMR/SARI/2406/2025_H3N2,plate22-A/Malaysia/IMR/SARI/2406/2025_H3N2,92,0.2153,0.2153
flu-seqneut-2026-CTS-040,A/Malaysia/IMR/SARI/2406/2025_H3N2,plate22-A/Malaysia/IMR/SARI/2406/2025_H3N2,212,0.1297,0.1297
flu-seqneut-2026-CTS-040,A/Malaysia/IMR/SARI/2406/2025_H3N2,plate22-A/Malaysia/IMR/SARI/2406/2025_H3N2,487,0.3472,0.3472
flu-seqneut-2026-CTS-040,A/Malaysia/IMR/SARI/2406/2025_H3N2,plate22-A/Malaysia/IMR/SARI/2406/2025_H3N2,1119,0.4364,0.4364
flu-seqneut-2026-CTS-040,A/Malaysia/IMR/SARI/2406/2025_H3N2,plate22-A/Malaysia/IMR/SARI/2406/2025_H3N2,2575,0.4535,0.4535
flu-seqneut-2026-CTS-040,A/Malaysia/IMR/SARI/2406/2025_H3N2,plate22-A/Malaysia/IMR/SARI/2406/2025_H3N2,1.362e+04,1.846,1
flu-seqneut-2026-CTS-040,A/Massachusetts/18/2022_H3N2,plate22-A/Massachusetts/18/2022_H3N2,92,0.0003606,0.0003606
flu-seqneut-2026-CTS-040,A/Massachusetts/18/2022_H3N2,plate22-A/Massachusetts/18/2022_H3N2,212,0.01103,0.01103
flu-seqneut-2026-CTS-040,A/Massachusetts/18/2022_H3N2,plate22-A/Massachusetts/18/2022_H3N2,487,0.01213,0.01213
flu-seqneut-2026-CTS-040,A/Massachusetts/18/2022_H3N2,plate22-A/Massachusetts/18/2022_H3N2,1119,0.08899,0.08899
flu-seqneut-2026-CTS-040,A/Massachusetts/18/2022_H3N2,plate22-A/Massachusetts/18/2022_H3N2,2575,0.4871,0.4871
flu-seqneut-2026-CTS-040,A/Massachusetts/18/2022_H3N2,plate22-A/Massachusetts/18/2022_H3N2,1.362e+04,2.529,1
flu-seqneut-2026-CTS-040,A/Mauritius/26000203/2026_H1N1,plate22-A/Mauritius/26000203/2026_H1N1,92,0.2686,0.2686
flu-seqneut-2026-CTS-040,A/Mauritius/26000203/2026_H1N1,plate22-A/Mauritius/26000203/2026_H1N1,212,0.1729,0.1729
flu-seqneut-2026-CTS-040,A/Mauritius/26000203/2026_H1N1,plate22-A/Mauritius/26000203/2026_H1N1,487,0.6446,0.6446
flu-seqneut-2026-CTS-040,A/Mauritius/26000203/2026_H1N1,plate22-A/Mauritius/26000203/2026_H1N1,1119,0.7262,0.7262
flu-seqneut-2026-CTS-040,A/Mauritius/26000203/2026_H1N1,plate22-A/Mauritius/26000203/2026_H1N1,2575,0.7654,0.7654
flu-seqneut-2026-CTS-040,A/Mauritius/26000203/2026_H1N1,plate22-A/Mauritius/26000203/2026_H1N1,5921,2.389,1
flu-seqneut-2026-CTS-040,A/Mauritius/26000203/2026_H1N1,plate22-A/Mauritius/26000203/2026_H1N1,1.362e+04,2.173,1
flu-seqneut-2026-CTS-040,A/Michigan/8/2026_H3N2,plate22-A/Michigan/8/2026_H3N2,92,0.01074,0.01074
flu-seqneut-2026-CTS-040,A/Michigan/8/2026_H3N2,plate22-A/Michigan/8/2026_H3N2,212,0.0004228,0.0004228
flu-seqneut-2026-CTS-040,A/Michigan/8/2026_H3N2,plate22-A/Michigan/8/2026_H3N2,487,0.0503,0.0503
flu-seqneut-2026-CTS-040,A/Michigan/8/2026_H3N2,plate22-A/Michigan/8/2026_H3N2,1119,0.274,0.274
flu-seqneut-2026-CTS-040,A/Michigan/8/2026_H3N2,plate22-A/Michigan/8/2026_H3N2,2575,0.8603,0.8603
flu-seqneut-2026-CTS-040,A/Michigan/8/2026_H3N2,plate22-A/Michigan/8/2026_H3N2,1.362e+04,2.591,1
flu-seqneut-2026-CTS-040,A/Michigan/UM-10068071276/2025_H3N2,plate22-A/Michigan/UM-10068071276/2025_H3N2,92,0.00233,0.00233
flu-seqneut-2026-CTS-040,A/Michigan/UM-10068071276/2025_H3N2,plate22-A/Michigan/UM-10068071276/2025_H3N2,212,0.008255,0.008255
flu-seqneut-2026-CTS-040,A/Michigan/UM-10068071276/2025_H3N2,plate22-A/Michigan/UM-10068071276/2025_H3N2,487,0.04996,0.04996
flu-seqneut-2026-CTS-040,A/Michigan/UM-10068071276/2025_H3N2,plate22-A/Michigan/UM-10068071276/2025_H3N2,1119,0.128,0.128
flu-seqneut-2026-CTS-040,A/Michigan/UM-10068071276/2025_H3N2,plate22-A/Michigan/UM-10068071276/2025_H3N2,2575,0.2027,0.2027
flu-seqneut-2026-CTS-040,A/Michigan/UM-10068071276/2025_H3N2,plate22-A/Michigan/UM-10068071276/2025_H3N2,5921,1.838,1
flu-seqneut-2026-CTS-040,A/Michigan/UM-10068071276/2025_H3N2,plate22-A/Michigan/UM-10068071276/2025_H3N2,1.362e+04,2.082,1
flu-seqneut-2026-CTS-040,A/Michigan/UM-10068134090/2025_H3N2,plate22-A/Michigan/UM-10068134090/2025_H3N2,92,0,0
flu-seqneut-2026-CTS-040,A/Michigan/UM-10068134090/2025_H3N2,plate22-A/Michigan/UM-10068134090/2025_H3N2,212,0.001189,0.001189
flu-seqneut-2026-CTS-040,A/Michigan/UM-10068134090/2025_H3N2,plate22-A/Michigan/UM-10068134090/2025_H3N2,487,0.06772,0.06772
flu-seqneut-2026-CTS-040,A/Michigan/UM-10068134090/2025_H3N2,plate22-A/Michigan/UM-10068134090/2025_H3N2,1119,0.1364,0.1364
flu-seqneut-2026-CTS-040,A/Michigan/UM-10068134090/2025_H3N2,plate22-A/Michigan/UM-10068134090/2025_H3N2,2575,0.304,0.304
flu-seqneut-2026-CTS-040,A/Michigan/UM-10068134090/2025_H3N2,plate22-A/Michigan/UM-10068134090/2025_H3N2,5921,2.617,1
flu-seqneut-2026-CTS-040,A/Michigan/UM-10068134090/2025_H3N2,plate22-A/Michigan/UM-10068134090/2025_H3N2,1.362e+04,1.097,1
flu-seqneut-2026-CTS-040,A/Michigan/UM-10068449788/2025_H3N2,plate22-A/Michigan/UM-10068449788/2025_H3N2,92,0.000493,0.000493
flu-seqneut-2026-CTS-040,A/Michigan/UM-10068449788/2025_H3N2,plate22-A/Michigan/UM-10068449788/2025_H3N2,212,0.01019,0.01019
flu-seqneut-2026-CTS-040,A/Michigan/UM-10068449788/2025_H3N2,plate22-A/Michigan/UM-10068449788/2025_H3N2,487,0.01723,0.01723
flu-seqneut-2026-CTS-040,A/Michigan/UM-10068449788/2025_H3N2,plate22-A/Michigan/UM-10068449788/2025_H3N2,1119,0.06414,0.06414
flu-seqneut-2026-CTS-040,A/Michigan/UM-10068449788/2025_H3N2,plate22-A/Michigan/UM-10068449788/2025_H3N2,2575,0.3899,0.3899
flu-seqneut-2026-CTS-040,A/Michigan/UM-10068449788/2025_H3N2,plate22-A/Michigan/UM-10068449788/2025_H3N2,5921,1.998,1
flu-seqneut-2026-CTS-040,A/Michigan/UM-10068449788/2025_H3N2,plate22-A/Michigan/UM-10068449788/2025_H3N2,1.362e+04,2.163,1
flu-seqneut-2026-CTS-040,A/Michigan/UM-10068456988/2025_H3N2,plate22-A/Michigan/UM-10068456988/2025_H3N2,92,0.031,0.031
flu-seqneut-2026-CTS-040,A/Michigan/UM-10068456988/2025_H3N2,plate22-A/Michigan/UM-10068456988/2025_H3N2,212,0.05734,0.05734
flu-seqneut-2026-CTS-040,A/Michigan/UM-10068456988/2025_H3N2,plate22-A/Michigan/UM-10068456988/2025_H3N2,487,0.1115,0.1115
flu-seqneut-2026-CTS-040,A/Michigan/UM-10068456988/2025_H3N2,plate22-A/Michigan/UM-10068456988/2025_H3N2,1119,0.2061,0.2061
flu-seqneut-2026-CTS-040,A/Michigan/UM-10068456988/2025_H3N2,plate22-A/Michigan/UM-10068456988/2025_H3N2,2575,0.5136,0.5136
flu-seqneut-2026-CTS-040,A/Michigan/UM-10068456988/2025_H3N2,plate22-A/Michigan/UM-10068456988/2025_H3N2,1.362e+04,2.742,1
flu-seqneut-2026-CTS-040,A/Michigan/UM-10068747355/2026_H3N2,plate22-A/Michigan/UM-10068747355/2026_H3N2,92,0,0
flu-seqneut-2026-CTS-040,A/Michigan/UM-10068747355/2026_H3N2,plate22-A/Michigan/UM-10068747355/2026_H3N2,212,0.003656,0.003656
flu-seqneut-2026-CTS-040,A/Michigan/UM-10068747355/2026_H3N2,plate22-A/Michigan/UM-10068747355/2026_H3N2,487,0.003576,0.003576
flu-seqneut-2026-CTS-040,A/Michigan/UM-10068747355/2026_H3N2,plate22-A/Michigan/UM-10068747355/2026_H3N2,1119,0.0793,0.0793
flu-seqneut-2026-CTS-040,A/Michigan/UM-10068747355/2026_H3N2,plate22-A/Michigan/UM-10068747355/2026_H3N2,2575,0.4181,0.4181
flu-seqneut-2026-CTS-040,A/Michigan/UM-10068747355/2026_H3N2,plate22-A/Michigan/UM-10068747355/2026_H3N2,5921,2.525,1
flu-seqneut-2026-CTS-040,A/Michigan/UM-10068747355/2026_H3N2,plate22-A/Michigan/UM-10068747355/2026_H3N2,1.362e+04,2.029,1
flu-seqneut-2026-CTS-040,A/MinasGerais/410/2026_H1N1,plate22-A/MinasGerais/410/2026_H1N1,92,0.3993,0.3993
flu-seqneut-2026-CTS-040,A/MinasGerais/410/2026_H1N1,plate22-A/MinasGerais/410/2026_H1N1,212,0.457,0.457
flu-seqneut-2026-CTS-040,A/MinasGerais/410/2026_H1N1,plate22-A/MinasGerais/410/2026_H1N1,487,0.3865,0.3865
flu-seqneut-2026-CTS-040,A/MinasGerais/410/2026_H1N1,plate22-A/MinasGerais/410/2026_H1N1,1119,0.557,0.557
flu-seqneut-2026-CTS-040,A/MinasGerais/410/2026_H1N1,plate22-A/MinasGerais/410/2026_H1N1,2575,0.8679,0.8679
flu-seqneut-2026-CTS-040,A/MinasGerais/410/2026_H1N1,plate22-A/MinasGerais/410/2026_H1N1,5921,2.997,1
flu-seqneut-2026-CTS-040,A/MinasGerais/410/2026_H1N1,plate22-A/MinasGerais/410/2026_H1N1,1.362e+04,2.693,1
flu-seqneut-2026-CTS-040,A/MinasGerais/671/2026_H1N1,plate22-A/MinasGerais/671/2026_H1N1,92,0.4441,0.4441
flu-seqneut-2026-CTS-040,A/MinasGerais/671/2026_H1N1,plate22-A/MinasGerais/671/2026_H1N1,212,0.5131,0.5131
flu-seqneut-2026-CTS-040,A/MinasGerais/671/2026_H1N1,plate22-A/MinasGerais/671/2026_H1N1,487,0.6349,0.6349
flu-seqneut-2026-CTS-040,A/MinasGerais/671/2026_H1N1,plate22-A/MinasGerais/671/2026_H1N1,1119,0.6089,0.6089
flu-seqneut-2026-CTS-040,A/MinasGerais/671/2026_H1N1,plate22-A/MinasGerais/671/2026_H1N1,2575,1.014,1
flu-seqneut-2026-CTS-040,A/MinasGerais/671/2026_H1N1,plate22-A/MinasGerais/671/2026_H1N1,5921,2.943,1
flu-seqneut-2026-CTS-040,A/MinasGerais/671/2026_H1N1,plate22-A/MinasGerais/671/2026_H1N1,1.362e+04,2.529,1
flu-seqneut-2026-CTS-040,A/Mississippi/20/2026_H1N1,plate22-A/Mississippi/20/2026_H1N1,92,0.4777,0.4777
flu-seqneut-2026-CTS-040,A/Mississippi/20/2026_H1N1,plate22-A/Mississippi/20/2026_H1N1,212,0.09815,0.09815
flu-seqneut-2026-CTS-040,A/Mississippi/20/2026_H1N1,plate22-A/Mississippi/20/2026_H1N1,487,0.3488,0.3488
flu-seqneut-2026-CTS-040,A/Mississippi/20/2026_H1N1,plate22-A/Mississippi/20/2026_H1N1,1119,0.4855,0.4855
flu-seqneut-2026-CTS-040,A/Mississippi/20/2026_H1N1,plate22-A/Mississippi/20/2026_H1N1,2575,0.8761,0.8761
flu-seqneut-2026-CTS-040,A/Mississippi/20/2026_H1N1,plate22-A/Mississippi/20/2026_H1N1,5921,2.176,1
flu-seqneut-2026-CTS-040,A/Mississippi/20/2026_H1N1,plate22-A/Mississippi/20/2026_H1N1,1.362e+04,1.35,1
flu-seqneut-2026-CTS-040,A/Missouri/11/2025_cell_H1N1,plate22-A/Missouri/11/2025_cell_H1N1,92,0.2102,0.2102
flu-seqneut-2026-CTS-040,A/Missouri/11/2025_cell_H1N1,plate22-A/Missouri/11/2025_cell_H1N1,212,0.342,0.342
flu-seqneut-2026-CTS-040,A/Missouri/11/2025_cell_H1N1,plate22-A/Missouri/11/2025_cell_H1N1,487,1.013,1
flu-seqneut-2026-CTS-040,A/Missouri/11/2025_cell_H1N1,plate22-A/Missouri/11/2025_cell_H1N1,1119,0.5224,0.5224
flu-seqneut-2026-CTS-040,A/Missouri/11/2025_cell_H1N1,plate22-A/Missouri/11/2025_cell_H1N1,2575,0.9316,0.9316
flu-seqneut-2026-CTS-040,A/Missouri/11/2025_cell_H1N1,plate22-A/Missouri/11/2025_cell_H1N1,1.362e+04,1.454,1
flu-seqneut-2026-CTS-040,A/Montana/51/2025_H3N2,plate22-A/Montana/51/2025_H3N2,92,0.009816,0.009816
flu-seqneut-2026-CTS-040,A/Montana/51/2025_H3N2,plate22-A/Montana/51/2025_H3N2,212,0.003121,0.003121
flu-seqneut-2026-CTS-040,A/Montana/51/2025_H3N2,plate22-A/Montana/51/2025_H3N2,487,0.02345,0.02345
flu-seqneut-2026-CTS-040,A/Montana/51/2025_H3N2,plate22-A/Montana/51/2025_H3N2,1119,0.4536,0.4536
flu-seqneut-2026-CTS-040,A/Montana/51/2025_H3N2,plate22-A/Montana/51/2025_H3N2,2575,0.4766,0.4766
flu-seqneut-2026-CTS-040,A/Montana/51/2025_H3N2,plate22-A/Montana/51/2025_H3N2,1.362e+04,2.639,1
flu-seqneut-2026-CTS-040,A/NakhonPhanom/P495/2026_H3N2,plate22-A/NakhonPhanom/P495/2026_H3N2,92,0.01301,0.01301
flu-seqneut-2026-CTS-040,A/NakhonPhanom/P495/2026_H3N2,plate22-A/NakhonPhanom/P495/2026_H3N2,212,0.01647,0.01647
flu-seqneut-2026-CTS-040,A/NakhonPhanom/P495/2026_H3N2,plate22-A/NakhonPhanom/P495/2026_H3N2,487,0.0818,0.0818
flu-seqneut-2026-CTS-040,A/NakhonPhanom/P495/2026_H3N2,plate22-A/NakhonPhanom/P495/2026_H3N2,1119,0.25,0.25
flu-seqneut-2026-CTS-040,A/NakhonPhanom/P495/2026_H3N2,plate22-A/NakhonPhanom/P495/2026_H3N2,2575,0.3574,0.3574
flu-seqneut-2026-CTS-040,A/NakhonPhanom/P495/2026_H3N2,plate22-A/NakhonPhanom/P495/2026_H3N2,5921,1.919,1
flu-seqneut-2026-CTS-040,A/NakhonPhanom/P495/2026_H3N2,plate22-A/NakhonPhanom/P495/2026_H3N2,1.362e+04,1.518,1
flu-seqneut-2026-CTS-040,A/Nebraska/34/2026_H1N1,plate22-A/Nebraska/34/2026_H1N1,92,0.2012,0.2012
flu-seqneut-2026-CTS-040,A/Nebraska/34/2026_H1N1,plate22-A/Nebraska/34/2026_H1N1,212,0.2594,0.2594
flu-seqneut-2026-CTS-040,A/Nebraska/34/2026_H1N1,plate22-A/Nebraska/34/2026_H1N1,487,0.4492,0.4492
flu-seqneut-2026-CTS-040,A/Nebraska/34/2026_H1N1,plate22-A/Nebraska/34/2026_H1N1,1119,0.7699,0.7699
flu-seqneut-2026-CTS-040,A/Nebraska/34/2026_H1N1,plate22-A/Nebraska/34/2026_H1N1,2575,1.062,1
flu-seqneut-2026-CTS-040,A/Nebraska/34/2026_H1N1,plate22-A/Nebraska/34/2026_H1N1,5921,2.447,1
flu-seqneut-2026-CTS-040,A/Nebraska/34/2026_H1N1,plate22-A/Nebraska/34/2026_H1N1,1.362e+04,2.25,1
flu-seqneut-2026-CTS-040,A/Netherlands/10008/2026_H1N1,plate22-A/Netherlands/10008/2026_H1N1,92,0.3026,0.3026
flu-seqneut-2026-CTS-040,A/Netherlands/10008/2026_H1N1,plate22-A/Netherlands/10008/2026_H1N1,212,0.306,0.306
flu-seqneut-2026-CTS-040,A/Netherlands/10008/2026_H1N1,plate22-A/Netherlands/10008/2026_H1N1,487,0.8276,0.8276
flu-seqneut-2026-CTS-040,A/Netherlands/10008/2026_H1N1,plate22-A/Netherlands/10008/2026_H1N1,1119,0.4869,0.4869
flu-seqneut-2026-CTS-040,A/Netherlands/10008/2026_H1N1,plate22-A/Netherlands/10008/2026_H1N1,2575,0.718,0.718
flu-seqneut-2026-CTS-040,A/Netherlands/10008/2026_H1N1,plate22-A/Netherlands/10008/2026_H1N1,5921,2.332,1
flu-seqneut-2026-CTS-040,A/Netherlands/10008/2026_H1N1,plate22-A/Netherlands/10008/2026_H1N1,1.362e+04,1.526,1
flu-seqneut-2026-CTS-040,A/Netherlands/2398/2025_H1N1,plate22-A/Netherlands/2398/2025_H1N1,92,0.1221,0.1221
flu-seqneut-2026-CTS-040,A/Netherlands/2398/2025_H1N1,plate22-A/Netherlands/2398/2025_H1N1,212,0.3067,0.3067
flu-seqneut-2026-CTS-040,A/Netherlands/2398/2025_H1N1,plate22-A/Netherlands/2398/2025_H1N1,487,0.6858,0.6858
flu-seqneut-2026-CTS-040,A/Netherlands/2398/2025_H1N1,plate22-A/Netherlands/2398/2025_H1N1,1119,0.8749,0.8749
flu-seqneut-2026-CTS-040,A/Netherlands/2398/2025_H1N1,plate22-A/Netherlands/2398/2025_H1N1,2575,1.246,1
flu-seqneut-2026-CTS-040,A/Netherlands/2398/2025_H1N1,plate22-A/Netherlands/2398/2025_H1N1,5921,2.994,1
flu-seqneut-2026-CTS-040,A/Netherlands/2398/2025_H1N1,plate22-A/Netherlands/2398/2025_H1N1,1.362e+04,2.59,1
flu-seqneut-2026-CTS-040,A/Netherlands/543/2026_H1N1,plate22-A/Netherlands/543/2026_H1N1,92,0.1891,0.1891
flu-seqneut-2026-CTS-040,A/Netherlands/543/2026_H1N1,plate22-A/Netherlands/543/2026_H1N1,212,0.2303,0.2303
flu-seqneut-2026-CTS-040,A/Netherlands/543/2026_H1N1,plate22-A/Netherlands/543/2026_H1N1,487,0.5724,0.5724
flu-seqneut-2026-CTS-040,A/Netherlands/543/2026_H1N1,plate22-A/Netherlands/543/2026_H1N1,1119,0.5221,0.5221
flu-seqneut-2026-CTS-040,A/Netherlands/543/2026_H1N1,plate22-A/Netherlands/543/2026_H1N1,2575,0.4133,0.4133
flu-seqneut-2026-CTS-040,A/Netherlands/543/2026_H1N1,plate22-A/Netherlands/543/2026_H1N1,5921,2.302,1
flu-seqneut-2026-CTS-040,A/Netherlands/543/2026_H1N1,plate22-A/Netherlands/543/2026_H1N1,1.362e+04,1.676,1
flu-seqneut-2026-CTS-040,A/Netherlands/864/2026_H1N1,plate22-A/Netherlands/864/2026_H1N1,92,0.4997,0.4997
flu-seqneut-2026-CTS-040,A/Netherlands/864/2026_H1N1,plate22-A/Netherlands/864/2026_H1N1,212,0.2972,0.2972
flu-seqneut-2026-CTS-040,A/Netherlands/864/2026_H1N1,plate22-A/Netherlands/864/2026_H1N1,487,0.4539,0.4539
flu-seqneut-2026-CTS-040,A/Netherlands/864/2026_H1N1,plate22-A/Netherlands/864/2026_H1N1,1119,1.249,1
flu-seqneut-2026-CTS-040,A/Netherlands/864/2026_H1N1,plate22-A/Netherlands/864/2026_H1N1,2575,0.9677,0.9677
flu-seqneut-2026-CTS-040,A/Netherlands/864/2026_H1N1,plate22-A/Netherlands/864/2026_H1N1,1.362e+04,2.615,1
flu-seqneut-2026-CTS-040,A/Netherlands/888/2026_H3N2,plate22-A/Netherlands/888/2026_H3N2,92,0.02576,0.02576
flu-seqneut-2026-CTS-040,A/Netherlands/888/2026_H3N2,plate22-A/Netherlands/888/2026_H3N2,212,0.05647,0.05647
flu-seqneut-2026-CTS-040,A/Netherlands/888/2026_H3N2,plate22-A/Netherlands/888/2026_H3N2,487,0.1318,0.1318
flu-seqneut-2026-CTS-040,A/Netherlands/888/2026_H3N2,plate22-A/Netherlands/888/2026_H3N2,1119,0.5134,0.5134
flu-seqneut-2026-CTS-040,A/Netherlands/888/2026_H3N2,plate22-A/Netherlands/888/2026_H3N2,2575,0.881,0.881
flu-seqneut-2026-CTS-040,A/Netherlands/888/2026_H3N2,plate22-A/Netherlands/888/2026_H3N2,1.362e+04,2.076,1
flu-seqneut-2026-CTS-040,A/Netherlands/968/2026_H3N2,plate22-A/Netherlands/968/2026_H3N2,92,0.04877,0.04877
flu-seqneut-2026-CTS-040,A/Netherlands/968/2026_H3N2,plate22-A/Netherlands/968/2026_H3N2,212,0.08125,0.08125
flu-seqneut-2026-CTS-040,A/Netherlands/968/2026_H3N2,plate22-A/Netherlands/968/2026_H3N2,487,0.2694,0.2694
flu-seqneut-2026-CTS-040,A/Netherlands/968/2026_H3N2,plate22-A/Netherlands/968/2026_H3N2,1119,0.4039,0.4039
flu-seqneut-2026-CTS-040,A/Netherlands/968/2026_H3N2,plate22-A/Netherlands/968/2026_H3N2,2575,0.7794,0.7794
flu-seqneut-2026-CTS-040,A/Netherlands/968/2026_H3N2,plate22-A/Netherlands/968/2026_H3N2,1.362e+04,2.121,1
flu-seqneut-2026-CTS-040,A/NewBrunswick/NBPHLFLUA10B-MM00057R/2026_H1N1,plate22-A/NewBrunswick/NBPHLFLUA10B-MM00057R/2026_H1N1,92,0.4404,0.4404
flu-seqneut-2026-CTS-040,A/NewBrunswick/NBPHLFLUA10B-MM00057R/2026_H1N1,plate22-A/NewBrunswick/NBPHLFLUA10B-MM00057R/2026_H1N1,212,0.2293,0.2293
flu-seqneut-2026-CTS-040,A/NewBrunswick/NBPHLFLUA10B-MM00057R/2026_H1N1,plate22-A/NewBrunswick/NBPHLFLUA10B-MM00057R/2026_H1N1,487,0.4657,0.4657
flu-seqneut-2026-CTS-040,A/NewBrunswick/NBPHLFLUA10B-MM00057R/2026_H1N1,plate22-A/NewBrunswick/NBPHLFLUA10B-MM00057R/2026_H1N1,1119,0.8015,0.8015
flu-seqneut-2026-CTS-040,A/NewBrunswick/NBPHLFLUA10B-MM00057R/2026_H1N1,plate22-A/NewBrunswick/NBPHLFLUA10B-MM00057R/2026_H1N1,2575,0.516,0.516
flu-seqneut-2026-CTS-040,A/NewBrunswick/NBPHLFLUA10B-MM00057R/2026_H1N1,plate22-A/NewBrunswick/NBPHLFLUA10B-MM00057R/2026_H1N1,5921,2.392,1
flu-seqneut-2026-CTS-040,A/NewBrunswick/NBPHLFLUA10B-MM00057R/2026_H1N1,plate22-A/NewBrunswick/NBPHLFLUA10B-MM00057R/2026_H1N1,1.362e+04,1.741,1
flu-seqneut-2026-CTS-040,A/NewYork/NIRC-IS-1086/2026_H3N2,plate22-A/NewYork/NIRC-IS-1086/2026_H3N2,92,0.001466,0.001466
flu-seqneut-2026-CTS-040,A/NewYork/NIRC-IS-1086/2026_H3N2,plate22-A/NewYork/NIRC-IS-1086/2026_H3N2,212,0,0
flu-seqneut-2026-CTS-040,A/NewYork/NIRC-IS-1086/2026_H3N2,plate22-A/NewYork/NIRC-IS-1086/2026_H3N2,487,0.0009487,0.0009487
flu-seqneut-2026-CTS-040,A/NewYork/NIRC-IS-1086/2026_H3N2,plate22-A/NewYork/NIRC-IS-1086/2026_H3N2,1119,0.007013,0.007013
flu-seqneut-2026-CTS-040,A/NewYork/NIRC-IS-1086/2026_H3N2,plate22-A/NewYork/NIRC-IS-1086/2026_H3N2,2575,0.1954,0.1954
flu-seqneut-2026-CTS-040,A/NewYork/NIRC-IS-1086/2026_H3N2,plate22-A/NewYork/NIRC-IS-1086/2026_H3N2,5921,1.854,1
flu-seqneut-2026-CTS-040,A/NewYork/NIRC-IS-1086/2026_H3N2,plate22-A/NewYork/NIRC-IS-1086/2026_H3N2,1.362e+04,0.942,0.942
flu-seqneut-2026-CTS-040,A/NordrheinWestfalen/96/2026_H1N1,plate22-A/NordrheinWestfalen/96/2026_H1N1,92,0.1895,0.1895
flu-seqneut-2026-CTS-040,A/NordrheinWestfalen/96/2026_H1N1,plate22-A/NordrheinWestfalen/96/2026_H1N1,212,0.4225,0.4225
flu-seqneut-2026-CTS-040,A/NordrheinWestfalen/96/2026_H1N1,plate22-A/NordrheinWestfalen/96/2026_H1N1,487,0.5021,0.5021
flu-seqneut-2026-CTS-040,A/NordrheinWestfalen/96/2026_H1N1,plate22-A/NordrheinWestfalen/96/2026_H1N1,1119,0.7986,0.7986
flu-seqneut-2026-CTS-040,A/NordrheinWestfalen/96/2026_H1N1,plate22-A/NordrheinWestfalen/96/2026_H1N1,2575,1.072,1
flu-seqneut-2026-CTS-040,A/NordrheinWestfalen/96/2026_H1N1,plate22-A/NordrheinWestfalen/96/2026_H1N1,1.362e+04,2.501,1
flu-seqneut-2026-CTS-040,A/Norway/9556/2025_H1N1,plate22-A/Norway/9556/2025_H1N1,92,0.5634,0.5634
flu-seqneut-2026-CTS-040,A/Norway/9556/2025_H1N1,plate22-A/Norway/9556/2025_H1N1,212,0.247,0.247
flu-seqneut-2026-CTS-040,A/Norway/9556/2025_H1N1,plate22-A/Norway/9556/2025_H1N1,487,0.4753,0.4753
flu-seqneut-2026-CTS-040,A/Norway/9556/2025_H1N1,plate22-A/Norway/9556/2025_H1N1,1119,0.593,0.593
flu-seqneut-2026-CTS-040,A/Norway/9556/2025_H1N1,plate22-A/Norway/9556/2025_H1N1,2575,0.902,0.902
flu-seqneut-2026-CTS-040,A/Norway/9556/2025_H1N1,plate22-A/Norway/9556/2025_H1N1,1.362e+04,2.806,1
flu-seqneut-2026-CTS-040,A/NovaScotia/25-365-06099/2025_H3N2,plate22-A/NovaScotia/25-365-06099/2025_H3N2,92,0.002935,0.002935
flu-seqneut-2026-CTS-040,A/NovaScotia/25-365-06099/2025_H3N2,plate22-A/NovaScotia/25-365-06099/2025_H3N2,212,0.009221,0.009221
flu-seqneut-2026-CTS-040,A/NovaScotia/25-365-06099/2025_H3N2,plate22-A/NovaScotia/25-365-06099/2025_H3N2,487,0.01747,0.01747
flu-seqneut-2026-CTS-040,A/NovaScotia/25-365-06099/2025_H3N2,plate22-A/NovaScotia/25-365-06099/2025_H3N2,1119,0.06963,0.06963
flu-seqneut-2026-CTS-040,A/NovaScotia/25-365-06099/2025_H3N2,plate22-A/NovaScotia/25-365-06099/2025_H3N2,2575,0.383,0.383
flu-seqneut-2026-CTS-040,A/NovaScotia/25-365-06099/2025_H3N2,plate22-A/NovaScotia/25-365-06099/2025_H3N2,5921,2.401,1
flu-seqneut-2026-CTS-040,A/NovaScotia/25-365-06099/2025_H3N2,plate22-A/NovaScotia/25-365-06099/2025_H3N2,1.362e+04,1.144,1
flu-seqneut-2026-CTS-040,A/Ohio/259/2024_H1N1,plate22-A/Ohio/259/2024_H1N1,92,0.14,0.14
flu-seqneut-2026-CTS-040,A/Ohio/259/2024_H1N1,plate22-A/Ohio/259/2024_H1N1,212,0.2214,0.2214
flu-seqneut-2026-CTS-040,A/Ohio/259/2024_H1N1,plate22-A/Ohio/259/2024_H1N1,487,0.6636,0.6636
flu-seqneut-2026-CTS-040,A/Ohio/259/2024_H1N1,plate22-A/Ohio/259/2024_H1N1,1119,0.4137,0.4137
flu-seqneut-2026-CTS-040,A/Ohio/259/2024_H1N1,plate22-A/Ohio/259/2024_H1N1,2575,0.5262,0.5262
flu-seqneut-2026-CTS-040,A/Ohio/259/2024_H1N1,plate22-A/Ohio/259/2024_H1N1,5921,1.735,1
flu-seqneut-2026-CTS-040,A/Ohio/259/2024_H1N1,plate22-A/Ohio/259/2024_H1N1,1.362e+04,1.142,1
flu-seqneut-2026-CTS-040,A/Ontario/PHL202550193/2025_H3N2,plate22-A/Ontario/PHL202550193/2025_H3N2,92,0.04005,0.04005
flu-seqneut-2026-CTS-040,A/Ontario/PHL202550193/2025_H3N2,plate22-A/Ontario/PHL202550193/2025_H3N2,212,0.02631,0.02631
flu-seqneut-2026-CTS-040,A/Ontario/PHL202550193/2025_H3N2,plate22-A/Ontario/PHL202550193/2025_H3N2,487,0.2248,0.2248
flu-seqneut-2026-CTS-040,A/Ontario/PHL202550193/2025_H3N2,plate22-A/Ontario/PHL202550193/2025_H3N2,1119,0.3521,0.3521
flu-seqneut-2026-CTS-040,A/Ontario/PHL202550193/2025_H3N2,plate22-A/Ontario/PHL202550193/2025_H3N2,2575,0.6669,0.6669
flu-seqneut-2026-CTS-040,A/Ontario/PHL202550193/2025_H3N2,plate22-A/Ontario/PHL202550193/2025_H3N2,1.362e+04,1.637,1
flu-seqneut-2026-CTS-040,A/Oregon/81/2025_H3N2,plate22-A/Oregon/81/2025_H3N2,92,0.02618,0.02618
flu-seqneut-2026-CTS-040,A/Oregon/81/2025_H3N2,plate22-A/Oregon/81/2025_H3N2,212,0.02692,0.02692
flu-seqneut-2026-CTS-040,A/Oregon/81/2025_H3N2,plate22-A/Oregon/81/2025_H3N2,487,0.04545,0.04545
flu-seqneut-2026-CTS-040,A/Oregon/81/2025_H3N2,plate22-A/Oregon/81/2025_H3N2,1119,0.1002,0.1002
flu-seqneut-2026-CTS-040,A/Oregon/81/2025_H3N2,plate22-A/Oregon/81/2025_H3N2,2575,0.592,0.592
flu-seqneut-2026-CTS-040,A/Oregon/81/2025_H3N2,plate22-A/Oregon/81/2025_H3N2,5921,2.915,1
flu-seqneut-2026-CTS-040,A/Oregon/81/2025_H3N2,plate22-A/Oregon/81/2025_H3N2,1.362e+04,2.862,1
flu-seqneut-2026-CTS-040,A/PaisVasco/70369726/2026_H1N1,plate22-A/PaisVasco/70369726/2026_H1N1,92,0.3488,0.3488
flu-seqneut-2026-CTS-040,A/PaisVasco/70369726/2026_H1N1,plate22-A/PaisVasco/70369726/2026_H1N1,212,0.229,0.229
flu-seqneut-2026-CTS-040,A/PaisVasco/70369726/2026_H1N1,plate22-A/PaisVasco/70369726/2026_H1N1,487,0.4348,0.4348
flu-seqneut-2026-CTS-040,A/PaisVasco/70369726/2026_H1N1,plate22-A/PaisVasco/70369726/2026_H1N1,1119,0.5198,0.5198
flu-seqneut-2026-CTS-040,A/PaisVasco/70369726/2026_H1N1,plate22-A/PaisVasco/70369726/2026_H1N1,2575,0.8521,0.8521
flu-seqneut-2026-CTS-040,A/PaisVasco/70369726/2026_H1N1,plate22-A/PaisVasco/70369726/2026_H1N1,5921,2.598,1
flu-seqneut-2026-CTS-040,A/PaisVasco/70369726/2026_H1N1,plate22-A/PaisVasco/70369726/2026_H1N1,1.362e+04,2.177,1
flu-seqneut-2026-CTS-040,A/Peru/ANC-INS-062/2026_H3N2,plate22-A/Peru/ANC-INS-062/2026_H3N2,92,0.003851,0.003851
flu-seqneut-2026-CTS-040,A/Peru/ANC-INS-062/2026_H3N2,plate22-A/Peru/ANC-INS-062/2026_H3N2,212,0,0
flu-seqneut-2026-CTS-040,A/Peru/ANC-INS-062/2026_H3N2,plate22-A/Peru/ANC-INS-062/2026_H3N2,487,0.05903,0.05903
flu-seqneut-2026-CTS-040,A/Peru/ANC-INS-062/2026_H3N2,plate22-A/Peru/ANC-INS-062/2026_H3N2,1119,0.1434,0.1434
flu-seqneut-2026-CTS-040,A/Peru/ANC-INS-062/2026_H3N2,plate22-A/Peru/ANC-INS-062/2026_H3N2,2575,0.3863,0.3863
flu-seqneut-2026-CTS-040,A/Peru/ANC-INS-062/2026_H3N2,plate22-A/Peru/ANC-INS-062/2026_H3N2,5921,1.998,1
flu-seqneut-2026-CTS-040,A/Peru/ANC-INS-062/2026_H3N2,plate22-A/Peru/ANC-INS-062/2026_H3N2,1.362e+04,2.244,1
flu-seqneut-2026-CTS-040,A/Rhode_Island/11/2026_H1N1,plate22-A/Rhode_Island/11/2026_H1N1,92,0.5326,0.5326
flu-seqneut-2026-CTS-040,A/Rhode_Island/11/2026_H1N1,plate22-A/Rhode_Island/11/2026_H1N1,212,0.3496,0.3496
flu-seqneut-2026-CTS-040,A/Rhode_Island/11/2026_H1N1,plate22-A/Rhode_Island/11/2026_H1N1,487,0.5708,0.5708
flu-seqneut-2026-CTS-040,A/Rhode_Island/11/2026_H1N1,plate22-A/Rhode_Island/11/2026_H1N1,1119,0.9018,0.9018
flu-seqneut-2026-CTS-040,A/Rhode_Island/11/2026_H1N1,plate22-A/Rhode_Island/11/2026_H1N1,2575,0.777,0.777
flu-seqneut-2026-CTS-040,A/Rhode_Island/11/2026_H1N1,plate22-A/Rhode_Island/11/2026_H1N1,5921,2.516,1
flu-seqneut-2026-CTS-040,A/Rhode_Island/11/2026_H1N1,plate22-A/Rhode_Island/11/2026_H1N1,1.362e+04,2.347,1
flu-seqneut-2026-CTS-040,A/RiodeJaneiro/331/2026_H3N2,plate22-A/RiodeJaneiro/331/2026_H3N2,92,0.001137,0.001137
flu-seqneut-2026-CTS-040,A/RiodeJaneiro/331/2026_H3N2,plate22-A/RiodeJaneiro/331/2026_H3N2,212,0,0
flu-seqneut-2026-CTS-040,A/RiodeJaneiro/331/2026_H3N2,plate22-A/RiodeJaneiro/331/2026_H3N2,487,0,0
flu-seqneut-2026-CTS-040,A/RiodeJaneiro/331/2026_H3N2,plate22-A/RiodeJaneiro/331/2026_H3N2,1119,0.01087,0.01087
flu-seqneut-2026-CTS-040,A/RiodeJaneiro/331/2026_H3N2,plate22-A/RiodeJaneiro/331/2026_H3N2,2575,0.1117,0.1117
flu-seqneut-2026-CTS-040,A/RiodeJaneiro/331/2026_H3N2,plate22-A/RiodeJaneiro/331/2026_H3N2,5921,1.629,1
flu-seqneut-2026-CTS-040,A/RiodeJaneiro/331/2026_H3N2,plate22-A/RiodeJaneiro/331/2026_H3N2,1.362e+04,1.247,1
flu-seqneut-2026-CTS-040,A/SantaCatarina/508/2026_H3N2,plate22-A/SantaCatarina/508/2026_H3N2,92,0,0
flu-seqneut-2026-CTS-040,A/SantaCatarina/508/2026_H3N2,plate22-A/SantaCatarina/508/2026_H3N2,212,0,0
flu-seqneut-2026-CTS-040,A/SantaCatarina/508/2026_H3N2,plate22-A/SantaCatarina/508/2026_H3N2,487,0.02343,0.02343
flu-seqneut-2026-CTS-040,A/SantaCatarina/508/2026_H3N2,plate22-A/SantaCatarina/508/2026_H3N2,1119,0.1209,0.1209
flu-seqneut-2026-CTS-040,A/SantaCatarina/508/2026_H3N2,plate22-A/SantaCatarina/508/2026_H3N2,2575,0.4189,0.4189
flu-seqneut-2026-CTS-040,A/SantaCatarina/508/2026_H3N2,plate22-A/SantaCatarina/508/2026_H3N2,5921,2.023,1
flu-seqneut-2026-CTS-040,A/SantaCatarina/508/2026_H3N2,plate22-A/SantaCatarina/508/2026_H3N2,1.362e+04,2.298,1
flu-seqneut-2026-CTS-040,A/Saskatchewan/SKFLU477299/2025_H3N2,plate22-A/Saskatchewan/SKFLU477299/2025_H3N2,92,0.06794,0.06794
flu-seqneut-2026-CTS-040,A/Saskatchewan/SKFLU477299/2025_H3N2,plate22-A/Saskatchewan/SKFLU477299/2025_H3N2,212,0.1544,0.1544
flu-seqneut-2026-CTS-040,A/Saskatchewan/SKFLU477299/2025_H3N2,plate22-A/Saskatchewan/SKFLU477299/2025_H3N2,487,0.1648,0.1648
flu-seqneut-2026-CTS-040,A/Saskatchewan/SKFLU477299/2025_H3N2,plate22-A/Saskatchewan/SKFLU477299/2025_H3N2,1119,0.8312,0.8312
flu-seqneut-2026-CTS-040,A/Saskatchewan/SKFLU477299/2025_H3N2,plate22-A/Saskatchewan/SKFLU477299/2025_H3N2,2575,0.5721,0.5721
flu-seqneut-2026-CTS-040,A/Saskatchewan/SKFLU477299/2025_H3N2,plate22-A/Saskatchewan/SKFLU477299/2025_H3N2,1.362e+04,2.379,1
flu-seqneut-2026-CTS-040,A/Saskatchewan/SKFLU477727/2025_H3N2,plate22-A/Saskatchewan/SKFLU477727/2025_H3N2,92,0.005786,0.005786
flu-seqneut-2026-CTS-040,A/Saskatchewan/SKFLU477727/2025_H3N2,plate22-A/Saskatchewan/SKFLU477727/2025_H3N2,212,0.01674,0.01674
flu-seqneut-2026-CTS-040,A/Saskatchewan/SKFLU477727/2025_H3N2,plate22-A/Saskatchewan/SKFLU477727/2025_H3N2,487,0.1123,0.1123
flu-seqneut-2026-CTS-040,A/Saskatchewan/SKFLU477727/2025_H3N2,plate22-A/Saskatchewan/SKFLU477727/2025_H3N2,1119,0.1692,0.1692
flu-seqneut-2026-CTS-040,A/Saskatchewan/SKFLU477727/2025_H3N2,plate22-A/Saskatchewan/SKFLU477727/2025_H3N2,2575,0.8749,0.8749
flu-seqneut-2026-CTS-040,A/Saskatchewan/SKFLU477727/2025_H3N2,plate22-A/Saskatchewan/SKFLU477727/2025_H3N2,1.362e+04,2.801,1
flu-seqneut-2026-CTS-040,A/Saskatchewan/SKFLU490586/2026_H1N1,plate22-A/Saskatchewan/SKFLU490586/2026_H1N1,92,0.1065,0.1065
flu-seqneut-2026-CTS-040,A/Saskatchewan/SKFLU490586/2026_H1N1,plate22-A/Saskatchewan/SKFLU490586/2026_H1N1,212,0.2377,0.2377
flu-seqneut-2026-CTS-040,A/Saskatchewan/SKFLU490586/2026_H1N1,plate22-A/Saskatchewan/SKFLU490586/2026_H1N1,487,0.5933,0.5933
flu-seqneut-2026-CTS-040,A/Saskatchewan/SKFLU490586/2026_H1N1,plate22-A/Saskatchewan/SKFLU490586/2026_H1N1,1119,0.4677,0.4677
flu-seqneut-2026-CTS-040,A/Saskatchewan/SKFLU490586/2026_H1N1,plate22-A/Saskatchewan/SKFLU490586/2026_H1N1,2575,1.327,1
flu-seqneut-2026-CTS-040,A/Saskatchewan/SKFLU490586/2026_H1N1,plate22-A/Saskatchewan/SKFLU490586/2026_H1N1,5921,2.149,1
flu-seqneut-2026-CTS-040,A/Singapore/GP20238/2024_H3N2,plate22-A/Singapore/GP20238/2024_H3N2,92,0,0
flu-seqneut-2026-CTS-040,A/Singapore/GP20238/2024_H3N2,plate22-A/Singapore/GP20238/2024_H3N2,212,0,0
flu-seqneut-2026-CTS-040,A/Singapore/GP20238/2024_H3N2,plate22-A/Singapore/GP20238/2024_H3N2,487,0.002312,0.002312
flu-seqneut-2026-CTS-040,A/Singapore/GP20238/2024_H3N2,plate22-A/Singapore/GP20238/2024_H3N2,1119,0.0008544,0.0008544
flu-seqneut-2026-CTS-040,A/Singapore/GP20238/2024_H3N2,plate22-A/Singapore/GP20238/2024_H3N2,2575,0,0
flu-seqneut-2026-CTS-040,A/Singapore/GP20238/2024_H3N2,plate22-A/Singapore/GP20238/2024_H3N2,5921,0.4163,0.4163
flu-seqneut-2026-CTS-040,A/Singapore/GP20238/2024_H3N2,plate22-A/Singapore/GP20238/2024_H3N2,1.362e+04,1.556,1
flu-seqneut-2026-CTS-040,A/Singapore/KK2768/2025_H1N1,plate22-A/Singapore/KK2768/2025_H1N1,92,0.213,0.213
flu-seqneut-2026-CTS-040,A/Singapore/KK2768/2025_H1N1,plate22-A/Singapore/KK2768/2025_H1N1,212,0.2602,0.2602
flu-seqneut-2026-CTS-040,A/Singapore/KK2768/2025_H1N1,plate22-A/Singapore/KK2768/2025_H1N1,487,0.3223,0.3223
flu-seqneut-2026-CTS-040,A/Singapore/KK2768/2025_H1N1,plate22-A/Singapore/KK2768/2025_H1N1,1119,0.445,0.445
flu-seqneut-2026-CTS-040,A/Singapore/KK2768/2025_H1N1,plate22-A/Singapore/KK2768/2025_H1N1,2575,0.8107,0.8107
flu-seqneut-2026-CTS-040,A/Singapore/KK2768/2025_H1N1,plate22-A/Singapore/KK2768/2025_H1N1,5921,2.952,1
flu-seqneut-2026-CTS-040,A/Singapore/KK2768/2025_H1N1,plate22-A/Singapore/KK2768/2025_H1N1,1.362e+04,2.399,1
flu-seqneut-2026-CTS-040,A/Singapore/MOH0547/2024_H1N1,plate22-A/Singapore/MOH0547/2024_H1N1,92,0.2268,0.2268
flu-seqneut-2026-CTS-040,A/Singapore/MOH0547/2024_H1N1,plate22-A/Singapore/MOH0547/2024_H1N1,212,0.146,0.146
flu-seqneut-2026-CTS-040,A/Singapore/MOH0547/2024_H1N1,plate22-A/Singapore/MOH0547/2024_H1N1,487,0.5402,0.5402
flu-seqneut-2026-CTS-040,A/Singapore/MOH0547/2024_H1N1,plate22-A/Singapore/MOH0547/2024_H1N1,1119,0.499,0.499
flu-seqneut-2026-CTS-040,A/Singapore/MOH0547/2024_H1N1,plate22-A/Singapore/MOH0547/2024_H1N1,2575,1.247,1
flu-seqneut-2026-CTS-040,A/Singapore/MOH0547/2024_H1N1,plate22-A/Singapore/MOH0547/2024_H1N1,5921,2.109,1
flu-seqneut-2026-CTS-040,A/Singapore/MOH0547/2024_H1N1,plate22-A/Singapore/MOH0547/2024_H1N1,1.362e+04,1.633,1
flu-seqneut-2026-CTS-040,A/Singapore/SAR8915/2025_H3N2,plate22-A/Singapore/SAR8915/2025_H3N2,92,0.01208,0.01208
flu-seqneut-2026-CTS-040,A/Singapore/SAR8915/2025_H3N2,plate22-A/Singapore/SAR8915/2025_H3N2,212,0.01187,0.01187
flu-seqneut-2026-CTS-040,A/Singapore/SAR8915/2025_H3N2,plate22-A/Singapore/SAR8915/2025_H3N2,487,0.02746,0.02746
flu-seqneut-2026-CTS-040,A/Singapore/SAR8915/2025_H3N2,plate22-A/Singapore/SAR8915/2025_H3N2,1119,0.1611,0.1611
flu-seqneut-2026-CTS-040,A/Singapore/SAR8915/2025_H3N2,plate22-A/Singapore/SAR8915/2025_H3N2,2575,0.3327,0.3327
flu-seqneut-2026-CTS-040,A/Singapore/SAR8915/2025_H3N2,plate22-A/Singapore/SAR8915/2025_H3N2,1.362e+04,1.601,1
flu-seqneut-2026-CTS-040,A/SouthAfrica/NHLS-SU-CERI-C075557/2026_H1N1,plate22-A/SouthAfrica/NHLS-SU-CERI-C075557/2026_H1N1,92,0.1413,0.1413
flu-seqneut-2026-CTS-040,A/SouthAfrica/NHLS-SU-CERI-C075557/2026_H1N1,plate22-A/SouthAfrica/NHLS-SU-CERI-C075557/2026_H1N1,212,0.2691,0.2691
flu-seqneut-2026-CTS-040,A/SouthAfrica/NHLS-SU-CERI-C075557/2026_H1N1,plate22-A/SouthAfrica/NHLS-SU-CERI-C075557/2026_H1N1,487,0.488,0.488
flu-seqneut-2026-CTS-040,A/SouthAfrica/NHLS-SU-CERI-C075557/2026_H1N1,plate22-A/SouthAfrica/NHLS-SU-CERI-C075557/2026_H1N1,1119,0.4454,0.4454
flu-seqneut-2026-CTS-040,A/SouthAfrica/NHLS-SU-CERI-C075557/2026_H1N1,plate22-A/SouthAfrica/NHLS-SU-CERI-C075557/2026_H1N1,2575,0.5792,0.5792
flu-seqneut-2026-CTS-040,A/SouthAfrica/NHLS-SU-CERI-C075557/2026_H1N1,plate22-A/SouthAfrica/NHLS-SU-CERI-C075557/2026_H1N1,5921,1.931,1
flu-seqneut-2026-CTS-040,A/SouthAfrica/NHLS-SU-CERI-C075557/2026_H1N1,plate22-A/SouthAfrica/NHLS-SU-CERI-C075557/2026_H1N1,1.362e+04,2.306,1
flu-seqneut-2026-CTS-040,A/SouthAfrica/NICD-R01647/2026_H1N1,plate22-A/SouthAfrica/NICD-R01647/2026_H1N1,92,0.3963,0.3963
flu-seqneut-2026-CTS-040,A/SouthAfrica/NICD-R01647/2026_H1N1,plate22-A/SouthAfrica/NICD-R01647/2026_H1N1,212,0.2889,0.2889
flu-seqneut-2026-CTS-040,A/SouthAfrica/NICD-R01647/2026_H1N1,plate22-A/SouthAfrica/NICD-R01647/2026_H1N1,487,0.5035,0.5035
flu-seqneut-2026-CTS-040,A/SouthAfrica/NICD-R01647/2026_H1N1,plate22-A/SouthAfrica/NICD-R01647/2026_H1N1,1119,0.5724,0.5724
flu-seqneut-2026-CTS-040,A/SouthAfrica/NICD-R01647/2026_H1N1,plate22-A/SouthAfrica/NICD-R01647/2026_H1N1,2575,0.7513,0.7513
flu-seqneut-2026-CTS-040,A/SouthAfrica/NICD-R01647/2026_H1N1,plate22-A/SouthAfrica/NICD-R01647/2026_H1N1,5921,2.471,1
flu-seqneut-2026-CTS-040,A/SouthAfrica/NICD-R01647/2026_H1N1,plate22-A/SouthAfrica/NICD-R01647/2026_H1N1,1.362e+04,1.716,1
flu-seqneut-2026-CTS-040,A/SouthAfrica/NICD-R01668/2026_H1N1,plate22-A/SouthAfrica/NICD-R01668/2026_H1N1,92,0.3194,0.3194
flu-seqneut-2026-CTS-040,A/SouthAfrica/NICD-R01668/2026_H1N1,plate22-A/SouthAfrica/NICD-R01668/2026_H1N1,212,0.5424,0.5424
flu-seqneut-2026-CTS-040,A/SouthAfrica/NICD-R01668/2026_H1N1,plate22-A/SouthAfrica/NICD-R01668/2026_H1N1,487,0.7637,0.7637
flu-seqneut-2026-CTS-040,A/SouthAfrica/NICD-R01668/2026_H1N1,plate22-A/SouthAfrica/NICD-R01668/2026_H1N1,1119,0.6688,0.6688
flu-seqneut-2026-CTS-040,A/SouthAfrica/NICD-R01668/2026_H1N1,plate22-A/SouthAfrica/NICD-R01668/2026_H1N1,2575,1.3,1
flu-seqneut-2026-CTS-040,A/SouthAfrica/NICD-R01668/2026_H1N1,plate22-A/SouthAfrica/NICD-R01668/2026_H1N1,1.362e+04,2.811,1
flu-seqneut-2026-CTS-040,A/SouthAfrica/PATH-CERI-C073358/2025_H1N1,plate22-A/SouthAfrica/PATH-CERI-C073358/2025_H1N1,92,0.1077,0.1077
flu-seqneut-2026-CTS-040,A/SouthAfrica/PATH-CERI-C073358/2025_H1N1,plate22-A/SouthAfrica/PATH-CERI-C073358/2025_H1N1,212,0.2405,0.2405
flu-seqneut-2026-CTS-040,A/SouthAfrica/PATH-CERI-C073358/2025_H1N1,plate22-A/SouthAfrica/PATH-CERI-C073358/2025_H1N1,487,0.4873,0.4873
flu-seqneut-2026-CTS-040,A/SouthAfrica/PATH-CERI-C073358/2025_H1N1,plate22-A/SouthAfrica/PATH-CERI-C073358/2025_H1N1,1119,0.4912,0.4912
flu-seqneut-2026-CTS-040,A/SouthAfrica/PATH-CERI-C073358/2025_H1N1,plate22-A/SouthAfrica/PATH-CERI-C073358/2025_H1N1,2575,0.5765,0.5765
flu-seqneut-2026-CTS-040,A/SouthAfrica/PATH-CERI-C073358/2025_H1N1,plate22-A/SouthAfrica/PATH-CERI-C073358/2025_H1N1,5921,1.975,1
flu-seqneut-2026-CTS-040,A/SouthAfrica/PATH-CERI-C073358/2025_H1N1,plate22-A/SouthAfrica/PATH-CERI-C073358/2025_H1N1,1.362e+04,1.843,1
flu-seqneut-2026-CTS-040,A/SouthAfrica/PATH-CERI-C075119/2026_H1N1,plate22-A/SouthAfrica/PATH-CERI-C075119/2026_H1N1,92,0.1871,0.1871
flu-seqneut-2026-CTS-040,A/SouthAfrica/PATH-CERI-C075119/2026_H1N1,plate22-A/SouthAfrica/PATH-CERI-C075119/2026_H1N1,212,0.2304,0.2304
flu-seqneut-2026-CTS-040,A/SouthAfrica/PATH-CERI-C075119/2026_H1N1,plate22-A/SouthAfrica/PATH-CERI-C075119/2026_H1N1,487,0.3783,0.3783
flu-seqneut-2026-CTS-040,A/SouthAfrica/PATH-CERI-C075119/2026_H1N1,plate22-A/SouthAfrica/PATH-CERI-C075119/2026_H1N1,1119,0.4782,0.4782
flu-seqneut-2026-CTS-040,A/SouthAfrica/PATH-CERI-C075119/2026_H1N1,plate22-A/SouthAfrica/PATH-CERI-C075119/2026_H1N1,2575,0.6359,0.6359
flu-seqneut-2026-CTS-040,A/SouthAfrica/PATH-CERI-C075119/2026_H1N1,plate22-A/SouthAfrica/PATH-CERI-C075119/2026_H1N1,5921,2.371,1
flu-seqneut-2026-CTS-040,A/SouthAfrica/PATH-CERI-C075119/2026_H1N1,plate22-A/SouthAfrica/PATH-CERI-C075119/2026_H1N1,1.362e+04,1.719,1
flu-seqneut-2026-CTS-040,A/SouthCarolina/USAFSAM-17046/2026_H3N2,plate22-A/SouthCarolina/USAFSAM-17046/2026_H3N2,92,0.01755,0.01755
flu-seqneut-2026-CTS-040,A/SouthCarolina/USAFSAM-17046/2026_H3N2,plate22-A/SouthCarolina/USAFSAM-17046/2026_H3N2,212,0.0127,0.0127
flu-seqneut-2026-CTS-040,A/SouthCarolina/USAFSAM-17046/2026_H3N2,plate22-A/SouthCarolina/USAFSAM-17046/2026_H3N2,487,0.008517,0.008517
flu-seqneut-2026-CTS-040,A/SouthCarolina/USAFSAM-17046/2026_H3N2,plate22-A/SouthCarolina/USAFSAM-17046/2026_H3N2,1119,0.01679,0.01679
flu-seqneut-2026-CTS-040,A/SouthCarolina/USAFSAM-17046/2026_H3N2,plate22-A/SouthCarolina/USAFSAM-17046/2026_H3N2,2575,0,0
flu-seqneut-2026-CTS-040,A/SouthCarolina/USAFSAM-17046/2026_H3N2,plate22-A/SouthCarolina/USAFSAM-17046/2026_H3N2,5921,0.567,0.567
flu-seqneut-2026-CTS-040,A/SouthCarolina/USAFSAM-17046/2026_H3N2,plate22-A/SouthCarolina/USAFSAM-17046/2026_H3N2,1.362e+04,1.648,1
flu-seqneut-2026-CTS-040,A/South_Australia/2523812314/2025_H3N2,plate22-A/South_Australia/2523812314/2025_H3N2,92,0,0
flu-seqneut-2026-CTS-040,A/South_Australia/2523812314/2025_H3N2,plate22-A/South_Australia/2523812314/2025_H3N2,212,0.003513,0.003513
flu-seqneut-2026-CTS-040,A/South_Australia/2523812314/2025_H3N2,plate22-A/South_Australia/2523812314/2025_H3N2,487,0,0
flu-seqneut-2026-CTS-040,A/South_Australia/2523812314/2025_H3N2,plate22-A/South_Australia/2523812314/2025_H3N2,1119,0.02114,0.02114
flu-seqneut-2026-CTS-040,A/South_Australia/2523812314/2025_H3N2,plate22-A/South_Australia/2523812314/2025_H3N2,2575,0.2713,0.2713
flu-seqneut-2026-CTS-040,A/South_Australia/2523812314/2025_H3N2,plate22-A/South_Australia/2523812314/2025_H3N2,5921,1.488,1
flu-seqneut-2026-CTS-040,A/South_Australia/2523812314/2025_H3N2,plate22-A/South_Australia/2523812314/2025_H3N2,1.362e+04,1.332,1
flu-seqneut-2026-CTS-040,A/South_Australia/2527213276/2025_H3N2,plate22-A/South_Australia/2527213276/2025_H3N2,92,0.0009999,0.0009999
flu-seqneut-2026-CTS-040,A/South_Australia/2527213276/2025_H3N2,plate22-A/South_Australia/2527213276/2025_H3N2,212,0.002645,0.002645
flu-seqneut-2026-CTS-040,A/South_Australia/2527213276/2025_H3N2,plate22-A/South_Australia/2527213276/2025_H3N2,487,0.01553,0.01553
flu-seqneut-2026-CTS-040,A/South_Australia/2527213276/2025_H3N2,plate22-A/South_Australia/2527213276/2025_H3N2,1119,0.02066,0.02066
flu-seqneut-2026-CTS-040,A/South_Australia/2527213276/2025_H3N2,plate22-A/South_Australia/2527213276/2025_H3N2,2575,0.2628,0.2628
flu-seqneut-2026-CTS-040,A/South_Australia/2527213276/2025_H3N2,plate22-A/South_Australia/2527213276/2025_H3N2,5921,0.8134,0.8134
flu-seqneut-2026-CTS-040,A/South_Australia/2527213276/2025_H3N2,plate22-A/South_Australia/2527213276/2025_H3N2,1.362e+04,1.135,1
flu-seqneut-2026-CTS-040,A/StPetersburg/RII-25-2042S/2025_H3N2,plate22-A/StPetersburg/RII-25-2042S/2025_H3N2,92,0.008185,0.008185
flu-seqneut-2026-CTS-040,A/StPetersburg/RII-25-2042S/2025_H3N2,plate22-A/StPetersburg/RII-25-2042S/2025_H3N2,212,0.03992,0.03992
flu-seqneut-2026-CTS-040,A/StPetersburg/RII-25-2042S/2025_H3N2,plate22-A/StPetersburg/RII-25-2042S/2025_H3N2,487,0.1149,0.1149
flu-seqneut-2026-CTS-040,A/StPetersburg/RII-25-2042S/2025_H3N2,plate22-A/StPetersburg/RII-25-2042S/2025_H3N2,1119,0.3054,0.3054
flu-seqneut-2026-CTS-040,A/StPetersburg/RII-25-2042S/2025_H3N2,plate22-A/StPetersburg/RII-25-2042S/2025_H3N2,2575,0.8663,0.8663
flu-seqneut-2026-CTS-040,A/StPetersburg/RII-25-2042S/2025_H3N2,plate22-A/StPetersburg/RII-25-2042S/2025_H3N2,1.362e+04,2.923,1
flu-seqneut-2026-CTS-040,A/StPetersburg/RII-25-2506S/2026_H3N2,plate22-A/StPetersburg/RII-25-2506S/2026_H3N2,92,0.15,0.15
flu-seqneut-2026-CTS-040,A/StPetersburg/RII-25-2506S/2026_H3N2,plate22-A/StPetersburg/RII-25-2506S/2026_H3N2,212,0.08199,0.08199
flu-seqneut-2026-CTS-040,A/StPetersburg/RII-25-2506S/2026_H3N2,plate22-A/StPetersburg/RII-25-2506S/2026_H3N2,487,0.2393,0.2393
flu-seqneut-2026-CTS-040,A/StPetersburg/RII-25-2506S/2026_H3N2,plate22-A/StPetersburg/RII-25-2506S/2026_H3N2,1119,0.5909,0.5909
flu-seqneut-2026-CTS-040,A/StPetersburg/RII-25-2506S/2026_H3N2,plate22-A/StPetersburg/RII-25-2506S/2026_H3N2,2575,1.064,1
flu-seqneut-2026-CTS-040,A/StPetersburg/RII-25-2506S/2026_H3N2,plate22-A/StPetersburg/RII-25-2506S/2026_H3N2,5921,2.987,1
flu-seqneut-2026-CTS-040,A/StPetersburg/RII-25-2506S/2026_H3N2,plate22-A/StPetersburg/RII-25-2506S/2026_H3N2,1.362e+04,2.765,1
flu-seqneut-2026-CTS-040,A/StPetersburg/RII-25-2600S/2026_H3N2,plate22-A/StPetersburg/RII-25-2600S/2026_H3N2,92,0.009474,0.009474
flu-seqneut-2026-CTS-040,A/StPetersburg/RII-25-2600S/2026_H3N2,plate22-A/StPetersburg/RII-25-2600S/2026_H3N2,212,0.003686,0.003686
flu-seqneut-2026-CTS-040,A/StPetersburg/RII-25-2600S/2026_H3N2,plate22-A/StPetersburg/RII-25-2600S/2026_H3N2,487,0.04832,0.04832
flu-seqneut-2026-CTS-040,A/StPetersburg/RII-25-2600S/2026_H3N2,plate22-A/StPetersburg/RII-25-2600S/2026_H3N2,1119,0.2921,0.2921
flu-seqneut-2026-CTS-040,A/StPetersburg/RII-25-2600S/2026_H3N2,plate22-A/StPetersburg/RII-25-2600S/2026_H3N2,2575,0.8376,0.8376
flu-seqneut-2026-CTS-040,A/StPetersburg/RII-25-2600S/2026_H3N2,plate22-A/StPetersburg/RII-25-2600S/2026_H3N2,5921,2.959,1
flu-seqneut-2026-CTS-040,A/StPetersburg/RII-25-2600S/2026_H3N2,plate22-A/StPetersburg/RII-25-2600S/2026_H3N2,1.362e+04,2.343,1
flu-seqneut-2026-CTS-040,A/Switzerland/UN-SNRCI-HUG-053/2025_H1N1,plate22-A/Switzerland/UN-SNRCI-HUG-053/2025_H1N1,92,0.6927,0.6927
flu-seqneut-2026-CTS-040,A/Switzerland/UN-SNRCI-HUG-053/2025_H1N1,plate22-A/Switzerland/UN-SNRCI-HUG-053/2025_H1N1,212,0.6893,0.6893
flu-seqneut-2026-CTS-040,A/Switzerland/UN-SNRCI-HUG-053/2025_H1N1,plate22-A/Switzerland/UN-SNRCI-HUG-053/2025_H1N1,487,0.7124,0.7124
flu-seqneut-2026-CTS-040,A/Switzerland/UN-SNRCI-HUG-053/2025_H1N1,plate22-A/Switzerland/UN-SNRCI-HUG-053/2025_H1N1,1119,1.033,1
flu-seqneut-2026-CTS-040,A/Switzerland/UN-SNRCI-HUG-053/2025_H1N1,plate22-A/Switzerland/UN-SNRCI-HUG-053/2025_H1N1,2575,1.402,1
flu-seqneut-2026-CTS-040,A/Switzerland/UN-SNRCI-HUG-053/2025_H1N1,plate22-A/Switzerland/UN-SNRCI-HUG-053/2025_H1N1,1.362e+04,2.561,1
flu-seqneut-2026-CTS-040,A/Sydney/1359/2024_H3N2,plate22-A/Sydney/1359/2024_H3N2,92,0.0005226,0.0005226
flu-seqneut-2026-CTS-040,A/Sydney/1359/2024_H3N2,plate22-A/Sydney/1359/2024_H3N2,212,0,0
flu-seqneut-2026-CTS-040,A/Sydney/1359/2024_H3N2,plate22-A/Sydney/1359/2024_H3N2,487,0,0
flu-seqneut-2026-CTS-040,A/Sydney/1359/2024_H3N2,plate22-A/Sydney/1359/2024_H3N2,1119,0.002999,0.002999
flu-seqneut-2026-CTS-040,A/Sydney/1359/2024_H3N2,plate22-A/Sydney/1359/2024_H3N2,2575,0.03593,0.03593
flu-seqneut-2026-CTS-040,A/Sydney/1359/2024_H3N2,plate22-A/Sydney/1359/2024_H3N2,5921,1.129,1
flu-seqneut-2026-CTS-040,A/Sydney/1359/2024_H3N2,plate22-A/Sydney/1359/2024_H3N2,1.362e+04,2.041,1
flu-seqneut-2026-CTS-040,A/Sydney/50/2026_H1N1,plate22-A/Sydney/50/2026_H1N1,92,0.5308,0.5308
flu-seqneut-2026-CTS-040,A/Sydney/50/2026_H1N1,plate22-A/Sydney/50/2026_H1N1,212,0.5039,0.5039
flu-seqneut-2026-CTS-040,A/Sydney/50/2026_H1N1,plate22-A/Sydney/50/2026_H1N1,487,0.9389,0.9389
flu-seqneut-2026-CTS-040,A/Sydney/50/2026_H1N1,plate22-A/Sydney/50/2026_H1N1,1119,0.7545,0.7545
flu-seqneut-2026-CTS-040,A/Sydney/50/2026_H1N1,plate22-A/Sydney/50/2026_H1N1,2575,1.178,1
flu-seqneut-2026-CTS-040,A/Sydney/50/2026_H1N1,plate22-A/Sydney/50/2026_H1N1,5921,2.606,1
flu-seqneut-2026-CTS-040,A/Sydney/50/2026_H1N1,plate22-A/Sydney/50/2026_H1N1,1.362e+04,2.273,1
flu-seqneut-2026-CTS-040,A/Texas/29/2026_H1N1,plate22-A/Texas/29/2026_H1N1,92,0.2788,0.2788
flu-seqneut-2026-CTS-040,A/Texas/29/2026_H1N1,plate22-A/Texas/29/2026_H1N1,212,0.3357,0.3357
flu-seqneut-2026-CTS-040,A/Texas/29/2026_H1N1,plate22-A/Texas/29/2026_H1N1,487,0.5227,0.5227
flu-seqneut-2026-CTS-040,A/Texas/29/2026_H1N1,plate22-A/Texas/29/2026_H1N1,1119,0.7119,0.7119
flu-seqneut-2026-CTS-040,A/Texas/29/2026_H1N1,plate22-A/Texas/29/2026_H1N1,2575,1.052,1
flu-seqneut-2026-CTS-040,A/Texas/29/2026_H1N1,plate22-A/Texas/29/2026_H1N1,1.362e+04,2.37,1
flu-seqneut-2026-CTS-040,A/Thailand/8/2022_H3N2,plate22-A/Thailand/8/2022_H3N2,92,0.01262,0.01262
flu-seqneut-2026-CTS-040,A/Thailand/8/2022_H3N2,plate22-A/Thailand/8/2022_H3N2,212,0.02018,0.02018
flu-seqneut-2026-CTS-040,A/Thailand/8/2022_H3N2,plate22-A/Thailand/8/2022_H3N2,487,0.01553,0.01553
flu-seqneut-2026-CTS-040,A/Thailand/8/2022_H3N2,plate22-A/Thailand/8/2022_H3N2,1119,0.04081,0.04081
flu-seqneut-2026-CTS-040,A/Thailand/8/2022_H3N2,plate22-A/Thailand/8/2022_H3N2,2575,0.1944,0.1944
flu-seqneut-2026-CTS-040,A/Thailand/8/2022_H3N2,plate22-A/Thailand/8/2022_H3N2,5921,1.546,1
flu-seqneut-2026-CTS-040,A/Thailand/8/2022_H3N2,plate22-A/Thailand/8/2022_H3N2,1.362e+04,1.24,1
flu-seqneut-2026-CTS-040,A/Thuringen/16/2026_H3N2,plate22-A/Thuringen/16/2026_H3N2,92,0,0
flu-seqneut-2026-CTS-040,A/Thuringen/16/2026_H3N2,plate22-A/Thuringen/16/2026_H3N2,212,0.01081,0.01081
flu-seqneut-2026-CTS-040,A/Thuringen/16/2026_H3N2,plate22-A/Thuringen/16/2026_H3N2,487,0.04029,0.04029
flu-seqneut-2026-CTS-040,A/Thuringen/16/2026_H3N2,plate22-A/Thuringen/16/2026_H3N2,1119,0.1906,0.1906
flu-seqneut-2026-CTS-040,A/Thuringen/16/2026_H3N2,plate22-A/Thuringen/16/2026_H3N2,2575,0.5658,0.5658
flu-seqneut-2026-CTS-040,A/Thuringen/16/2026_H3N2,plate22-A/Thuringen/16/2026_H3N2,1.362e+04,2.111,1
flu-seqneut-2026-CTS-040,A/Thuringen/39/2026_H3N2,plate22-A/Thuringen/39/2026_H3N2,92,0.002489,0.002489
flu-seqneut-2026-CTS-040,A/Thuringen/39/2026_H3N2,plate22-A/Thuringen/39/2026_H3N2,212,0.004573,0.004573
flu-seqneut-2026-CTS-040,A/Thuringen/39/2026_H3N2,plate22-A/Thuringen/39/2026_H3N2,487,0.02899,0.02899
flu-seqneut-2026-CTS-040,A/Thuringen/39/2026_H3N2,plate22-A/Thuringen/39/2026_H3N2,1119,0.06217,0.06217
flu-seqneut-2026-CTS-040,A/Thuringen/39/2026_H3N2,plate22-A/Thuringen/39/2026_H3N2,2575,0.3589,0.3589
flu-seqneut-2026-CTS-040,A/Thuringen/39/2026_H3N2,plate22-A/Thuringen/39/2026_H3N2,5921,0.6074,0.6074
flu-seqneut-2026-CTS-040,A/Thuringen/39/2026_H3N2,plate22-A/Thuringen/39/2026_H3N2,1.362e+04,1.239,1
flu-seqneut-2026-CTS-040,A/Tokyo/EIS11-277/2024_H1N1,plate22-A/Tokyo/EIS11-277/2024_H1N1,92,0.2244,0.2244
flu-seqneut-2026-CTS-040,A/Tokyo/EIS11-277/2024_H1N1,plate22-A/Tokyo/EIS11-277/2024_H1N1,212,0.2402,0.2402
flu-seqneut-2026-CTS-040,A/Tokyo/EIS11-277/2024_H1N1,plate22-A/Tokyo/EIS11-277/2024_H1N1,487,0.3655,0.3655
flu-seqneut-2026-CTS-040,A/Tokyo/EIS11-277/2024_H1N1,plate22-A/Tokyo/EIS11-277/2024_H1N1,1119,0.5197,0.5197
flu-seqneut-2026-CTS-040,A/Tokyo/EIS11-277/2024_H1N1,plate22-A/Tokyo/EIS11-277/2024_H1N1,2575,0.5268,0.5268
flu-seqneut-2026-CTS-040,A/Tokyo/EIS11-277/2024_H1N1,plate22-A/Tokyo/EIS11-277/2024_H1N1,5921,1.959,1
flu-seqneut-2026-CTS-040,A/Tokyo/EIS11-277/2024_H1N1,plate22-A/Tokyo/EIS11-277/2024_H1N1,1.362e+04,1.944,1
flu-seqneut-2026-CTS-040,A/Trieste/257/2025_H3N2,plate22-A/Trieste/257/2025_H3N2,92,0.02519,0.02519
flu-seqneut-2026-CTS-040,A/Trieste/257/2025_H3N2,plate22-A/Trieste/257/2025_H3N2,212,0.03455,0.03455
flu-seqneut-2026-CTS-040,A/Trieste/257/2025_H3N2,plate22-A/Trieste/257/2025_H3N2,487,0.1685,0.1685
flu-seqneut-2026-CTS-040,A/Trieste/257/2025_H3N2,plate22-A/Trieste/257/2025_H3N2,1119,0.2684,0.2684
flu-seqneut-2026-CTS-040,A/Trieste/257/2025_H3N2,plate22-A/Trieste/257/2025_H3N2,2575,0.8174,0.8174
flu-seqneut-2026-CTS-040,A/Trieste/257/2025_H3N2,plate22-A/Trieste/257/2025_H3N2,5921,2.979,1
flu-seqneut-2026-CTS-040,A/Trieste/257/2025_H3N2,plate22-A/Trieste/257/2025_H3N2,1.362e+04,2.493,1
flu-seqneut-2026-CTS-040,A/Ukraine/5214/2026_H1N1,plate22-A/Ukraine/5214/2026_H1N1,92,0.3078,0.3078
flu-seqneut-2026-CTS-040,A/Ukraine/5214/2026_H1N1,plate22-A/Ukraine/5214/2026_H1N1,212,0.2507,0.2507
flu-seqneut-2026-CTS-040,A/Ukraine/5214/2026_H1N1,plate22-A/Ukraine/5214/2026_H1N1,487,0.5413,0.5413
flu-seqneut-2026-CTS-040,A/Ukraine/5214/2026_H1N1,plate22-A/Ukraine/5214/2026_H1N1,1119,0.7024,0.7024
flu-seqneut-2026-CTS-040,A/Ukraine/5214/2026_H1N1,plate22-A/Ukraine/5214/2026_H1N1,2575,1.11,1
flu-seqneut-2026-CTS-040,A/Ukraine/5214/2026_H1N1,plate22-A/Ukraine/5214/2026_H1N1,5921,2.612,1
flu-seqneut-2026-CTS-040,A/Ukraine/5214/2026_H1N1,plate22-A/Ukraine/5214/2026_H1N1,1.362e+04,2.391,1
flu-seqneut-2026-CTS-040,A/Uppsala/SE26-01293/2026_H1N1,plate22-A/Uppsala/SE26-01293/2026_H1N1,92,0.3599,0.3599
flu-seqneut-2026-CTS-040,A/Uppsala/SE26-01293/2026_H1N1,plate22-A/Uppsala/SE26-01293/2026_H1N1,212,0.2043,0.2043
flu-seqneut-2026-CTS-040,A/Uppsala/SE26-01293/2026_H1N1,plate22-A/Uppsala/SE26-01293/2026_H1N1,487,0.2777,0.2777
flu-seqneut-2026-CTS-040,A/Uppsala/SE26-01293/2026_H1N1,plate22-A/Uppsala/SE26-01293/2026_H1N1,1119,0.4497,0.4497
flu-seqneut-2026-CTS-040,A/Uppsala/SE26-01293/2026_H1N1,plate22-A/Uppsala/SE26-01293/2026_H1N1,2575,0.5726,0.5726
flu-seqneut-2026-CTS-040,A/Uppsala/SE26-01293/2026_H1N1,plate22-A/Uppsala/SE26-01293/2026_H1N1,5921,1.945,1
flu-seqneut-2026-CTS-040,A/Uppsala/SE26-01293/2026_H1N1,plate22-A/Uppsala/SE26-01293/2026_H1N1,1.362e+04,1.559,1
flu-seqneut-2026-CTS-040,A/Valencia/VAHNSI_09_02564/2025_H1N1,plate22-A/Valencia/VAHNSI_09_02564/2025_H1N1,92,0.3166,0.3166
flu-seqneut-2026-CTS-040,A/Valencia/VAHNSI_09_02564/2025_H1N1,plate22-A/Valencia/VAHNSI_09_02564/2025_H1N1,212,0.3844,0.3844
flu-seqneut-2026-CTS-040,A/Valencia/VAHNSI_09_02564/2025_H1N1,plate22-A/Valencia/VAHNSI_09_02564/2025_H1N1,487,0.5146,0.5146
flu-seqneut-2026-CTS-040,A/Valencia/VAHNSI_09_02564/2025_H1N1,plate22-A/Valencia/VAHNSI_09_02564/2025_H1N1,1119,0.7439,0.7439
flu-seqneut-2026-CTS-040,A/Valencia/VAHNSI_09_02564/2025_H1N1,plate22-A/Valencia/VAHNSI_09_02564/2025_H1N1,2575,0.7194,0.7194
flu-seqneut-2026-CTS-040,A/Valencia/VAHNSI_09_02564/2025_H1N1,plate22-A/Valencia/VAHNSI_09_02564/2025_H1N1,5921,2.479,1
flu-seqneut-2026-CTS-040,A/Valencia/VAHNSI_09_02564/2025_H1N1,plate22-A/Valencia/VAHNSI_09_02564/2025_H1N1,1.362e+04,2.299,1
flu-seqneut-2026-CTS-040,A/Victoria/2948/2025_H3N2,plate22-A/Victoria/2948/2025_H3N2,92,0.02022,0.02022
flu-seqneut-2026-CTS-040,A/Victoria/2948/2025_H3N2,plate22-A/Victoria/2948/2025_H3N2,212,0.02674,0.02674
flu-seqneut-2026-CTS-040,A/Victoria/2948/2025_H3N2,plate22-A/Victoria/2948/2025_H3N2,487,0.09269,0.09269
flu-seqneut-2026-CTS-040,A/Victoria/2948/2025_H3N2,plate22-A/Victoria/2948/2025_H3N2,1119,0.3448,0.3448
flu-seqneut-2026-CTS-040,A/Victoria/2948/2025_H3N2,plate22-A/Victoria/2948/2025_H3N2,2575,0.803,0.803
flu-seqneut-2026-CTS-040,A/Victoria/2948/2025_H3N2,plate22-A/Victoria/2948/2025_H3N2,5921,1.905,1
flu-seqneut-2026-CTS-040,A/Victoria/4897/2022_IVR-238_H1N1,plate22-A/Victoria/4897/2022_IVR-238_H1N1,92,0.05114,0.05114
flu-seqneut-2026-CTS-040,A/Victoria/4897/2022_IVR-238_H1N1,plate22-A/Victoria/4897/2022_IVR-238_H1N1,212,0.1486,0.1486
flu-seqneut-2026-CTS-040,A/Victoria/4897/2022_IVR-238_H1N1,plate22-A/Victoria/4897/2022_IVR-238_H1N1,487,0.4807,0.4807
flu-seqneut-2026-CTS-040,A/Victoria/4897/2022_IVR-238_H1N1,plate22-A/Victoria/4897/2022_IVR-238_H1N1,1119,0.5599,0.5599
flu-seqneut-2026-CTS-040,A/Victoria/4897/2022_IVR-238_H1N1,plate22-A/Victoria/4897/2022_IVR-238_H1N1,2575,1.303,1
flu-seqneut-2026-CTS-040,A/Victoria/4897/2022_IVR-238_H1N1,plate22-A/Victoria/4897/2022_IVR-238_H1N1,5921,2.754,1
flu-seqneut-2026-CTS-040,A/Victoria/4897/2022_IVR-238_H1N1,plate22-A/Victoria/4897/2022_IVR-238_H1N1,1.362e+04,2.585,1
flu-seqneut-2026-CTS-040,A/Vietnam/F7324/2024_H3N2,plate22-A/Vietnam/F7324/2024_H3N2,92,0,0
flu-seqneut-2026-CTS-040,A/Vietnam/F7324/2024_H3N2,plate22-A/Vietnam/F7324/2024_H3N2,212,0.0002417,0.0002417
flu-seqneut-2026-CTS-040,A/Vietnam/F7324/2024_H3N2,plate22-A/Vietnam/F7324/2024_H3N2,487,0.003783,0.003783
flu-seqneut-2026-CTS-040,A/Vietnam/F7324/2024_H3N2,plate22-A/Vietnam/F7324/2024_H3N2,1119,0.1292,0.1292
flu-seqneut-2026-CTS-040,A/Vietnam/F7324/2024_H3N2,plate22-A/Vietnam/F7324/2024_H3N2,2575,0.6526,0.6526
flu-seqneut-2026-CTS-040,A/Vietnam/F7324/2024_H3N2,plate22-A/Vietnam/F7324/2024_H3N2,5921,2.87,1
flu-seqneut-2026-CTS-040,A/Vietnam/F7324/2024_H3N2,plate22-A/Vietnam/F7324/2024_H3N2,1.362e+04,1.657,1
flu-seqneut-2026-CTS-040,A/Vietnam/PF125413/2025_H1N1,plate22-A/Vietnam/PF125413/2025_H1N1,92,0.1374,0.1374
flu-seqneut-2026-CTS-040,A/Vietnam/PF125413/2025_H1N1,plate22-A/Vietnam/PF125413/2025_H1N1,212,0.4383,0.4383
flu-seqneut-2026-CTS-040,A/Vietnam/PF125413/2025_H1N1,plate22-A/Vietnam/PF125413/2025_H1N1,487,0.4616,0.4616
flu-seqneut-2026-CTS-040,A/Vietnam/PF125413/2025_H1N1,plate22-A/Vietnam/PF125413/2025_H1N1,1119,0.9156,0.9156
flu-seqneut-2026-CTS-040,A/Vietnam/PF125413/2025_H1N1,plate22-A/Vietnam/PF125413/2025_H1N1,2575,0.9433,0.9433
flu-seqneut-2026-CTS-040,A/Vietnam/PF125413/2025_H1N1,plate22-A/Vietnam/PF125413/2025_H1N1,5921,2.791,1
flu-seqneut-2026-CTS-040,A/Vietnam/PF125413/2025_H1N1,plate22-A/Vietnam/PF125413/2025_H1N1,1.362e+04,1.819,1
flu-seqneut-2026-CTS-040,A/Vietnam/PF126009/2026_H1N1,plate22-A/Vietnam/PF126009/2026_H1N1,92,0.5198,0.5198
flu-seqneut-2026-CTS-040,A/Vietnam/PF126009/2026_H1N1,plate22-A/Vietnam/PF126009/2026_H1N1,212,0.3757,0.3757
flu-seqneut-2026-CTS-040,A/Vietnam/PF126009/2026_H1N1,plate22-A/Vietnam/PF126009/2026_H1N1,487,0.6879,0.6879
flu-seqneut-2026-CTS-040,A/Vietnam/PF126009/2026_H1N1,plate22-A/Vietnam/PF126009/2026_H1N1,1119,0.918,0.918
flu-seqneut-2026-CTS-040,A/Vietnam/PF126009/2026_H1N1,plate22-A/Vietnam/PF126009/2026_H1N1,2575,1.029,1
flu-seqneut-2026-CTS-040,A/Vietnam/PF126009/2026_H1N1,plate22-A/Vietnam/PF126009/2026_H1N1,1.362e+04,2.906,1
flu-seqneut-2026-CTS-040,A/Wisconsin/588/2019_H1N1,plate22-A/Wisconsin/588/2019_H1N1,92,0.02261,0.02261
flu-seqneut-2026-CTS-040,A/Wisconsin/588/2019_H1N1,plate22-A/Wisconsin/588/2019_H1N1,212,0.1397,0.1397
flu-seqneut-2026-CTS-040,A/Wisconsin/588/2019_H1N1,plate22-A/Wisconsin/588/2019_H1N1,487,0.3007,0.3007
flu-seqneut-2026-CTS-040,A/Wisconsin/588/2019_H1N1,plate22-A/Wisconsin/588/2019_H1N1,1119,0.4302,0.4302
flu-seqneut-2026-CTS-040,A/Wisconsin/588/2019_H1N1,plate22-A/Wisconsin/588/2019_H1N1,2575,0.6399,0.6399
flu-seqneut-2026-CTS-040,A/Wisconsin/588/2019_H1N1,plate22-A/Wisconsin/588/2019_H1N1,5921,2.092,1
flu-seqneut-2026-CTS-040,A/Wisconsin/588/2019_H1N1,plate22-A/Wisconsin/588/2019_H1N1,1.362e+04,1.441,1
flu-seqneut-2026-CTS-040,A/Wisconsin/67/2022_H1N1,plate22-A/Wisconsin/67/2022_H1N1,92,0.103,0.103
flu-seqneut-2026-CTS-040,A/Wisconsin/67/2022_H1N1,plate22-A/Wisconsin/67/2022_H1N1,212,0.2475,0.2475
flu-seqneut-2026-CTS-040,A/Wisconsin/67/2022_H1N1,plate22-A/Wisconsin/67/2022_H1N1,487,0.3621,0.3621
flu-seqneut-2026-CTS-040,A/Wisconsin/67/2022_H1N1,plate22-A/Wisconsin/67/2022_H1N1,1119,0.3472,0.3472
flu-seqneut-2026-CTS-040,A/Wisconsin/67/2022_H1N1,plate22-A/Wisconsin/67/2022_H1N1,2575,1.07,1
flu-seqneut-2026-CTS-040,A/Wisconsin/67/2022_H1N1,plate22-A/Wisconsin/67/2022_H1N1,5921,2.157,1
flu-seqneut-2026-CTS-040,A/Wisconsin/67/2022_H1N1,plate22-A/Wisconsin/67/2022_H1N1,1.362e+04,1.657,1
flu-seqneut-2026-CTS-040,A/Zambia/6-NIC-014/2026_H1N1,plate22-A/Zambia/6-NIC-014/2026_H1N1,92,0.3848,0.3848
flu-seqneut-2026-CTS-040,A/Zambia/6-NIC-014/2026_H1N1,plate22-A/Zambia/6-NIC-014/2026_H1N1,212,0.2443,0.2443
flu-seqneut-2026-CTS-040,A/Zambia/6-NIC-014/2026_H1N1,plate22-A/Zambia/6-NIC-014/2026_H1N1,487,0.4007,0.4007
flu-seqneut-2026-CTS-040,A/Zambia/6-NIC-014/2026_H1N1,plate22-A/Zambia/6-NIC-014/2026_H1N1,1119,0.514,0.514
flu-seqneut-2026-CTS-040,A/Zambia/6-NIC-014/2026_H1N1,plate22-A/Zambia/6-NIC-014/2026_H1N1,2575,0.7908,0.7908
flu-seqneut-2026-CTS-040,A/Zambia/6-NIC-014/2026_H1N1,plate22-A/Zambia/6-NIC-014/2026_H1N1,5921,2.787,1
flu-seqneut-2026-CTS-040,A/Zambia/6-NIC-014/2026_H1N1,plate22-A/Zambia/6-NIC-014/2026_H1N1,1.362e+04,1.694,1
flu-seqneut-2026-CTS-040,A/Zambia/7-NIC-313/2026_H1N1,plate22-A/Zambia/7-NIC-313/2026_H1N1,92,0.2066,0.2066
flu-seqneut-2026-CTS-040,A/Zambia/7-NIC-313/2026_H1N1,plate22-A/Zambia/7-NIC-313/2026_H1N1,212,0.3302,0.3302
flu-seqneut-2026-CTS-040,A/Zambia/7-NIC-313/2026_H1N1,plate22-A/Zambia/7-NIC-313/2026_H1N1,487,1.023,1
flu-seqneut-2026-CTS-040,A/Zambia/7-NIC-313/2026_H1N1,plate22-A/Zambia/7-NIC-313/2026_H1N1,1119,0.5729,0.5729
flu-seqneut-2026-CTS-040,A/Zambia/7-NIC-313/2026_H1N1,plate22-A/Zambia/7-NIC-313/2026_H1N1,2575,1.038,1
flu-seqneut-2026-CTS-040,A/Zambia/7-NIC-313/2026_H1N1,plate22-A/Zambia/7-NIC-313/2026_H1N1,1.362e+04,2.548,1
flu-seqneut-2026-CTS-042,A/Andalucia/PMC-00977/2025_H1N1,plate22-A/Andalucia/PMC-00977/2025_H1N1,40,0.01608,0.01608
flu-seqneut-2026-CTS-042,A/Andalucia/PMC-00977/2025_H1N1,plate22-A/Andalucia/PMC-00977/2025_H1N1,92,0.3364,0.3364
flu-seqneut-2026-CTS-042,A/Andalucia/PMC-00977/2025_H1N1,plate22-A/Andalucia/PMC-00977/2025_H1N1,487,0.578,0.578
flu-seqneut-2026-CTS-042,A/Andalucia/PMC-00977/2025_H1N1,plate22-A/Andalucia/PMC-00977/2025_H1N1,1119,1.139,1
flu-seqneut-2026-CTS-042,A/Andalucia/PMC-00977/2025_H1N1,plate22-A/Andalucia/PMC-00977/2025_H1N1,2575,1.951,1
flu-seqneut-2026-CTS-042,A/Andalucia/PMC-00977/2025_H1N1,plate22-A/Andalucia/PMC-00977/2025_H1N1,5921,2.964,1
flu-seqneut-2026-CTS-042,A/Andalucia/PMC-00977/2025_H1N1,plate22-A/Andalucia/PMC-00977/2025_H1N1,1.362e+04,1.73,1
flu-seqneut-2026-CTS-042,A/Andalucia/PMC-01217/2025_H1N1,plate22-A/Andalucia/PMC-01217/2025_H1N1,40,0.01924,0.01924
flu-seqneut-2026-CTS-042,A/Andalucia/PMC-01217/2025_H1N1,plate22-A/Andalucia/PMC-01217/2025_H1N1,92,0.2205,0.2205
flu-seqneut-2026-CTS-042,A/Andalucia/PMC-01217/2025_H1N1,plate22-A/Andalucia/PMC-01217/2025_H1N1,487,0.3429,0.3429
flu-seqneut-2026-CTS-042,A/Andalucia/PMC-01217/2025_H1N1,plate22-A/Andalucia/PMC-01217/2025_H1N1,1119,1.419,1
flu-seqneut-2026-CTS-042,A/Andalucia/PMC-01217/2025_H1N1,plate22-A/Andalucia/PMC-01217/2025_H1N1,2575,1.149,1
flu-seqneut-2026-CTS-042,A/Andalucia/PMC-01217/2025_H1N1,plate22-A/Andalucia/PMC-01217/2025_H1N1,1.362e+04,1.342,1
flu-seqneut-2026-CTS-042,A/Andalucia/PMC-01495/2025_H1N1,plate22-A/Andalucia/PMC-01495/2025_H1N1,40,0.005724,0.005724
flu-seqneut-2026-CTS-042,A/Andalucia/PMC-01495/2025_H1N1,plate22-A/Andalucia/PMC-01495/2025_H1N1,92,0.4022,0.4022
flu-seqneut-2026-CTS-042,A/Andalucia/PMC-01495/2025_H1N1,plate22-A/Andalucia/PMC-01495/2025_H1N1,487,0.39,0.39
flu-seqneut-2026-CTS-042,A/Andalucia/PMC-01495/2025_H1N1,plate22-A/Andalucia/PMC-01495/2025_H1N1,1119,1.115,1
flu-seqneut-2026-CTS-042,A/Andalucia/PMC-01495/2025_H1N1,plate22-A/Andalucia/PMC-01495/2025_H1N1,2575,1.839,1
flu-seqneut-2026-CTS-042,A/Andalucia/PMC-01495/2025_H1N1,plate22-A/Andalucia/PMC-01495/2025_H1N1,1.362e+04,1.863,1
flu-seqneut-2026-CTS-042,A/Arizona/40/2026_H1N1,plate22-A/Arizona/40/2026_H1N1,40,0.005616,0.005616
flu-seqneut-2026-CTS-042,A/Arizona/40/2026_H1N1,plate22-A/Arizona/40/2026_H1N1,92,0.2581,0.2581
flu-seqneut-2026-CTS-042,A/Arizona/40/2026_H1N1,plate22-A/Arizona/40/2026_H1N1,487,0.4973,0.4973
flu-seqneut-2026-CTS-042,A/Arizona/40/2026_H1N1,plate22-A/Arizona/40/2026_H1N1,1119,1.229,1
flu-seqneut-2026-CTS-042,A/Arizona/40/2026_H1N1,plate22-A/Arizona/40/2026_H1N1,2575,1.314,1
flu-seqneut-2026-CTS-042,A/Arizona/40/2026_H1N1,plate22-A/Arizona/40/2026_H1N1,1.362e+04,2.03,1
flu-seqneut-2026-CTS-042,A/Astrakhan/RII-MH273373S/2025_H3N2,plate22-A/Astrakhan/RII-MH273373S/2025_H3N2,40,0.04331,0.04331
flu-seqneut-2026-CTS-042,A/Astrakhan/RII-MH273373S/2025_H3N2,plate22-A/Astrakhan/RII-MH273373S/2025_H3N2,92,0.4104,0.4104
flu-seqneut-2026-CTS-042,A/Astrakhan/RII-MH273373S/2025_H3N2,plate22-A/Astrakhan/RII-MH273373S/2025_H3N2,487,0.3677,0.3677
flu-seqneut-2026-CTS-042,A/Astrakhan/RII-MH273373S/2025_H3N2,plate22-A/Astrakhan/RII-MH273373S/2025_H3N2,1119,0.9753,0.9753
flu-seqneut-2026-CTS-042,A/Astrakhan/RII-MH273373S/2025_H3N2,plate22-A/Astrakhan/RII-MH273373S/2025_H3N2,2575,0.5634,0.5634
flu-seqneut-2026-CTS-042,A/Astrakhan/RII-MH273373S/2025_H3N2,plate22-A/Astrakhan/RII-MH273373S/2025_H3N2,1.362e+04,1.251,1
flu-seqneut-2026-CTS-042,A/Asturias/232590913/2025_H1N1,plate22-A/Asturias/232590913/2025_H1N1,40,0.02485,0.02485
flu-seqneut-2026-CTS-042,A/Asturias/232590913/2025_H1N1,plate22-A/Asturias/232590913/2025_H1N1,92,0.2609,0.2609
flu-seqneut-2026-CTS-042,A/Asturias/232590913/2025_H1N1,plate22-A/Asturias/232590913/2025_H1N1,487,0.4909,0.4909
flu-seqneut-2026-CTS-042,A/Asturias/232590913/2025_H1N1,plate22-A/Asturias/232590913/2025_H1N1,1119,1.132,1
flu-seqneut-2026-CTS-042,A/Asturias/232590913/2025_H1N1,plate22-A/Asturias/232590913/2025_H1N1,2575,1.675,1
flu-seqneut-2026-CTS-042,A/Asturias/232590913/2025_H1N1,plate22-A/Asturias/232590913/2025_H1N1,1.362e+04,2.172,1
flu-seqneut-2026-CTS-042,A/Badajoz/18738342/2026_H3N2,plate22-A/Badajoz/18738342/2026_H3N2,40,0.0443,0.0443
flu-seqneut-2026-CTS-042,A/Badajoz/18738342/2026_H3N2,plate22-A/Badajoz/18738342/2026_H3N2,92,0.6821,0.6821
flu-seqneut-2026-CTS-042,A/Badajoz/18738342/2026_H3N2,plate22-A/Badajoz/18738342/2026_H3N2,487,0.6922,0.6922
flu-seqneut-2026-CTS-042,A/Badajoz/18738342/2026_H3N2,plate22-A/Badajoz/18738342/2026_H3N2,1119,1.202,1
flu-seqneut-2026-CTS-042,A/Badajoz/18738342/2026_H3N2,plate22-A/Badajoz/18738342/2026_H3N2,2575,0.9623,0.9623
flu-seqneut-2026-CTS-042,A/Badajoz/18738342/2026_H3N2,plate22-A/Badajoz/18738342/2026_H3N2,1.362e+04,2.692,1
flu-seqneut-2026-CTS-042,A/Badajoz/18811358/2026_H3N2,plate22-A/Badajoz/18811358/2026_H3N2,40,0.1442,0.1442
flu-seqneut-2026-CTS-042,A/Badajoz/18811358/2026_H3N2,plate22-A/Badajoz/18811358/2026_H3N2,92,0.484,0.484
flu-seqneut-2026-CTS-042,A/Badajoz/18811358/2026_H3N2,plate22-A/Badajoz/18811358/2026_H3N2,487,0.4765,0.4765
flu-seqneut-2026-CTS-042,A/Badajoz/18811358/2026_H3N2,plate22-A/Badajoz/18811358/2026_H3N2,1119,1.621,1
flu-seqneut-2026-CTS-042,A/Badajoz/18811358/2026_H3N2,plate22-A/Badajoz/18811358/2026_H3N2,2575,1.038,1
flu-seqneut-2026-CTS-042,A/Badajoz/18811358/2026_H3N2,plate22-A/Badajoz/18811358/2026_H3N2,5921,2.565,1
flu-seqneut-2026-CTS-042,A/Badajoz/18811358/2026_H3N2,plate22-A/Badajoz/18811358/2026_H3N2,1.362e+04,1.931,1
flu-seqneut-2026-CTS-042,A/Badajoz/18813527/2026_H3N2,plate22-A/Badajoz/18813527/2026_H3N2,40,0.08221,0.08221
flu-seqneut-2026-CTS-042,A/Badajoz/18813527/2026_H3N2,plate22-A/Badajoz/18813527/2026_H3N2,92,0.6371,0.6371
flu-seqneut-2026-CTS-042,A/Badajoz/18813527/2026_H3N2,plate22-A/Badajoz/18813527/2026_H3N2,487,0.4696,0.4696
flu-seqneut-2026-CTS-042,A/Badajoz/18813527/2026_H3N2,plate22-A/Badajoz/18813527/2026_H3N2,1119,1.189,1
flu-seqneut-2026-CTS-042,A/Badajoz/18813527/2026_H3N2,plate22-A/Badajoz/18813527/2026_H3N2,2575,1.832,1
flu-seqneut-2026-CTS-042,A/Badajoz/18813527/2026_H3N2,plate22-A/Badajoz/18813527/2026_H3N2,1.362e+04,1.727,1
flu-seqneut-2026-CTS-042,A/Bangkok/P2391/2025_H3N2,plate22-A/Bangkok/P2391/2025_H3N2,40,0.1459,0.1459
flu-seqneut-2026-CTS-042,A/Bangkok/P2391/2025_H3N2,plate22-A/Bangkok/P2391/2025_H3N2,92,0.8967,0.8967
flu-seqneut-2026-CTS-042,A/Bangkok/P2391/2025_H3N2,plate22-A/Bangkok/P2391/2025_H3N2,487,0.4571,0.4571
flu-seqneut-2026-CTS-042,A/Bangkok/P2391/2025_H3N2,plate22-A/Bangkok/P2391/2025_H3N2,1119,0.6598,0.6598
flu-seqneut-2026-CTS-042,A/Bangkok/P2391/2025_H3N2,plate22-A/Bangkok/P2391/2025_H3N2,2575,1.324,1
flu-seqneut-2026-CTS-042,A/Bangkok/P2391/2025_H3N2,plate22-A/Bangkok/P2391/2025_H3N2,1.362e+04,2.059,1
flu-seqneut-2026-CTS-042,A/Blaenavon/6687/2026_H3N2,plate22-A/Blaenavon/6687/2026_H3N2,40,0.3794,0.3794
flu-seqneut-2026-CTS-042,A/Blaenavon/6687/2026_H3N2,plate22-A/Blaenavon/6687/2026_H3N2,92,1.184,1
flu-seqneut-2026-CTS-042,A/Blaenavon/6687/2026_H3N2,plate22-A/Blaenavon/6687/2026_H3N2,487,0.6513,0.6513
flu-seqneut-2026-CTS-042,A/Blaenavon/6687/2026_H3N2,plate22-A/Blaenavon/6687/2026_H3N2,1119,0.7584,0.7584
flu-seqneut-2026-CTS-042,A/Blaenavon/6687/2026_H3N2,plate22-A/Blaenavon/6687/2026_H3N2,2575,1.248,1
flu-seqneut-2026-CTS-042,A/Blaenavon/6687/2026_H3N2,plate22-A/Blaenavon/6687/2026_H3N2,1.362e+04,1.916,1
flu-seqneut-2026-CTS-042,A/Bolivia/OR5702/2025_H3N2,plate22-A/Bolivia/OR5702/2025_H3N2,40,0.1373,0.1373
flu-seqneut-2026-CTS-042,A/Bolivia/OR5702/2025_H3N2,plate22-A/Bolivia/OR5702/2025_H3N2,92,0.8529,0.8529
flu-seqneut-2026-CTS-042,A/Bolivia/OR5702/2025_H3N2,plate22-A/Bolivia/OR5702/2025_H3N2,487,0.4602,0.4602
flu-seqneut-2026-CTS-042,A/Bolivia/OR5702/2025_H3N2,plate22-A/Bolivia/OR5702/2025_H3N2,1119,0.7425,0.7425
flu-seqneut-2026-CTS-042,A/Bolivia/OR5702/2025_H3N2,plate22-A/Bolivia/OR5702/2025_H3N2,2575,1.404,1
flu-seqneut-2026-CTS-042,A/Bolivia/OR5702/2025_H3N2,plate22-A/Bolivia/OR5702/2025_H3N2,1.362e+04,1.814,1
flu-seqneut-2026-CTS-042,A/BritishColumbia/RV00022-26/2025_H1N1,plate22-A/BritishColumbia/RV00022-26/2025_H1N1,40,0.0487,0.0487
flu-seqneut-2026-CTS-042,A/BritishColumbia/RV00022-26/2025_H1N1,plate22-A/BritishColumbia/RV00022-26/2025_H1N1,92,0.5271,0.5271
flu-seqneut-2026-CTS-042,A/BritishColumbia/RV00022-26/2025_H1N1,plate22-A/BritishColumbia/RV00022-26/2025_H1N1,487,0.5501,0.5501
flu-seqneut-2026-CTS-042,A/BritishColumbia/RV00022-26/2025_H1N1,plate22-A/BritishColumbia/RV00022-26/2025_H1N1,1119,1.325,1
flu-seqneut-2026-CTS-042,A/BritishColumbia/RV00022-26/2025_H1N1,plate22-A/BritishColumbia/RV00022-26/2025_H1N1,2575,1.562,1
flu-seqneut-2026-CTS-042,A/BritishColumbia/RV00022-26/2025_H1N1,plate22-A/BritishColumbia/RV00022-26/2025_H1N1,1.362e+04,2.276,1
flu-seqneut-2026-CTS-042,A/BritishColumbia/RV00279-26/2025_H3N2,plate22-A/BritishColumbia/RV00279-26/2025_H3N2,40,0.1262,0.1262
flu-seqneut-2026-CTS-042,A/BritishColumbia/RV00279-26/2025_H3N2,plate22-A/BritishColumbia/RV00279-26/2025_H3N2,92,0.6401,0.6401
flu-seqneut-2026-CTS-042,A/BritishColumbia/RV00279-26/2025_H3N2,plate22-A/BritishColumbia/RV00279-26/2025_H3N2,487,0.4982,0.4982
flu-seqneut-2026-CTS-042,A/BritishColumbia/RV00279-26/2025_H3N2,plate22-A/BritishColumbia/RV00279-26/2025_H3N2,1119,1.772,1
flu-seqneut-2026-CTS-042,A/BritishColumbia/RV00279-26/2025_H3N2,plate22-A/BritishColumbia/RV00279-26/2025_H3N2,2575,1.797,1
flu-seqneut-2026-CTS-042,A/BritishColumbia/RV00279-26/2025_H3N2,plate22-A/BritishColumbia/RV00279-26/2025_H3N2,1.362e+04,2.714,1
flu-seqneut-2026-CTS-042,A/BritishColumbia/RV01350-26/2026_H1N1,plate22-A/BritishColumbia/RV01350-26/2026_H1N1,40,0.02004,0.02004
flu-seqneut-2026-CTS-042,A/BritishColumbia/RV01350-26/2026_H1N1,plate22-A/BritishColumbia/RV01350-26/2026_H1N1,92,0.3224,0.3224
flu-seqneut-2026-CTS-042,A/BritishColumbia/RV01350-26/2026_H1N1,plate22-A/BritishColumbia/RV01350-26/2026_H1N1,487,0.579,0.579
flu-seqneut-2026-CTS-042,A/BritishColumbia/RV01350-26/2026_H1N1,plate22-A/BritishColumbia/RV01350-26/2026_H1N1,1119,1.566,1
flu-seqneut-2026-CTS-042,A/BritishColumbia/RV01350-26/2026_H1N1,plate22-A/BritishColumbia/RV01350-26/2026_H1N1,2575,2.051,1
flu-seqneut-2026-CTS-042,A/BritishColumbia/RV01350-26/2026_H1N1,plate22-A/BritishColumbia/RV01350-26/2026_H1N1,1.362e+04,2.103,1
flu-seqneut-2026-CTS-042,A/BritishColumbia/RV05508-25/2025_H1N1,plate22-A/BritishColumbia/RV05508-25/2025_H1N1,40,0.03343,0.03343
flu-seqneut-2026-CTS-042,A/BritishColumbia/RV05508-25/2025_H1N1,plate22-A/BritishColumbia/RV05508-25/2025_H1N1,92,0.5349,0.5349
flu-seqneut-2026-CTS-042,A/BritishColumbia/RV05508-25/2025_H1N1,plate22-A/BritishColumbia/RV05508-25/2025_H1N1,487,0.5172,0.5172
flu-seqneut-2026-CTS-042,A/BritishColumbia/RV05508-25/2025_H1N1,plate22-A/BritishColumbia/RV05508-25/2025_H1N1,1119,1.45,1
flu-seqneut-2026-CTS-042,A/BritishColumbia/RV05508-25/2025_H1N1,plate22-A/BritishColumbia/RV05508-25/2025_H1N1,2575,2.286,1
flu-seqneut-2026-CTS-042,A/BritishColumbia/RV05508-25/2025_H1N1,plate22-A/BritishColumbia/RV05508-25/2025_H1N1,1.362e+04,1.88,1
flu-seqneut-2026-CTS-042,A/California/GKISBBBH79910/2026_H3N2,plate22-A/California/GKISBBBH79910/2026_H3N2,40,0.1012,0.1012
flu-seqneut-2026-CTS-042,A/California/GKISBBBH79910/2026_H3N2,plate22-A/California/GKISBBBH79910/2026_H3N2,92,0.8467,0.8467
flu-seqneut-2026-CTS-042,A/California/GKISBBBH79910/2026_H3N2,plate22-A/California/GKISBBBH79910/2026_H3N2,487,0.3215,0.3215
flu-seqneut-2026-CTS-042,A/California/GKISBBBH79910/2026_H3N2,plate22-A/California/GKISBBBH79910/2026_H3N2,1119,1.097,1
flu-seqneut-2026-CTS-042,A/California/GKISBBBH79910/2026_H3N2,plate22-A/California/GKISBBBH79910/2026_H3N2,2575,1.105,1
flu-seqneut-2026-CTS-042,A/California/GKISBBBH79910/2026_H3N2,plate22-A/California/GKISBBBH79910/2026_H3N2,1.362e+04,2.522,1
flu-seqneut-2026-CTS-042,A/California/NIRC-IS-1019/2026_H1N1,plate22-A/California/NIRC-IS-1019/2026_H1N1,40,0.02496,0.02496
flu-seqneut-2026-CTS-042,A/California/NIRC-IS-1019/2026_H1N1,plate22-A/California/NIRC-IS-1019/2026_H1N1,92,0.3754,0.3754
flu-seqneut-2026-CTS-042,A/California/NIRC-IS-1019/2026_H1N1,plate22-A/California/NIRC-IS-1019/2026_H1N1,487,0.44,0.44
flu-seqneut-2026-CTS-042,A/California/NIRC-IS-1019/2026_H1N1,plate22-A/California/NIRC-IS-1019/2026_H1N1,1119,1.125,1
flu-seqneut-2026-CTS-042,A/California/NIRC-IS-1019/2026_H1N1,plate22-A/California/NIRC-IS-1019/2026_H1N1,2575,1.534,1
flu-seqneut-2026-CTS-042,A/California/NIRC-IS-1019/2026_H1N1,plate22-A/California/NIRC-IS-1019/2026_H1N1,1.362e+04,1.698,1
flu-seqneut-2026-CTS-042,A/California/NIRC-IS-1059/2026_H3N2,plate22-A/California/NIRC-IS-1059/2026_H3N2,40,0.07941,0.07941
flu-seqneut-2026-CTS-042,A/California/NIRC-IS-1059/2026_H3N2,plate22-A/California/NIRC-IS-1059/2026_H3N2,92,0.9062,0.9062
flu-seqneut-2026-CTS-042,A/California/NIRC-IS-1059/2026_H3N2,plate22-A/California/NIRC-IS-1059/2026_H3N2,487,0.3964,0.3964
flu-seqneut-2026-CTS-042,A/California/NIRC-IS-1059/2026_H3N2,plate22-A/California/NIRC-IS-1059/2026_H3N2,1119,1.435,1
flu-seqneut-2026-CTS-042,A/California/NIRC-IS-1059/2026_H3N2,plate22-A/California/NIRC-IS-1059/2026_H3N2,2575,1.436,1
flu-seqneut-2026-CTS-042,A/California/NIRC-IS-1059/2026_H3N2,plate22-A/California/NIRC-IS-1059/2026_H3N2,1.362e+04,2.698,1
flu-seqneut-2026-CTS-042,A/California/NIRC-IS-1067/2026_H3N2,plate22-A/California/NIRC-IS-1067/2026_H3N2,40,0.1227,0.1227
flu-seqneut-2026-CTS-042,A/California/NIRC-IS-1067/2026_H3N2,plate22-A/California/NIRC-IS-1067/2026_H3N2,92,0.623,0.623
flu-seqneut-2026-CTS-042,A/California/NIRC-IS-1067/2026_H3N2,plate22-A/California/NIRC-IS-1067/2026_H3N2,487,0.4951,0.4951
flu-seqneut-2026-CTS-042,A/California/NIRC-IS-1067/2026_H3N2,plate22-A/California/NIRC-IS-1067/2026_H3N2,1119,1.48,1
flu-seqneut-2026-CTS-042,A/California/NIRC-IS-1067/2026_H3N2,plate22-A/California/NIRC-IS-1067/2026_H3N2,2575,1.253,1
flu-seqneut-2026-CTS-042,A/California/NIRC-IS-1067/2026_H3N2,plate22-A/California/NIRC-IS-1067/2026_H3N2,1.362e+04,2.192,1
flu-seqneut-2026-CTS-042,A/California/NIRC-IS-1356/2025_H1N1,plate22-A/California/NIRC-IS-1356/2025_H1N1,40,0.02347,0.02347
flu-seqneut-2026-CTS-042,A/California/NIRC-IS-1356/2025_H1N1,plate22-A/California/NIRC-IS-1356/2025_H1N1,92,0.2379,0.2379
flu-seqneut-2026-CTS-042,A/California/NIRC-IS-1356/2025_H1N1,plate22-A/California/NIRC-IS-1356/2025_H1N1,487,0.3105,0.3105
flu-seqneut-2026-CTS-042,A/California/NIRC-IS-1356/2025_H1N1,plate22-A/California/NIRC-IS-1356/2025_H1N1,1119,1.728,1
flu-seqneut-2026-CTS-042,A/California/NIRC-IS-1356/2025_H1N1,plate22-A/California/NIRC-IS-1356/2025_H1N1,2575,1.45,1
flu-seqneut-2026-CTS-042,A/California/NIRC-IS-1356/2025_H1N1,plate22-A/California/NIRC-IS-1356/2025_H1N1,1.362e+04,1.665,1
flu-seqneut-2026-CTS-042,A/Castellon/VAHNSI_02_02400/2025_H3N2,plate22-A/Castellon/VAHNSI_02_02400/2025_H3N2,40,0.1215,0.1215
flu-seqneut-2026-CTS-042,A/Castellon/VAHNSI_02_02400/2025_H3N2,plate22-A/Castellon/VAHNSI_02_02400/2025_H3N2,92,1.244,1
flu-seqneut-2026-CTS-042,A/Castellon/VAHNSI_02_02400/2025_H3N2,plate22-A/Castellon/VAHNSI_02_02400/2025_H3N2,487,0.6525,0.6525
flu-seqneut-2026-CTS-042,A/Castellon/VAHNSI_02_02400/2025_H3N2,plate22-A/Castellon/VAHNSI_02_02400/2025_H3N2,1119,1.555,1
flu-seqneut-2026-CTS-042,A/Castellon/VAHNSI_02_02400/2025_H3N2,plate22-A/Castellon/VAHNSI_02_02400/2025_H3N2,2575,1.679,1
flu-seqneut-2026-CTS-042,A/Castellon/VAHNSI_02_02400/2025_H3N2,plate22-A/Castellon/VAHNSI_02_02400/2025_H3N2,1.362e+04,2.844,1
flu-seqneut-2026-CTS-042,A/Colombia/1851/2024_H3N2,plate22-A/Colombia/1851/2024_H3N2,40,0.009411,0.009411
flu-seqneut-2026-CTS-042,A/Colombia/1851/2024_H3N2,plate22-A/Colombia/1851/2024_H3N2,92,0.4802,0.4802
flu-seqneut-2026-CTS-042,A/Colombia/1851/2024_H3N2,plate22-A/Colombia/1851/2024_H3N2,487,0.3298,0.3298
flu-seqneut-2026-CTS-042,A/Colombia/1851/2024_H3N2,plate22-A/Colombia/1851/2024_H3N2,1119,1.036,1
flu-seqneut-2026-CTS-042,A/Colombia/1851/2024_H3N2,plate22-A/Colombia/1851/2024_H3N2,2575,1.216,1
flu-seqneut-2026-CTS-042,A/Colombia/1851/2024_H3N2,plate22-A/Colombia/1851/2024_H3N2,1.362e+04,1.79,1
flu-seqneut-2026-CTS-042,A/Colorado/218/2024_H1N1,plate22-A/Colorado/218/2024_H1N1,40,0.02537,0.02537
flu-seqneut-2026-CTS-042,A/Colorado/218/2024_H1N1,plate22-A/Colorado/218/2024_H1N1,92,0.3793,0.3793
flu-seqneut-2026-CTS-042,A/Colorado/218/2024_H1N1,plate22-A/Colorado/218/2024_H1N1,487,0.5134,0.5134
flu-seqneut-2026-CTS-042,A/Colorado/218/2024_H1N1,plate22-A/Colorado/218/2024_H1N1,1119,0.8962,0.8962
flu-seqneut-2026-CTS-042,A/Colorado/218/2024_H1N1,plate22-A/Colorado/218/2024_H1N1,2575,0.8726,0.8726
flu-seqneut-2026-CTS-042,A/Colorado/218/2024_H1N1,plate22-A/Colorado/218/2024_H1N1,1.362e+04,2.065,1
flu-seqneut-2026-CTS-042,A/Connecticut/5/2026_H3N2,plate22-A/Connecticut/5/2026_H3N2,40,0.07812,0.07812
flu-seqneut-2026-CTS-042,A/Connecticut/5/2026_H3N2,plate22-A/Connecticut/5/2026_H3N2,92,0.4981,0.4981
flu-seqneut-2026-CTS-042,A/Connecticut/5/2026_H3N2,plate22-A/Connecticut/5/2026_H3N2,487,0.774,0.774
flu-seqneut-2026-CTS-042,A/Connecticut/5/2026_H3N2,plate22-A/Connecticut/5/2026_H3N2,1119,0.9917,0.9917
flu-seqneut-2026-CTS-042,A/Connecticut/5/2026_H3N2,plate22-A/Connecticut/5/2026_H3N2,2575,1.098,1
flu-seqneut-2026-CTS-042,A/Connecticut/5/2026_H3N2,plate22-A/Connecticut/5/2026_H3N2,1.362e+04,1.603,1
flu-seqneut-2026-CTS-042,A/Croatia/10136RV/2023_H3N2,plate22-A/Croatia/10136RV/2023_H3N2,40,0.02583,0.02583
flu-seqneut-2026-CTS-042,A/Croatia/10136RV/2023_H3N2,plate22-A/Croatia/10136RV/2023_H3N2,92,0.6338,0.6338
flu-seqneut-2026-CTS-042,A/Croatia/10136RV/2023_H3N2,plate22-A/Croatia/10136RV/2023_H3N2,487,0.3107,0.3107
flu-seqneut-2026-CTS-042,A/Croatia/10136RV/2023_H3N2,plate22-A/Croatia/10136RV/2023_H3N2,1119,2.131,1
flu-seqneut-2026-CTS-042,A/Croatia/10136RV/2023_H3N2,plate22-A/Croatia/10136RV/2023_H3N2,2575,2.295,1
flu-seqneut-2026-CTS-042,A/Croatia/10136RV/2023_H3N2,plate22-A/Croatia/10136RV/2023_H3N2,1.362e+04,2.351,1
flu-seqneut-2026-CTS-042,A/Darwin/1415/2025_H3N2,plate22-A/Darwin/1415/2025_H3N2,40,0.03158,0.03158
flu-seqneut-2026-CTS-042,A/Darwin/1415/2025_H3N2,plate22-A/Darwin/1415/2025_H3N2,92,0.3175,0.3175
flu-seqneut-2026-CTS-042,A/Darwin/1415/2025_H3N2,plate22-A/Darwin/1415/2025_H3N2,487,0.2343,0.2343
flu-seqneut-2026-CTS-042,A/Darwin/1415/2025_H3N2,plate22-A/Darwin/1415/2025_H3N2,1119,0.4177,0.4177
flu-seqneut-2026-CTS-042,A/Darwin/1415/2025_H3N2,plate22-A/Darwin/1415/2025_H3N2,2575,0.5269,0.5269
flu-seqneut-2026-CTS-042,A/Darwin/1415/2025_H3N2,plate22-A/Darwin/1415/2025_H3N2,5921,2.563,1
flu-seqneut-2026-CTS-042,A/Darwin/1415/2025_H3N2,plate22-A/Darwin/1415/2025_H3N2,1.362e+04,1.083,1
flu-seqneut-2026-CTS-042,A/Darwin/1454/2025_H3N2,plate22-A/Darwin/1454/2025_H3N2,40,0.02939,0.02939
flu-seqneut-2026-CTS-042,A/Darwin/1454/2025_H3N2,plate22-A/Darwin/1454/2025_H3N2,92,0.4149,0.4149
flu-seqneut-2026-CTS-042,A/Darwin/1454/2025_H3N2,plate22-A/Darwin/1454/2025_H3N2,487,0.5534,0.5534
flu-seqneut-2026-CTS-042,A/Darwin/1454/2025_H3N2,plate22-A/Darwin/1454/2025_H3N2,1119,0.642,0.642
flu-seqneut-2026-CTS-042,A/Darwin/1454/2025_H3N2,plate22-A/Darwin/1454/2025_H3N2,2575,1.033,1
flu-seqneut-2026-CTS-042,A/Darwin/1454/2025_H3N2,plate22-A/Darwin/1454/2025_H3N2,1.362e+04,1.76,1
flu-seqneut-2026-CTS-042,A/Denmark/3940/2025_H3N2,plate22-A/Denmark/3940/2025_H3N2,40,0.1191,0.1191
flu-seqneut-2026-CTS-042,A/Denmark/3940/2025_H3N2,plate22-A/Denmark/3940/2025_H3N2,92,1.421,1
flu-seqneut-2026-CTS-042,A/Denmark/3940/2025_H3N2,plate22-A/Denmark/3940/2025_H3N2,487,0.7429,0.7429
flu-seqneut-2026-CTS-042,A/Denmark/3940/2025_H3N2,plate22-A/Denmark/3940/2025_H3N2,1119,1.184,1
flu-seqneut-2026-CTS-042,A/Denmark/3940/2025_H3N2,plate22-A/Denmark/3940/2025_H3N2,2575,1.535,1
flu-seqneut-2026-CTS-042,A/Denmark/3940/2025_H3N2,plate22-A/Denmark/3940/2025_H3N2,1.362e+04,1.56,1
flu-seqneut-2026-CTS-042,A/Denmark/4547/2025_H1N1,plate22-A/Denmark/4547/2025_H1N1,40,0.008972,0.008972
flu-seqneut-2026-CTS-042,A/Denmark/4547/2025_H1N1,plate22-A/Denmark/4547/2025_H1N1,92,0.1772,0.1772
flu-seqneut-2026-CTS-042,A/Denmark/4547/2025_H1N1,plate22-A/Denmark/4547/2025_H1N1,487,0.2858,0.2858
flu-seqneut-2026-CTS-042,A/Denmark/4547/2025_H1N1,plate22-A/Denmark/4547/2025_H1N1,1119,0.7082,0.7082
flu-seqneut-2026-CTS-042,A/Denmark/4547/2025_H1N1,plate22-A/Denmark/4547/2025_H1N1,2575,0.8588,0.8588
flu-seqneut-2026-CTS-042,A/Denmark/4547/2025_H1N1,plate22-A/Denmark/4547/2025_H1N1,5921,2.299,1
flu-seqneut-2026-CTS-042,A/Denmark/4547/2025_H1N1,plate22-A/Denmark/4547/2025_H1N1,1.362e+04,1.211,1
flu-seqneut-2026-CTS-042,A/Denmark/4774/2025_H1N1,plate22-A/Denmark/4774/2025_H1N1,40,0.1143,0.1143
flu-seqneut-2026-CTS-042,A/Denmark/4774/2025_H1N1,plate22-A/Denmark/4774/2025_H1N1,92,0.4505,0.4505
flu-seqneut-2026-CTS-042,A/Denmark/4774/2025_H1N1,plate22-A/Denmark/4774/2025_H1N1,487,0.937,0.937
flu-seqneut-2026-CTS-042,A/Denmark/4774/2025_H1N1,plate22-A/Denmark/4774/2025_H1N1,1119,1.861,1
flu-seqneut-2026-CTS-042,A/Denmark/4774/2025_H1N1,plate22-A/Denmark/4774/2025_H1N1,2575,1.838,1
flu-seqneut-2026-CTS-042,A/Denmark/4774/2025_H1N1,plate22-A/Denmark/4774/2025_H1N1,1.362e+04,1.774,1
flu-seqneut-2026-CTS-042,A/District_Of_Columbia/27/2023_H3N2,plate22-A/District_Of_Columbia/27/2023_H3N2,40,0.01451,0.01451
flu-seqneut-2026-CTS-042,A/District_Of_Columbia/27/2023_H3N2,plate22-A/District_Of_Columbia/27/2023_H3N2,92,0.8565,0.8565
flu-seqneut-2026-CTS-042,A/District_Of_Columbia/27/2023_H3N2,plate22-A/District_Of_Columbia/27/2023_H3N2,487,0.6046,0.6046
flu-seqneut-2026-CTS-042,A/District_Of_Columbia/27/2023_H3N2,plate22-A/District_Of_Columbia/27/2023_H3N2,1119,1.43,1
flu-seqneut-2026-CTS-042,A/District_Of_Columbia/27/2023_H3N2,plate22-A/District_Of_Columbia/27/2023_H3N2,2575,1.884,1
flu-seqneut-2026-CTS-042,A/District_Of_Columbia/27/2023_H3N2,plate22-A/District_Of_Columbia/27/2023_H3N2,1.362e+04,1.921,1
flu-seqneut-2026-CTS-042,A/Distrito_Federal/250106000728/2025_H3N2,plate22-A/Distrito_Federal/250106000728/2025_H3N2,40,0.04412,0.04412
flu-seqneut-2026-CTS-042,A/Distrito_Federal/250106000728/2025_H3N2,plate22-A/Distrito_Federal/250106000728/2025_H3N2,92,0.3742,0.3742
flu-seqneut-2026-CTS-042,A/Distrito_Federal/250106000728/2025_H3N2,plate22-A/Distrito_Federal/250106000728/2025_H3N2,487,0.4323,0.4323
flu-seqneut-2026-CTS-042,A/Distrito_Federal/250106000728/2025_H3N2,plate22-A/Distrito_Federal/250106000728/2025_H3N2,1119,0.9456,0.9456
flu-seqneut-2026-CTS-042,A/Distrito_Federal/250106000728/2025_H3N2,plate22-A/Distrito_Federal/250106000728/2025_H3N2,2575,2.054,1
flu-seqneut-2026-CTS-042,A/Distrito_Federal/250106000728/2025_H3N2,plate22-A/Distrito_Federal/250106000728/2025_H3N2,1.362e+04,2.338,1
flu-seqneut-2026-CTS-042,A/England/1893256/2026_H1N1,plate22-A/England/1893256/2026_H1N1,40,0.0348,0.0348
flu-seqneut-2026-CTS-042,A/England/1893256/2026_H1N1,plate22-A/England/1893256/2026_H1N1,92,0.2968,0.2968
flu-seqneut-2026-CTS-042,A/England/1893256/2026_H1N1,plate22-A/England/1893256/2026_H1N1,487,0.4647,0.4647
flu-seqneut-2026-CTS-042,A/England/1893256/2026_H1N1,plate22-A/England/1893256/2026_H1N1,1119,1.297,1
flu-seqneut-2026-CTS-042,A/England/1893256/2026_H1N1,plate22-A/England/1893256/2026_H1N1,2575,1.441,1
flu-seqneut-2026-CTS-042,A/England/1893256/2026_H1N1,plate22-A/England/1893256/2026_H1N1,1.362e+04,2.12,1
flu-seqneut-2026-CTS-042,A/Florida/ISC-1069/2026_H3N2,plate22-A/Florida/ISC-1069/2026_H3N2,40,0.1764,0.1764
flu-seqneut-2026-CTS-042,A/Florida/ISC-1069/2026_H3N2,plate22-A/Florida/ISC-1069/2026_H3N2,92,0.5903,0.5903
flu-seqneut-2026-CTS-042,A/Florida/ISC-1069/2026_H3N2,plate22-A/Florida/ISC-1069/2026_H3N2,487,0.656,0.656
flu-seqneut-2026-CTS-042,A/Florida/ISC-1069/2026_H3N2,plate22-A/Florida/ISC-1069/2026_H3N2,1119,1.442,1
flu-seqneut-2026-CTS-042,A/Florida/ISC-1069/2026_H3N2,plate22-A/Florida/ISC-1069/2026_H3N2,2575,1.708,1
flu-seqneut-2026-CTS-042,A/Florida/ISC-1069/2026_H3N2,plate22-A/Florida/ISC-1069/2026_H3N2,1.362e+04,2.016,1
flu-seqneut-2026-CTS-042,A/France/ARA-HCL025195259501/2025_H1N1,plate22-A/France/ARA-HCL025195259501/2025_H1N1,40,0.01312,0.01312
flu-seqneut-2026-CTS-042,A/France/ARA-HCL025195259501/2025_H1N1,plate22-A/France/ARA-HCL025195259501/2025_H1N1,92,0.2589,0.2589
flu-seqneut-2026-CTS-042,A/France/ARA-HCL025195259501/2025_H1N1,plate22-A/France/ARA-HCL025195259501/2025_H1N1,487,0.3951,0.3951
flu-seqneut-2026-CTS-042,A/France/ARA-HCL025195259501/2025_H1N1,plate22-A/France/ARA-HCL025195259501/2025_H1N1,1119,1.497,1
flu-seqneut-2026-CTS-042,A/France/ARA-HCL025195259501/2025_H1N1,plate22-A/France/ARA-HCL025195259501/2025_H1N1,2575,1.119,1
flu-seqneut-2026-CTS-042,A/France/ARA-HCL025195259501/2025_H1N1,plate22-A/France/ARA-HCL025195259501/2025_H1N1,1.362e+04,1.704,1
flu-seqneut-2026-CTS-042,A/France/ARA-HCL026031894402/2026_H3N2,plate22-A/France/ARA-HCL026031894402/2026_H3N2,40,0.1194,0.1194
flu-seqneut-2026-CTS-042,A/France/ARA-HCL026031894402/2026_H3N2,plate22-A/France/ARA-HCL026031894402/2026_H3N2,92,1.164,1
flu-seqneut-2026-CTS-042,A/France/ARA-HCL026031894402/2026_H3N2,plate22-A/France/ARA-HCL026031894402/2026_H3N2,487,0.3918,0.3918
flu-seqneut-2026-CTS-042,A/France/ARA-HCL026031894402/2026_H3N2,plate22-A/France/ARA-HCL026031894402/2026_H3N2,1119,0.9442,0.9442
flu-seqneut-2026-CTS-042,A/France/ARA-HCL026031894402/2026_H3N2,plate22-A/France/ARA-HCL026031894402/2026_H3N2,2575,1.308,1
flu-seqneut-2026-CTS-042,A/France/ARA-HCL026031894402/2026_H3N2,plate22-A/France/ARA-HCL026031894402/2026_H3N2,1.362e+04,1.685,1
flu-seqneut-2026-CTS-042,A/France/GES-IPP00659/2026_H1N1,plate22-A/France/GES-IPP00659/2026_H1N1,40,0.01171,0.01171
flu-seqneut-2026-CTS-042,A/France/GES-IPP00659/2026_H1N1,plate22-A/France/GES-IPP00659/2026_H1N1,92,0.8275,0.8275
flu-seqneut-2026-CTS-042,A/France/GES-IPP00659/2026_H1N1,plate22-A/France/GES-IPP00659/2026_H1N1,487,0.4842,0.4842
flu-seqneut-2026-CTS-042,A/France/GES-IPP00659/2026_H1N1,plate22-A/France/GES-IPP00659/2026_H1N1,1119,1.684,1
flu-seqneut-2026-CTS-042,A/France/GES-IPP00659/2026_H1N1,plate22-A/France/GES-IPP00659/2026_H1N1,2575,1.276,1
flu-seqneut-2026-CTS-042,A/France/GES-IPP00659/2026_H1N1,plate22-A/France/GES-IPP00659/2026_H1N1,1.362e+04,1.655,1
flu-seqneut-2026-CTS-042,A/France/GES-IPP01077/2026_H3N2,plate22-A/France/GES-IPP01077/2026_H3N2,40,0.1134,0.1134
flu-seqneut-2026-CTS-042,A/France/GES-IPP01077/2026_H3N2,plate22-A/France/GES-IPP01077/2026_H3N2,92,0.2749,0.2749
flu-seqneut-2026-CTS-042,A/France/GES-IPP01077/2026_H3N2,plate22-A/France/GES-IPP01077/2026_H3N2,487,0.7564,0.7564
flu-seqneut-2026-CTS-042,A/France/GES-IPP01077/2026_H3N2,plate22-A/France/GES-IPP01077/2026_H3N2,1119,0.9987,0.9987
flu-seqneut-2026-CTS-042,A/France/GES-IPP01077/2026_H3N2,plate22-A/France/GES-IPP01077/2026_H3N2,2575,0.6484,0.6484
flu-seqneut-2026-CTS-042,A/France/GES-IPP01077/2026_H3N2,plate22-A/France/GES-IPP01077/2026_H3N2,1.362e+04,1.011,1
flu-seqneut-2026-CTS-042,A/France/HDF-IPP01550/2026_H3N2,plate22-A/France/HDF-IPP01550/2026_H3N2,40,0.1326,0.1326
flu-seqneut-2026-CTS-042,A/France/HDF-IPP01550/2026_H3N2,plate22-A/France/HDF-IPP01550/2026_H3N2,92,1.055,1
flu-seqneut-2026-CTS-042,A/France/HDF-IPP01550/2026_H3N2,plate22-A/France/HDF-IPP01550/2026_H3N2,487,0.7035,0.7035
flu-seqneut-2026-CTS-042,A/France/HDF-IPP01550/2026_H3N2,plate22-A/France/HDF-IPP01550/2026_H3N2,1119,1.337,1
flu-seqneut-2026-CTS-042,A/France/HDF-IPP01550/2026_H3N2,plate22-A/France/HDF-IPP01550/2026_H3N2,2575,2.181,1
flu-seqneut-2026-CTS-042,A/France/HDF-IPP01550/2026_H3N2,plate22-A/France/HDF-IPP01550/2026_H3N2,1.362e+04,2.035,1
flu-seqneut-2026-CTS-042,A/France/HDF-RELAB-IPP00300/2026_H3N2,plate22-A/France/HDF-RELAB-IPP00300/2026_H3N2,40,0.06138,0.06138
flu-seqneut-2026-CTS-042,A/France/HDF-RELAB-IPP00300/2026_H3N2,plate22-A/France/HDF-RELAB-IPP00300/2026_H3N2,92,0.573,0.573
flu-seqneut-2026-CTS-042,A/France/HDF-RELAB-IPP00300/2026_H3N2,plate22-A/France/HDF-RELAB-IPP00300/2026_H3N2,487,0.405,0.405
flu-seqneut-2026-CTS-042,A/France/HDF-RELAB-IPP00300/2026_H3N2,plate22-A/France/HDF-RELAB-IPP00300/2026_H3N2,1119,0.8673,0.8673
flu-seqneut-2026-CTS-042,A/France/HDF-RELAB-IPP00300/2026_H3N2,plate22-A/France/HDF-RELAB-IPP00300/2026_H3N2,2575,1.722,1
flu-seqneut-2026-CTS-042,A/France/HDF-RELAB-IPP00300/2026_H3N2,plate22-A/France/HDF-RELAB-IPP00300/2026_H3N2,1.362e+04,1.177,1
flu-seqneut-2026-CTS-042,A/France/HDF-RELAB-IPP07969/2025_H1N1,plate22-A/France/HDF-RELAB-IPP07969/2025_H1N1,40,0.02318,0.02318
flu-seqneut-2026-CTS-042,A/France/HDF-RELAB-IPP07969/2025_H1N1,plate22-A/France/HDF-RELAB-IPP07969/2025_H1N1,92,0.5302,0.5302
flu-seqneut-2026-CTS-042,A/France/HDF-RELAB-IPP07969/2025_H1N1,plate22-A/France/HDF-RELAB-IPP07969/2025_H1N1,487,0.2544,0.2544
flu-seqneut-2026-CTS-042,A/France/HDF-RELAB-IPP07969/2025_H1N1,plate22-A/France/HDF-RELAB-IPP07969/2025_H1N1,1119,0.9633,0.9633
flu-seqneut-2026-CTS-042,A/France/HDF-RELAB-IPP07969/2025_H1N1,plate22-A/France/HDF-RELAB-IPP07969/2025_H1N1,2575,1.883,1
flu-seqneut-2026-CTS-042,A/France/HDF-RELAB-IPP07969/2025_H1N1,plate22-A/France/HDF-RELAB-IPP07969/2025_H1N1,5921,2.992,1
flu-seqneut-2026-CTS-042,A/France/HDF-RELAB-IPP07969/2025_H1N1,plate22-A/France/HDF-RELAB-IPP07969/2025_H1N1,1.362e+04,1.565,1
flu-seqneut-2026-CTS-042,A/France/NAQ-HCL026010957001/2026_H3N2,plate22-A/France/NAQ-HCL026010957001/2026_H3N2,40,0.07845,0.07845
flu-seqneut-2026-CTS-042,A/France/NAQ-HCL026010957001/2026_H3N2,plate22-A/France/NAQ-HCL026010957001/2026_H3N2,92,0.9045,0.9045
flu-seqneut-2026-CTS-042,A/France/NAQ-HCL026010957001/2026_H3N2,plate22-A/France/NAQ-HCL026010957001/2026_H3N2,487,0.4729,0.4729
flu-seqneut-2026-CTS-042,A/France/NAQ-HCL026010957001/2026_H3N2,plate22-A/France/NAQ-HCL026010957001/2026_H3N2,1119,0.9481,0.9481
flu-seqneut-2026-CTS-042,A/France/NAQ-HCL026010957001/2026_H3N2,plate22-A/France/NAQ-HCL026010957001/2026_H3N2,2575,2.122,1
flu-seqneut-2026-CTS-042,A/France/NAQ-HCL026010957001/2026_H3N2,plate22-A/France/NAQ-HCL026010957001/2026_H3N2,1.362e+04,2.266,1
flu-seqneut-2026-CTS-042,A/France/NAQ-HCL026046169102/2025_H1N1,plate22-A/France/NAQ-HCL026046169102/2025_H1N1,40,0.002999,0.002999
flu-seqneut-2026-CTS-042,A/France/NAQ-HCL026046169102/2025_H1N1,plate22-A/France/NAQ-HCL026046169102/2025_H1N1,92,0.1211,0.1211
flu-seqneut-2026-CTS-042,A/France/NAQ-HCL026046169102/2025_H1N1,plate22-A/France/NAQ-HCL026046169102/2025_H1N1,487,0.2287,0.2287
flu-seqneut-2026-CTS-042,A/France/NAQ-HCL026046169102/2025_H1N1,plate22-A/France/NAQ-HCL026046169102/2025_H1N1,1119,0.5271,0.5271
flu-seqneut-2026-CTS-042,A/France/NAQ-HCL026046169102/2025_H1N1,plate22-A/France/NAQ-HCL026046169102/2025_H1N1,2575,0.9213,0.9213
flu-seqneut-2026-CTS-042,A/France/NAQ-HCL026046169102/2025_H1N1,plate22-A/France/NAQ-HCL026046169102/2025_H1N1,5921,2.69,1
flu-seqneut-2026-CTS-042,A/France/NAQ-HCL026046169102/2025_H1N1,plate22-A/France/NAQ-HCL026046169102/2025_H1N1,1.362e+04,1.396,1
flu-seqneut-2026-CTS-042,A/France/OCC-HCL026013263701/2026_H3N2,plate22-A/France/OCC-HCL026013263701/2026_H3N2,40,0.288,0.288
flu-seqneut-2026-CTS-042,A/France/OCC-HCL026013263701/2026_H3N2,plate22-A/France/OCC-HCL026013263701/2026_H3N2,92,0.8389,0.8389
flu-seqneut-2026-CTS-042,A/France/OCC-HCL026013263701/2026_H3N2,plate22-A/France/OCC-HCL026013263701/2026_H3N2,487,0.4674,0.4674
flu-seqneut-2026-CTS-042,A/France/OCC-HCL026013263701/2026_H3N2,plate22-A/France/OCC-HCL026013263701/2026_H3N2,1119,1.046,1
flu-seqneut-2026-CTS-042,A/France/OCC-HCL026013263701/2026_H3N2,plate22-A/France/OCC-HCL026013263701/2026_H3N2,2575,1.326,1
flu-seqneut-2026-CTS-042,A/France/OCC-HCL026013263701/2026_H3N2,plate22-A/France/OCC-HCL026013263701/2026_H3N2,5921,2.477,1
flu-seqneut-2026-CTS-042,A/France/OCC-HCL026013263701/2026_H3N2,plate22-A/France/OCC-HCL026013263701/2026_H3N2,1.362e+04,2.418,1
flu-seqneut-2026-CTS-042,A/France/PAC-RELAB-HCL026021993801/2026_H3N2,plate22-A/France/PAC-RELAB-HCL026021993801/2026_H3N2,40,0.1008,0.1008
flu-seqneut-2026-CTS-042,A/France/PAC-RELAB-HCL026021993801/2026_H3N2,plate22-A/France/PAC-RELAB-HCL026021993801/2026_H3N2,92,1.113,1
flu-seqneut-2026-CTS-042,A/France/PAC-RELAB-HCL026021993801/2026_H3N2,plate22-A/France/PAC-RELAB-HCL026021993801/2026_H3N2,487,0.6944,0.6944
flu-seqneut-2026-CTS-042,A/France/PAC-RELAB-HCL026021993801/2026_H3N2,plate22-A/France/PAC-RELAB-HCL026021993801/2026_H3N2,1119,1.377,1
flu-seqneut-2026-CTS-042,A/France/PAC-RELAB-HCL026021993801/2026_H3N2,plate22-A/France/PAC-RELAB-HCL026021993801/2026_H3N2,2575,1.801,1
flu-seqneut-2026-CTS-042,A/France/PAC-RELAB-HCL026021993801/2026_H3N2,plate22-A/France/PAC-RELAB-HCL026021993801/2026_H3N2,1.362e+04,2.453,1
flu-seqneut-2026-CTS-042,A/Galicia/GA-CHUAC-451/2025_H3N2,plate22-A/Galicia/GA-CHUAC-451/2025_H3N2,40,0.0981,0.0981
flu-seqneut-2026-CTS-042,A/Galicia/GA-CHUAC-451/2025_H3N2,plate22-A/Galicia/GA-CHUAC-451/2025_H3N2,92,0.5161,0.5161
flu-seqneut-2026-CTS-042,A/Galicia/GA-CHUAC-451/2025_H3N2,plate22-A/Galicia/GA-CHUAC-451/2025_H3N2,487,0.3108,0.3108
flu-seqneut-2026-CTS-042,A/Galicia/GA-CHUAC-451/2025_H3N2,plate22-A/Galicia/GA-CHUAC-451/2025_H3N2,1119,0.5287,0.5287
flu-seqneut-2026-CTS-042,A/Galicia/GA-CHUAC-451/2025_H3N2,plate22-A/Galicia/GA-CHUAC-451/2025_H3N2,2575,1.21,1
flu-seqneut-2026-CTS-042,A/Galicia/GA-CHUAC-451/2025_H3N2,plate22-A/Galicia/GA-CHUAC-451/2025_H3N2,1.362e+04,1.882,1
flu-seqneut-2026-CTS-042,A/Galicia/GA-CHUAC-612/2025_H1N1,plate22-A/Galicia/GA-CHUAC-612/2025_H1N1,40,0.008433,0.008433
flu-seqneut-2026-CTS-042,A/Galicia/GA-CHUAC-612/2025_H1N1,plate22-A/Galicia/GA-CHUAC-612/2025_H1N1,92,0.2471,0.2471
flu-seqneut-2026-CTS-042,A/Galicia/GA-CHUAC-612/2025_H1N1,plate22-A/Galicia/GA-CHUAC-612/2025_H1N1,487,0.6821,0.6821
flu-seqneut-2026-CTS-042,A/Galicia/GA-CHUAC-612/2025_H1N1,plate22-A/Galicia/GA-CHUAC-612/2025_H1N1,1119,1.572,1
flu-seqneut-2026-CTS-042,A/Galicia/GA-CHUAC-612/2025_H1N1,plate22-A/Galicia/GA-CHUAC-612/2025_H1N1,2575,2.137,1
flu-seqneut-2026-CTS-042,A/Galicia/GA-CHUAC-612/2025_H1N1,plate22-A/Galicia/GA-CHUAC-612/2025_H1N1,1.362e+04,1.5,1
flu-seqneut-2026-CTS-042,A/Germany/LRMC_0104/2025_H3N2,plate22-A/Germany/LRMC_0104/2025_H3N2,40,0.3388,0.3388
flu-seqneut-2026-CTS-042,A/Germany/LRMC_0104/2025_H3N2,plate22-A/Germany/LRMC_0104/2025_H3N2,92,0.5803,0.5803
flu-seqneut-2026-CTS-042,A/Germany/LRMC_0104/2025_H3N2,plate22-A/Germany/LRMC_0104/2025_H3N2,487,0.4393,0.4393
flu-seqneut-2026-CTS-042,A/Germany/LRMC_0104/2025_H3N2,plate22-A/Germany/LRMC_0104/2025_H3N2,1119,1.134,1
flu-seqneut-2026-CTS-042,A/Germany/LRMC_0104/2025_H3N2,plate22-A/Germany/LRMC_0104/2025_H3N2,2575,1.332,1
flu-seqneut-2026-CTS-042,A/Germany/LRMC_0104/2025_H3N2,plate22-A/Germany/LRMC_0104/2025_H3N2,1.362e+04,2.025,1
flu-seqneut-2026-CTS-042,A/Germany/LRMC_0113/2025_H3N2,plate22-A/Germany/LRMC_0113/2025_H3N2,40,0.09283,0.09283
flu-seqneut-2026-CTS-042,A/Germany/LRMC_0113/2025_H3N2,plate22-A/Germany/LRMC_0113/2025_H3N2,92,0.6628,0.6628
flu-seqneut-2026-CTS-042,A/Germany/LRMC_0113/2025_H3N2,plate22-A/Germany/LRMC_0113/2025_H3N2,487,0.4825,0.4825
flu-seqneut-2026-CTS-042,A/Germany/LRMC_0113/2025_H3N2,plate22-A/Germany/LRMC_0113/2025_H3N2,1119,1.139,1
flu-seqneut-2026-CTS-042,A/Germany/LRMC_0113/2025_H3N2,plate22-A/Germany/LRMC_0113/2025_H3N2,2575,1.267,1
flu-seqneut-2026-CTS-042,A/Germany/LRMC_0113/2025_H3N2,plate22-A/Germany/LRMC_0113/2025_H3N2,1.362e+04,1.649,1
flu-seqneut-2026-CTS-042,A/Hawaii/70/2019_H1N1,plate22-A/Hawaii/70/2019_H1N1,40,0.002963,0.002963
flu-seqneut-2026-CTS-042,A/Hawaii/70/2019_H1N1,plate22-A/Hawaii/70/2019_H1N1,92,0.1683,0.1683
flu-seqneut-2026-CTS-042,A/Hawaii/70/2019_H1N1,plate22-A/Hawaii/70/2019_H1N1,487,0.2194,0.2194
flu-seqneut-2026-CTS-042,A/Hawaii/70/2019_H1N1,plate22-A/Hawaii/70/2019_H1N1,1119,0.8268,0.8268
flu-seqneut-2026-CTS-042,A/Hawaii/70/2019_H1N1,plate22-A/Hawaii/70/2019_H1N1,2575,0.6297,0.6297
flu-seqneut-2026-CTS-042,A/Hawaii/70/2019_H1N1,plate22-A/Hawaii/70/2019_H1N1,5921,1.941,1
flu-seqneut-2026-CTS-042,A/Hawaii/70/2019_H1N1,plate22-A/Hawaii/70/2019_H1N1,1.362e+04,0.9608,0.9608
flu-seqneut-2026-CTS-042,A/Hawaii/ISC-1140/2025_H1N1,plate22-A/Hawaii/ISC-1140/2025_H1N1,40,0.005401,0.005401
flu-seqneut-2026-CTS-042,A/Hawaii/ISC-1140/2025_H1N1,plate22-A/Hawaii/ISC-1140/2025_H1N1,92,0.0646,0.0646
flu-seqneut-2026-CTS-042,A/Hawaii/ISC-1140/2025_H1N1,plate22-A/Hawaii/ISC-1140/2025_H1N1,487,0.2066,0.2066
flu-seqneut-2026-CTS-042,A/Hawaii/ISC-1140/2025_H1N1,plate22-A/Hawaii/ISC-1140/2025_H1N1,1119,0.9222,0.9222
flu-seqneut-2026-CTS-042,A/Hawaii/ISC-1140/2025_H1N1,plate22-A/Hawaii/ISC-1140/2025_H1N1,2575,0.9087,0.9087
flu-seqneut-2026-CTS-042,A/Hawaii/ISC-1140/2025_H1N1,plate22-A/Hawaii/ISC-1140/2025_H1N1,5921,2.147,1
flu-seqneut-2026-CTS-042,A/Hawaii/ISC-1140/2025_H1N1,plate22-A/Hawaii/ISC-1140/2025_H1N1,1.362e+04,1.557,1
flu-seqneut-2026-CTS-042,A/Hessen/18/2026_H1N1,plate22-A/Hessen/18/2026_H1N1,40,0.01565,0.01565
flu-seqneut-2026-CTS-042,A/Hessen/18/2026_H1N1,plate22-A/Hessen/18/2026_H1N1,92,0.4304,0.4304
flu-seqneut-2026-CTS-042,A/Hessen/18/2026_H1N1,plate22-A/Hessen/18/2026_H1N1,487,0.9727,0.9727
flu-seqneut-2026-CTS-042,A/Hessen/18/2026_H1N1,plate22-A/Hessen/18/2026_H1N1,1119,1.573,1
flu-seqneut-2026-CTS-042,A/Hessen/18/2026_H1N1,plate22-A/Hessen/18/2026_H1N1,2575,2.028,1
flu-seqneut-2026-CTS-042,A/Hessen/18/2026_H1N1,plate22-A/Hessen/18/2026_H1N1,1.362e+04,2.737,1
flu-seqneut-2026-CTS-042,A/Ireland/91576/2025_H3N2,plate22-A/Ireland/91576/2025_H3N2,40,0.06584,0.06584
flu-seqneut-2026-CTS-042,A/Ireland/91576/2025_H3N2,plate22-A/Ireland/91576/2025_H3N2,92,0.584,0.584
flu-seqneut-2026-CTS-042,A/Ireland/91576/2025_H3N2,plate22-A/Ireland/91576/2025_H3N2,487,0.9151,0.9151
flu-seqneut-2026-CTS-042,A/Ireland/91576/2025_H3N2,plate22-A/Ireland/91576/2025_H3N2,1119,1.565,1
flu-seqneut-2026-CTS-042,A/Ireland/91576/2025_H3N2,plate22-A/Ireland/91576/2025_H3N2,2575,1.389,1
flu-seqneut-2026-CTS-042,A/Ireland/91576/2025_H3N2,plate22-A/Ireland/91576/2025_H3N2,1.362e+04,1.991,1
flu-seqneut-2026-CTS-042,A/Kentucky/80/2025_H1N1,plate22-A/Kentucky/80/2025_H1N1,40,0.01911,0.01911
flu-seqneut-2026-CTS-042,A/Kentucky/80/2025_H1N1,plate22-A/Kentucky/80/2025_H1N1,92,0.3026,0.3026
flu-seqneut-2026-CTS-042,A/Kentucky/80/2025_H1N1,plate22-A/Kentucky/80/2025_H1N1,487,0.4604,0.4604
flu-seqneut-2026-CTS-042,A/Kentucky/80/2025_H1N1,plate22-A/Kentucky/80/2025_H1N1,1119,1.005,1
flu-seqneut-2026-CTS-042,A/Kentucky/80/2025_H1N1,plate22-A/Kentucky/80/2025_H1N1,2575,0.9147,0.9147
flu-seqneut-2026-CTS-042,A/Kentucky/80/2025_H1N1,plate22-A/Kentucky/80/2025_H1N1,1.362e+04,1.564,1
flu-seqneut-2026-CTS-042,A/Lisboa/216/2023_H3N2,plate22-A/Lisboa/216/2023_H3N2,40,0.002464,0.002464
flu-seqneut-2026-CTS-042,A/Lisboa/216/2023_H3N2,plate22-A/Lisboa/216/2023_H3N2,92,0.2739,0.2739
flu-seqneut-2026-CTS-042,A/Lisboa/216/2023_H3N2,plate22-A/Lisboa/216/2023_H3N2,487,0.3437,0.3437
flu-seqneut-2026-CTS-042,A/Lisboa/216/2023_H3N2,plate22-A/Lisboa/216/2023_H3N2,1119,0.644,0.644
flu-seqneut-2026-CTS-042,A/Lisboa/216/2023_H3N2,plate22-A/Lisboa/216/2023_H3N2,2575,0.9211,0.9211
flu-seqneut-2026-CTS-042,A/Lisboa/216/2023_H3N2,plate22-A/Lisboa/216/2023_H3N2,1.362e+04,2.793,1
flu-seqneut-2026-CTS-042,A/Luxembourg/LNS9132577/2026_H3N2,plate22-A/Luxembourg/LNS9132577/2026_H3N2,40,0.1207,0.1207
flu-seqneut-2026-CTS-042,A/Luxembourg/LNS9132577/2026_H3N2,plate22-A/Luxembourg/LNS9132577/2026_H3N2,92,1.149,1
flu-seqneut-2026-CTS-042,A/Luxembourg/LNS9132577/2026_H3N2,plate22-A/Luxembourg/LNS9132577/2026_H3N2,487,0.5995,0.5995
flu-seqneut-2026-CTS-042,A/Luxembourg/LNS9132577/2026_H3N2,plate22-A/Luxembourg/LNS9132577/2026_H3N2,1119,1.255,1
flu-seqneut-2026-CTS-042,A/Luxembourg/LNS9132577/2026_H3N2,plate22-A/Luxembourg/LNS9132577/2026_H3N2,2575,1.485,1
flu-seqneut-2026-CTS-042,A/Luxembourg/LNS9132577/2026_H3N2,plate22-A/Luxembourg/LNS9132577/2026_H3N2,1.362e+04,2.189,1
flu-seqneut-2026-CTS-042,A/Maine/25/2026_H1N1,plate22-A/Maine/25/2026_H1N1,40,0.01248,0.01248
flu-seqneut-2026-CTS-042,A/Maine/25/2026_H1N1,plate22-A/Maine/25/2026_H1N1,92,0.263,0.263
flu-seqneut-2026-CTS-042,A/Maine/25/2026_H1N1,plate22-A/Maine/25/2026_H1N1,487,0.4107,0.4107
flu-seqneut-2026-CTS-042,A/Maine/25/2026_H1N1,plate22-A/Maine/25/2026_H1N1,1119,1.22,1
flu-seqneut-2026-CTS-042,A/Maine/25/2026_H1N1,plate22-A/Maine/25/2026_H1N1,2575,1.68,1
flu-seqneut-2026-CTS-042,A/Maine/25/2026_H1N1,plate22-A/Maine/25/2026_H1N1,1.362e+04,2.243,1
flu-seqneut-2026-CTS-042,A/Malaysia/IMR/SARI/2406/2025_H3N2,plate22-A/Malaysia/IMR/SARI/2406/2025_H3N2,40,0.08513,0.08513
flu-seqneut-2026-CTS-042,A/Malaysia/IMR/SARI/2406/2025_H3N2,plate22-A/Malaysia/IMR/SARI/2406/2025_H3N2,92,0.861,0.861
flu-seqneut-2026-CTS-042,A/Malaysia/IMR/SARI/2406/2025_H3N2,plate22-A/Malaysia/IMR/SARI/2406/2025_H3N2,487,0.5333,0.5333
flu-seqneut-2026-CTS-042,A/Malaysia/IMR/SARI/2406/2025_H3N2,plate22-A/Malaysia/IMR/SARI/2406/2025_H3N2,1119,1.202,1
flu-seqneut-2026-CTS-042,A/Malaysia/IMR/SARI/2406/2025_H3N2,plate22-A/Malaysia/IMR/SARI/2406/2025_H3N2,2575,1.209,1
flu-seqneut-2026-CTS-042,A/Malaysia/IMR/SARI/2406/2025_H3N2,plate22-A/Malaysia/IMR/SARI/2406/2025_H3N2,1.362e+04,2.364,1
flu-seqneut-2026-CTS-042,A/Massachusetts/18/2022_H3N2,plate22-A/Massachusetts/18/2022_H3N2,40,0.00898,0.00898
flu-seqneut-2026-CTS-042,A/Massachusetts/18/2022_H3N2,plate22-A/Massachusetts/18/2022_H3N2,92,0.3346,0.3346
flu-seqneut-2026-CTS-042,A/Massachusetts/18/2022_H3N2,plate22-A/Massachusetts/18/2022_H3N2,487,0.2439,0.2439
flu-seqneut-2026-CTS-042,A/Massachusetts/18/2022_H3N2,plate22-A/Massachusetts/18/2022_H3N2,1119,0.7623,0.7623
flu-seqneut-2026-CTS-042,A/Massachusetts/18/2022_H3N2,plate22-A/Massachusetts/18/2022_H3N2,2575,2.217,1
flu-seqneut-2026-CTS-042,A/Massachusetts/18/2022_H3N2,plate22-A/Massachusetts/18/2022_H3N2,1.362e+04,1.507,1
flu-seqneut-2026-CTS-042,A/Massachusetts/ISC-1856/2025_H3N2,plate22-A/Massachusetts/ISC-1856/2025_H3N2,40,0.4391,0.4391
flu-seqneut-2026-CTS-042,A/Massachusetts/ISC-1856/2025_H3N2,plate22-A/Massachusetts/ISC-1856/2025_H3N2,92,1.005,1
flu-seqneut-2026-CTS-042,A/Massachusetts/ISC-1856/2025_H3N2,plate22-A/Massachusetts/ISC-1856/2025_H3N2,487,0.6175,0.6175
flu-seqneut-2026-CTS-042,A/Massachusetts/ISC-1856/2025_H3N2,plate22-A/Massachusetts/ISC-1856/2025_H3N2,1119,1.44,1
flu-seqneut-2026-CTS-042,A/Massachusetts/ISC-1856/2025_H3N2,plate22-A/Massachusetts/ISC-1856/2025_H3N2,2575,2.357,1
flu-seqneut-2026-CTS-042,A/Massachusetts/ISC-1856/2025_H3N2,plate22-A/Massachusetts/ISC-1856/2025_H3N2,1.362e+04,2.909,1
flu-seqneut-2026-CTS-042,A/Mauritius/26000203/2026_H1N1,plate22-A/Mauritius/26000203/2026_H1N1,40,0.003159,0.003159
flu-seqneut-2026-CTS-042,A/Mauritius/26000203/2026_H1N1,plate22-A/Mauritius/26000203/2026_H1N1,92,0.2408,0.2408
flu-seqneut-2026-CTS-042,A/Mauritius/26000203/2026_H1N1,plate22-A/Mauritius/26000203/2026_H1N1,487,0.2912,0.2912
flu-seqneut-2026-CTS-042,A/Mauritius/26000203/2026_H1N1,plate22-A/Mauritius/26000203/2026_H1N1,1119,0.8565,0.8565
flu-seqneut-2026-CTS-042,A/Mauritius/26000203/2026_H1N1,plate22-A/Mauritius/26000203/2026_H1N1,2575,1.379,1
flu-seqneut-2026-CTS-042,A/Mauritius/26000203/2026_H1N1,plate22-A/Mauritius/26000203/2026_H1N1,5921,2.893,1
flu-seqneut-2026-CTS-042,A/Mauritius/26000203/2026_H1N1,plate22-A/Mauritius/26000203/2026_H1N1,1.362e+04,1.538,1
flu-seqneut-2026-CTS-042,A/Michigan/8/2026_H3N2,plate22-A/Michigan/8/2026_H3N2,40,0.0514,0.0514
flu-seqneut-2026-CTS-042,A/Michigan/8/2026_H3N2,plate22-A/Michigan/8/2026_H3N2,92,0.6732,0.6732
flu-seqneut-2026-CTS-042,A/Michigan/8/2026_H3N2,plate22-A/Michigan/8/2026_H3N2,487,0.5716,0.5716
flu-seqneut-2026-CTS-042,A/Michigan/8/2026_H3N2,plate22-A/Michigan/8/2026_H3N2,1119,0.871,0.871
flu-seqneut-2026-CTS-042,A/Michigan/8/2026_H3N2,plate22-A/Michigan/8/2026_H3N2,2575,1.533,1
flu-seqneut-2026-CTS-042,A/Michigan/8/2026_H3N2,plate22-A/Michigan/8/2026_H3N2,1.362e+04,2.014,1
flu-seqneut-2026-CTS-042,A/Michigan/UM-10068071276/2025_H3N2,plate22-A/Michigan/UM-10068071276/2025_H3N2,40,0.1205,0.1205
flu-seqneut-2026-CTS-042,A/Michigan/UM-10068071276/2025_H3N2,plate22-A/Michigan/UM-10068071276/2025_H3N2,92,0.7053,0.7053
flu-seqneut-2026-CTS-042,A/Michigan/UM-10068071276/2025_H3N2,plate22-A/Michigan/UM-10068071276/2025_H3N2,487,0.3263,0.3263
flu-seqneut-2026-CTS-042,A/Michigan/UM-10068071276/2025_H3N2,plate22-A/Michigan/UM-10068071276/2025_H3N2,1119,0.9999,0.9999
flu-seqneut-2026-CTS-042,A/Michigan/UM-10068071276/2025_H3N2,plate22-A/Michigan/UM-10068071276/2025_H3N2,2575,0.7324,0.7324
flu-seqneut-2026-CTS-042,A/Michigan/UM-10068071276/2025_H3N2,plate22-A/Michigan/UM-10068071276/2025_H3N2,5921,2.346,1
flu-seqneut-2026-CTS-042,A/Michigan/UM-10068071276/2025_H3N2,plate22-A/Michigan/UM-10068071276/2025_H3N2,1.362e+04,1.631,1
flu-seqneut-2026-CTS-042,A/Michigan/UM-10068134090/2025_H3N2,plate22-A/Michigan/UM-10068134090/2025_H3N2,40,0.09474,0.09474
flu-seqneut-2026-CTS-042,A/Michigan/UM-10068134090/2025_H3N2,plate22-A/Michigan/UM-10068134090/2025_H3N2,92,0.3601,0.3601
flu-seqneut-2026-CTS-042,A/Michigan/UM-10068134090/2025_H3N2,plate22-A/Michigan/UM-10068134090/2025_H3N2,487,0.3196,0.3196
flu-seqneut-2026-CTS-042,A/Michigan/UM-10068134090/2025_H3N2,plate22-A/Michigan/UM-10068134090/2025_H3N2,1119,1.152,1
flu-seqneut-2026-CTS-042,A/Michigan/UM-10068134090/2025_H3N2,plate22-A/Michigan/UM-10068134090/2025_H3N2,2575,1.633,1
flu-seqneut-2026-CTS-042,A/Michigan/UM-10068134090/2025_H3N2,plate22-A/Michigan/UM-10068134090/2025_H3N2,1.362e+04,1.113,1
flu-seqneut-2026-CTS-042,A/Michigan/UM-10068449788/2025_H3N2,plate22-A/Michigan/UM-10068449788/2025_H3N2,40,0.05481,0.05481
flu-seqneut-2026-CTS-042,A/Michigan/UM-10068449788/2025_H3N2,plate22-A/Michigan/UM-10068449788/2025_H3N2,92,0.7761,0.7761
flu-seqneut-2026-CTS-042,A/Michigan/UM-10068449788/2025_H3N2,plate22-A/Michigan/UM-10068449788/2025_H3N2,487,0.3877,0.3877
flu-seqneut-2026-CTS-042,A/Michigan/UM-10068449788/2025_H3N2,plate22-A/Michigan/UM-10068449788/2025_H3N2,1119,0.8353,0.8353
flu-seqneut-2026-CTS-042,A/Michigan/UM-10068449788/2025_H3N2,plate22-A/Michigan/UM-10068449788/2025_H3N2,2575,1.71,1
flu-seqneut-2026-CTS-042,A/Michigan/UM-10068449788/2025_H3N2,plate22-A/Michigan/UM-10068449788/2025_H3N2,1.362e+04,2.25,1
flu-seqneut-2026-CTS-042,A/Michigan/UM-10068456988/2025_H3N2,plate22-A/Michigan/UM-10068456988/2025_H3N2,40,0.2444,0.2444
flu-seqneut-2026-CTS-042,A/Michigan/UM-10068456988/2025_H3N2,plate22-A/Michigan/UM-10068456988/2025_H3N2,92,0.8579,0.8579
flu-seqneut-2026-CTS-042,A/Michigan/UM-10068456988/2025_H3N2,plate22-A/Michigan/UM-10068456988/2025_H3N2,487,0.765,0.765
flu-seqneut-2026-CTS-042,A/Michigan/UM-10068456988/2025_H3N2,plate22-A/Michigan/UM-10068456988/2025_H3N2,1119,1.159,1
flu-seqneut-2026-CTS-042,A/Michigan/UM-10068456988/2025_H3N2,plate22-A/Michigan/UM-10068456988/2025_H3N2,2575,1.738,1
flu-seqneut-2026-CTS-042,A/Michigan/UM-10068456988/2025_H3N2,plate22-A/Michigan/UM-10068456988/2025_H3N2,1.362e+04,2.609,1
flu-seqneut-2026-CTS-042,A/Michigan/UM-10068747355/2026_H3N2,plate22-A/Michigan/UM-10068747355/2026_H3N2,40,0.05555,0.05555
flu-seqneut-2026-CTS-042,A/Michigan/UM-10068747355/2026_H3N2,plate22-A/Michigan/UM-10068747355/2026_H3N2,92,0.3953,0.3953
flu-seqneut-2026-CTS-042,A/Michigan/UM-10068747355/2026_H3N2,plate22-A/Michigan/UM-10068747355/2026_H3N2,487,0.5115,0.5115
flu-seqneut-2026-CTS-042,A/Michigan/UM-10068747355/2026_H3N2,plate22-A/Michigan/UM-10068747355/2026_H3N2,1119,1.068,1
flu-seqneut-2026-CTS-042,A/Michigan/UM-10068747355/2026_H3N2,plate22-A/Michigan/UM-10068747355/2026_H3N2,2575,1.435,1
flu-seqneut-2026-CTS-042,A/Michigan/UM-10068747355/2026_H3N2,plate22-A/Michigan/UM-10068747355/2026_H3N2,1.362e+04,1.82,1
flu-seqneut-2026-CTS-042,A/MinasGerais/410/2026_H1N1,plate22-A/MinasGerais/410/2026_H1N1,40,0.006152,0.006152
flu-seqneut-2026-CTS-042,A/MinasGerais/410/2026_H1N1,plate22-A/MinasGerais/410/2026_H1N1,92,0.4347,0.4347
flu-seqneut-2026-CTS-042,A/MinasGerais/410/2026_H1N1,plate22-A/MinasGerais/410/2026_H1N1,487,0.4135,0.4135
flu-seqneut-2026-CTS-042,A/MinasGerais/410/2026_H1N1,plate22-A/MinasGerais/410/2026_H1N1,1119,1.389,1
flu-seqneut-2026-CTS-042,A/MinasGerais/410/2026_H1N1,plate22-A/MinasGerais/410/2026_H1N1,2575,1.36,1
flu-seqneut-2026-CTS-042,A/MinasGerais/410/2026_H1N1,plate22-A/MinasGerais/410/2026_H1N1,1.362e+04,2.247,1
flu-seqneut-2026-CTS-042,A/MinasGerais/671/2026_H1N1,plate22-A/MinasGerais/671/2026_H1N1,40,0.02258,0.02258
flu-seqneut-2026-CTS-042,A/MinasGerais/671/2026_H1N1,plate22-A/MinasGerais/671/2026_H1N1,92,0.3496,0.3496
flu-seqneut-2026-CTS-042,A/MinasGerais/671/2026_H1N1,plate22-A/MinasGerais/671/2026_H1N1,487,0.4755,0.4755
flu-seqneut-2026-CTS-042,A/MinasGerais/671/2026_H1N1,plate22-A/MinasGerais/671/2026_H1N1,1119,1.223,1
flu-seqneut-2026-CTS-042,A/MinasGerais/671/2026_H1N1,plate22-A/MinasGerais/671/2026_H1N1,2575,1.508,1
flu-seqneut-2026-CTS-042,A/MinasGerais/671/2026_H1N1,plate22-A/MinasGerais/671/2026_H1N1,1.362e+04,2.007,1
flu-seqneut-2026-CTS-042,A/Mississippi/20/2026_H1N1,plate22-A/Mississippi/20/2026_H1N1,40,0.004845,0.004845
flu-seqneut-2026-CTS-042,A/Mississippi/20/2026_H1N1,plate22-A/Mississippi/20/2026_H1N1,92,0.1429,0.1429
flu-seqneut-2026-CTS-042,A/Mississippi/20/2026_H1N1,plate22-A/Mississippi/20/2026_H1N1,487,0.2425,0.2425
flu-seqneut-2026-CTS-042,A/Mississippi/20/2026_H1N1,plate22-A/Mississippi/20/2026_H1N1,1119,0.6376,0.6376
flu-seqneut-2026-CTS-042,A/Mississippi/20/2026_H1N1,plate22-A/Mississippi/20/2026_H1N1,2575,0.8084,0.8084
flu-seqneut-2026-CTS-042,A/Mississippi/20/2026_H1N1,plate22-A/Mississippi/20/2026_H1N1,1.362e+04,1.269,1
flu-seqneut-2026-CTS-042,A/Missouri/11/2025_cell_H1N1,plate22-A/Missouri/11/2025_cell_H1N1,40,0.004662,0.004662
flu-seqneut-2026-CTS-042,A/Missouri/11/2025_cell_H1N1,plate22-A/Missouri/11/2025_cell_H1N1,92,0.1888,0.1888
flu-seqneut-2026-CTS-042,A/Missouri/11/2025_cell_H1N1,plate22-A/Missouri/11/2025_cell_H1N1,487,0.9434,0.9434
flu-seqneut-2026-CTS-042,A/Missouri/11/2025_cell_H1N1,plate22-A/Missouri/11/2025_cell_H1N1,1119,1.01,1
flu-seqneut-2026-CTS-042,A/Missouri/11/2025_cell_H1N1,plate22-A/Missouri/11/2025_cell_H1N1,2575,1.333,1
flu-seqneut-2026-CTS-042,A/Missouri/11/2025_cell_H1N1,plate22-A/Missouri/11/2025_cell_H1N1,1.362e+04,2.19,1
flu-seqneut-2026-CTS-042,A/Missouri/11/2025_egg_H1N1,plate22-A/Missouri/11/2025_egg_H1N1,40,0.0155,0.0155
flu-seqneut-2026-CTS-042,A/Missouri/11/2025_egg_H1N1,plate22-A/Missouri/11/2025_egg_H1N1,92,0.04634,0.04634
flu-seqneut-2026-CTS-042,A/Missouri/11/2025_egg_H1N1,plate22-A/Missouri/11/2025_egg_H1N1,487,0.4279,0.4279
flu-seqneut-2026-CTS-042,A/Missouri/11/2025_egg_H1N1,plate22-A/Missouri/11/2025_egg_H1N1,1119,1.36,1
flu-seqneut-2026-CTS-042,A/Missouri/11/2025_egg_H1N1,plate22-A/Missouri/11/2025_egg_H1N1,2575,2.11,1
flu-seqneut-2026-CTS-042,A/Missouri/11/2025_egg_H1N1,plate22-A/Missouri/11/2025_egg_H1N1,1.362e+04,2.446,1
flu-seqneut-2026-CTS-042,A/Montana/51/2025_H3N2,plate22-A/Montana/51/2025_H3N2,40,0.1021,0.1021
flu-seqneut-2026-CTS-042,A/Montana/51/2025_H3N2,plate22-A/Montana/51/2025_H3N2,92,0.3343,0.3343
flu-seqneut-2026-CTS-042,A/Montana/51/2025_H3N2,plate22-A/Montana/51/2025_H3N2,487,0.2709,0.2709
flu-seqneut-2026-CTS-042,A/Montana/51/2025_H3N2,plate22-A/Montana/51/2025_H3N2,1119,1.099,1
flu-seqneut-2026-CTS-042,A/Montana/51/2025_H3N2,plate22-A/Montana/51/2025_H3N2,2575,1.693,1
flu-seqneut-2026-CTS-042,A/Montana/51/2025_H3N2,plate22-A/Montana/51/2025_H3N2,1.362e+04,2.366,1
flu-seqneut-2026-CTS-042,A/NakhonPhanom/P495/2026_H3N2,plate22-A/NakhonPhanom/P495/2026_H3N2,40,0.06212,0.06212
flu-seqneut-2026-CTS-042,A/NakhonPhanom/P495/2026_H3N2,plate22-A/NakhonPhanom/P495/2026_H3N2,92,0.4209,0.4209
flu-seqneut-2026-CTS-042,A/NakhonPhanom/P495/2026_H3N2,plate22-A/NakhonPhanom/P495/2026_H3N2,487,0.3388,0.3388
flu-seqneut-2026-CTS-042,A/NakhonPhanom/P495/2026_H3N2,plate22-A/NakhonPhanom/P495/2026_H3N2,1119,1.048,1
flu-seqneut-2026-CTS-042,A/NakhonPhanom/P495/2026_H3N2,plate22-A/NakhonPhanom/P495/2026_H3N2,2575,1.089,1
flu-seqneut-2026-CTS-042,A/NakhonPhanom/P495/2026_H3N2,plate22-A/NakhonPhanom/P495/2026_H3N2,1.362e+04,1.834,1
flu-seqneut-2026-CTS-042,A/Nebraska/34/2026_H1N1,plate22-A/Nebraska/34/2026_H1N1,40,0.01734,0.01734
flu-seqneut-2026-CTS-042,A/Nebraska/34/2026_H1N1,plate22-A/Nebraska/34/2026_H1N1,92,0.1689,0.1689
flu-seqneut-2026-CTS-042,A/Nebraska/34/2026_H1N1,plate22-A/Nebraska/34/2026_H1N1,487,0.6262,0.6262
flu-seqneut-2026-CTS-042,A/Nebraska/34/2026_H1N1,plate22-A/Nebraska/34/2026_H1N1,1119,0.9417,0.9417
flu-seqneut-2026-CTS-042,A/Nebraska/34/2026_H1N1,plate22-A/Nebraska/34/2026_H1N1,2575,1.009,1
flu-seqneut-2026-CTS-042,A/Nebraska/34/2026_H1N1,plate22-A/Nebraska/34/2026_H1N1,1.362e+04,1.755,1
flu-seqneut-2026-CTS-042,A/Netherlands/10008/2026_H1N1,plate22-A/Netherlands/10008/2026_H1N1,40,0.008773,0.008773
flu-seqneut-2026-CTS-042,A/Netherlands/10008/2026_H1N1,plate22-A/Netherlands/10008/2026_H1N1,92,0.257,0.257
flu-seqneut-2026-CTS-042,A/Netherlands/10008/2026_H1N1,plate22-A/Netherlands/10008/2026_H1N1,487,0.3326,0.3326
flu-seqneut-2026-CTS-042,A/Netherlands/10008/2026_H1N1,plate22-A/Netherlands/10008/2026_H1N1,1119,0.8822,0.8822
flu-seqneut-2026-CTS-042,A/Netherlands/10008/2026_H1N1,plate22-A/Netherlands/10008/2026_H1N1,2575,1.065,1
flu-seqneut-2026-CTS-042,A/Netherlands/10008/2026_H1N1,plate22-A/Netherlands/10008/2026_H1N1,5921,2.728,1
flu-seqneut-2026-CTS-042,A/Netherlands/10008/2026_H1N1,plate22-A/Netherlands/10008/2026_H1N1,1.362e+04,1.921,1
flu-seqneut-2026-CTS-042,A/Netherlands/2398/2025_H1N1,plate22-A/Netherlands/2398/2025_H1N1,40,0.04819,0.04819
flu-seqneut-2026-CTS-042,A/Netherlands/2398/2025_H1N1,plate22-A/Netherlands/2398/2025_H1N1,92,0.6413,0.6413
flu-seqneut-2026-CTS-042,A/Netherlands/2398/2025_H1N1,plate22-A/Netherlands/2398/2025_H1N1,487,0.502,0.502
flu-seqneut-2026-CTS-042,A/Netherlands/2398/2025_H1N1,plate22-A/Netherlands/2398/2025_H1N1,1119,1.626,1
flu-seqneut-2026-CTS-042,A/Netherlands/2398/2025_H1N1,plate22-A/Netherlands/2398/2025_H1N1,2575,1.69,1
flu-seqneut-2026-CTS-042,A/Netherlands/2398/2025_H1N1,plate22-A/Netherlands/2398/2025_H1N1,1.362e+04,2.03,1
flu-seqneut-2026-CTS-042,A/Netherlands/543/2026_H1N1,plate22-A/Netherlands/543/2026_H1N1,40,0.005731,0.005731
flu-seqneut-2026-CTS-042,A/Netherlands/543/2026_H1N1,plate22-A/Netherlands/543/2026_H1N1,92,0.2147,0.2147
flu-seqneut-2026-CTS-042,A/Netherlands/543/2026_H1N1,plate22-A/Netherlands/543/2026_H1N1,487,0.2668,0.2668
flu-seqneut-2026-CTS-042,A/Netherlands/543/2026_H1N1,plate22-A/Netherlands/543/2026_H1N1,1119,0.9965,0.9965
flu-seqneut-2026-CTS-042,A/Netherlands/543/2026_H1N1,plate22-A/Netherlands/543/2026_H1N1,2575,1.137,1
flu-seqneut-2026-CTS-042,A/Netherlands/543/2026_H1N1,plate22-A/Netherlands/543/2026_H1N1,1.362e+04,1.53,1
flu-seqneut-2026-CTS-042,A/Netherlands/864/2026_H1N1,plate22-A/Netherlands/864/2026_H1N1,40,0.001166,0.001166
flu-seqneut-2026-CTS-042,A/Netherlands/864/2026_H1N1,plate22-A/Netherlands/864/2026_H1N1,92,0.4286,0.4286
flu-seqneut-2026-CTS-042,A/Netherlands/864/2026_H1N1,plate22-A/Netherlands/864/2026_H1N1,487,0.4792,0.4792
flu-seqneut-2026-CTS-042,A/Netherlands/864/2026_H1N1,plate22-A/Netherlands/864/2026_H1N1,1119,1.156,1
flu-seqneut-2026-CTS-042,A/Netherlands/864/2026_H1N1,plate22-A/Netherlands/864/2026_H1N1,2575,2.66,1
flu-seqneut-2026-CTS-042,A/Netherlands/864/2026_H1N1,plate22-A/Netherlands/864/2026_H1N1,1.362e+04,2.019,1
flu-seqneut-2026-CTS-042,A/Netherlands/888/2026_H3N2,plate22-A/Netherlands/888/2026_H3N2,40,0.1667,0.1667
flu-seqneut-2026-CTS-042,A/Netherlands/888/2026_H3N2,plate22-A/Netherlands/888/2026_H3N2,92,1.26,1
flu-seqneut-2026-CTS-042,A/Netherlands/888/2026_H3N2,plate22-A/Netherlands/888/2026_H3N2,487,0.8382,0.8382
flu-seqneut-2026-CTS-042,A/Netherlands/888/2026_H3N2,plate22-A/Netherlands/888/2026_H3N2,1119,1.172,1
flu-seqneut-2026-CTS-042,A/Netherlands/888/2026_H3N2,plate22-A/Netherlands/888/2026_H3N2,2575,2.279,1
flu-seqneut-2026-CTS-042,A/Netherlands/888/2026_H3N2,plate22-A/Netherlands/888/2026_H3N2,1.362e+04,2.362,1
flu-seqneut-2026-CTS-042,A/Netherlands/968/2026_H3N2,plate22-A/Netherlands/968/2026_H3N2,40,0.1224,0.1224
flu-seqneut-2026-CTS-042,A/Netherlands/968/2026_H3N2,plate22-A/Netherlands/968/2026_H3N2,92,0.5342,0.5342
flu-seqneut-2026-CTS-042,A/Netherlands/968/2026_H3N2,plate22-A/Netherlands/968/2026_H3N2,487,0.5974,0.5974
flu-seqneut-2026-CTS-042,A/Netherlands/968/2026_H3N2,plate22-A/Netherlands/968/2026_H3N2,1119,1.16,1
flu-seqneut-2026-CTS-042,A/Netherlands/968/2026_H3N2,plate22-A/Netherlands/968/2026_H3N2,2575,1.75,1
flu-seqneut-2026-CTS-042,A/Netherlands/968/2026_H3N2,plate22-A/Netherlands/968/2026_H3N2,1.362e+04,2.075,1
flu-seqneut-2026-CTS-042,A/NewBrunswick/NBPHLFLUA10B-MM00057R/2026_H1N1,plate22-A/NewBrunswick/NBPHLFLUA10B-MM00057R/2026_H1N1,40,0.007025,0.007025
flu-seqneut-2026-CTS-042,A/NewBrunswick/NBPHLFLUA10B-MM00057R/2026_H1N1,plate22-A/NewBrunswick/NBPHLFLUA10B-MM00057R/2026_H1N1,92,0.1369,0.1369
flu-seqneut-2026-CTS-042,A/NewBrunswick/NBPHLFLUA10B-MM00057R/2026_H1N1,plate22-A/NewBrunswick/NBPHLFLUA10B-MM00057R/2026_H1N1,487,0.3993,0.3993
flu-seqneut-2026-CTS-042,A/NewBrunswick/NBPHLFLUA10B-MM00057R/2026_H1N1,plate22-A/NewBrunswick/NBPHLFLUA10B-MM00057R/2026_H1N1,1119,0.9229,0.9229
flu-seqneut-2026-CTS-042,A/NewBrunswick/NBPHLFLUA10B-MM00057R/2026_H1N1,plate22-A/NewBrunswick/NBPHLFLUA10B-MM00057R/2026_H1N1,2575,1.295,1
flu-seqneut-2026-CTS-042,A/NewBrunswick/NBPHLFLUA10B-MM00057R/2026_H1N1,plate22-A/NewBrunswick/NBPHLFLUA10B-MM00057R/2026_H1N1,1.362e+04,1.819,1
flu-seqneut-2026-CTS-042,A/NewYork/NIRC-IS-1086/2026_H3N2,plate22-A/NewYork/NIRC-IS-1086/2026_H3N2,40,0.06227,0.06227
flu-seqneut-2026-CTS-042,A/NewYork/NIRC-IS-1086/2026_H3N2,plate22-A/NewYork/NIRC-IS-1086/2026_H3N2,92,0.387,0.387
flu-seqneut-2026-CTS-042,A/NewYork/NIRC-IS-1086/2026_H3N2,plate22-A/NewYork/NIRC-IS-1086/2026_H3N2,487,0.45,0.45
flu-seqneut-2026-CTS-042,A/NewYork/NIRC-IS-1086/2026_H3N2,plate22-A/NewYork/NIRC-IS-1086/2026_H3N2,1119,0.537,0.537
flu-seqneut-2026-CTS-042,A/NewYork/NIRC-IS-1086/2026_H3N2,plate22-A/NewYork/NIRC-IS-1086/2026_H3N2,2575,1.324,1
flu-seqneut-2026-CTS-042,A/NewYork/NIRC-IS-1086/2026_H3N2,plate22-A/NewYork/NIRC-IS-1086/2026_H3N2,1.362e+04,1.578,1
flu-seqneut-2026-CTS-042,A/NordrheinWestfalen/96/2026_H1N1,plate22-A/NordrheinWestfalen/96/2026_H1N1,40,0.01707,0.01707
flu-seqneut-2026-CTS-042,A/NordrheinWestfalen/96/2026_H1N1,plate22-A/NordrheinWestfalen/96/2026_H1N1,92,0.4609,0.4609
flu-seqneut-2026-CTS-042,A/NordrheinWestfalen/96/2026_H1N1,plate22-A/NordrheinWestfalen/96/2026_H1N1,487,0.45,0.45
flu-seqneut-2026-CTS-042,A/NordrheinWestfalen/96/2026_H1N1,plate22-A/NordrheinWestfalen/96/2026_H1N1,1119,1.411,1
flu-seqneut-2026-CTS-042,A/NordrheinWestfalen/96/2026_H1N1,plate22-A/NordrheinWestfalen/96/2026_H1N1,2575,2.321,1
flu-seqneut-2026-CTS-042,A/NordrheinWestfalen/96/2026_H1N1,plate22-A/NordrheinWestfalen/96/2026_H1N1,1.362e+04,2.147,1
flu-seqneut-2026-CTS-042,A/Norway/9556/2025_H1N1,plate22-A/Norway/9556/2025_H1N1,40,0.05559,0.05559
flu-seqneut-2026-CTS-042,A/Norway/9556/2025_H1N1,plate22-A/Norway/9556/2025_H1N1,92,0.4531,0.4531
flu-seqneut-2026-CTS-042,A/Norway/9556/2025_H1N1,plate22-A/Norway/9556/2025_H1N1,487,0.488,0.488
flu-seqneut-2026-CTS-042,A/Norway/9556/2025_H1N1,plate22-A/Norway/9556/2025_H1N1,1119,1.28,1
flu-seqneut-2026-CTS-042,A/Norway/9556/2025_H1N1,plate22-A/Norway/9556/2025_H1N1,2575,1.574,1
flu-seqneut-2026-CTS-042,A/Norway/9556/2025_H1N1,plate22-A/Norway/9556/2025_H1N1,1.362e+04,1.74,1
flu-seqneut-2026-CTS-042,A/NovaScotia/25-365-06099/2025_H3N2,plate22-A/NovaScotia/25-365-06099/2025_H3N2,40,0.02941,0.02941
flu-seqneut-2026-CTS-042,A/NovaScotia/25-365-06099/2025_H3N2,plate22-A/NovaScotia/25-365-06099/2025_H3N2,92,0.2617,0.2617
flu-seqneut-2026-CTS-042,A/NovaScotia/25-365-06099/2025_H3N2,plate22-A/NovaScotia/25-365-06099/2025_H3N2,487,0.2856,0.2856
flu-seqneut-2026-CTS-042,A/NovaScotia/25-365-06099/2025_H3N2,plate22-A/NovaScotia/25-365-06099/2025_H3N2,1119,0.6286,0.6286
flu-seqneut-2026-CTS-042,A/NovaScotia/25-365-06099/2025_H3N2,plate22-A/NovaScotia/25-365-06099/2025_H3N2,2575,1.073,1
flu-seqneut-2026-CTS-042,A/NovaScotia/25-365-06099/2025_H3N2,plate22-A/NovaScotia/25-365-06099/2025_H3N2,1.362e+04,1.847,1
flu-seqneut-2026-CTS-042,A/Ohio/259/2024_H1N1,plate22-A/Ohio/259/2024_H1N1,40,0.0124,0.0124
flu-seqneut-2026-CTS-042,A/Ohio/259/2024_H1N1,plate22-A/Ohio/259/2024_H1N1,92,0.1405,0.1405
flu-seqneut-2026-CTS-042,A/Ohio/259/2024_H1N1,plate22-A/Ohio/259/2024_H1N1,487,0.4286,0.4286
flu-seqneut-2026-CTS-042,A/Ohio/259/2024_H1N1,plate22-A/Ohio/259/2024_H1N1,1119,0.7905,0.7905
flu-seqneut-2026-CTS-042,A/Ohio/259/2024_H1N1,plate22-A/Ohio/259/2024_H1N1,2575,1.071,1
flu-seqneut-2026-CTS-042,A/Ohio/259/2024_H1N1,plate22-A/Ohio/259/2024_H1N1,5921,2.209,1
flu-seqneut-2026-CTS-042,A/Ohio/259/2024_H1N1,plate22-A/Ohio/259/2024_H1N1,1.362e+04,0.7516,0.7516
flu-seqneut-2026-CTS-042,A/Ontario/PHL202550193/2025_H3N2,plate22-A/Ontario/PHL202550193/2025_H3N2,40,0.06463,0.06463
flu-seqneut-2026-CTS-042,A/Ontario/PHL202550193/2025_H3N2,plate22-A/Ontario/PHL202550193/2025_H3N2,92,0.7912,0.7912
flu-seqneut-2026-CTS-042,A/Ontario/PHL202550193/2025_H3N2,plate22-A/Ontario/PHL202550193/2025_H3N2,487,0.4303,0.4303
flu-seqneut-2026-CTS-042,A/Ontario/PHL202550193/2025_H3N2,plate22-A/Ontario/PHL202550193/2025_H3N2,1119,0.6025,0.6025
flu-seqneut-2026-CTS-042,A/Ontario/PHL202550193/2025_H3N2,plate22-A/Ontario/PHL202550193/2025_H3N2,2575,1.511,1
flu-seqneut-2026-CTS-042,A/Ontario/PHL202550193/2025_H3N2,plate22-A/Ontario/PHL202550193/2025_H3N2,1.362e+04,1.508,1
flu-seqneut-2026-CTS-042,A/Oregon/81/2025_H3N2,plate22-A/Oregon/81/2025_H3N2,40,0.0815,0.0815
flu-seqneut-2026-CTS-042,A/Oregon/81/2025_H3N2,plate22-A/Oregon/81/2025_H3N2,92,0.8133,0.8133
flu-seqneut-2026-CTS-042,A/Oregon/81/2025_H3N2,plate22-A/Oregon/81/2025_H3N2,487,0.3404,0.3404
flu-seqneut-2026-CTS-042,A/Oregon/81/2025_H3N2,plate22-A/Oregon/81/2025_H3N2,1119,1.01,1
flu-seqneut-2026-CTS-042,A/Oregon/81/2025_H3N2,plate22-A/Oregon/81/2025_H3N2,2575,1.681,1
flu-seqneut-2026-CTS-042,A/Oregon/81/2025_H3N2,plate22-A/Oregon/81/2025_H3N2,1.362e+04,2.172,1
flu-seqneut-2026-CTS-042,A/PaisVasco/70369726/2026_H1N1,plate22-A/PaisVasco/70369726/2026_H1N1,40,0.007265,0.007265
flu-seqneut-2026-CTS-042,A/PaisVasco/70369726/2026_H1N1,plate22-A/PaisVasco/70369726/2026_H1N1,92,0.2805,0.2805
flu-seqneut-2026-CTS-042,A/PaisVasco/70369726/2026_H1N1,plate22-A/PaisVasco/70369726/2026_H1N1,487,0.4055,0.4055
flu-seqneut-2026-CTS-042,A/PaisVasco/70369726/2026_H1N1,plate22-A/PaisVasco/70369726/2026_H1N1,1119,1.381,1
flu-seqneut-2026-CTS-042,A/PaisVasco/70369726/2026_H1N1,plate22-A/PaisVasco/70369726/2026_H1N1,2575,1.204,1
flu-seqneut-2026-CTS-042,A/PaisVasco/70369726/2026_H1N1,plate22-A/PaisVasco/70369726/2026_H1N1,1.362e+04,1.737,1
flu-seqneut-2026-CTS-042,A/Parana/416133590/2026_H3N2,plate22-A/Parana/416133590/2026_H3N2,40,0.1593,0.1593
flu-seqneut-2026-CTS-042,A/Parana/416133590/2026_H3N2,plate22-A/Parana/416133590/2026_H3N2,92,0.4071,0.4071
flu-seqneut-2026-CTS-042,A/Parana/416133590/2026_H3N2,plate22-A/Parana/416133590/2026_H3N2,487,0.2585,0.2585
flu-seqneut-2026-CTS-042,A/Parana/416133590/2026_H3N2,plate22-A/Parana/416133590/2026_H3N2,1119,1.22,1
flu-seqneut-2026-CTS-042,A/Parana/416133590/2026_H3N2,plate22-A/Parana/416133590/2026_H3N2,2575,1.289,1
flu-seqneut-2026-CTS-042,A/Parana/416133590/2026_H3N2,plate22-A/Parana/416133590/2026_H3N2,1.362e+04,1.99,1
flu-seqneut-2026-CTS-042,A/Peru/ANC-INS-062/2026_H3N2,plate22-A/Peru/ANC-INS-062/2026_H3N2,40,0.05269,0.05269
flu-seqneut-2026-CTS-042,A/Peru/ANC-INS-062/2026_H3N2,plate22-A/Peru/ANC-INS-062/2026_H3N2,92,0.3718,0.3718
flu-seqneut-2026-CTS-042,A/Peru/ANC-INS-062/2026_H3N2,plate22-A/Peru/ANC-INS-062/2026_H3N2,487,0.4959,0.4959
flu-seqneut-2026-CTS-042,A/Peru/ANC-INS-062/2026_H3N2,plate22-A/Peru/ANC-INS-062/2026_H3N2,1119,1.196,1
flu-seqneut-2026-CTS-042,A/Peru/ANC-INS-062/2026_H3N2,plate22-A/Peru/ANC-INS-062/2026_H3N2,2575,1.108,1
flu-seqneut-2026-CTS-042,A/Peru/ANC-INS-062/2026_H3N2,plate22-A/Peru/ANC-INS-062/2026_H3N2,1.362e+04,2.101,1
flu-seqneut-2026-CTS-042,A/Rhode_Island/11/2026_H1N1,plate22-A/Rhode_Island/11/2026_H1N1,40,0.01532,0.01532
flu-seqneut-2026-CTS-042,A/Rhode_Island/11/2026_H1N1,plate22-A/Rhode_Island/11/2026_H1N1,92,0.4138,0.4138
flu-seqneut-2026-CTS-042,A/Rhode_Island/11/2026_H1N1,plate22-A/Rhode_Island/11/2026_H1N1,487,0.4424,0.4424
flu-seqneut-2026-CTS-042,A/Rhode_Island/11/2026_H1N1,plate22-A/Rhode_Island/11/2026_H1N1,1119,0.9116,0.9116
flu-seqneut-2026-CTS-042,A/Rhode_Island/11/2026_H1N1,plate22-A/Rhode_Island/11/2026_H1N1,2575,1.389,1
flu-seqneut-2026-CTS-042,A/Rhode_Island/11/2026_H1N1,plate22-A/Rhode_Island/11/2026_H1N1,1.362e+04,1.772,1
flu-seqneut-2026-CTS-042,A/RiodeJaneiro/331/2026_H3N2,plate22-A/RiodeJaneiro/331/2026_H3N2,40,0.0401,0.0401
flu-seqneut-2026-CTS-042,A/RiodeJaneiro/331/2026_H3N2,plate22-A/RiodeJaneiro/331/2026_H3N2,92,0.2781,0.2781
flu-seqneut-2026-CTS-042,A/RiodeJaneiro/331/2026_H3N2,plate22-A/RiodeJaneiro/331/2026_H3N2,487,0.4209,0.4209
flu-seqneut-2026-CTS-042,A/RiodeJaneiro/331/2026_H3N2,plate22-A/RiodeJaneiro/331/2026_H3N2,1119,0.4298,0.4298
flu-seqneut-2026-CTS-042,A/RiodeJaneiro/331/2026_H3N2,plate22-A/RiodeJaneiro/331/2026_H3N2,2575,1.096,1
flu-seqneut-2026-CTS-042,A/RiodeJaneiro/331/2026_H3N2,plate22-A/RiodeJaneiro/331/2026_H3N2,5921,2.804,1
flu-seqneut-2026-CTS-042,A/RiodeJaneiro/331/2026_H3N2,plate22-A/RiodeJaneiro/331/2026_H3N2,1.362e+04,1.441,1
flu-seqneut-2026-CTS-042,A/Romania/612042/2026_H3N2,plate22-A/Romania/612042/2026_H3N2,40,0.1581,0.1581
flu-seqneut-2026-CTS-042,A/Romania/612042/2026_H3N2,plate22-A/Romania/612042/2026_H3N2,92,0.6162,0.6162
flu-seqneut-2026-CTS-042,A/Romania/612042/2026_H3N2,plate22-A/Romania/612042/2026_H3N2,487,0.8904,0.8904
flu-seqneut-2026-CTS-042,A/Romania/612042/2026_H3N2,plate22-A/Romania/612042/2026_H3N2,1119,1.405,1
flu-seqneut-2026-CTS-042,A/Romania/612042/2026_H3N2,plate22-A/Romania/612042/2026_H3N2,2575,2.031,1
flu-seqneut-2026-CTS-042,A/Romania/612042/2026_H3N2,plate22-A/Romania/612042/2026_H3N2,1.362e+04,2.569,1
flu-seqneut-2026-CTS-042,A/SantaCatarina/508/2026_H3N2,plate22-A/SantaCatarina/508/2026_H3N2,40,0.1319,0.1319
flu-seqneut-2026-CTS-042,A/SantaCatarina/508/2026_H3N2,plate22-A/SantaCatarina/508/2026_H3N2,92,0.8075,0.8075
flu-seqneut-2026-CTS-042,A/SantaCatarina/508/2026_H3N2,plate22-A/SantaCatarina/508/2026_H3N2,487,0.4887,0.4887
flu-seqneut-2026-CTS-042,A/SantaCatarina/508/2026_H3N2,plate22-A/SantaCatarina/508/2026_H3N2,1119,0.7831,0.7831
flu-seqneut-2026-CTS-042,A/SantaCatarina/508/2026_H3N2,plate22-A/SantaCatarina/508/2026_H3N2,2575,1.188,1
flu-seqneut-2026-CTS-042,A/SantaCatarina/508/2026_H3N2,plate22-A/SantaCatarina/508/2026_H3N2,5921,2.891,1
flu-seqneut-2026-CTS-042,A/SantaCatarina/508/2026_H3N2,plate22-A/SantaCatarina/508/2026_H3N2,1.362e+04,1.259,1
flu-seqneut-2026-CTS-042,A/Saskatchewan/SKFLU477299/2025_H3N2,plate22-A/Saskatchewan/SKFLU477299/2025_H3N2,40,0.1351,0.1351
flu-seqneut-2026-CTS-042,A/Saskatchewan/SKFLU477299/2025_H3N2,plate22-A/Saskatchewan/SKFLU477299/2025_H3N2,92,0.6118,0.6118
flu-seqneut-2026-CTS-042,A/Saskatchewan/SKFLU477299/2025_H3N2,plate22-A/Saskatchewan/SKFLU477299/2025_H3N2,487,0.4852,0.4852
flu-seqneut-2026-CTS-042,A/Saskatchewan/SKFLU477299/2025_H3N2,plate22-A/Saskatchewan/SKFLU477299/2025_H3N2,1119,1.071,1
flu-seqneut-2026-CTS-042,A/Saskatchewan/SKFLU477299/2025_H3N2,plate22-A/Saskatchewan/SKFLU477299/2025_H3N2,2575,1.942,1
flu-seqneut-2026-CTS-042,A/Saskatchewan/SKFLU477299/2025_H3N2,plate22-A/Saskatchewan/SKFLU477299/2025_H3N2,1.362e+04,2.184,1
flu-seqneut-2026-CTS-042,A/Saskatchewan/SKFLU477727/2025_H3N2,plate22-A/Saskatchewan/SKFLU477727/2025_H3N2,40,0.06984,0.06984
flu-seqneut-2026-CTS-042,A/Saskatchewan/SKFLU477727/2025_H3N2,plate22-A/Saskatchewan/SKFLU477727/2025_H3N2,92,0.3902,0.3902
flu-seqneut-2026-CTS-042,A/Saskatchewan/SKFLU477727/2025_H3N2,plate22-A/Saskatchewan/SKFLU477727/2025_H3N2,487,0.6734,0.6734
flu-seqneut-2026-CTS-042,A/Saskatchewan/SKFLU477727/2025_H3N2,plate22-A/Saskatchewan/SKFLU477727/2025_H3N2,1119,1.412,1
flu-seqneut-2026-CTS-042,A/Saskatchewan/SKFLU477727/2025_H3N2,plate22-A/Saskatchewan/SKFLU477727/2025_H3N2,2575,1.526,1
flu-seqneut-2026-CTS-042,A/Saskatchewan/SKFLU477727/2025_H3N2,plate22-A/Saskatchewan/SKFLU477727/2025_H3N2,1.362e+04,2.34,1
flu-seqneut-2026-CTS-042,A/Saskatchewan/SKFLU490586/2026_H1N1,plate22-A/Saskatchewan/SKFLU490586/2026_H1N1,40,0.007652,0.007652
flu-seqneut-2026-CTS-042,A/Saskatchewan/SKFLU490586/2026_H1N1,plate22-A/Saskatchewan/SKFLU490586/2026_H1N1,92,0.1411,0.1411
flu-seqneut-2026-CTS-042,A/Saskatchewan/SKFLU490586/2026_H1N1,plate22-A/Saskatchewan/SKFLU490586/2026_H1N1,487,0.6961,0.6961
flu-seqneut-2026-CTS-042,A/Saskatchewan/SKFLU490586/2026_H1N1,plate22-A/Saskatchewan/SKFLU490586/2026_H1N1,1119,1.847,1
flu-seqneut-2026-CTS-042,A/Saskatchewan/SKFLU490586/2026_H1N1,plate22-A/Saskatchewan/SKFLU490586/2026_H1N1,2575,1.161,1
flu-seqneut-2026-CTS-042,A/Saskatchewan/SKFLU490586/2026_H1N1,plate22-A/Saskatchewan/SKFLU490586/2026_H1N1,1.362e+04,2.115,1
flu-seqneut-2026-CTS-042,A/Singapore/GP20238/2024_H3N2,plate22-A/Singapore/GP20238/2024_H3N2,40,0.02145,0.02145
flu-seqneut-2026-CTS-042,A/Singapore/GP20238/2024_H3N2,plate22-A/Singapore/GP20238/2024_H3N2,92,0.3349,0.3349
flu-seqneut-2026-CTS-042,A/Singapore/GP20238/2024_H3N2,plate22-A/Singapore/GP20238/2024_H3N2,487,0.411,0.411
flu-seqneut-2026-CTS-042,A/Singapore/GP20238/2024_H3N2,plate22-A/Singapore/GP20238/2024_H3N2,1119,0.8683,0.8683
flu-seqneut-2026-CTS-042,A/Singapore/GP20238/2024_H3N2,plate22-A/Singapore/GP20238/2024_H3N2,2575,1.44,1
flu-seqneut-2026-CTS-042,A/Singapore/GP20238/2024_H3N2,plate22-A/Singapore/GP20238/2024_H3N2,1.362e+04,2.046,1
flu-seqneut-2026-CTS-042,A/Singapore/KK2768/2025_H1N1,plate22-A/Singapore/KK2768/2025_H1N1,40,0.06928,0.06928
flu-seqneut-2026-CTS-042,A/Singapore/KK2768/2025_H1N1,plate22-A/Singapore/KK2768/2025_H1N1,92,0.2621,0.2621
flu-seqneut-2026-CTS-042,A/Singapore/KK2768/2025_H1N1,plate22-A/Singapore/KK2768/2025_H1N1,487,0.4003,0.4003
flu-seqneut-2026-CTS-042,A/Singapore/KK2768/2025_H1N1,plate22-A/Singapore/KK2768/2025_H1N1,1119,1.093,1
flu-seqneut-2026-CTS-042,A/Singapore/KK2768/2025_H1N1,plate22-A/Singapore/KK2768/2025_H1N1,2575,1.308,1
flu-seqneut-2026-CTS-042,A/Singapore/KK2768/2025_H1N1,plate22-A/Singapore/KK2768/2025_H1N1,1.362e+04,2.096,1
flu-seqneut-2026-CTS-042,A/Singapore/MOH0547/2024_H1N1,plate22-A/Singapore/MOH0547/2024_H1N1,40,0.07781,0.07781
flu-seqneut-2026-CTS-042,A/Singapore/MOH0547/2024_H1N1,plate22-A/Singapore/MOH0547/2024_H1N1,92,0.2154,0.2154
flu-seqneut-2026-CTS-042,A/Singapore/MOH0547/2024_H1N1,plate22-A/Singapore/MOH0547/2024_H1N1,487,0.5693,0.5693
flu-seqneut-2026-CTS-042,A/Singapore/MOH0547/2024_H1N1,plate22-A/Singapore/MOH0547/2024_H1N1,1119,1.31,1
flu-seqneut-2026-CTS-042,A/Singapore/MOH0547/2024_H1N1,plate22-A/Singapore/MOH0547/2024_H1N1,2575,1.066,1
flu-seqneut-2026-CTS-042,A/Singapore/MOH0547/2024_H1N1,plate22-A/Singapore/MOH0547/2024_H1N1,1.362e+04,1.616,1
flu-seqneut-2026-CTS-042,A/Singapore/NTF0577/2025_H3N2,plate22-A/Singapore/NTF0577/2025_H3N2,40,0.1171,0.1171
flu-seqneut-2026-CTS-042,A/Singapore/NTF0577/2025_H3N2,plate22-A/Singapore/NTF0577/2025_H3N2,92,0.9959,0.9959
flu-seqneut-2026-CTS-042,A/Singapore/NTF0577/2025_H3N2,plate22-A/Singapore/NTF0577/2025_H3N2,487,0.5567,0.5567
flu-seqneut-2026-CTS-042,A/Singapore/NTF0577/2025_H3N2,plate22-A/Singapore/NTF0577/2025_H3N2,1119,2.849,1
flu-seqneut-2026-CTS-042,A/Singapore/NTF0577/2025_H3N2,plate22-A/Singapore/NTF0577/2025_H3N2,2575,1.927,1
flu-seqneut-2026-CTS-042,A/Singapore/NTF0577/2025_H3N2,plate22-A/Singapore/NTF0577/2025_H3N2,1.362e+04,2.075,1
flu-seqneut-2026-CTS-042,A/Singapore/SAR8915/2025_H3N2,plate22-A/Singapore/SAR8915/2025_H3N2,40,0.08855,0.08855
flu-seqneut-2026-CTS-042,A/Singapore/SAR8915/2025_H3N2,plate22-A/Singapore/SAR8915/2025_H3N2,92,0.4922,0.4922
flu-seqneut-2026-CTS-042,A/Singapore/SAR8915/2025_H3N2,plate22-A/Singapore/SAR8915/2025_H3N2,487,0.3419,0.3419
flu-seqneut-2026-CTS-042,A/Singapore/SAR8915/2025_H3N2,plate22-A/Singapore/SAR8915/2025_H3N2,1119,1.428,1
flu-seqneut-2026-CTS-042,A/Singapore/SAR8915/2025_H3N2,plate22-A/Singapore/SAR8915/2025_H3N2,2575,1.495,1
flu-seqneut-2026-CTS-042,A/Singapore/SAR8915/2025_H3N2,plate22-A/Singapore/SAR8915/2025_H3N2,1.362e+04,1.532,1
flu-seqneut-2026-CTS-042,A/SouthAfrica/NHLS-SU-CERI-C075557/2026_H1N1,plate22-A/SouthAfrica/NHLS-SU-CERI-C075557/2026_H1N1,40,0.01452,0.01452
flu-seqneut-2026-CTS-042,A/SouthAfrica/NHLS-SU-CERI-C075557/2026_H1N1,plate22-A/SouthAfrica/NHLS-SU-CERI-C075557/2026_H1N1,92,0.2171,0.2171
flu-seqneut-2026-CTS-042,A/SouthAfrica/NHLS-SU-CERI-C075557/2026_H1N1,plate22-A/SouthAfrica/NHLS-SU-CERI-C075557/2026_H1N1,487,0.4903,0.4903
flu-seqneut-2026-CTS-042,A/SouthAfrica/NHLS-SU-CERI-C075557/2026_H1N1,plate22-A/SouthAfrica/NHLS-SU-CERI-C075557/2026_H1N1,1119,0.8888,0.8888
flu-seqneut-2026-CTS-042,A/SouthAfrica/NHLS-SU-CERI-C075557/2026_H1N1,plate22-A/SouthAfrica/NHLS-SU-CERI-C075557/2026_H1N1,2575,1.441,1
flu-seqneut-2026-CTS-042,A/SouthAfrica/NHLS-SU-CERI-C075557/2026_H1N1,plate22-A/SouthAfrica/NHLS-SU-CERI-C075557/2026_H1N1,1.362e+04,1.539,1
flu-seqneut-2026-CTS-042,A/SouthAfrica/NICD-R01647/2026_H1N1,plate22-A/SouthAfrica/NICD-R01647/2026_H1N1,40,0.01233,0.01233
flu-seqneut-2026-CTS-042,A/SouthAfrica/NICD-R01647/2026_H1N1,plate22-A/SouthAfrica/NICD-R01647/2026_H1N1,92,0.3066,0.3066
flu-seqneut-2026-CTS-042,A/SouthAfrica/NICD-R01647/2026_H1N1,plate22-A/SouthAfrica/NICD-R01647/2026_H1N1,487,0.4565,0.4565
flu-seqneut-2026-CTS-042,A/SouthAfrica/NICD-R01647/2026_H1N1,plate22-A/SouthAfrica/NICD-R01647/2026_H1N1,1119,0.9627,0.9627
flu-seqneut-2026-CTS-042,A/SouthAfrica/NICD-R01647/2026_H1N1,plate22-A/SouthAfrica/NICD-R01647/2026_H1N1,2575,1.36,1
flu-seqneut-2026-CTS-042,A/SouthAfrica/NICD-R01647/2026_H1N1,plate22-A/SouthAfrica/NICD-R01647/2026_H1N1,1.362e+04,1.52,1
flu-seqneut-2026-CTS-042,A/SouthAfrica/NICD-R01668/2026_H1N1,plate22-A/SouthAfrica/NICD-R01668/2026_H1N1,40,0.02743,0.02743
flu-seqneut-2026-CTS-042,A/SouthAfrica/NICD-R01668/2026_H1N1,plate22-A/SouthAfrica/NICD-R01668/2026_H1N1,92,0.483,0.483
flu-seqneut-2026-CTS-042,A/SouthAfrica/NICD-R01668/2026_H1N1,plate22-A/SouthAfrica/NICD-R01668/2026_H1N1,487,0.5202,0.5202
flu-seqneut-2026-CTS-042,A/SouthAfrica/NICD-R01668/2026_H1N1,plate22-A/SouthAfrica/NICD-R01668/2026_H1N1,1119,1.429,1
flu-seqneut-2026-CTS-042,A/SouthAfrica/NICD-R01668/2026_H1N1,plate22-A/SouthAfrica/NICD-R01668/2026_H1N1,2575,1.77,1
flu-seqneut-2026-CTS-042,A/SouthAfrica/NICD-R01668/2026_H1N1,plate22-A/SouthAfrica/NICD-R01668/2026_H1N1,1.362e+04,2.013,1
flu-seqneut-2026-CTS-042,A/SouthAfrica/PATH-CERI-C073358/2025_H1N1,plate22-A/SouthAfrica/PATH-CERI-C073358/2025_H1N1,40,0.01198,0.01198
flu-seqneut-2026-CTS-042,A/SouthAfrica/PATH-CERI-C073358/2025_H1N1,plate22-A/SouthAfrica/PATH-CERI-C073358/2025_H1N1,92,0.1683,0.1683
flu-seqneut-2026-CTS-042,A/SouthAfrica/PATH-CERI-C073358/2025_H1N1,plate22-A/SouthAfrica/PATH-CERI-C073358/2025_H1N1,487,0.2728,0.2728
flu-seqneut-2026-CTS-042,A/SouthAfrica/PATH-CERI-C073358/2025_H1N1,plate22-A/SouthAfrica/PATH-CERI-C073358/2025_H1N1,1119,1.192,1
flu-seqneut-2026-CTS-042,A/SouthAfrica/PATH-CERI-C073358/2025_H1N1,plate22-A/SouthAfrica/PATH-CERI-C073358/2025_H1N1,2575,1.283,1
flu-seqneut-2026-CTS-042,A/SouthAfrica/PATH-CERI-C073358/2025_H1N1,plate22-A/SouthAfrica/PATH-CERI-C073358/2025_H1N1,5921,2.424,1
flu-seqneut-2026-CTS-042,A/SouthAfrica/PATH-CERI-C073358/2025_H1N1,plate22-A/SouthAfrica/PATH-CERI-C073358/2025_H1N1,1.362e+04,1.385,1
flu-seqneut-2026-CTS-042,A/SouthAfrica/PATH-CERI-C073366/2025_H1N1,plate22-A/SouthAfrica/PATH-CERI-C073366/2025_H1N1,40,0.01418,0.01418
flu-seqneut-2026-CTS-042,A/SouthAfrica/PATH-CERI-C073366/2025_H1N1,plate22-A/SouthAfrica/PATH-CERI-C073366/2025_H1N1,92,0.2301,0.2301
flu-seqneut-2026-CTS-042,A/SouthAfrica/PATH-CERI-C073366/2025_H1N1,plate22-A/SouthAfrica/PATH-CERI-C073366/2025_H1N1,487,0.5815,0.5815
flu-seqneut-2026-CTS-042,A/SouthAfrica/PATH-CERI-C073366/2025_H1N1,plate22-A/SouthAfrica/PATH-CERI-C073366/2025_H1N1,1119,1.239,1
flu-seqneut-2026-CTS-042,A/SouthAfrica/PATH-CERI-C073366/2025_H1N1,plate22-A/SouthAfrica/PATH-CERI-C073366/2025_H1N1,2575,1.88,1
flu-seqneut-2026-CTS-042,A/SouthAfrica/PATH-CERI-C073366/2025_H1N1,plate22-A/SouthAfrica/PATH-CERI-C073366/2025_H1N1,1.362e+04,2.508,1
flu-seqneut-2026-CTS-042,A/SouthAfrica/PATH-CERI-C075119/2026_H1N1,plate22-A/SouthAfrica/PATH-CERI-C075119/2026_H1N1,40,0.0131,0.0131
flu-seqneut-2026-CTS-042,A/SouthAfrica/PATH-CERI-C075119/2026_H1N1,plate22-A/SouthAfrica/PATH-CERI-C075119/2026_H1N1,92,0.2158,0.2158
flu-seqneut-2026-CTS-042,A/SouthAfrica/PATH-CERI-C075119/2026_H1N1,plate22-A/SouthAfrica/PATH-CERI-C075119/2026_H1N1,487,0.3712,0.3712
flu-seqneut-2026-CTS-042,A/SouthAfrica/PATH-CERI-C075119/2026_H1N1,plate22-A/SouthAfrica/PATH-CERI-C075119/2026_H1N1,1119,0.9539,0.9539
flu-seqneut-2026-CTS-042,A/SouthAfrica/PATH-CERI-C075119/2026_H1N1,plate22-A/SouthAfrica/PATH-CERI-C075119/2026_H1N1,2575,1.147,1
flu-seqneut-2026-CTS-042,A/SouthAfrica/PATH-CERI-C075119/2026_H1N1,plate22-A/SouthAfrica/PATH-CERI-C075119/2026_H1N1,1.362e+04,2.053,1
flu-seqneut-2026-CTS-042,A/SouthAustralia/2605715552/2026_H3N2,plate22-A/SouthAustralia/2605715552/2026_H3N2,40,0.07464,0.07464
flu-seqneut-2026-CTS-042,A/SouthAustralia/2605715552/2026_H3N2,plate22-A/SouthAustralia/2605715552/2026_H3N2,92,0.7946,0.7946
flu-seqneut-2026-CTS-042,A/SouthAustralia/2605715552/2026_H3N2,plate22-A/SouthAustralia/2605715552/2026_H3N2,487,0.4639,0.4639
flu-seqneut-2026-CTS-042,A/SouthAustralia/2605715552/2026_H3N2,plate22-A/SouthAustralia/2605715552/2026_H3N2,1119,1.527,1
flu-seqneut-2026-CTS-042,A/SouthAustralia/2605715552/2026_H3N2,plate22-A/SouthAustralia/2605715552/2026_H3N2,2575,2.063,1
flu-seqneut-2026-CTS-042,A/SouthAustralia/2605715552/2026_H3N2,plate22-A/SouthAustralia/2605715552/2026_H3N2,1.362e+04,2.358,1
flu-seqneut-2026-CTS-042,A/SouthCarolina/USAFSAM-17046/2026_H3N2,plate22-A/SouthCarolina/USAFSAM-17046/2026_H3N2,40,0.02342,0.02342
flu-seqneut-2026-CTS-042,A/SouthCarolina/USAFSAM-17046/2026_H3N2,plate22-A/SouthCarolina/USAFSAM-17046/2026_H3N2,92,0.294,0.294
flu-seqneut-2026-CTS-042,A/SouthCarolina/USAFSAM-17046/2026_H3N2,plate22-A/SouthCarolina/USAFSAM-17046/2026_H3N2,487,0.6735,0.6735
flu-seqneut-2026-CTS-042,A/SouthCarolina/USAFSAM-17046/2026_H3N2,plate22-A/SouthCarolina/USAFSAM-17046/2026_H3N2,1119,1.423,1
flu-seqneut-2026-CTS-042,A/SouthCarolina/USAFSAM-17046/2026_H3N2,plate22-A/SouthCarolina/USAFSAM-17046/2026_H3N2,2575,1.587,1
flu-seqneut-2026-CTS-042,A/SouthCarolina/USAFSAM-17046/2026_H3N2,plate22-A/SouthCarolina/USAFSAM-17046/2026_H3N2,1.362e+04,1.679,1
flu-seqneut-2026-CTS-042,A/South_Australia/2523812314/2025_H3N2,plate22-A/South_Australia/2523812314/2025_H3N2,40,0.04787,0.04787
flu-seqneut-2026-CTS-042,A/South_Australia/2523812314/2025_H3N2,plate22-A/South_Australia/2523812314/2025_H3N2,92,0.2606,0.2606
flu-seqneut-2026-CTS-042,A/South_Australia/2523812314/2025_H3N2,plate22-A/South_Australia/2523812314/2025_H3N2,487,0.2378,0.2378
flu-seqneut-2026-CTS-042,A/South_Australia/2523812314/2025_H3N2,plate22-A/South_Australia/2523812314/2025_H3N2,1119,0.431,0.431
flu-seqneut-2026-CTS-042,A/South_Australia/2523812314/2025_H3N2,plate22-A/South_Australia/2523812314/2025_H3N2,2575,1.243,1
flu-seqneut-2026-CTS-042,A/South_Australia/2523812314/2025_H3N2,plate22-A/South_Australia/2523812314/2025_H3N2,5921,2.793,1
flu-seqneut-2026-CTS-042,A/South_Australia/2523812314/2025_H3N2,plate22-A/South_Australia/2523812314/2025_H3N2,1.362e+04,1.243,1
flu-seqneut-2026-CTS-042,A/South_Australia/2527213276/2025_H3N2,plate22-A/South_Australia/2527213276/2025_H3N2,40,0.01121,0.01121
flu-seqneut-2026-CTS-042,A/South_Australia/2527213276/2025_H3N2,plate22-A/South_Australia/2527213276/2025_H3N2,92,0.1739,0.1739
flu-seqneut-2026-CTS-042,A/South_Australia/2527213276/2025_H3N2,plate22-A/South_Australia/2527213276/2025_H3N2,487,0.5137,0.5137
flu-seqneut-2026-CTS-042,A/South_Australia/2527213276/2025_H3N2,plate22-A/South_Australia/2527213276/2025_H3N2,1119,0.9069,0.9069
flu-seqneut-2026-CTS-042,A/South_Australia/2527213276/2025_H3N2,plate22-A/South_Australia/2527213276/2025_H3N2,2575,0.6281,0.6281
flu-seqneut-2026-CTS-042,A/South_Australia/2527213276/2025_H3N2,plate22-A/South_Australia/2527213276/2025_H3N2,5921,1.298,1
flu-seqneut-2026-CTS-042,A/South_Australia/2527213276/2025_H3N2,plate22-A/South_Australia/2527213276/2025_H3N2,1.362e+04,1.277,1
flu-seqneut-2026-CTS-042,A/StPetersburg/RII-25-2042S/2025_H3N2,plate22-A/StPetersburg/RII-25-2042S/2025_H3N2,40,0.07061,0.07061
flu-seqneut-2026-CTS-042,A/StPetersburg/RII-25-2042S/2025_H3N2,plate22-A/StPetersburg/RII-25-2042S/2025_H3N2,92,0.6736,0.6736
flu-seqneut-2026-CTS-042,A/StPetersburg/RII-25-2042S/2025_H3N2,plate22-A/StPetersburg/RII-25-2042S/2025_H3N2,487,0.4082,0.4082
flu-seqneut-2026-CTS-042,A/StPetersburg/RII-25-2042S/2025_H3N2,plate22-A/StPetersburg/RII-25-2042S/2025_H3N2,1119,0.898,0.898
flu-seqneut-2026-CTS-042,A/StPetersburg/RII-25-2042S/2025_H3N2,plate22-A/StPetersburg/RII-25-2042S/2025_H3N2,2575,1.528,1
flu-seqneut-2026-CTS-042,A/StPetersburg/RII-25-2042S/2025_H3N2,plate22-A/StPetersburg/RII-25-2042S/2025_H3N2,1.362e+04,1.75,1
flu-seqneut-2026-CTS-042,A/StPetersburg/RII-25-2506S/2026_H3N2,plate22-A/StPetersburg/RII-25-2506S/2026_H3N2,40,0.07471,0.07471
flu-seqneut-2026-CTS-042,A/StPetersburg/RII-25-2506S/2026_H3N2,plate22-A/StPetersburg/RII-25-2506S/2026_H3N2,92,1.211,1
flu-seqneut-2026-CTS-042,A/StPetersburg/RII-25-2506S/2026_H3N2,plate22-A/StPetersburg/RII-25-2506S/2026_H3N2,487,0.5357,0.5357
flu-seqneut-2026-CTS-042,A/StPetersburg/RII-25-2506S/2026_H3N2,plate22-A/StPetersburg/RII-25-2506S/2026_H3N2,1119,1.527,1
flu-seqneut-2026-CTS-042,A/StPetersburg/RII-25-2506S/2026_H3N2,plate22-A/StPetersburg/RII-25-2506S/2026_H3N2,2575,1.591,1
flu-seqneut-2026-CTS-042,A/StPetersburg/RII-25-2506S/2026_H3N2,plate22-A/StPetersburg/RII-25-2506S/2026_H3N2,1.362e+04,2.006,1
flu-seqneut-2026-CTS-042,A/Switzerland/UN-SNRCI-HUG-053/2025_H1N1,plate22-A/Switzerland/UN-SNRCI-HUG-053/2025_H1N1,40,0.01038,0.01038
flu-seqneut-2026-CTS-042,A/Switzerland/UN-SNRCI-HUG-053/2025_H1N1,plate22-A/Switzerland/UN-SNRCI-HUG-053/2025_H1N1,92,0.4372,0.4372
flu-seqneut-2026-CTS-042,A/Switzerland/UN-SNRCI-HUG-053/2025_H1N1,plate22-A/Switzerland/UN-SNRCI-HUG-053/2025_H1N1,487,0.8378,0.8378
flu-seqneut-2026-CTS-042,A/Switzerland/UN-SNRCI-HUG-053/2025_H1N1,plate22-A/Switzerland/UN-SNRCI-HUG-053/2025_H1N1,1119,1.478,1
flu-seqneut-2026-CTS-042,A/Switzerland/UN-SNRCI-HUG-053/2025_H1N1,plate22-A/Switzerland/UN-SNRCI-HUG-053/2025_H1N1,2575,2.815,1
flu-seqneut-2026-CTS-042,A/Switzerland/UN-SNRCI-HUG-053/2025_H1N1,plate22-A/Switzerland/UN-SNRCI-HUG-053/2025_H1N1,1.362e+04,2.961,1
flu-seqneut-2026-CTS-042,A/Sydney/1359/2024_H3N2,plate22-A/Sydney/1359/2024_H3N2,40,0.1785,0.1785
flu-seqneut-2026-CTS-042,A/Sydney/1359/2024_H3N2,plate22-A/Sydney/1359/2024_H3N2,92,0.7573,0.7573
flu-seqneut-2026-CTS-042,A/Sydney/1359/2024_H3N2,plate22-A/Sydney/1359/2024_H3N2,487,0.5114,0.5114
flu-seqneut-2026-CTS-042,A/Sydney/1359/2024_H3N2,plate22-A/Sydney/1359/2024_H3N2,1119,0.9989,0.9989
flu-seqneut-2026-CTS-042,A/Sydney/1359/2024_H3N2,plate22-A/Sydney/1359/2024_H3N2,2575,1.152,1
flu-seqneut-2026-CTS-042,A/Sydney/1359/2024_H3N2,plate22-A/Sydney/1359/2024_H3N2,1.362e+04,2.227,1
flu-seqneut-2026-CTS-042,A/Sydney/50/2026_H1N1,plate22-A/Sydney/50/2026_H1N1,40,0.01813,0.01813
flu-seqneut-2026-CTS-042,A/Sydney/50/2026_H1N1,plate22-A/Sydney/50/2026_H1N1,92,0.5332,0.5332
flu-seqneut-2026-CTS-042,A/Sydney/50/2026_H1N1,plate22-A/Sydney/50/2026_H1N1,487,0.7264,0.7264
flu-seqneut-2026-CTS-042,A/Sydney/50/2026_H1N1,plate22-A/Sydney/50/2026_H1N1,1119,1.628,1
flu-seqneut-2026-CTS-042,A/Sydney/50/2026_H1N1,plate22-A/Sydney/50/2026_H1N1,2575,1.619,1
flu-seqneut-2026-CTS-042,A/Sydney/50/2026_H1N1,plate22-A/Sydney/50/2026_H1N1,1.362e+04,1.894,1
flu-seqneut-2026-CTS-042,A/Texas/29/2026_H1N1,plate22-A/Texas/29/2026_H1N1,40,0.008253,0.008253
flu-seqneut-2026-CTS-042,A/Texas/29/2026_H1N1,plate22-A/Texas/29/2026_H1N1,92,0.3314,0.3314
flu-seqneut-2026-CTS-042,A/Texas/29/2026_H1N1,plate22-A/Texas/29/2026_H1N1,487,0.7602,0.7602
flu-seqneut-2026-CTS-042,A/Texas/29/2026_H1N1,plate22-A/Texas/29/2026_H1N1,1119,1.125,1
flu-seqneut-2026-CTS-042,A/Texas/29/2026_H1N1,plate22-A/Texas/29/2026_H1N1,2575,1.561,1
flu-seqneut-2026-CTS-042,A/Texas/29/2026_H1N1,plate22-A/Texas/29/2026_H1N1,1.362e+04,2.454,1
flu-seqneut-2026-CTS-042,A/Thailand/8/2022_H3N2,plate22-A/Thailand/8/2022_H3N2,40,0.01806,0.01806
flu-seqneut-2026-CTS-042,A/Thailand/8/2022_H3N2,plate22-A/Thailand/8/2022_H3N2,92,0.2343,0.2343
flu-seqneut-2026-CTS-042,A/Thailand/8/2022_H3N2,plate22-A/Thailand/8/2022_H3N2,487,0.1456,0.1456
flu-seqneut-2026-CTS-042,A/Thailand/8/2022_H3N2,plate22-A/Thailand/8/2022_H3N2,1119,0.8871,0.8871
flu-seqneut-2026-CTS-042,A/Thailand/8/2022_H3N2,plate22-A/Thailand/8/2022_H3N2,2575,1.268,1
flu-seqneut-2026-CTS-042,A/Thailand/8/2022_H3N2,plate22-A/Thailand/8/2022_H3N2,1.362e+04,1.557,1
flu-seqneut-2026-CTS-042,A/Thuringen/16/2026_H3N2,plate22-A/Thuringen/16/2026_H3N2,40,0.09581,0.09581
flu-seqneut-2026-CTS-042,A/Thuringen/16/2026_H3N2,plate22-A/Thuringen/16/2026_H3N2,92,1.017,1
flu-seqneut-2026-CTS-042,A/Thuringen/16/2026_H3N2,plate22-A/Thuringen/16/2026_H3N2,487,0.433,0.433
flu-seqneut-2026-CTS-042,A/Thuringen/16/2026_H3N2,plate22-A/Thuringen/16/2026_H3N2,1119,0.94,0.94
flu-seqneut-2026-CTS-042,A/Thuringen/16/2026_H3N2,plate22-A/Thuringen/16/2026_H3N2,2575,2.233,1
flu-seqneut-2026-CTS-042,A/Thuringen/16/2026_H3N2,plate22-A/Thuringen/16/2026_H3N2,1.362e+04,2.408,1
flu-seqneut-2026-CTS-042,A/Thuringen/39/2026_H3N2,plate22-A/Thuringen/39/2026_H3N2,40,0.1419,0.1419
flu-seqneut-2026-CTS-042,A/Thuringen/39/2026_H3N2,plate22-A/Thuringen/39/2026_H3N2,92,0.4798,0.4798
flu-seqneut-2026-CTS-042,A/Thuringen/39/2026_H3N2,plate22-A/Thuringen/39/2026_H3N2,487,0.3362,0.3362
flu-seqneut-2026-CTS-042,A/Thuringen/39/2026_H3N2,plate22-A/Thuringen/39/2026_H3N2,1119,0.7826,0.7826
flu-seqneut-2026-CTS-042,A/Thuringen/39/2026_H3N2,plate22-A/Thuringen/39/2026_H3N2,2575,1.259,1
flu-seqneut-2026-CTS-042,A/Thuringen/39/2026_H3N2,plate22-A/Thuringen/39/2026_H3N2,5921,1.825,1
flu-seqneut-2026-CTS-042,A/Thuringen/39/2026_H3N2,plate22-A/Thuringen/39/2026_H3N2,1.362e+04,1.1,1
flu-seqneut-2026-CTS-042,A/Tokyo/EIS11-277/2024_H1N1,plate22-A/Tokyo/EIS11-277/2024_H1N1,40,0.01452,0.01452
flu-seqneut-2026-CTS-042,A/Tokyo/EIS11-277/2024_H1N1,plate22-A/Tokyo/EIS11-277/2024_H1N1,92,0.1302,0.1302
flu-seqneut-2026-CTS-042,A/Tokyo/EIS11-277/2024_H1N1,plate22-A/Tokyo/EIS11-277/2024_H1N1,487,0.3778,0.3778
flu-seqneut-2026-CTS-042,A/Tokyo/EIS11-277/2024_H1N1,plate22-A/Tokyo/EIS11-277/2024_H1N1,1119,0.5641,0.5641
flu-seqneut-2026-CTS-042,A/Tokyo/EIS11-277/2024_H1N1,plate22-A/Tokyo/EIS11-277/2024_H1N1,2575,1.055,1
flu-seqneut-2026-CTS-042,A/Tokyo/EIS11-277/2024_H1N1,plate22-A/Tokyo/EIS11-277/2024_H1N1,5921,1.952,1
flu-seqneut-2026-CTS-042,A/Tokyo/EIS11-277/2024_H1N1,plate22-A/Tokyo/EIS11-277/2024_H1N1,1.362e+04,1.276,1
flu-seqneut-2026-CTS-042,A/Trieste/257/2025_H3N2,plate22-A/Trieste/257/2025_H3N2,40,0.1042,0.1042
flu-seqneut-2026-CTS-042,A/Trieste/257/2025_H3N2,plate22-A/Trieste/257/2025_H3N2,92,0.5482,0.5482
flu-seqneut-2026-CTS-042,A/Trieste/257/2025_H3N2,plate22-A/Trieste/257/2025_H3N2,487,0.409,0.409
flu-seqneut-2026-CTS-042,A/Trieste/257/2025_H3N2,plate22-A/Trieste/257/2025_H3N2,1119,0.8993,0.8993
flu-seqneut-2026-CTS-042,A/Trieste/257/2025_H3N2,plate22-A/Trieste/257/2025_H3N2,2575,1.498,1
flu-seqneut-2026-CTS-042,A/Trieste/257/2025_H3N2,plate22-A/Trieste/257/2025_H3N2,1.362e+04,1.774,1
flu-seqneut-2026-CTS-042,A/Ukraine/5214/2026_H1N1,plate22-A/Ukraine/5214/2026_H1N1,40,0.02193,0.02193
flu-seqneut-2026-CTS-042,A/Ukraine/5214/2026_H1N1,plate22-A/Ukraine/5214/2026_H1N1,92,0.2914,0.2914
flu-seqneut-2026-CTS-042,A/Ukraine/5214/2026_H1N1,plate22-A/Ukraine/5214/2026_H1N1,487,0.4829,0.4829
flu-seqneut-2026-CTS-042,A/Ukraine/5214/2026_H1N1,plate22-A/Ukraine/5214/2026_H1N1,1119,1.245,1
flu-seqneut-2026-CTS-042,A/Ukraine/5214/2026_H1N1,plate22-A/Ukraine/5214/2026_H1N1,2575,1.782,1
flu-seqneut-2026-CTS-042,A/Ukraine/5214/2026_H1N1,plate22-A/Ukraine/5214/2026_H1N1,1.362e+04,1.387,1
flu-seqneut-2026-CTS-042,A/Uppsala/SE26-01293/2026_H1N1,plate22-A/Uppsala/SE26-01293/2026_H1N1,40,0.002683,0.002683
flu-seqneut-2026-CTS-042,A/Uppsala/SE26-01293/2026_H1N1,plate22-A/Uppsala/SE26-01293/2026_H1N1,92,0.1703,0.1703
flu-seqneut-2026-CTS-042,A/Uppsala/SE26-01293/2026_H1N1,plate22-A/Uppsala/SE26-01293/2026_H1N1,487,0.6899,0.6899
flu-seqneut-2026-CTS-042,A/Uppsala/SE26-01293/2026_H1N1,plate22-A/Uppsala/SE26-01293/2026_H1N1,1119,1.57,1
flu-seqneut-2026-CTS-042,A/Uppsala/SE26-01293/2026_H1N1,plate22-A/Uppsala/SE26-01293/2026_H1N1,2575,1.824,1
flu-seqneut-2026-CTS-042,A/Uppsala/SE26-01293/2026_H1N1,plate22-A/Uppsala/SE26-01293/2026_H1N1,5921,1.577,1
flu-seqneut-2026-CTS-042,A/Uppsala/SE26-01293/2026_H1N1,plate22-A/Uppsala/SE26-01293/2026_H1N1,1.362e+04,1.613,1
flu-seqneut-2026-CTS-042,A/Valencia/VAHNSI_09_02564/2025_H1N1,plate22-A/Valencia/VAHNSI_09_02564/2025_H1N1,40,0.02069,0.02069
flu-seqneut-2026-CTS-042,A/Valencia/VAHNSI_09_02564/2025_H1N1,plate22-A/Valencia/VAHNSI_09_02564/2025_H1N1,92,0.3337,0.3337
flu-seqneut-2026-CTS-042,A/Valencia/VAHNSI_09_02564/2025_H1N1,plate22-A/Valencia/VAHNSI_09_02564/2025_H1N1,487,0.3928,0.3928
flu-seqneut-2026-CTS-042,A/Valencia/VAHNSI_09_02564/2025_H1N1,plate22-A/Valencia/VAHNSI_09_02564/2025_H1N1,1119,1.335,1
flu-seqneut-2026-CTS-042,A/Valencia/VAHNSI_09_02564/2025_H1N1,plate22-A/Valencia/VAHNSI_09_02564/2025_H1N1,2575,1.427,1
flu-seqneut-2026-CTS-042,A/Valencia/VAHNSI_09_02564/2025_H1N1,plate22-A/Valencia/VAHNSI_09_02564/2025_H1N1,1.362e+04,1.971,1
flu-seqneut-2026-CTS-042,A/Victoria/2948/2025_H3N2,plate22-A/Victoria/2948/2025_H3N2,40,0.08529,0.08529
flu-seqneut-2026-CTS-042,A/Victoria/2948/2025_H3N2,plate22-A/Victoria/2948/2025_H3N2,92,0.9047,0.9047
flu-seqneut-2026-CTS-042,A/Victoria/2948/2025_H3N2,plate22-A/Victoria/2948/2025_H3N2,487,0.7091,0.7091
flu-seqneut-2026-CTS-042,A/Victoria/2948/2025_H3N2,plate22-A/Victoria/2948/2025_H3N2,1119,0.7138,0.7138
flu-seqneut-2026-CTS-042,A/Victoria/2948/2025_H3N2,plate22-A/Victoria/2948/2025_H3N2,2575,1.23,1
flu-seqneut-2026-CTS-042,A/Victoria/2948/2025_H3N2,plate22-A/Victoria/2948/2025_H3N2,1.362e+04,2.808,1
flu-seqneut-2026-CTS-042,A/Victoria/4897/2022_IVR-238_H1N1,plate22-A/Victoria/4897/2022_IVR-238_H1N1,40,0.005686,0.005686
flu-seqneut-2026-CTS-042,A/Victoria/4897/2022_IVR-238_H1N1,plate22-A/Victoria/4897/2022_IVR-238_H1N1,92,0.2474,0.2474
flu-seqneut-2026-CTS-042,A/Victoria/4897/2022_IVR-238_H1N1,plate22-A/Victoria/4897/2022_IVR-238_H1N1,487,0.4805,0.4805
flu-seqneut-2026-CTS-042,A/Victoria/4897/2022_IVR-238_H1N1,plate22-A/Victoria/4897/2022_IVR-238_H1N1,1119,1.142,1
flu-seqneut-2026-CTS-042,A/Victoria/4897/2022_IVR-238_H1N1,plate22-A/Victoria/4897/2022_IVR-238_H1N1,2575,1.622,1
flu-seqneut-2026-CTS-042,A/Victoria/4897/2022_IVR-238_H1N1,plate22-A/Victoria/4897/2022_IVR-238_H1N1,1.362e+04,2.517,1
flu-seqneut-2026-CTS-042,A/Vietnam/F7324/2024_H3N2,plate22-A/Vietnam/F7324/2024_H3N2,40,0.03224,0.03224
flu-seqneut-2026-CTS-042,A/Vietnam/F7324/2024_H3N2,plate22-A/Vietnam/F7324/2024_H3N2,92,0.3273,0.3273
flu-seqneut-2026-CTS-042,A/Vietnam/F7324/2024_H3N2,plate22-A/Vietnam/F7324/2024_H3N2,487,0.256,0.256
flu-seqneut-2026-CTS-042,A/Vietnam/F7324/2024_H3N2,plate22-A/Vietnam/F7324/2024_H3N2,1119,0.813,0.813
flu-seqneut-2026-CTS-042,A/Vietnam/F7324/2024_H3N2,plate22-A/Vietnam/F7324/2024_H3N2,2575,1.846,1
flu-seqneut-2026-CTS-042,A/Vietnam/F7324/2024_H3N2,plate22-A/Vietnam/F7324/2024_H3N2,1.362e+04,1.69,1
flu-seqneut-2026-CTS-042,A/Vietnam/PF125413/2025_H1N1,plate22-A/Vietnam/PF125413/2025_H1N1,40,0.03372,0.03372
flu-seqneut-2026-CTS-042,A/Vietnam/PF125413/2025_H1N1,plate22-A/Vietnam/PF125413/2025_H1N1,92,0.8148,0.8148
flu-seqneut-2026-CTS-042,A/Vietnam/PF125413/2025_H1N1,plate22-A/Vietnam/PF125413/2025_H1N1,487,0.7918,0.7918
flu-seqneut-2026-CTS-042,A/Vietnam/PF125413/2025_H1N1,plate22-A/Vietnam/PF125413/2025_H1N1,1119,1.103,1
flu-seqneut-2026-CTS-042,A/Vietnam/PF125413/2025_H1N1,plate22-A/Vietnam/PF125413/2025_H1N1,2575,1.6,1
flu-seqneut-2026-CTS-042,A/Vietnam/PF125413/2025_H1N1,plate22-A/Vietnam/PF125413/2025_H1N1,1.362e+04,1.64,1
flu-seqneut-2026-CTS-042,A/Vietnam/PF126009/2026_H1N1,plate22-A/Vietnam/PF126009/2026_H1N1,40,0.07342,0.07342
flu-seqneut-2026-CTS-042,A/Vietnam/PF126009/2026_H1N1,plate22-A/Vietnam/PF126009/2026_H1N1,92,0.4221,0.4221
flu-seqneut-2026-CTS-042,A/Vietnam/PF126009/2026_H1N1,plate22-A/Vietnam/PF126009/2026_H1N1,487,0.6899,0.6899
flu-seqneut-2026-CTS-042,A/Vietnam/PF126009/2026_H1N1,plate22-A/Vietnam/PF126009/2026_H1N1,1119,1.861,1
flu-seqneut-2026-CTS-042,A/Vietnam/PF126009/2026_H1N1,plate22-A/Vietnam/PF126009/2026_H1N1,2575,2.174,1
flu-seqneut-2026-CTS-042,A/Vietnam/PF126009/2026_H1N1,plate22-A/Vietnam/PF126009/2026_H1N1,1.362e+04,2.285,1
flu-seqneut-2026-CTS-042,A/Virginia/82/2025_H1N1,plate22-A/Virginia/82/2025_H1N1,40,0.02306,0.02306
flu-seqneut-2026-CTS-042,A/Virginia/82/2025_H1N1,plate22-A/Virginia/82/2025_H1N1,92,0.2519,0.2519
flu-seqneut-2026-CTS-042,A/Virginia/82/2025_H1N1,plate22-A/Virginia/82/2025_H1N1,487,0.5907,0.5907
flu-seqneut-2026-CTS-042,A/Virginia/82/2025_H1N1,plate22-A/Virginia/82/2025_H1N1,1119,1.211,1
flu-seqneut-2026-CTS-042,A/Virginia/82/2025_H1N1,plate22-A/Virginia/82/2025_H1N1,2575,1.557,1
flu-seqneut-2026-CTS-042,A/Virginia/82/2025_H1N1,plate22-A/Virginia/82/2025_H1N1,1.362e+04,2.262,1
flu-seqneut-2026-CTS-042,A/Wisconsin/588/2019_H1N1,plate22-A/Wisconsin/588/2019_H1N1,40,0.002162,0.002162
flu-seqneut-2026-CTS-042,A/Wisconsin/588/2019_H1N1,plate22-A/Wisconsin/588/2019_H1N1,92,0.1913,0.1913
flu-seqneut-2026-CTS-042,A/Wisconsin/588/2019_H1N1,plate22-A/Wisconsin/588/2019_H1N1,487,0.5905,0.5905
flu-seqneut-2026-CTS-042,A/Wisconsin/588/2019_H1N1,plate22-A/Wisconsin/588/2019_H1N1,1119,1.077,1
flu-seqneut-2026-CTS-042,A/Wisconsin/588/2019_H1N1,plate22-A/Wisconsin/588/2019_H1N1,2575,0.9846,0.9846
flu-seqneut-2026-CTS-042,A/Wisconsin/588/2019_H1N1,plate22-A/Wisconsin/588/2019_H1N1,5921,2.173,1
flu-seqneut-2026-CTS-042,A/Wisconsin/588/2019_H1N1,plate22-A/Wisconsin/588/2019_H1N1,1.362e+04,1.809,1
flu-seqneut-2026-CTS-042,A/Wisconsin/67/2022_H1N1,plate22-A/Wisconsin/67/2022_H1N1,40,0.01929,0.01929
flu-seqneut-2026-CTS-042,A/Wisconsin/67/2022_H1N1,plate22-A/Wisconsin/67/2022_H1N1,92,0.1307,0.1307
flu-seqneut-2026-CTS-042,A/Wisconsin/67/2022_H1N1,plate22-A/Wisconsin/67/2022_H1N1,487,0.3327,0.3327
flu-seqneut-2026-CTS-042,A/Wisconsin/67/2022_H1N1,plate22-A/Wisconsin/67/2022_H1N1,1119,1.134,1
flu-seqneut-2026-CTS-042,A/Wisconsin/67/2022_H1N1,plate22-A/Wisconsin/67/2022_H1N1,2575,1.184,1
flu-seqneut-2026-CTS-042,A/Wisconsin/67/2022_H1N1,plate22-A/Wisconsin/67/2022_H1N1,1.362e+04,1.372,1
flu-seqneut-2026-CTS-042,A/Zacapa/FLU-012/2025_H1N1,plate22-A/Zacapa/FLU-012/2025_H1N1,40,0.02146,0.02146
flu-seqneut-2026-CTS-042,A/Zacapa/FLU-012/2025_H1N1,plate22-A/Zacapa/FLU-012/2025_H1N1,92,0.3577,0.3577
flu-seqneut-2026-CTS-042,A/Zacapa/FLU-012/2025_H1N1,plate22-A/Zacapa/FLU-012/2025_H1N1,487,0.4131,0.4131
flu-seqneut-2026-CTS-042,A/Zacapa/FLU-012/2025_H1N1,plate22-A/Zacapa/FLU-012/2025_H1N1,1119,1.405,1
flu-seqneut-2026-CTS-042,A/Zacapa/FLU-012/2025_H1N1,plate22-A/Zacapa/FLU-012/2025_H1N1,2575,2.351,1
flu-seqneut-2026-CTS-042,A/Zacapa/FLU-012/2025_H1N1,plate22-A/Zacapa/FLU-012/2025_H1N1,1.362e+04,1.877,1
flu-seqneut-2026-CTS-042,A/Zambia/6-NIC-014/2026_H1N1,plate22-A/Zambia/6-NIC-014/2026_H1N1,40,0.006457,0.006457
flu-seqneut-2026-CTS-042,A/Zambia/6-NIC-014/2026_H1N1,plate22-A/Zambia/6-NIC-014/2026_H1N1,92,0.2044,0.2044
flu-seqneut-2026-CTS-042,A/Zambia/6-NIC-014/2026_H1N1,plate22-A/Zambia/6-NIC-014/2026_H1N1,487,0.3945,0.3945
flu-seqneut-2026-CTS-042,A/Zambia/6-NIC-014/2026_H1N1,plate22-A/Zambia/6-NIC-014/2026_H1N1,1119,1.035,1
flu-seqneut-2026-CTS-042,A/Zambia/6-NIC-014/2026_H1N1,plate22-A/Zambia/6-NIC-014/2026_H1N1,2575,1.127,1
flu-seqneut-2026-CTS-042,A/Zambia/6-NIC-014/2026_H1N1,plate22-A/Zambia/6-NIC-014/2026_H1N1,1.362e+04,2.017,1
flu-seqneut-2026-CTS-042,A/Zambia/7-NIC-313/2026_H1N1,plate22-A/Zambia/7-NIC-313/2026_H1N1,40,0.00532,0.00532
flu-seqneut-2026-CTS-042,A/Zambia/7-NIC-313/2026_H1N1,plate22-A/Zambia/7-NIC-313/2026_H1N1,92,0.2236,0.2236
flu-seqneut-2026-CTS-042,A/Zambia/7-NIC-313/2026_H1N1,plate22-A/Zambia/7-NIC-313/2026_H1N1,487,0.4519,0.4519
flu-seqneut-2026-CTS-042,A/Zambia/7-NIC-313/2026_H1N1,plate22-A/Zambia/7-NIC-313/2026_H1N1,1119,1.425,1
flu-seqneut-2026-CTS-042,A/Zambia/7-NIC-313/2026_H1N1,plate22-A/Zambia/7-NIC-313/2026_H1N1,2575,1.225,1
flu-seqneut-2026-CTS-042,A/Zambia/7-NIC-313/2026_H1N1,plate22-A/Zambia/7-NIC-313/2026_H1N1,1.362e+04,2.22,1
flu-seqneut-2026-CTS-043,A/Andalucia/PMC-00977/2025_H1N1,plate22-A/Andalucia/PMC-00977/2025_H1N1,40,0.007308,0.007308
flu-seqneut-2026-CTS-043,A/Andalucia/PMC-00977/2025_H1N1,plate22-A/Andalucia/PMC-00977/2025_H1N1,92,0.01706,0.01706
flu-seqneut-2026-CTS-043,A/Andalucia/PMC-00977/2025_H1N1,plate22-A/Andalucia/PMC-00977/2025_H1N1,212,0.09351,0.09351
flu-seqneut-2026-CTS-043,A/Andalucia/PMC-00977/2025_H1N1,plate22-A/Andalucia/PMC-00977/2025_H1N1,487,0.209,0.209
flu-seqneut-2026-CTS-043,A/Andalucia/PMC-00977/2025_H1N1,plate22-A/Andalucia/PMC-00977/2025_H1N1,1119,0.8788,0.8788
flu-seqneut-2026-CTS-043,A/Andalucia/PMC-00977/2025_H1N1,plate22-A/Andalucia/PMC-00977/2025_H1N1,2575,1.561,1
flu-seqneut-2026-CTS-043,A/Andalucia/PMC-00977/2025_H1N1,plate22-A/Andalucia/PMC-00977/2025_H1N1,1.362e+04,1.761,1
flu-seqneut-2026-CTS-043,A/Andalucia/PMC-01217/2025_H1N1,plate22-A/Andalucia/PMC-01217/2025_H1N1,40,0.01049,0.01049
flu-seqneut-2026-CTS-043,A/Andalucia/PMC-01217/2025_H1N1,plate22-A/Andalucia/PMC-01217/2025_H1N1,92,0.0169,0.0169
flu-seqneut-2026-CTS-043,A/Andalucia/PMC-01217/2025_H1N1,plate22-A/Andalucia/PMC-01217/2025_H1N1,212,0.08505,0.08505
flu-seqneut-2026-CTS-043,A/Andalucia/PMC-01217/2025_H1N1,plate22-A/Andalucia/PMC-01217/2025_H1N1,487,0.168,0.168
flu-seqneut-2026-CTS-043,A/Andalucia/PMC-01217/2025_H1N1,plate22-A/Andalucia/PMC-01217/2025_H1N1,1119,0.6971,0.6971
flu-seqneut-2026-CTS-043,A/Andalucia/PMC-01217/2025_H1N1,plate22-A/Andalucia/PMC-01217/2025_H1N1,2575,0.7946,0.7946
flu-seqneut-2026-CTS-043,A/Andalucia/PMC-01217/2025_H1N1,plate22-A/Andalucia/PMC-01217/2025_H1N1,5921,2.486,1
flu-seqneut-2026-CTS-043,A/Andalucia/PMC-01217/2025_H1N1,plate22-A/Andalucia/PMC-01217/2025_H1N1,1.362e+04,1.624,1
flu-seqneut-2026-CTS-043,A/Andalucia/PMC-01495/2025_H1N1,plate22-A/Andalucia/PMC-01495/2025_H1N1,40,0.004163,0.004163
flu-seqneut-2026-CTS-043,A/Andalucia/PMC-01495/2025_H1N1,plate22-A/Andalucia/PMC-01495/2025_H1N1,92,0.0124,0.0124
flu-seqneut-2026-CTS-043,A/Andalucia/PMC-01495/2025_H1N1,plate22-A/Andalucia/PMC-01495/2025_H1N1,212,0.03817,0.03817
flu-seqneut-2026-CTS-043,A/Andalucia/PMC-01495/2025_H1N1,plate22-A/Andalucia/PMC-01495/2025_H1N1,487,0.1913,0.1913
flu-seqneut-2026-CTS-043,A/Andalucia/PMC-01495/2025_H1N1,plate22-A/Andalucia/PMC-01495/2025_H1N1,1119,1.027,1
flu-seqneut-2026-CTS-043,A/Andalucia/PMC-01495/2025_H1N1,plate22-A/Andalucia/PMC-01495/2025_H1N1,2575,1.13,1
flu-seqneut-2026-CTS-043,A/Andalucia/PMC-01495/2025_H1N1,plate22-A/Andalucia/PMC-01495/2025_H1N1,1.362e+04,2.865,1
flu-seqneut-2026-CTS-043,A/Arizona/40/2026_H1N1,plate22-A/Arizona/40/2026_H1N1,40,0,0
flu-seqneut-2026-CTS-043,A/Arizona/40/2026_H1N1,plate22-A/Arizona/40/2026_H1N1,92,0.02014,0.02014
flu-seqneut-2026-CTS-043,A/Arizona/40/2026_H1N1,plate22-A/Arizona/40/2026_H1N1,212,0.07304,0.07304
flu-seqneut-2026-CTS-043,A/Arizona/40/2026_H1N1,plate22-A/Arizona/40/2026_H1N1,487,0.2555,0.2555
flu-seqneut-2026-CTS-043,A/Arizona/40/2026_H1N1,plate22-A/Arizona/40/2026_H1N1,1119,1.023,1
flu-seqneut-2026-CTS-043,A/Arizona/40/2026_H1N1,plate22-A/Arizona/40/2026_H1N1,2575,1.158,1
flu-seqneut-2026-CTS-043,A/Arizona/40/2026_H1N1,plate22-A/Arizona/40/2026_H1N1,1.362e+04,2.619,1
flu-seqneut-2026-CTS-043,A/Astrakhan/RII-MH273373S/2025_H3N2,plate22-A/Astrakhan/RII-MH273373S/2025_H3N2,40,0,0
flu-seqneut-2026-CTS-043,A/Astrakhan/RII-MH273373S/2025_H3N2,plate22-A/Astrakhan/RII-MH273373S/2025_H3N2,92,0.01426,0.01426
flu-seqneut-2026-CTS-043,A/Astrakhan/RII-MH273373S/2025_H3N2,plate22-A/Astrakhan/RII-MH273373S/2025_H3N2,212,0.01721,0.01721
flu-seqneut-2026-CTS-043,A/Astrakhan/RII-MH273373S/2025_H3N2,plate22-A/Astrakhan/RII-MH273373S/2025_H3N2,487,0.05485,0.05485
flu-seqneut-2026-CTS-043,A/Astrakhan/RII-MH273373S/2025_H3N2,plate22-A/Astrakhan/RII-MH273373S/2025_H3N2,1119,0.4765,0.4765
flu-seqneut-2026-CTS-043,A/Astrakhan/RII-MH273373S/2025_H3N2,plate22-A/Astrakhan/RII-MH273373S/2025_H3N2,2575,0.3455,0.3455
flu-seqneut-2026-CTS-043,A/Astrakhan/RII-MH273373S/2025_H3N2,plate22-A/Astrakhan/RII-MH273373S/2025_H3N2,1.362e+04,1.111,1
flu-seqneut-2026-CTS-043,A/Asturias/232590913/2025_H1N1,plate22-A/Asturias/232590913/2025_H1N1,40,0.008408,0.008408
flu-seqneut-2026-CTS-043,A/Asturias/232590913/2025_H1N1,plate22-A/Asturias/232590913/2025_H1N1,92,0.03791,0.03791
flu-seqneut-2026-CTS-043,A/Asturias/232590913/2025_H1N1,plate22-A/Asturias/232590913/2025_H1N1,212,0.07666,0.07666
flu-seqneut-2026-CTS-043,A/Asturias/232590913/2025_H1N1,plate22-A/Asturias/232590913/2025_H1N1,487,0.2279,0.2279
flu-seqneut-2026-CTS-043,A/Asturias/232590913/2025_H1N1,plate22-A/Asturias/232590913/2025_H1N1,1119,1.163,1
flu-seqneut-2026-CTS-043,A/Asturias/232590913/2025_H1N1,plate22-A/Asturias/232590913/2025_H1N1,2575,1.32,1
flu-seqneut-2026-CTS-043,A/Asturias/232590913/2025_H1N1,plate22-A/Asturias/232590913/2025_H1N1,1.362e+04,2.347,1
flu-seqneut-2026-CTS-043,A/Badajoz/18738342/2026_H3N2,plate22-A/Badajoz/18738342/2026_H3N2,40,0.00444,0.00444
flu-seqneut-2026-CTS-043,A/Badajoz/18738342/2026_H3N2,plate22-A/Badajoz/18738342/2026_H3N2,92,0.005107,0.005107
flu-seqneut-2026-CTS-043,A/Badajoz/18738342/2026_H3N2,plate22-A/Badajoz/18738342/2026_H3N2,212,0.03681,0.03681
flu-seqneut-2026-CTS-043,A/Badajoz/18738342/2026_H3N2,plate22-A/Badajoz/18738342/2026_H3N2,487,0.1519,0.1519
flu-seqneut-2026-CTS-043,A/Badajoz/18738342/2026_H3N2,plate22-A/Badajoz/18738342/2026_H3N2,1119,0.6752,0.6752
flu-seqneut-2026-CTS-043,A/Badajoz/18738342/2026_H3N2,plate22-A/Badajoz/18738342/2026_H3N2,2575,0.8133,0.8133
flu-seqneut-2026-CTS-043,A/Badajoz/18811358/2026_H3N2,plate22-A/Badajoz/18811358/2026_H3N2,40,0.002098,0.002098
flu-seqneut-2026-CTS-043,A/Badajoz/18811358/2026_H3N2,plate22-A/Badajoz/18811358/2026_H3N2,92,0.01666,0.01666
flu-seqneut-2026-CTS-043,A/Badajoz/18811358/2026_H3N2,plate22-A/Badajoz/18811358/2026_H3N2,212,0.02649,0.02649
flu-seqneut-2026-CTS-043,A/Badajoz/18811358/2026_H3N2,plate22-A/Badajoz/18811358/2026_H3N2,487,0.2544,0.2544
flu-seqneut-2026-CTS-043,A/Badajoz/18811358/2026_H3N2,plate22-A/Badajoz/18811358/2026_H3N2,1119,0.4349,0.4349
flu-seqneut-2026-CTS-043,A/Badajoz/18811358/2026_H3N2,plate22-A/Badajoz/18811358/2026_H3N2,2575,0.5984,0.5984
flu-seqneut-2026-CTS-043,A/Badajoz/18811358/2026_H3N2,plate22-A/Badajoz/18811358/2026_H3N2,1.362e+04,2.276,1
flu-seqneut-2026-CTS-043,A/Badajoz/18813527/2026_H3N2,plate22-A/Badajoz/18813527/2026_H3N2,40,0,0
flu-seqneut-2026-CTS-043,A/Badajoz/18813527/2026_H3N2,plate22-A/Badajoz/18813527/2026_H3N2,92,0.08581,0.08581
flu-seqneut-2026-CTS-043,A/Badajoz/18813527/2026_H3N2,plate22-A/Badajoz/18813527/2026_H3N2,212,0.01762,0.01762
flu-seqneut-2026-CTS-043,A/Badajoz/18813527/2026_H3N2,plate22-A/Badajoz/18813527/2026_H3N2,487,0.03776,0.03776
flu-seqneut-2026-CTS-043,A/Badajoz/18813527/2026_H3N2,plate22-A/Badajoz/18813527/2026_H3N2,1119,0.5403,0.5403
flu-seqneut-2026-CTS-043,A/Badajoz/18813527/2026_H3N2,plate22-A/Badajoz/18813527/2026_H3N2,2575,0.8113,0.8113
flu-seqneut-2026-CTS-043,A/Badajoz/18813527/2026_H3N2,plate22-A/Badajoz/18813527/2026_H3N2,1.362e+04,2.883,1
flu-seqneut-2026-CTS-043,A/Bangkok/P2390/2025_H3N2,plate22-A/Bangkok/P2390/2025_H3N2,40,0,0
flu-seqneut-2026-CTS-043,A/Bangkok/P2390/2025_H3N2,plate22-A/Bangkok/P2390/2025_H3N2,92,0.006716,0.006716
flu-seqneut-2026-CTS-043,A/Bangkok/P2390/2025_H3N2,plate22-A/Bangkok/P2390/2025_H3N2,212,0.006828,0.006828
flu-seqneut-2026-CTS-043,A/Bangkok/P2390/2025_H3N2,plate22-A/Bangkok/P2390/2025_H3N2,487,0.1524,0.1524
flu-seqneut-2026-CTS-043,A/Bangkok/P2390/2025_H3N2,plate22-A/Bangkok/P2390/2025_H3N2,1119,0.9249,0.9249
flu-seqneut-2026-CTS-043,A/Bangkok/P2390/2025_H3N2,plate22-A/Bangkok/P2390/2025_H3N2,2575,1.339,1
flu-seqneut-2026-CTS-043,A/Bangkok/P2391/2025_H3N2,plate22-A/Bangkok/P2391/2025_H3N2,40,0,0
flu-seqneut-2026-CTS-043,A/Bangkok/P2391/2025_H3N2,plate22-A/Bangkok/P2391/2025_H3N2,92,0,0
flu-seqneut-2026-CTS-043,A/Bangkok/P2391/2025_H3N2,plate22-A/Bangkok/P2391/2025_H3N2,212,0.04112,0.04112
flu-seqneut-2026-CTS-043,A/Bangkok/P2391/2025_H3N2,plate22-A/Bangkok/P2391/2025_H3N2,487,0.05994,0.05994
flu-seqneut-2026-CTS-043,A/Bangkok/P2391/2025_H3N2,plate22-A/Bangkok/P2391/2025_H3N2,1119,0.7519,0.7519
flu-seqneut-2026-CTS-043,A/Bangkok/P2391/2025_H3N2,plate22-A/Bangkok/P2391/2025_H3N2,2575,0.4387,0.4387
flu-seqneut-2026-CTS-043,A/Bangkok/P2391/2025_H3N2,plate22-A/Bangkok/P2391/2025_H3N2,1.362e+04,1.406,1
flu-seqneut-2026-CTS-043,A/Blaenavon/6687/2026_H3N2,plate22-A/Blaenavon/6687/2026_H3N2,40,0,0
flu-seqneut-2026-CTS-043,A/Blaenavon/6687/2026_H3N2,plate22-A/Blaenavon/6687/2026_H3N2,92,0.0233,0.0233
flu-seqneut-2026-CTS-043,A/Blaenavon/6687/2026_H3N2,plate22-A/Blaenavon/6687/2026_H3N2,212,0.1825,0.1825
flu-seqneut-2026-CTS-043,A/Blaenavon/6687/2026_H3N2,plate22-A/Blaenavon/6687/2026_H3N2,487,0.2773,0.2773
flu-seqneut-2026-CTS-043,A/Blaenavon/6687/2026_H3N2,plate22-A/Blaenavon/6687/2026_H3N2,1119,0.6323,0.6323
flu-seqneut-2026-CTS-043,A/Blaenavon/6687/2026_H3N2,plate22-A/Blaenavon/6687/2026_H3N2,2575,1.071,1
flu-seqneut-2026-CTS-043,A/Blaenavon/6687/2026_H3N2,plate22-A/Blaenavon/6687/2026_H3N2,1.362e+04,2.368,1
flu-seqneut-2026-CTS-043,A/Bolivia/OR5702/2025_H3N2,plate22-A/Bolivia/OR5702/2025_H3N2,40,0.002419,0.002419
flu-seqneut-2026-CTS-043,A/Bolivia/OR5702/2025_H3N2,plate22-A/Bolivia/OR5702/2025_H3N2,92,0.02765,0.02765
flu-seqneut-2026-CTS-043,A/Bolivia/OR5702/2025_H3N2,plate22-A/Bolivia/OR5702/2025_H3N2,212,0.04581,0.04581
flu-seqneut-2026-CTS-043,A/Bolivia/OR5702/2025_H3N2,plate22-A/Bolivia/OR5702/2025_H3N2,487,0.07139,0.07139
flu-seqneut-2026-CTS-043,A/Bolivia/OR5702/2025_H3N2,plate22-A/Bolivia/OR5702/2025_H3N2,1119,0.4704,0.4704
flu-seqneut-2026-CTS-043,A/Bolivia/OR5702/2025_H3N2,plate22-A/Bolivia/OR5702/2025_H3N2,2575,0.4921,0.4921
flu-seqneut-2026-CTS-043,A/Bolivia/OR5702/2025_H3N2,plate22-A/Bolivia/OR5702/2025_H3N2,1.362e+04,2.342,1
flu-seqneut-2026-CTS-043,A/BritishColumbia/RV00022-26/2025_H1N1,plate22-A/BritishColumbia/RV00022-26/2025_H1N1,40,0.00328,0.00328
flu-seqneut-2026-CTS-043,A/BritishColumbia/RV00022-26/2025_H1N1,plate22-A/BritishColumbia/RV00022-26/2025_H1N1,92,0.1159,0.1159
flu-seqneut-2026-CTS-043,A/BritishColumbia/RV00022-26/2025_H1N1,plate22-A/BritishColumbia/RV00022-26/2025_H1N1,212,0.193,0.193
flu-seqneut-2026-CTS-043,A/BritishColumbia/RV00022-26/2025_H1N1,plate22-A/BritishColumbia/RV00022-26/2025_H1N1,487,0.3782,0.3782
flu-seqneut-2026-CTS-043,A/BritishColumbia/RV00022-26/2025_H1N1,plate22-A/BritishColumbia/RV00022-26/2025_H1N1,1119,1.322,1
flu-seqneut-2026-CTS-043,A/BritishColumbia/RV00022-26/2025_H1N1,plate22-A/BritishColumbia/RV00022-26/2025_H1N1,2575,1.213,1
flu-seqneut-2026-CTS-043,A/BritishColumbia/RV00022-26/2025_H1N1,plate22-A/BritishColumbia/RV00022-26/2025_H1N1,1.362e+04,2.919,1
flu-seqneut-2026-CTS-043,A/BritishColumbia/RV00279-26/2025_H3N2,plate22-A/BritishColumbia/RV00279-26/2025_H3N2,40,0,0
flu-seqneut-2026-CTS-043,A/BritishColumbia/RV00279-26/2025_H3N2,plate22-A/BritishColumbia/RV00279-26/2025_H3N2,92,0.01686,0.01686
flu-seqneut-2026-CTS-043,A/BritishColumbia/RV00279-26/2025_H3N2,plate22-A/BritishColumbia/RV00279-26/2025_H3N2,212,0.02225,0.02225
flu-seqneut-2026-CTS-043,A/BritishColumbia/RV00279-26/2025_H3N2,plate22-A/BritishColumbia/RV00279-26/2025_H3N2,487,0.09614,0.09614
flu-seqneut-2026-CTS-043,A/BritishColumbia/RV00279-26/2025_H3N2,plate22-A/BritishColumbia/RV00279-26/2025_H3N2,1119,1.126,1
flu-seqneut-2026-CTS-043,A/BritishColumbia/RV00279-26/2025_H3N2,plate22-A/BritishColumbia/RV00279-26/2025_H3N2,2575,1.285,1
flu-seqneut-2026-CTS-043,A/BritishColumbia/RV00279-26/2025_H3N2,plate22-A/BritishColumbia/RV00279-26/2025_H3N2,1.362e+04,2.698,1
flu-seqneut-2026-CTS-043,A/BritishColumbia/RV01350-26/2026_H1N1,plate22-A/BritishColumbia/RV01350-26/2026_H1N1,40,0,0
flu-seqneut-2026-CTS-043,A/BritishColumbia/RV01350-26/2026_H1N1,plate22-A/BritishColumbia/RV01350-26/2026_H1N1,92,0.03693,0.03693
flu-seqneut-2026-CTS-043,A/BritishColumbia/RV01350-26/2026_H1N1,plate22-A/BritishColumbia/RV01350-26/2026_H1N1,212,0.1546,0.1546
flu-seqneut-2026-CTS-043,A/BritishColumbia/RV01350-26/2026_H1N1,plate22-A/BritishColumbia/RV01350-26/2026_H1N1,487,0.2757,0.2757
flu-seqneut-2026-CTS-043,A/BritishColumbia/RV01350-26/2026_H1N1,plate22-A/BritishColumbia/RV01350-26/2026_H1N1,1119,1.671,1
flu-seqneut-2026-CTS-043,A/BritishColumbia/RV01350-26/2026_H1N1,plate22-A/BritishColumbia/RV01350-26/2026_H1N1,2575,1.575,1
flu-seqneut-2026-CTS-043,A/BritishColumbia/RV01350-26/2026_H1N1,plate22-A/BritishColumbia/RV01350-26/2026_H1N1,1.362e+04,2.631,1
flu-seqneut-2026-CTS-043,A/BritishColumbia/RV05508-25/2025_H1N1,plate22-A/BritishColumbia/RV05508-25/2025_H1N1,40,0.01712,0.01712
flu-seqneut-2026-CTS-043,A/BritishColumbia/RV05508-25/2025_H1N1,plate22-A/BritishColumbia/RV05508-25/2025_H1N1,92,0.1109,0.1109
flu-seqneut-2026-CTS-043,A/BritishColumbia/RV05508-25/2025_H1N1,plate22-A/BritishColumbia/RV05508-25/2025_H1N1,212,0.3119,0.3119
flu-seqneut-2026-CTS-043,A/BritishColumbia/RV05508-25/2025_H1N1,plate22-A/BritishColumbia/RV05508-25/2025_H1N1,487,0.4225,0.4225
flu-seqneut-2026-CTS-043,A/BritishColumbia/RV05508-25/2025_H1N1,plate22-A/BritishColumbia/RV05508-25/2025_H1N1,1119,1.494,1
flu-seqneut-2026-CTS-043,A/BritishColumbia/RV05508-25/2025_H1N1,plate22-A/BritishColumbia/RV05508-25/2025_H1N1,2575,1.756,1
flu-seqneut-2026-CTS-043,A/California/GKISBBBH79910/2026_H3N2,plate22-A/California/GKISBBBH79910/2026_H3N2,40,0.002668,0.002668
flu-seqneut-2026-CTS-043,A/California/GKISBBBH79910/2026_H3N2,plate22-A/California/GKISBBBH79910/2026_H3N2,92,0.01719,0.01719
flu-seqneut-2026-CTS-043,A/California/GKISBBBH79910/2026_H3N2,plate22-A/California/GKISBBBH79910/2026_H3N2,212,0.08037,0.08037
flu-seqneut-2026-CTS-043,A/California/GKISBBBH79910/2026_H3N2,plate22-A/California/GKISBBBH79910/2026_H3N2,487,0.2967,0.2967
flu-seqneut-2026-CTS-043,A/California/GKISBBBH79910/2026_H3N2,plate22-A/California/GKISBBBH79910/2026_H3N2,1119,0.8054,0.8054
flu-seqneut-2026-CTS-043,A/California/GKISBBBH79910/2026_H3N2,plate22-A/California/GKISBBBH79910/2026_H3N2,2575,0.838,0.838
flu-seqneut-2026-CTS-043,A/California/GKISBBBH79910/2026_H3N2,plate22-A/California/GKISBBBH79910/2026_H3N2,1.362e+04,2.501,1
flu-seqneut-2026-CTS-043,A/California/NIRC-IS-1019/2026_H1N1,plate22-A/California/NIRC-IS-1019/2026_H1N1,40,0.001871,0.001871
flu-seqneut-2026-CTS-043,A/California/NIRC-IS-1019/2026_H1N1,plate22-A/California/NIRC-IS-1019/2026_H1N1,92,0.2126,0.2126
flu-seqneut-2026-CTS-043,A/California/NIRC-IS-1019/2026_H1N1,plate22-A/California/NIRC-IS-1019/2026_H1N1,212,0.2758,0.2758
flu-seqneut-2026-CTS-043,A/California/NIRC-IS-1019/2026_H1N1,plate22-A/California/NIRC-IS-1019/2026_H1N1,487,0.4404,0.4404
flu-seqneut-2026-CTS-043,A/California/NIRC-IS-1019/2026_H1N1,plate22-A/California/NIRC-IS-1019/2026_H1N1,1119,1.15,1
flu-seqneut-2026-CTS-043,A/California/NIRC-IS-1019/2026_H1N1,plate22-A/California/NIRC-IS-1019/2026_H1N1,2575,1.138,1
flu-seqneut-2026-CTS-043,A/California/NIRC-IS-1059/2026_H3N2,plate22-A/California/NIRC-IS-1059/2026_H3N2,40,0,0
flu-seqneut-2026-CTS-043,A/California/NIRC-IS-1059/2026_H3N2,plate22-A/California/NIRC-IS-1059/2026_H3N2,92,0.005504,0.005504
flu-seqneut-2026-CTS-043,A/California/NIRC-IS-1059/2026_H3N2,plate22-A/California/NIRC-IS-1059/2026_H3N2,212,0.02789,0.02789
flu-seqneut-2026-CTS-043,A/California/NIRC-IS-1059/2026_H3N2,plate22-A/California/NIRC-IS-1059/2026_H3N2,487,0.1053,0.1053
flu-seqneut-2026-CTS-043,A/California/NIRC-IS-1059/2026_H3N2,plate22-A/California/NIRC-IS-1059/2026_H3N2,1119,1.044,1
flu-seqneut-2026-CTS-043,A/California/NIRC-IS-1059/2026_H3N2,plate22-A/California/NIRC-IS-1059/2026_H3N2,2575,1.761,1
flu-seqneut-2026-CTS-043,A/California/NIRC-IS-1067/2026_H3N2,plate22-A/California/NIRC-IS-1067/2026_H3N2,40,0.001305,0.001305
flu-seqneut-2026-CTS-043,A/California/NIRC-IS-1067/2026_H3N2,plate22-A/California/NIRC-IS-1067/2026_H3N2,92,0.03545,0.03545
flu-seqneut-2026-CTS-043,A/California/NIRC-IS-1067/2026_H3N2,plate22-A/California/NIRC-IS-1067/2026_H3N2,212,0.05943,0.05943
flu-seqneut-2026-CTS-043,A/California/NIRC-IS-1067/2026_H3N2,plate22-A/California/NIRC-IS-1067/2026_H3N2,487,0.1394,0.1394
flu-seqneut-2026-CTS-043,A/California/NIRC-IS-1067/2026_H3N2,plate22-A/California/NIRC-IS-1067/2026_H3N2,1119,1.044,1
flu-seqneut-2026-CTS-043,A/California/NIRC-IS-1067/2026_H3N2,plate22-A/California/NIRC-IS-1067/2026_H3N2,2575,1.179,1
flu-seqneut-2026-CTS-043,A/California/NIRC-IS-1356/2025_H1N1,plate22-A/California/NIRC-IS-1356/2025_H1N1,40,0.001041,0.001041
flu-seqneut-2026-CTS-043,A/California/NIRC-IS-1356/2025_H1N1,plate22-A/California/NIRC-IS-1356/2025_H1N1,92,0.02883,0.02883
flu-seqneut-2026-CTS-043,A/California/NIRC-IS-1356/2025_H1N1,plate22-A/California/NIRC-IS-1356/2025_H1N1,212,0.05285,0.05285
flu-seqneut-2026-CTS-043,A/California/NIRC-IS-1356/2025_H1N1,plate22-A/California/NIRC-IS-1356/2025_H1N1,487,0.2014,0.2014
flu-seqneut-2026-CTS-043,A/California/NIRC-IS-1356/2025_H1N1,plate22-A/California/NIRC-IS-1356/2025_H1N1,1119,0.8428,0.8428
flu-seqneut-2026-CTS-043,A/California/NIRC-IS-1356/2025_H1N1,plate22-A/California/NIRC-IS-1356/2025_H1N1,2575,1.254,1
flu-seqneut-2026-CTS-043,A/California/NIRC-IS-1356/2025_H1N1,plate22-A/California/NIRC-IS-1356/2025_H1N1,1.362e+04,2.47,1
flu-seqneut-2026-CTS-043,A/Castellon/VAHNSI_02_02400/2025_H3N2,plate22-A/Castellon/VAHNSI_02_02400/2025_H3N2,40,0,0
flu-seqneut-2026-CTS-043,A/Castellon/VAHNSI_02_02400/2025_H3N2,plate22-A/Castellon/VAHNSI_02_02400/2025_H3N2,92,0.01831,0.01831
flu-seqneut-2026-CTS-043,A/Castellon/VAHNSI_02_02400/2025_H3N2,plate22-A/Castellon/VAHNSI_02_02400/2025_H3N2,212,0.04352,0.04352
flu-seqneut-2026-CTS-043,A/Castellon/VAHNSI_02_02400/2025_H3N2,plate22-A/Castellon/VAHNSI_02_02400/2025_H3N2,487,0.155,0.155
flu-seqneut-2026-CTS-043,A/Castellon/VAHNSI_02_02400/2025_H3N2,plate22-A/Castellon/VAHNSI_02_02400/2025_H3N2,1119,0.942,0.942
flu-seqneut-2026-CTS-043,A/Castellon/VAHNSI_02_02400/2025_H3N2,plate22-A/Castellon/VAHNSI_02_02400/2025_H3N2,2575,1.314,1
flu-seqneut-2026-CTS-043,A/Colombia/1851/2024_H3N2,plate22-A/Colombia/1851/2024_H3N2,40,0,0
flu-seqneut-2026-CTS-043,A/Colombia/1851/2024_H3N2,plate22-A/Colombia/1851/2024_H3N2,92,0,0
flu-seqneut-2026-CTS-043,A/Colombia/1851/2024_H3N2,plate22-A/Colombia/1851/2024_H3N2,212,0,0
flu-seqneut-2026-CTS-043,A/Colombia/1851/2024_H3N2,plate22-A/Colombia/1851/2024_H3N2,487,0.01963,0.01963
flu-seqneut-2026-CTS-043,A/Colombia/1851/2024_H3N2,plate22-A/Colombia/1851/2024_H3N2,1119,0.1267,0.1267
flu-seqneut-2026-CTS-043,A/Colombia/1851/2024_H3N2,plate22-A/Colombia/1851/2024_H3N2,2575,0.538,0.538
flu-seqneut-2026-CTS-043,A/Colombia/1851/2024_H3N2,plate22-A/Colombia/1851/2024_H3N2,5921,2.69,1
flu-seqneut-2026-CTS-043,A/Colombia/1851/2024_H3N2,plate22-A/Colombia/1851/2024_H3N2,1.362e+04,2.325,1
flu-seqneut-2026-CTS-043,A/Colorado/218/2024_H1N1,plate22-A/Colorado/218/2024_H1N1,40,0,0
flu-seqneut-2026-CTS-043,A/Colorado/218/2024_H1N1,plate22-A/Colorado/218/2024_H1N1,92,0.02664,0.02664
flu-seqneut-2026-CTS-043,A/Colorado/218/2024_H1N1,plate22-A/Colorado/218/2024_H1N1,212,0.05385,0.05385
flu-seqneut-2026-CTS-043,A/Colorado/218/2024_H1N1,plate22-A/Colorado/218/2024_H1N1,487,0.1229,0.1229
flu-seqneut-2026-CTS-043,A/Colorado/218/2024_H1N1,plate22-A/Colorado/218/2024_H1N1,1119,0.6238,0.6238
flu-seqneut-2026-CTS-043,A/Colorado/218/2024_H1N1,plate22-A/Colorado/218/2024_H1N1,2575,1.742,1
flu-seqneut-2026-CTS-043,A/Colorado/218/2024_H1N1,plate22-A/Colorado/218/2024_H1N1,1.362e+04,1.796,1
flu-seqneut-2026-CTS-043,A/Connecticut/5/2026_H3N2,plate22-A/Connecticut/5/2026_H3N2,40,0,0
flu-seqneut-2026-CTS-043,A/Connecticut/5/2026_H3N2,plate22-A/Connecticut/5/2026_H3N2,92,0.01834,0.01834
flu-seqneut-2026-CTS-043,A/Connecticut/5/2026_H3N2,plate22-A/Connecticut/5/2026_H3N2,212,0.02309,0.02309
flu-seqneut-2026-CTS-043,A/Connecticut/5/2026_H3N2,plate22-A/Connecticut/5/2026_H3N2,487,0.1488,0.1488
flu-seqneut-2026-CTS-043,A/Connecticut/5/2026_H3N2,plate22-A/Connecticut/5/2026_H3N2,1119,0.5605,0.5605
flu-seqneut-2026-CTS-043,A/Connecticut/5/2026_H3N2,plate22-A/Connecticut/5/2026_H3N2,2575,0.8555,0.8555
flu-seqneut-2026-CTS-043,A/Connecticut/5/2026_H3N2,plate22-A/Connecticut/5/2026_H3N2,1.362e+04,1.73,1
flu-seqneut-2026-CTS-043,A/Croatia/10136RV/2023_H3N2,plate22-A/Croatia/10136RV/2023_H3N2,40,0.007878,0.007878
flu-seqneut-2026-CTS-043,A/Croatia/10136RV/2023_H3N2,plate22-A/Croatia/10136RV/2023_H3N2,92,0.009398,0.009398
flu-seqneut-2026-CTS-043,A/Croatia/10136RV/2023_H3N2,plate22-A/Croatia/10136RV/2023_H3N2,212,0.01129,0.01129
flu-seqneut-2026-CTS-043,A/Croatia/10136RV/2023_H3N2,plate22-A/Croatia/10136RV/2023_H3N2,487,0.01994,0.01994
flu-seqneut-2026-CTS-043,A/Croatia/10136RV/2023_H3N2,plate22-A/Croatia/10136RV/2023_H3N2,1119,0.1093,0.1093
flu-seqneut-2026-CTS-043,A/Croatia/10136RV/2023_H3N2,plate22-A/Croatia/10136RV/2023_H3N2,2575,0.3468,0.3468
flu-seqneut-2026-CTS-043,A/Croatia/10136RV/2023_H3N2,plate22-A/Croatia/10136RV/2023_H3N2,5921,2.314,1
flu-seqneut-2026-CTS-043,A/Croatia/10136RV/2023_H3N2,plate22-A/Croatia/10136RV/2023_H3N2,1.362e+04,1.724,1
flu-seqneut-2026-CTS-043,A/Darwin/1415/2025_H3N2,plate22-A/Darwin/1415/2025_H3N2,40,0,0
flu-seqneut-2026-CTS-043,A/Darwin/1415/2025_H3N2,plate22-A/Darwin/1415/2025_H3N2,92,0,0
flu-seqneut-2026-CTS-043,A/Darwin/1415/2025_H3N2,plate22-A/Darwin/1415/2025_H3N2,212,0.006352,0.006352
flu-seqneut-2026-CTS-043,A/Darwin/1415/2025_H3N2,plate22-A/Darwin/1415/2025_H3N2,487,0.04306,0.04306
flu-seqneut-2026-CTS-043,A/Darwin/1415/2025_H3N2,plate22-A/Darwin/1415/2025_H3N2,1119,0.4208,0.4208
flu-seqneut-2026-CTS-043,A/Darwin/1415/2025_H3N2,plate22-A/Darwin/1415/2025_H3N2,2575,0.3927,0.3927
flu-seqneut-2026-CTS-043,A/Darwin/1415/2025_H3N2,plate22-A/Darwin/1415/2025_H3N2,5921,2.304,1
flu-seqneut-2026-CTS-043,A/Darwin/1415/2025_H3N2,plate22-A/Darwin/1415/2025_H3N2,1.362e+04,1.15,1
flu-seqneut-2026-CTS-043,A/Darwin/1454/2025_H3N2,plate22-A/Darwin/1454/2025_H3N2,40,0,0
flu-seqneut-2026-CTS-043,A/Darwin/1454/2025_H3N2,plate22-A/Darwin/1454/2025_H3N2,92,0.008183,0.008183
flu-seqneut-2026-CTS-043,A/Darwin/1454/2025_H3N2,plate22-A/Darwin/1454/2025_H3N2,212,0.01095,0.01095
flu-seqneut-2026-CTS-043,A/Darwin/1454/2025_H3N2,plate22-A/Darwin/1454/2025_H3N2,487,0.0244,0.0244
flu-seqneut-2026-CTS-043,A/Darwin/1454/2025_H3N2,plate22-A/Darwin/1454/2025_H3N2,1119,0.2913,0.2913
flu-seqneut-2026-CTS-043,A/Darwin/1454/2025_H3N2,plate22-A/Darwin/1454/2025_H3N2,2575,0.5942,0.5942
flu-seqneut-2026-CTS-043,A/Denmark/3940/2025_H3N2,plate22-A/Denmark/3940/2025_H3N2,40,0.0009083,0.0009083
flu-seqneut-2026-CTS-043,A/Denmark/3940/2025_H3N2,plate22-A/Denmark/3940/2025_H3N2,92,0.02881,0.02881
flu-seqneut-2026-CTS-043,A/Denmark/3940/2025_H3N2,plate22-A/Denmark/3940/2025_H3N2,212,0.05015,0.05015
flu-seqneut-2026-CTS-043,A/Denmark/3940/2025_H3N2,plate22-A/Denmark/3940/2025_H3N2,487,0.1422,0.1422
flu-seqneut-2026-CTS-043,A/Denmark/3940/2025_H3N2,plate22-A/Denmark/3940/2025_H3N2,1119,0.743,0.743
flu-seqneut-2026-CTS-043,A/Denmark/3940/2025_H3N2,plate22-A/Denmark/3940/2025_H3N2,2575,0.8962,0.8962
flu-seqneut-2026-CTS-043,A/Denmark/3940/2025_H3N2,plate22-A/Denmark/3940/2025_H3N2,1.362e+04,2.451,1
flu-seqneut-2026-CTS-043,A/Denmark/4547/2025_H1N1,plate22-A/Denmark/4547/2025_H1N1,40,0.002576,0.002576
flu-seqneut-2026-CTS-043,A/Denmark/4547/2025_H1N1,plate22-A/Denmark/4547/2025_H1N1,92,0.01839,0.01839
flu-seqneut-2026-CTS-043,A/Denmark/4547/2025_H1N1,plate22-A/Denmark/4547/2025_H1N1,212,0.07093,0.07093
flu-seqneut-2026-CTS-043,A/Denmark/4547/2025_H1N1,plate22-A/Denmark/4547/2025_H1N1,487,0.187,0.187
flu-seqneut-2026-CTS-043,A/Denmark/4547/2025_H1N1,plate22-A/Denmark/4547/2025_H1N1,1119,0.5904,0.5904
flu-seqneut-2026-CTS-043,A/Denmark/4547/2025_H1N1,plate22-A/Denmark/4547/2025_H1N1,2575,0.789,0.789
flu-seqneut-2026-CTS-043,A/Denmark/4547/2025_H1N1,plate22-A/Denmark/4547/2025_H1N1,5921,2.477,1
flu-seqneut-2026-CTS-043,A/Denmark/4547/2025_H1N1,plate22-A/Denmark/4547/2025_H1N1,1.362e+04,1.843,1
flu-seqneut-2026-CTS-043,A/Denmark/4774/2025_H1N1,plate22-A/Denmark/4774/2025_H1N1,40,0.01239,0.01239
flu-seqneut-2026-CTS-043,A/Denmark/4774/2025_H1N1,plate22-A/Denmark/4774/2025_H1N1,92,0.00133,0.00133
flu-seqneut-2026-CTS-043,A/Denmark/4774/2025_H1N1,plate22-A/Denmark/4774/2025_H1N1,212,0.1643,0.1643
flu-seqneut-2026-CTS-043,A/Denmark/4774/2025_H1N1,plate22-A/Denmark/4774/2025_H1N1,487,0.2889,0.2889
flu-seqneut-2026-CTS-043,A/Denmark/4774/2025_H1N1,plate22-A/Denmark/4774/2025_H1N1,1119,1.214,1
flu-seqneut-2026-CTS-043,A/Denmark/4774/2025_H1N1,plate22-A/Denmark/4774/2025_H1N1,2575,1.69,1
flu-seqneut-2026-CTS-043,A/Denmark/4774/2025_H1N1,plate22-A/Denmark/4774/2025_H1N1,1.362e+04,1.917,1
flu-seqneut-2026-CTS-043,A/District_Of_Columbia/27/2023_H3N2,plate22-A/District_Of_Columbia/27/2023_H3N2,40,0,0
flu-seqneut-2026-CTS-043,A/District_Of_Columbia/27/2023_H3N2,plate22-A/District_Of_Columbia/27/2023_H3N2,92,0.007158,0.007158
flu-seqneut-2026-CTS-043,A/District_Of_Columbia/27/2023_H3N2,plate22-A/District_Of_Columbia/27/2023_H3N2,212,0,0
flu-seqneut-2026-CTS-043,A/District_Of_Columbia/27/2023_H3N2,plate22-A/District_Of_Columbia/27/2023_H3N2,487,0.01135,0.01135
flu-seqneut-2026-CTS-043,A/District_Of_Columbia/27/2023_H3N2,plate22-A/District_Of_Columbia/27/2023_H3N2,1119,0.4005,0.4005
flu-seqneut-2026-CTS-043,A/District_Of_Columbia/27/2023_H3N2,plate22-A/District_Of_Columbia/27/2023_H3N2,2575,1.086,1
flu-seqneut-2026-CTS-043,A/District_Of_Columbia/27/2023_H3N2,plate22-A/District_Of_Columbia/27/2023_H3N2,1.362e+04,2.53,1
flu-seqneut-2026-CTS-043,A/Distrito_Federal/250106000728/2025_H3N2,plate22-A/Distrito_Federal/250106000728/2025_H3N2,40,0,0
flu-seqneut-2026-CTS-043,A/Distrito_Federal/250106000728/2025_H3N2,plate22-A/Distrito_Federal/250106000728/2025_H3N2,92,0,0
flu-seqneut-2026-CTS-043,A/Distrito_Federal/250106000728/2025_H3N2,plate22-A/Distrito_Federal/250106000728/2025_H3N2,212,0,0
flu-seqneut-2026-CTS-043,A/Distrito_Federal/250106000728/2025_H3N2,plate22-A/Distrito_Federal/250106000728/2025_H3N2,487,0.05699,0.05699
flu-seqneut-2026-CTS-043,A/Distrito_Federal/250106000728/2025_H3N2,plate22-A/Distrito_Federal/250106000728/2025_H3N2,1119,0.3317,0.3317
flu-seqneut-2026-CTS-043,A/Distrito_Federal/250106000728/2025_H3N2,plate22-A/Distrito_Federal/250106000728/2025_H3N2,2575,0.4901,0.4901
flu-seqneut-2026-CTS-043,A/Distrito_Federal/250106000728/2025_H3N2,plate22-A/Distrito_Federal/250106000728/2025_H3N2,1.362e+04,2.45,1
flu-seqneut-2026-CTS-043,A/England/1893256/2026_H1N1,plate22-A/England/1893256/2026_H1N1,40,0,0
flu-seqneut-2026-CTS-043,A/England/1893256/2026_H1N1,plate22-A/England/1893256/2026_H1N1,92,0.05446,0.05446
flu-seqneut-2026-CTS-043,A/England/1893256/2026_H1N1,plate22-A/England/1893256/2026_H1N1,212,0.1492,0.1492
flu-seqneut-2026-CTS-043,A/England/1893256/2026_H1N1,plate22-A/England/1893256/2026_H1N1,487,0.6675,0.6675
flu-seqneut-2026-CTS-043,A/England/1893256/2026_H1N1,plate22-A/England/1893256/2026_H1N1,1119,1.006,1
flu-seqneut-2026-CTS-043,A/England/1893256/2026_H1N1,plate22-A/England/1893256/2026_H1N1,2575,1.488,1
flu-seqneut-2026-CTS-043,A/England/1893256/2026_H1N1,plate22-A/England/1893256/2026_H1N1,1.362e+04,2.881,1
flu-seqneut-2026-CTS-043,A/Florida/ISC-1069/2026_H3N2,plate22-A/Florida/ISC-1069/2026_H3N2,40,0.006513,0.006513
flu-seqneut-2026-CTS-043,A/Florida/ISC-1069/2026_H3N2,plate22-A/Florida/ISC-1069/2026_H3N2,92,0.03723,0.03723
flu-seqneut-2026-CTS-043,A/Florida/ISC-1069/2026_H3N2,plate22-A/Florida/ISC-1069/2026_H3N2,212,0.04888,0.04888
flu-seqneut-2026-CTS-043,A/Florida/ISC-1069/2026_H3N2,plate22-A/Florida/ISC-1069/2026_H3N2,487,0.3812,0.3812
flu-seqneut-2026-CTS-043,A/Florida/ISC-1069/2026_H3N2,plate22-A/Florida/ISC-1069/2026_H3N2,1119,1.07,1
flu-seqneut-2026-CTS-043,A/Florida/ISC-1069/2026_H3N2,plate22-A/Florida/ISC-1069/2026_H3N2,2575,1.57,1
flu-seqneut-2026-CTS-043,A/France/ARA-HCL025195259501/2025_H1N1,plate22-A/France/ARA-HCL025195259501/2025_H1N1,40,0,0
flu-seqneut-2026-CTS-043,A/France/ARA-HCL025195259501/2025_H1N1,plate22-A/France/ARA-HCL025195259501/2025_H1N1,92,0.06499,0.06499
flu-seqneut-2026-CTS-043,A/France/ARA-HCL025195259501/2025_H1N1,plate22-A/France/ARA-HCL025195259501/2025_H1N1,212,0.08406,0.08406
flu-seqneut-2026-CTS-043,A/France/ARA-HCL025195259501/2025_H1N1,plate22-A/France/ARA-HCL025195259501/2025_H1N1,487,0.3437,0.3437
flu-seqneut-2026-CTS-043,A/France/ARA-HCL025195259501/2025_H1N1,plate22-A/France/ARA-HCL025195259501/2025_H1N1,1119,1.065,1
flu-seqneut-2026-CTS-043,A/France/ARA-HCL025195259501/2025_H1N1,plate22-A/France/ARA-HCL025195259501/2025_H1N1,2575,1.427,1
flu-seqneut-2026-CTS-043,A/France/ARA-HCL025195259501/2025_H1N1,plate22-A/France/ARA-HCL025195259501/2025_H1N1,1.362e+04,2.022,1
flu-seqneut-2026-CTS-043,A/France/ARA-HCL026031894402/2026_H3N2,plate22-A/France/ARA-HCL026031894402/2026_H3N2,40,0,0
flu-seqneut-2026-CTS-043,A/France/ARA-HCL026031894402/2026_H3N2,plate22-A/France/ARA-HCL026031894402/2026_H3N2,92,0.02173,0.02173
flu-seqneut-2026-CTS-043,A/France/ARA-HCL026031894402/2026_H3N2,plate22-A/France/ARA-HCL026031894402/2026_H3N2,212,0.0123,0.0123
flu-seqneut-2026-CTS-043,A/France/ARA-HCL026031894402/2026_H3N2,plate22-A/France/ARA-HCL026031894402/2026_H3N2,487,0.04597,0.04597
flu-seqneut-2026-CTS-043,A/France/ARA-HCL026031894402/2026_H3N2,plate22-A/France/ARA-HCL026031894402/2026_H3N2,1119,0.6133,0.6133
flu-seqneut-2026-CTS-043,A/France/ARA-HCL026031894402/2026_H3N2,plate22-A/France/ARA-HCL026031894402/2026_H3N2,2575,0.7334,0.7334
flu-seqneut-2026-CTS-043,A/France/ARA-HCL026031894402/2026_H3N2,plate22-A/France/ARA-HCL026031894402/2026_H3N2,1.362e+04,2.142,1
flu-seqneut-2026-CTS-043,A/France/GES-IPP00659/2026_H1N1,plate22-A/France/GES-IPP00659/2026_H1N1,40,0,0
flu-seqneut-2026-CTS-043,A/France/GES-IPP00659/2026_H1N1,plate22-A/France/GES-IPP00659/2026_H1N1,92,0.0213,0.0213
flu-seqneut-2026-CTS-043,A/France/GES-IPP00659/2026_H1N1,plate22-A/France/GES-IPP00659/2026_H1N1,212,0.1274,0.1274
flu-seqneut-2026-CTS-043,A/France/GES-IPP00659/2026_H1N1,plate22-A/France/GES-IPP00659/2026_H1N1,487,0.1838,0.1838
flu-seqneut-2026-CTS-043,A/France/GES-IPP00659/2026_H1N1,plate22-A/France/GES-IPP00659/2026_H1N1,1119,1.49,1
flu-seqneut-2026-CTS-043,A/France/GES-IPP00659/2026_H1N1,plate22-A/France/GES-IPP00659/2026_H1N1,2575,1.206,1
flu-seqneut-2026-CTS-043,A/France/GES-IPP00659/2026_H1N1,plate22-A/France/GES-IPP00659/2026_H1N1,1.362e+04,1.854,1
flu-seqneut-2026-CTS-043,A/France/GES-IPP01077/2026_H3N2,plate22-A/France/GES-IPP01077/2026_H3N2,40,0,0
flu-seqneut-2026-CTS-043,A/France/GES-IPP01077/2026_H3N2,plate22-A/France/GES-IPP01077/2026_H3N2,92,0.0001006,0.0001006
flu-seqneut-2026-CTS-043,A/France/GES-IPP01077/2026_H3N2,plate22-A/France/GES-IPP01077/2026_H3N2,212,0.008689,0.008689
flu-seqneut-2026-CTS-043,A/France/GES-IPP01077/2026_H3N2,plate22-A/France/GES-IPP01077/2026_H3N2,487,0.1307,0.1307
flu-seqneut-2026-CTS-043,A/France/GES-IPP01077/2026_H3N2,plate22-A/France/GES-IPP01077/2026_H3N2,1119,0.6736,0.6736
flu-seqneut-2026-CTS-043,A/France/GES-IPP01077/2026_H3N2,plate22-A/France/GES-IPP01077/2026_H3N2,2575,0.8205,0.8205
flu-seqneut-2026-CTS-043,A/France/GES-IPP01077/2026_H3N2,plate22-A/France/GES-IPP01077/2026_H3N2,1.362e+04,1.594,1
flu-seqneut-2026-CTS-043,A/France/HDF-IPP01550/2026_H3N2,plate22-A/France/HDF-IPP01550/2026_H3N2,40,0.005936,0.005936
flu-seqneut-2026-CTS-043,A/France/HDF-IPP01550/2026_H3N2,plate22-A/France/HDF-IPP01550/2026_H3N2,92,0.0889,0.0889
flu-seqneut-2026-CTS-043,A/France/HDF-IPP01550/2026_H3N2,plate22-A/France/HDF-IPP01550/2026_H3N2,212,0.04276,0.04276
flu-seqneut-2026-CTS-043,A/France/HDF-IPP01550/2026_H3N2,plate22-A/France/HDF-IPP01550/2026_H3N2,487,0.1513,0.1513
flu-seqneut-2026-CTS-043,A/France/HDF-IPP01550/2026_H3N2,plate22-A/France/HDF-IPP01550/2026_H3N2,1119,1.155,1
flu-seqneut-2026-CTS-043,A/France/HDF-IPP01550/2026_H3N2,plate22-A/France/HDF-IPP01550/2026_H3N2,2575,2.727,1
flu-seqneut-2026-CTS-043,A/France/HDF-RELAB-IPP00300/2026_H3N2,plate22-A/France/HDF-RELAB-IPP00300/2026_H3N2,40,0.00262,0.00262
flu-seqneut-2026-CTS-043,A/France/HDF-RELAB-IPP00300/2026_H3N2,plate22-A/France/HDF-RELAB-IPP00300/2026_H3N2,92,0.01755,0.01755
flu-seqneut-2026-CTS-043,A/France/HDF-RELAB-IPP00300/2026_H3N2,plate22-A/France/HDF-RELAB-IPP00300/2026_H3N2,212,0.08025,0.08025
flu-seqneut-2026-CTS-043,A/France/HDF-RELAB-IPP00300/2026_H3N2,plate22-A/France/HDF-RELAB-IPP00300/2026_H3N2,487,0.1031,0.1031
flu-seqneut-2026-CTS-043,A/France/HDF-RELAB-IPP00300/2026_H3N2,plate22-A/France/HDF-RELAB-IPP00300/2026_H3N2,1119,0.5878,0.5878
flu-seqneut-2026-CTS-043,A/France/HDF-RELAB-IPP00300/2026_H3N2,plate22-A/France/HDF-RELAB-IPP00300/2026_H3N2,2575,1.569,1
flu-seqneut-2026-CTS-043,A/France/HDF-RELAB-IPP00300/2026_H3N2,plate22-A/France/HDF-RELAB-IPP00300/2026_H3N2,5921,2.79,1
flu-seqneut-2026-CTS-043,A/France/HDF-RELAB-IPP00300/2026_H3N2,plate22-A/France/HDF-RELAB-IPP00300/2026_H3N2,1.362e+04,1.498,1
flu-seqneut-2026-CTS-043,A/France/HDF-RELAB-IPP00303/2026_H3N2,plate22-A/France/HDF-RELAB-IPP00303/2026_H3N2,40,0.008071,0.008071
flu-seqneut-2026-CTS-043,A/France/HDF-RELAB-IPP00303/2026_H3N2,plate22-A/France/HDF-RELAB-IPP00303/2026_H3N2,92,0.03539,0.03539
flu-seqneut-2026-CTS-043,A/France/HDF-RELAB-IPP00303/2026_H3N2,plate22-A/France/HDF-RELAB-IPP00303/2026_H3N2,212,0.0653,0.0653
flu-seqneut-2026-CTS-043,A/France/HDF-RELAB-IPP00303/2026_H3N2,plate22-A/France/HDF-RELAB-IPP00303/2026_H3N2,487,0.1485,0.1485
flu-seqneut-2026-CTS-043,A/France/HDF-RELAB-IPP00303/2026_H3N2,plate22-A/France/HDF-RELAB-IPP00303/2026_H3N2,1119,0.8133,0.8133
flu-seqneut-2026-CTS-043,A/France/HDF-RELAB-IPP00303/2026_H3N2,plate22-A/France/HDF-RELAB-IPP00303/2026_H3N2,2575,1.147,1
flu-seqneut-2026-CTS-043,A/France/HDF-RELAB-IPP07969/2025_H1N1,plate22-A/France/HDF-RELAB-IPP07969/2025_H1N1,40,0.0004735,0.0004735
flu-seqneut-2026-CTS-043,A/France/HDF-RELAB-IPP07969/2025_H1N1,plate22-A/France/HDF-RELAB-IPP07969/2025_H1N1,92,0.1138,0.1138
flu-seqneut-2026-CTS-043,A/France/HDF-RELAB-IPP07969/2025_H1N1,plate22-A/France/HDF-RELAB-IPP07969/2025_H1N1,212,0.5,0.5
flu-seqneut-2026-CTS-043,A/France/HDF-RELAB-IPP07969/2025_H1N1,plate22-A/France/HDF-RELAB-IPP07969/2025_H1N1,487,0.2755,0.2755
flu-seqneut-2026-CTS-043,A/France/HDF-RELAB-IPP07969/2025_H1N1,plate22-A/France/HDF-RELAB-IPP07969/2025_H1N1,1119,1.28,1
flu-seqneut-2026-CTS-043,A/France/HDF-RELAB-IPP07969/2025_H1N1,plate22-A/France/HDF-RELAB-IPP07969/2025_H1N1,2575,0.9697,0.9697
flu-seqneut-2026-CTS-043,A/France/HDF-RELAB-IPP07969/2025_H1N1,plate22-A/France/HDF-RELAB-IPP07969/2025_H1N1,5921,2.759,1
flu-seqneut-2026-CTS-043,A/France/HDF-RELAB-IPP07969/2025_H1N1,plate22-A/France/HDF-RELAB-IPP07969/2025_H1N1,1.362e+04,1.658,1
flu-seqneut-2026-CTS-043,A/France/NAQ-HCL026010957001/2026_H3N2,plate22-A/France/NAQ-HCL026010957001/2026_H3N2,40,0.002195,0.002195
flu-seqneut-2026-CTS-043,A/France/NAQ-HCL026010957001/2026_H3N2,plate22-A/France/NAQ-HCL026010957001/2026_H3N2,92,0.02097,0.02097
flu-seqneut-2026-CTS-043,A/France/NAQ-HCL026010957001/2026_H3N2,plate22-A/France/NAQ-HCL026010957001/2026_H3N2,212,0.08078,0.08078
flu-seqneut-2026-CTS-043,A/France/NAQ-HCL026010957001/2026_H3N2,plate22-A/France/NAQ-HCL026010957001/2026_H3N2,487,0.1021,0.1021
flu-seqneut-2026-CTS-043,A/France/NAQ-HCL026010957001/2026_H3N2,plate22-A/France/NAQ-HCL026010957001/2026_H3N2,1119,0.8478,0.8478
flu-seqneut-2026-CTS-043,A/France/NAQ-HCL026010957001/2026_H3N2,plate22-A/France/NAQ-HCL026010957001/2026_H3N2,2575,1.396,1
flu-seqneut-2026-CTS-043,A/France/NAQ-HCL026010957001/2026_H3N2,plate22-A/France/NAQ-HCL026010957001/2026_H3N2,1.362e+04,2.984,1
flu-seqneut-2026-CTS-043,A/France/NAQ-HCL026046169102/2025_H1N1,plate22-A/France/NAQ-HCL026046169102/2025_H1N1,40,0,0
flu-seqneut-2026-CTS-043,A/France/NAQ-HCL026046169102/2025_H1N1,plate22-A/France/NAQ-HCL026046169102/2025_H1N1,92,0.0202,0.0202
flu-seqneut-2026-CTS-043,A/France/NAQ-HCL026046169102/2025_H1N1,plate22-A/France/NAQ-HCL026046169102/2025_H1N1,212,0.04478,0.04478
flu-seqneut-2026-CTS-043,A/France/NAQ-HCL026046169102/2025_H1N1,plate22-A/France/NAQ-HCL026046169102/2025_H1N1,487,0.2749,0.2749
flu-seqneut-2026-CTS-043,A/France/NAQ-HCL026046169102/2025_H1N1,plate22-A/France/NAQ-HCL026046169102/2025_H1N1,1119,0.4236,0.4236
flu-seqneut-2026-CTS-043,A/France/NAQ-HCL026046169102/2025_H1N1,plate22-A/France/NAQ-HCL026046169102/2025_H1N1,2575,0.6451,0.6451
flu-seqneut-2026-CTS-043,A/France/NAQ-HCL026046169102/2025_H1N1,plate22-A/France/NAQ-HCL026046169102/2025_H1N1,5921,1.934,1
flu-seqneut-2026-CTS-043,A/France/NAQ-HCL026046169102/2025_H1N1,plate22-A/France/NAQ-HCL026046169102/2025_H1N1,1.362e+04,1.225,1
flu-seqneut-2026-CTS-043,A/France/OCC-HCL026013263701/2026_H3N2,plate22-A/France/OCC-HCL026013263701/2026_H3N2,40,0,0
flu-seqneut-2026-CTS-043,A/France/OCC-HCL026013263701/2026_H3N2,plate22-A/France/OCC-HCL026013263701/2026_H3N2,92,0.01754,0.01754
flu-seqneut-2026-CTS-043,A/France/OCC-HCL026013263701/2026_H3N2,plate22-A/France/OCC-HCL026013263701/2026_H3N2,212,0.0279,0.0279
flu-seqneut-2026-CTS-043,A/France/OCC-HCL026013263701/2026_H3N2,plate22-A/France/OCC-HCL026013263701/2026_H3N2,487,0.09311,0.09311
flu-seqneut-2026-CTS-043,A/France/OCC-HCL026013263701/2026_H3N2,plate22-A/France/OCC-HCL026013263701/2026_H3N2,1119,0.749,0.749
flu-seqneut-2026-CTS-043,A/France/OCC-HCL026013263701/2026_H3N2,plate22-A/France/OCC-HCL026013263701/2026_H3N2,2575,0.9944,0.9944
flu-seqneut-2026-CTS-043,A/France/OCC-HCL026013263701/2026_H3N2,plate22-A/France/OCC-HCL026013263701/2026_H3N2,1.362e+04,1.961,1
flu-seqneut-2026-CTS-043,A/France/PAC-RELAB-HCL026021993801/2026_H3N2,plate22-A/France/PAC-RELAB-HCL026021993801/2026_H3N2,40,0.0047,0.0047
flu-seqneut-2026-CTS-043,A/France/PAC-RELAB-HCL026021993801/2026_H3N2,plate22-A/France/PAC-RELAB-HCL026021993801/2026_H3N2,92,0.00883,0.00883
flu-seqneut-2026-CTS-043,A/France/PAC-RELAB-HCL026021993801/2026_H3N2,plate22-A/France/PAC-RELAB-HCL026021993801/2026_H3N2,212,0.04262,0.04262
flu-seqneut-2026-CTS-043,A/France/PAC-RELAB-HCL026021993801/2026_H3N2,plate22-A/France/PAC-RELAB-HCL026021993801/2026_H3N2,487,0.1684,0.1684
flu-seqneut-2026-CTS-043,A/France/PAC-RELAB-HCL026021993801/2026_H3N2,plate22-A/France/PAC-RELAB-HCL026021993801/2026_H3N2,1119,0.9336,0.9336
flu-seqneut-2026-CTS-043,A/France/PAC-RELAB-HCL026021993801/2026_H3N2,plate22-A/France/PAC-RELAB-HCL026021993801/2026_H3N2,2575,1.624,1
flu-seqneut-2026-CTS-043,A/Galicia/GA-CHUAC-451/2025_H3N2,plate22-A/Galicia/GA-CHUAC-451/2025_H3N2,40,0,0
flu-seqneut-2026-CTS-043,A/Galicia/GA-CHUAC-451/2025_H3N2,plate22-A/Galicia/GA-CHUAC-451/2025_H3N2,92,0,0
flu-seqneut-2026-CTS-043,A/Galicia/GA-CHUAC-451/2025_H3N2,plate22-A/Galicia/GA-CHUAC-451/2025_H3N2,212,0.0248,0.0248
flu-seqneut-2026-CTS-043,A/Galicia/GA-CHUAC-451/2025_H3N2,plate22-A/Galicia/GA-CHUAC-451/2025_H3N2,487,0.06255,0.06255
flu-seqneut-2026-CTS-043,A/Galicia/GA-CHUAC-451/2025_H3N2,plate22-A/Galicia/GA-CHUAC-451/2025_H3N2,1119,0.72,0.72
flu-seqneut-2026-CTS-043,A/Galicia/GA-CHUAC-451/2025_H3N2,plate22-A/Galicia/GA-CHUAC-451/2025_H3N2,2575,0.7408,0.7408
flu-seqneut-2026-CTS-043,A/Galicia/GA-CHUAC-612/2025_H1N1,plate22-A/Galicia/GA-CHUAC-612/2025_H1N1,40,0,0
flu-seqneut-2026-CTS-043,A/Galicia/GA-CHUAC-612/2025_H1N1,plate22-A/Galicia/GA-CHUAC-612/2025_H1N1,92,0.09581,0.09581
flu-seqneut-2026-CTS-043,A/Galicia/GA-CHUAC-612/2025_H1N1,plate22-A/Galicia/GA-CHUAC-612/2025_H1N1,212,0.1199,0.1199
flu-seqneut-2026-CTS-043,A/Galicia/GA-CHUAC-612/2025_H1N1,plate22-A/Galicia/GA-CHUAC-612/2025_H1N1,487,0.349,0.349
flu-seqneut-2026-CTS-043,A/Galicia/GA-CHUAC-612/2025_H1N1,plate22-A/Galicia/GA-CHUAC-612/2025_H1N1,1119,0.8986,0.8986
flu-seqneut-2026-CTS-043,A/Galicia/GA-CHUAC-612/2025_H1N1,plate22-A/Galicia/GA-CHUAC-612/2025_H1N1,5921,2.512,1
flu-seqneut-2026-CTS-043,A/Galicia/GA-CHUAC-612/2025_H1N1,plate22-A/Galicia/GA-CHUAC-612/2025_H1N1,1.362e+04,2.186,1
flu-seqneut-2026-CTS-043,A/Germany/LRMC_0104/2025_H3N2,plate22-A/Germany/LRMC_0104/2025_H3N2,40,0.002122,0.002122
flu-seqneut-2026-CTS-043,A/Germany/LRMC_0104/2025_H3N2,plate22-A/Germany/LRMC_0104/2025_H3N2,92,0.02233,0.02233
flu-seqneut-2026-CTS-043,A/Germany/LRMC_0104/2025_H3N2,plate22-A/Germany/LRMC_0104/2025_H3N2,212,0.059,0.059
flu-seqneut-2026-CTS-043,A/Germany/LRMC_0104/2025_H3N2,plate22-A/Germany/LRMC_0104/2025_H3N2,487,0.1079,0.1079
flu-seqneut-2026-CTS-043,A/Germany/LRMC_0104/2025_H3N2,plate22-A/Germany/LRMC_0104/2025_H3N2,1119,1.035,1
flu-seqneut-2026-CTS-043,A/Germany/LRMC_0104/2025_H3N2,plate22-A/Germany/LRMC_0104/2025_H3N2,2575,0.594,0.594
flu-seqneut-2026-CTS-043,A/Germany/LRMC_0104/2025_H3N2,plate22-A/Germany/LRMC_0104/2025_H3N2,1.362e+04,2.996,1
flu-seqneut-2026-CTS-043,A/Germany/LRMC_0113/2025_H3N2,plate22-A/Germany/LRMC_0113/2025_H3N2,40,0,0
flu-seqneut-2026-CTS-043,A/Germany/LRMC_0113/2025_H3N2,plate22-A/Germany/LRMC_0113/2025_H3N2,92,0.002281,0.002281
flu-seqneut-2026-CTS-043,A/Germany/LRMC_0113/2025_H3N2,plate22-A/Germany/LRMC_0113/2025_H3N2,212,0.0528,0.0528
flu-seqneut-2026-CTS-043,A/Germany/LRMC_0113/2025_H3N2,plate22-A/Germany/LRMC_0113/2025_H3N2,487,0.2262,0.2262
flu-seqneut-2026-CTS-043,A/Germany/LRMC_0113/2025_H3N2,plate22-A/Germany/LRMC_0113/2025_H3N2,1119,0.6958,0.6958
flu-seqneut-2026-CTS-043,A/Germany/LRMC_0113/2025_H3N2,plate22-A/Germany/LRMC_0113/2025_H3N2,2575,1.02,1
flu-seqneut-2026-CTS-043,A/Germany/LRMC_0113/2025_H3N2,plate22-A/Germany/LRMC_0113/2025_H3N2,1.362e+04,2.816,1
flu-seqneut-2026-CTS-043,A/Hawaii/70/2019_H1N1,plate22-A/Hawaii/70/2019_H1N1,40,0.003848,0.003848
flu-seqneut-2026-CTS-043,A/Hawaii/70/2019_H1N1,plate22-A/Hawaii/70/2019_H1N1,92,0.01289,0.01289
flu-seqneut-2026-CTS-043,A/Hawaii/70/2019_H1N1,plate22-A/Hawaii/70/2019_H1N1,212,0.05785,0.05785
flu-seqneut-2026-CTS-043,A/Hawaii/70/2019_H1N1,plate22-A/Hawaii/70/2019_H1N1,487,0.1346,0.1346
flu-seqneut-2026-CTS-043,A/Hawaii/70/2019_H1N1,plate22-A/Hawaii/70/2019_H1N1,1119,0.7542,0.7542
flu-seqneut-2026-CTS-043,A/Hawaii/70/2019_H1N1,plate22-A/Hawaii/70/2019_H1N1,2575,0.8725,0.8725
flu-seqneut-2026-CTS-043,A/Hawaii/70/2019_H1N1,plate22-A/Hawaii/70/2019_H1N1,5921,2.339,1
flu-seqneut-2026-CTS-043,A/Hawaii/70/2019_H1N1,plate22-A/Hawaii/70/2019_H1N1,1.362e+04,1.376,1
flu-seqneut-2026-CTS-043,A/Hawaii/ISC-1140/2025_H1N1,plate22-A/Hawaii/ISC-1140/2025_H1N1,40,0,0
flu-seqneut-2026-CTS-043,A/Hawaii/ISC-1140/2025_H1N1,plate22-A/Hawaii/ISC-1140/2025_H1N1,92,0.02099,0.02099
flu-seqneut-2026-CTS-043,A/Hawaii/ISC-1140/2025_H1N1,plate22-A/Hawaii/ISC-1140/2025_H1N1,212,0.04462,0.04462
flu-seqneut-2026-CTS-043,A/Hawaii/ISC-1140/2025_H1N1,plate22-A/Hawaii/ISC-1140/2025_H1N1,487,0.1916,0.1916
flu-seqneut-2026-CTS-043,A/Hawaii/ISC-1140/2025_H1N1,plate22-A/Hawaii/ISC-1140/2025_H1N1,1119,0.3829,0.3829
flu-seqneut-2026-CTS-043,A/Hawaii/ISC-1140/2025_H1N1,plate22-A/Hawaii/ISC-1140/2025_H1N1,2575,0.5479,0.5479
flu-seqneut-2026-CTS-043,A/Hawaii/ISC-1140/2025_H1N1,plate22-A/Hawaii/ISC-1140/2025_H1N1,5921,2.068,1
flu-seqneut-2026-CTS-043,A/Hawaii/ISC-1140/2025_H1N1,plate22-A/Hawaii/ISC-1140/2025_H1N1,1.362e+04,1.14,1
flu-seqneut-2026-CTS-043,A/Hessen/18/2026_H1N1,plate22-A/Hessen/18/2026_H1N1,40,0,0
flu-seqneut-2026-CTS-043,A/Hessen/18/2026_H1N1,plate22-A/Hessen/18/2026_H1N1,92,0.05193,0.05193
flu-seqneut-2026-CTS-043,A/Hessen/18/2026_H1N1,plate22-A/Hessen/18/2026_H1N1,212,0.1365,0.1365
flu-seqneut-2026-CTS-043,A/Hessen/18/2026_H1N1,plate22-A/Hessen/18/2026_H1N1,487,0.4741,0.4741
flu-seqneut-2026-CTS-043,A/Hessen/18/2026_H1N1,plate22-A/Hessen/18/2026_H1N1,1119,1.076,1
flu-seqneut-2026-CTS-043,A/Hessen/18/2026_H1N1,plate22-A/Hessen/18/2026_H1N1,2575,1.939,1
flu-seqneut-2026-CTS-043,A/Ireland/91576/2025_H3N2,plate22-A/Ireland/91576/2025_H3N2,40,0,0
flu-seqneut-2026-CTS-043,A/Ireland/91576/2025_H3N2,plate22-A/Ireland/91576/2025_H3N2,92,0.02571,0.02571
flu-seqneut-2026-CTS-043,A/Ireland/91576/2025_H3N2,plate22-A/Ireland/91576/2025_H3N2,212,0.01957,0.01957
flu-seqneut-2026-CTS-043,A/Ireland/91576/2025_H3N2,plate22-A/Ireland/91576/2025_H3N2,487,0.1257,0.1257
flu-seqneut-2026-CTS-043,A/Ireland/91576/2025_H3N2,plate22-A/Ireland/91576/2025_H3N2,1119,0.8027,0.8027
flu-seqneut-2026-CTS-043,A/Ireland/91576/2025_H3N2,plate22-A/Ireland/91576/2025_H3N2,2575,1.096,1
flu-seqneut-2026-CTS-043,A/Kentucky/80/2025_H1N1,plate22-A/Kentucky/80/2025_H1N1,40,0.001931,0.001931
flu-seqneut-2026-CTS-043,A/Kentucky/80/2025_H1N1,plate22-A/Kentucky/80/2025_H1N1,92,0.09285,0.09285
flu-seqneut-2026-CTS-043,A/Kentucky/80/2025_H1N1,plate22-A/Kentucky/80/2025_H1N1,212,0.1432,0.1432
flu-seqneut-2026-CTS-043,A/Kentucky/80/2025_H1N1,plate22-A/Kentucky/80/2025_H1N1,487,0.4753,0.4753
flu-seqneut-2026-CTS-043,A/Kentucky/80/2025_H1N1,plate22-A/Kentucky/80/2025_H1N1,1119,1.026,1
flu-seqneut-2026-CTS-043,A/Kentucky/80/2025_H1N1,plate22-A/Kentucky/80/2025_H1N1,2575,1.025,1
flu-seqneut-2026-CTS-043,A/Kentucky/80/2025_H1N1,plate22-A/Kentucky/80/2025_H1N1,5921,2.939,1
flu-seqneut-2026-CTS-043,A/Kentucky/80/2025_H1N1,plate22-A/Kentucky/80/2025_H1N1,1.362e+04,1.707,1
flu-seqneut-2026-CTS-043,A/Lisboa/216/2023_H3N2,plate22-A/Lisboa/216/2023_H3N2,40,0,0
flu-seqneut-2026-CTS-043,A/Lisboa/216/2023_H3N2,plate22-A/Lisboa/216/2023_H3N2,92,0,0
flu-seqneut-2026-CTS-043,A/Lisboa/216/2023_H3N2,plate22-A/Lisboa/216/2023_H3N2,212,0.001969,0.001969
flu-seqneut-2026-CTS-043,A/Lisboa/216/2023_H3N2,plate22-A/Lisboa/216/2023_H3N2,487,0.04537,0.04537
flu-seqneut-2026-CTS-043,A/Lisboa/216/2023_H3N2,plate22-A/Lisboa/216/2023_H3N2,1119,0.2675,0.2675
flu-seqneut-2026-CTS-043,A/Lisboa/216/2023_H3N2,plate22-A/Lisboa/216/2023_H3N2,2575,1.623,1
flu-seqneut-2026-CTS-043,A/Lisboa/216/2023_H3N2,plate22-A/Lisboa/216/2023_H3N2,5921,2.518,1
flu-seqneut-2026-CTS-043,A/Lisboa/216/2023_H3N2,plate22-A/Lisboa/216/2023_H3N2,1.362e+04,2.47,1
flu-seqneut-2026-CTS-043,A/Luxembourg/LNS9132577/2026_H3N2,plate22-A/Luxembourg/LNS9132577/2026_H3N2,40,0,0
flu-seqneut-2026-CTS-043,A/Luxembourg/LNS9132577/2026_H3N2,plate22-A/Luxembourg/LNS9132577/2026_H3N2,92,0.0288,0.0288
flu-seqneut-2026-CTS-043,A/Luxembourg/LNS9132577/2026_H3N2,plate22-A/Luxembourg/LNS9132577/2026_H3N2,212,0.05066,0.05066
flu-seqneut-2026-CTS-043,A/Luxembourg/LNS9132577/2026_H3N2,plate22-A/Luxembourg/LNS9132577/2026_H3N2,487,0.3846,0.3846
flu-seqneut-2026-CTS-043,A/Luxembourg/LNS9132577/2026_H3N2,plate22-A/Luxembourg/LNS9132577/2026_H3N2,1119,0.771,0.771
flu-seqneut-2026-CTS-043,A/Luxembourg/LNS9132577/2026_H3N2,plate22-A/Luxembourg/LNS9132577/2026_H3N2,2575,1.295,1
flu-seqneut-2026-CTS-043,A/Maine/25/2026_H1N1,plate22-A/Maine/25/2026_H1N1,40,0.003242,0.003242
flu-seqneut-2026-CTS-043,A/Maine/25/2026_H1N1,plate22-A/Maine/25/2026_H1N1,92,0.04838,0.04838
flu-seqneut-2026-CTS-043,A/Maine/25/2026_H1N1,plate22-A/Maine/25/2026_H1N1,212,0.1842,0.1842
flu-seqneut-2026-CTS-043,A/Maine/25/2026_H1N1,plate22-A/Maine/25/2026_H1N1,487,0.3247,0.3247
flu-seqneut-2026-CTS-043,A/Maine/25/2026_H1N1,plate22-A/Maine/25/2026_H1N1,1119,0.9919,0.9919
flu-seqneut-2026-CTS-043,A/Maine/25/2026_H1N1,plate22-A/Maine/25/2026_H1N1,2575,1.243,1
flu-seqneut-2026-CTS-043,A/Maine/25/2026_H1N1,plate22-A/Maine/25/2026_H1N1,1.362e+04,2.404,1
flu-seqneut-2026-CTS-043,A/Malaysia/IMR/SARI/2406/2025_H3N2,plate22-A/Malaysia/IMR/SARI/2406/2025_H3N2,40,0,0
flu-seqneut-2026-CTS-043,A/Malaysia/IMR/SARI/2406/2025_H3N2,plate22-A/Malaysia/IMR/SARI/2406/2025_H3N2,92,0,0
flu-seqneut-2026-CTS-043,A/Malaysia/IMR/SARI/2406/2025_H3N2,plate22-A/Malaysia/IMR/SARI/2406/2025_H3N2,212,0.02226,0.02226
flu-seqneut-2026-CTS-043,A/Malaysia/IMR/SARI/2406/2025_H3N2,plate22-A/Malaysia/IMR/SARI/2406/2025_H3N2,487,0.1656,0.1656
flu-seqneut-2026-CTS-043,A/Malaysia/IMR/SARI/2406/2025_H3N2,plate22-A/Malaysia/IMR/SARI/2406/2025_H3N2,1119,0.5643,0.5643
flu-seqneut-2026-CTS-043,A/Malaysia/IMR/SARI/2406/2025_H3N2,plate22-A/Malaysia/IMR/SARI/2406/2025_H3N2,2575,0.9144,0.9144
flu-seqneut-2026-CTS-043,A/Malaysia/IMR/SARI/2406/2025_H3N2,plate22-A/Malaysia/IMR/SARI/2406/2025_H3N2,1.362e+04,2.831,1
flu-seqneut-2026-CTS-043,A/Massachusetts/18/2022_H3N2,plate22-A/Massachusetts/18/2022_H3N2,40,0.002916,0.002916
flu-seqneut-2026-CTS-043,A/Massachusetts/18/2022_H3N2,plate22-A/Massachusetts/18/2022_H3N2,92,0.006574,0.006574
flu-seqneut-2026-CTS-043,A/Massachusetts/18/2022_H3N2,plate22-A/Massachusetts/18/2022_H3N2,212,0.02468,0.02468
flu-seqneut-2026-CTS-043,A/Massachusetts/18/2022_H3N2,plate22-A/Massachusetts/18/2022_H3N2,487,0.1234,0.1234
flu-seqneut-2026-CTS-043,A/Massachusetts/18/2022_H3N2,plate22-A/Massachusetts/18/2022_H3N2,1119,0.395,0.395
flu-seqneut-2026-CTS-043,A/Massachusetts/18/2022_H3N2,plate22-A/Massachusetts/18/2022_H3N2,2575,0.695,0.695
flu-seqneut-2026-CTS-043,A/Massachusetts/ISC-1856/2025_H3N2,plate22-A/Massachusetts/ISC-1856/2025_H3N2,40,0,0
flu-seqneut-2026-CTS-043,A/Massachusetts/ISC-1856/2025_H3N2,plate22-A/Massachusetts/ISC-1856/2025_H3N2,92,0.04163,0.04163
flu-seqneut-2026-CTS-043,A/Massachusetts/ISC-1856/2025_H3N2,plate22-A/Massachusetts/ISC-1856/2025_H3N2,212,0.04721,0.04721
flu-seqneut-2026-CTS-043,A/Massachusetts/ISC-1856/2025_H3N2,plate22-A/Massachusetts/ISC-1856/2025_H3N2,487,0.184,0.184
flu-seqneut-2026-CTS-043,A/Massachusetts/ISC-1856/2025_H3N2,plate22-A/Massachusetts/ISC-1856/2025_H3N2,1119,0.7112,0.7112
flu-seqneut-2026-CTS-043,A/Massachusetts/ISC-1856/2025_H3N2,plate22-A/Massachusetts/ISC-1856/2025_H3N2,2575,1.313,1
flu-seqneut-2026-CTS-043,A/Mauritius/26000203/2026_H1N1,plate22-A/Mauritius/26000203/2026_H1N1,40,0.001436,0.001436
flu-seqneut-2026-CTS-043,A/Mauritius/26000203/2026_H1N1,plate22-A/Mauritius/26000203/2026_H1N1,92,0.01942,0.01942
flu-seqneut-2026-CTS-043,A/Mauritius/26000203/2026_H1N1,plate22-A/Mauritius/26000203/2026_H1N1,212,0.06886,0.06886
flu-seqneut-2026-CTS-043,A/Mauritius/26000203/2026_H1N1,plate22-A/Mauritius/26000203/2026_H1N1,487,0.1597,0.1597
flu-seqneut-2026-CTS-043,A/Mauritius/26000203/2026_H1N1,plate22-A/Mauritius/26000203/2026_H1N1,1119,0.9477,0.9477
flu-seqneut-2026-CTS-043,A/Mauritius/26000203/2026_H1N1,plate22-A/Mauritius/26000203/2026_H1N1,2575,1.315,1
flu-seqneut-2026-CTS-043,A/Mauritius/26000203/2026_H1N1,plate22-A/Mauritius/26000203/2026_H1N1,5921,2.559,1
flu-seqneut-2026-CTS-043,A/Mauritius/26000203/2026_H1N1,plate22-A/Mauritius/26000203/2026_H1N1,1.362e+04,1.994,1
flu-seqneut-2026-CTS-043,A/Michigan/8/2026_H3N2,plate22-A/Michigan/8/2026_H3N2,40,0,0
flu-seqneut-2026-CTS-043,A/Michigan/8/2026_H3N2,plate22-A/Michigan/8/2026_H3N2,92,0.00293,0.00293
flu-seqneut-2026-CTS-043,A/Michigan/8/2026_H3N2,plate22-A/Michigan/8/2026_H3N2,212,0.04367,0.04367
flu-seqneut-2026-CTS-043,A/Michigan/8/2026_H3N2,plate22-A/Michigan/8/2026_H3N2,487,0.1121,0.1121
flu-seqneut-2026-CTS-043,A/Michigan/8/2026_H3N2,plate22-A/Michigan/8/2026_H3N2,1119,0.7684,0.7684
flu-seqneut-2026-CTS-043,A/Michigan/8/2026_H3N2,plate22-A/Michigan/8/2026_H3N2,2575,1.301,1
flu-seqneut-2026-CTS-043,A/Michigan/UM-10068071276/2025_H3N2,plate22-A/Michigan/UM-10068071276/2025_H3N2,40,0.002691,0.002691
flu-seqneut-2026-CTS-043,A/Michigan/UM-10068071276/2025_H3N2,plate22-A/Michigan/UM-10068071276/2025_H3N2,92,0.06397,0.06397
flu-seqneut-2026-CTS-043,A/Michigan/UM-10068071276/2025_H3N2,plate22-A/Michigan/UM-10068071276/2025_H3N2,212,0.03449,0.03449
flu-seqneut-2026-CTS-043,A/Michigan/UM-10068071276/2025_H3N2,plate22-A/Michigan/UM-10068071276/2025_H3N2,487,0.09034,0.09034
flu-seqneut-2026-CTS-043,A/Michigan/UM-10068071276/2025_H3N2,plate22-A/Michigan/UM-10068071276/2025_H3N2,1119,0.5974,0.5974
flu-seqneut-2026-CTS-043,A/Michigan/UM-10068071276/2025_H3N2,plate22-A/Michigan/UM-10068071276/2025_H3N2,2575,0.485,0.485
flu-seqneut-2026-CTS-043,A/Michigan/UM-10068071276/2025_H3N2,plate22-A/Michigan/UM-10068071276/2025_H3N2,1.362e+04,1.517,1
flu-seqneut-2026-CTS-043,A/Michigan/UM-10068134090/2025_H3N2,plate22-A/Michigan/UM-10068134090/2025_H3N2,40,0,0
flu-seqneut-2026-CTS-043,A/Michigan/UM-10068134090/2025_H3N2,plate22-A/Michigan/UM-10068134090/2025_H3N2,92,0.005691,0.005691
flu-seqneut-2026-CTS-043,A/Michigan/UM-10068134090/2025_H3N2,plate22-A/Michigan/UM-10068134090/2025_H3N2,212,0.474,0.474
flu-seqneut-2026-CTS-043,A/Michigan/UM-10068134090/2025_H3N2,plate22-A/Michigan/UM-10068134090/2025_H3N2,487,0.03859,0.03859
flu-seqneut-2026-CTS-043,A/Michigan/UM-10068134090/2025_H3N2,plate22-A/Michigan/UM-10068134090/2025_H3N2,1119,0.7606,0.7606
flu-seqneut-2026-CTS-043,A/Michigan/UM-10068134090/2025_H3N2,plate22-A/Michigan/UM-10068134090/2025_H3N2,2575,0.5812,0.5812
flu-seqneut-2026-CTS-043,A/Michigan/UM-10068134090/2025_H3N2,plate22-A/Michigan/UM-10068134090/2025_H3N2,5921,2.843,1
flu-seqneut-2026-CTS-043,A/Michigan/UM-10068134090/2025_H3N2,plate22-A/Michigan/UM-10068134090/2025_H3N2,1.362e+04,2.448,1
flu-seqneut-2026-CTS-043,A/Michigan/UM-10068449788/2025_H3N2,plate22-A/Michigan/UM-10068449788/2025_H3N2,40,0.008771,0.008771
flu-seqneut-2026-CTS-043,A/Michigan/UM-10068449788/2025_H3N2,plate22-A/Michigan/UM-10068449788/2025_H3N2,92,0.05059,0.05059
flu-seqneut-2026-CTS-043,A/Michigan/UM-10068449788/2025_H3N2,plate22-A/Michigan/UM-10068449788/2025_H3N2,212,0.1025,0.1025
flu-seqneut-2026-CTS-043,A/Michigan/UM-10068449788/2025_H3N2,plate22-A/Michigan/UM-10068449788/2025_H3N2,487,0.2665,0.2665
flu-seqneut-2026-CTS-043,A/Michigan/UM-10068449788/2025_H3N2,plate22-A/Michigan/UM-10068449788/2025_H3N2,1119,0.8389,0.8389
flu-seqneut-2026-CTS-043,A/Michigan/UM-10068449788/2025_H3N2,plate22-A/Michigan/UM-10068449788/2025_H3N2,2575,0.7082,0.7082
flu-seqneut-2026-CTS-043,A/Michigan/UM-10068449788/2025_H3N2,plate22-A/Michigan/UM-10068449788/2025_H3N2,1.362e+04,2.102,1
flu-seqneut-2026-CTS-043,A/Michigan/UM-10068456988/2025_H3N2,plate22-A/Michigan/UM-10068456988/2025_H3N2,40,0.005099,0.005099
flu-seqneut-2026-CTS-043,A/Michigan/UM-10068456988/2025_H3N2,plate22-A/Michigan/UM-10068456988/2025_H3N2,92,0.07116,0.07116
flu-seqneut-2026-CTS-043,A/Michigan/UM-10068456988/2025_H3N2,plate22-A/Michigan/UM-10068456988/2025_H3N2,212,0.08527,0.08527
flu-seqneut-2026-CTS-043,A/Michigan/UM-10068456988/2025_H3N2,plate22-A/Michigan/UM-10068456988/2025_H3N2,487,0.2442,0.2442
flu-seqneut-2026-CTS-043,A/Michigan/UM-10068456988/2025_H3N2,plate22-A/Michigan/UM-10068456988/2025_H3N2,1119,1.229,1
flu-seqneut-2026-CTS-043,A/Michigan/UM-10068456988/2025_H3N2,plate22-A/Michigan/UM-10068456988/2025_H3N2,2575,1.389,1
flu-seqneut-2026-CTS-043,A/Michigan/UM-10068747355/2026_H3N2,plate22-A/Michigan/UM-10068747355/2026_H3N2,40,0,0
flu-seqneut-2026-CTS-043,A/Michigan/UM-10068747355/2026_H3N2,plate22-A/Michigan/UM-10068747355/2026_H3N2,92,0.0008637,0.0008637
flu-seqneut-2026-CTS-043,A/Michigan/UM-10068747355/2026_H3N2,plate22-A/Michigan/UM-10068747355/2026_H3N2,212,0.0003602,0.0003602
flu-seqneut-2026-CTS-043,A/Michigan/UM-10068747355/2026_H3N2,plate22-A/Michigan/UM-10068747355/2026_H3N2,487,0.06638,0.06638
flu-seqneut-2026-CTS-043,A/Michigan/UM-10068747355/2026_H3N2,plate22-A/Michigan/UM-10068747355/2026_H3N2,1119,0.5094,0.5094
flu-seqneut-2026-CTS-043,A/Michigan/UM-10068747355/2026_H3N2,plate22-A/Michigan/UM-10068747355/2026_H3N2,2575,1.163,1
flu-seqneut-2026-CTS-043,A/Michigan/UM-10068747355/2026_H3N2,plate22-A/Michigan/UM-10068747355/2026_H3N2,1.362e+04,2.114,1
flu-seqneut-2026-CTS-043,A/MinasGerais/410/2026_H1N1,plate22-A/MinasGerais/410/2026_H1N1,40,0.006102,0.006102
flu-seqneut-2026-CTS-043,A/MinasGerais/410/2026_H1N1,plate22-A/MinasGerais/410/2026_H1N1,92,0.0868,0.0868
flu-seqneut-2026-CTS-043,A/MinasGerais/410/2026_H1N1,plate22-A/MinasGerais/410/2026_H1N1,212,0.1766,0.1766
flu-seqneut-2026-CTS-043,A/MinasGerais/410/2026_H1N1,plate22-A/MinasGerais/410/2026_H1N1,487,0.2877,0.2877
flu-seqneut-2026-CTS-043,A/MinasGerais/410/2026_H1N1,plate22-A/MinasGerais/410/2026_H1N1,1119,1.172,1
flu-seqneut-2026-CTS-043,A/MinasGerais/410/2026_H1N1,plate22-A/MinasGerais/410/2026_H1N1,2575,0.9656,0.9656
flu-seqneut-2026-CTS-043,A/MinasGerais/410/2026_H1N1,plate22-A/MinasGerais/410/2026_H1N1,1.362e+04,2.857,1
flu-seqneut-2026-CTS-043,A/MinasGerais/671/2026_H1N1,plate22-A/MinasGerais/671/2026_H1N1,40,0,0
flu-seqneut-2026-CTS-043,A/MinasGerais/671/2026_H1N1,plate22-A/MinasGerais/671/2026_H1N1,92,0.04618,0.04618
flu-seqneut-2026-CTS-043,A/MinasGerais/671/2026_H1N1,plate22-A/MinasGerais/671/2026_H1N1,212,0.0805,0.0805
flu-seqneut-2026-CTS-043,A/MinasGerais/671/2026_H1N1,plate22-A/MinasGerais/671/2026_H1N1,487,0.3857,0.3857
flu-seqneut-2026-CTS-043,A/MinasGerais/671/2026_H1N1,plate22-A/MinasGerais/671/2026_H1N1,1119,1.155,1
flu-seqneut-2026-CTS-043,A/MinasGerais/671/2026_H1N1,plate22-A/MinasGerais/671/2026_H1N1,2575,1.506,1
flu-seqneut-2026-CTS-043,A/MinasGerais/671/2026_H1N1,plate22-A/MinasGerais/671/2026_H1N1,1.362e+04,2.782,1
flu-seqneut-2026-CTS-043,A/Mississippi/20/2026_H1N1,plate22-A/Mississippi/20/2026_H1N1,40,0,0
flu-seqneut-2026-CTS-043,A/Mississippi/20/2026_H1N1,plate22-A/Mississippi/20/2026_H1N1,92,0.006556,0.006556
flu-seqneut-2026-CTS-043,A/Mississippi/20/2026_H1N1,plate22-A/Mississippi/20/2026_H1N1,212,0.04016,0.04016
flu-seqneut-2026-CTS-043,A/Mississippi/20/2026_H1N1,plate22-A/Mississippi/20/2026_H1N1,487,0.163,0.163
flu-seqneut-2026-CTS-043,A/Mississippi/20/2026_H1N1,plate22-A/Mississippi/20/2026_H1N1,1119,0.4907,0.4907
flu-seqneut-2026-CTS-043,A/Mississippi/20/2026_H1N1,plate22-A/Mississippi/20/2026_H1N1,2575,0.9803,0.9803
flu-seqneut-2026-CTS-043,A/Mississippi/20/2026_H1N1,plate22-A/Mississippi/20/2026_H1N1,5921,1.701,1
flu-seqneut-2026-CTS-043,A/Mississippi/20/2026_H1N1,plate22-A/Mississippi/20/2026_H1N1,1.362e+04,1.414,1
flu-seqneut-2026-CTS-043,A/Missouri/11/2025_cell_H1N1,plate22-A/Missouri/11/2025_cell_H1N1,40,0.004624,0.004624
flu-seqneut-2026-CTS-043,A/Missouri/11/2025_cell_H1N1,plate22-A/Missouri/11/2025_cell_H1N1,92,0.0345,0.0345
flu-seqneut-2026-CTS-043,A/Missouri/11/2025_cell_H1N1,plate22-A/Missouri/11/2025_cell_H1N1,212,0.05311,0.05311
flu-seqneut-2026-CTS-043,A/Missouri/11/2025_cell_H1N1,plate22-A/Missouri/11/2025_cell_H1N1,487,0.2255,0.2255
flu-seqneut-2026-CTS-043,A/Missouri/11/2025_cell_H1N1,plate22-A/Missouri/11/2025_cell_H1N1,1119,0.8861,0.8861
flu-seqneut-2026-CTS-043,A/Missouri/11/2025_cell_H1N1,plate22-A/Missouri/11/2025_cell_H1N1,2575,2.024,1
flu-seqneut-2026-CTS-043,A/Missouri/11/2025_cell_H1N1,plate22-A/Missouri/11/2025_cell_H1N1,1.362e+04,2.013,1
flu-seqneut-2026-CTS-043,A/Missouri/11/2025_egg_H1N1,plate22-A/Missouri/11/2025_egg_H1N1,40,0.00585,0.00585
flu-seqneut-2026-CTS-043,A/Missouri/11/2025_egg_H1N1,plate22-A/Missouri/11/2025_egg_H1N1,92,0.002912,0.002912
flu-seqneut-2026-CTS-043,A/Missouri/11/2025_egg_H1N1,plate22-A/Missouri/11/2025_egg_H1N1,212,0.005572,0.005572
flu-seqneut-2026-CTS-043,A/Missouri/11/2025_egg_H1N1,plate22-A/Missouri/11/2025_egg_H1N1,487,0.02014,0.02014
flu-seqneut-2026-CTS-043,A/Missouri/11/2025_egg_H1N1,plate22-A/Missouri/11/2025_egg_H1N1,1119,0.2075,0.2075
flu-seqneut-2026-CTS-043,A/Missouri/11/2025_egg_H1N1,plate22-A/Missouri/11/2025_egg_H1N1,2575,0.7283,0.7283
flu-seqneut-2026-CTS-043,A/Missouri/11/2025_egg_H1N1,plate22-A/Missouri/11/2025_egg_H1N1,1.362e+04,2.699,1
flu-seqneut-2026-CTS-043,A/Missouri/NIRC-AV-1003/2025_H3N2,plate22-A/Missouri/NIRC-AV-1003/2025_H3N2,40,0.00103,0.00103
flu-seqneut-2026-CTS-043,A/Missouri/NIRC-AV-1003/2025_H3N2,plate22-A/Missouri/NIRC-AV-1003/2025_H3N2,92,0.00531,0.00531
flu-seqneut-2026-CTS-043,A/Missouri/NIRC-AV-1003/2025_H3N2,plate22-A/Missouri/NIRC-AV-1003/2025_H3N2,212,0.03737,0.03737
flu-seqneut-2026-CTS-043,A/Missouri/NIRC-AV-1003/2025_H3N2,plate22-A/Missouri/NIRC-AV-1003/2025_H3N2,487,0.1029,0.1029
flu-seqneut-2026-CTS-043,A/Missouri/NIRC-AV-1003/2025_H3N2,plate22-A/Missouri/NIRC-AV-1003/2025_H3N2,1119,0.7499,0.7499
flu-seqneut-2026-CTS-043,A/Missouri/NIRC-AV-1003/2025_H3N2,plate22-A/Missouri/NIRC-AV-1003/2025_H3N2,2575,1.055,1
flu-seqneut-2026-CTS-043,A/Montana/51/2025_H3N2,plate22-A/Montana/51/2025_H3N2,40,0,0
flu-seqneut-2026-CTS-043,A/Montana/51/2025_H3N2,plate22-A/Montana/51/2025_H3N2,92,0.01042,0.01042
flu-seqneut-2026-CTS-043,A/Montana/51/2025_H3N2,plate22-A/Montana/51/2025_H3N2,212,0.03396,0.03396
flu-seqneut-2026-CTS-043,A/Montana/51/2025_H3N2,plate22-A/Montana/51/2025_H3N2,487,0.112,0.112
flu-seqneut-2026-CTS-043,A/Montana/51/2025_H3N2,plate22-A/Montana/51/2025_H3N2,1119,0.3779,0.3779
flu-seqneut-2026-CTS-043,A/Montana/51/2025_H3N2,plate22-A/Montana/51/2025_H3N2,2575,1.059,1
flu-seqneut-2026-CTS-043,A/Montana/51/2025_H3N2,plate22-A/Montana/51/2025_H3N2,1.362e+04,2.435,1
flu-seqneut-2026-CTS-043,A/NakhonPhanom/P495/2026_H3N2,plate22-A/NakhonPhanom/P495/2026_H3N2,40,0,0
flu-seqneut-2026-CTS-043,A/NakhonPhanom/P495/2026_H3N2,plate22-A/NakhonPhanom/P495/2026_H3N2,92,0.02808,0.02808
flu-seqneut-2026-CTS-043,A/NakhonPhanom/P495/2026_H3N2,plate22-A/NakhonPhanom/P495/2026_H3N2,212,0.027,0.027
flu-seqneut-2026-CTS-043,A/NakhonPhanom/P495/2026_H3N2,plate22-A/NakhonPhanom/P495/2026_H3N2,487,0.08724,0.08724
flu-seqneut-2026-CTS-043,A/NakhonPhanom/P495/2026_H3N2,plate22-A/NakhonPhanom/P495/2026_H3N2,1119,0.4925,0.4925
flu-seqneut-2026-CTS-043,A/NakhonPhanom/P495/2026_H3N2,plate22-A/NakhonPhanom/P495/2026_H3N2,2575,0.96,0.96
flu-seqneut-2026-CTS-043,A/NakhonPhanom/P495/2026_H3N2,plate22-A/NakhonPhanom/P495/2026_H3N2,1.362e+04,2.711,1
flu-seqneut-2026-CTS-043,A/Navarra/260009/2025_H3N2,plate22-A/Navarra/260009/2025_H3N2,40,0,0
flu-seqneut-2026-CTS-043,A/Navarra/260009/2025_H3N2,plate22-A/Navarra/260009/2025_H3N2,92,0.002744,0.002744
flu-seqneut-2026-CTS-043,A/Navarra/260009/2025_H3N2,plate22-A/Navarra/260009/2025_H3N2,212,0.03983,0.03983
flu-seqneut-2026-CTS-043,A/Navarra/260009/2025_H3N2,plate22-A/Navarra/260009/2025_H3N2,487,0.1443,0.1443
flu-seqneut-2026-CTS-043,A/Navarra/260009/2025_H3N2,plate22-A/Navarra/260009/2025_H3N2,1119,2.317,1
flu-seqneut-2026-CTS-043,A/Navarra/260009/2025_H3N2,plate22-A/Navarra/260009/2025_H3N2,2575,0.9577,0.9577
flu-seqneut-2026-CTS-043,A/Nebraska/34/2026_H1N1,plate22-A/Nebraska/34/2026_H1N1,40,0,0
flu-seqneut-2026-CTS-043,A/Nebraska/34/2026_H1N1,plate22-A/Nebraska/34/2026_H1N1,92,0.0262,0.0262
flu-seqneut-2026-CTS-043,A/Nebraska/34/2026_H1N1,plate22-A/Nebraska/34/2026_H1N1,212,0.07418,0.07418
flu-seqneut-2026-CTS-043,A/Nebraska/34/2026_H1N1,plate22-A/Nebraska/34/2026_H1N1,487,0.2413,0.2413
flu-seqneut-2026-CTS-043,A/Nebraska/34/2026_H1N1,plate22-A/Nebraska/34/2026_H1N1,1119,0.7185,0.7185
flu-seqneut-2026-CTS-043,A/Nebraska/34/2026_H1N1,plate22-A/Nebraska/34/2026_H1N1,2575,1.061,1
flu-seqneut-2026-CTS-043,A/Nebraska/34/2026_H1N1,plate22-A/Nebraska/34/2026_H1N1,1.362e+04,2.916,1
flu-seqneut-2026-CTS-043,A/Netherlands/10008/2026_H1N1,plate22-A/Netherlands/10008/2026_H1N1,40,0,0
flu-seqneut-2026-CTS-043,A/Netherlands/10008/2026_H1N1,plate22-A/Netherlands/10008/2026_H1N1,92,0.07851,0.07851
flu-seqneut-2026-CTS-043,A/Netherlands/10008/2026_H1N1,plate22-A/Netherlands/10008/2026_H1N1,212,0.1237,0.1237
flu-seqneut-2026-CTS-043,A/Netherlands/10008/2026_H1N1,plate22-A/Netherlands/10008/2026_H1N1,487,0.3021,0.3021
flu-seqneut-2026-CTS-043,A/Netherlands/10008/2026_H1N1,plate22-A/Netherlands/10008/2026_H1N1,1119,0.7804,0.7804
flu-seqneut-2026-CTS-043,A/Netherlands/10008/2026_H1N1,plate22-A/Netherlands/10008/2026_H1N1,2575,1.127,1
flu-seqneut-2026-CTS-043,A/Netherlands/10008/2026_H1N1,plate22-A/Netherlands/10008/2026_H1N1,1.362e+04,1.782,1
flu-seqneut-2026-CTS-043,A/Netherlands/2398/2025_H1N1,plate22-A/Netherlands/2398/2025_H1N1,40,0.01348,0.01348
flu-seqneut-2026-CTS-043,A/Netherlands/2398/2025_H1N1,plate22-A/Netherlands/2398/2025_H1N1,92,0.2376,0.2376
flu-seqneut-2026-CTS-043,A/Netherlands/2398/2025_H1N1,plate22-A/Netherlands/2398/2025_H1N1,212,0.2996,0.2996
flu-seqneut-2026-CTS-043,A/Netherlands/2398/2025_H1N1,plate22-A/Netherlands/2398/2025_H1N1,487,0.6705,0.6705
flu-seqneut-2026-CTS-043,A/Netherlands/2398/2025_H1N1,plate22-A/Netherlands/2398/2025_H1N1,1119,1.431,1
flu-seqneut-2026-CTS-043,A/Netherlands/2398/2025_H1N1,plate22-A/Netherlands/2398/2025_H1N1,2575,1.468,1
flu-seqneut-2026-CTS-043,A/Netherlands/2398/2025_H1N1,plate22-A/Netherlands/2398/2025_H1N1,1.362e+04,2.904,1
flu-seqneut-2026-CTS-043,A/Netherlands/543/2026_H1N1,plate22-A/Netherlands/543/2026_H1N1,40,0.003065,0.003065
flu-seqneut-2026-CTS-043,A/Netherlands/543/2026_H1N1,plate22-A/Netherlands/543/2026_H1N1,92,0.04995,0.04995
flu-seqneut-2026-CTS-043,A/Netherlands/543/2026_H1N1,plate22-A/Netherlands/543/2026_H1N1,212,0.06003,0.06003
flu-seqneut-2026-CTS-043,A/Netherlands/543/2026_H1N1,plate22-A/Netherlands/543/2026_H1N1,487,0.2269,0.2269
flu-seqneut-2026-CTS-043,A/Netherlands/543/2026_H1N1,plate22-A/Netherlands/543/2026_H1N1,1119,0.8247,0.8247
flu-seqneut-2026-CTS-043,A/Netherlands/543/2026_H1N1,plate22-A/Netherlands/543/2026_H1N1,2575,0.9919,0.9919
flu-seqneut-2026-CTS-043,A/Netherlands/543/2026_H1N1,plate22-A/Netherlands/543/2026_H1N1,1.362e+04,2.455,1
flu-seqneut-2026-CTS-043,A/Netherlands/864/2026_H1N1,plate22-A/Netherlands/864/2026_H1N1,40,0.004945,0.004945
flu-seqneut-2026-CTS-043,A/Netherlands/864/2026_H1N1,plate22-A/Netherlands/864/2026_H1N1,92,0.04528,0.04528
flu-seqneut-2026-CTS-043,A/Netherlands/864/2026_H1N1,plate22-A/Netherlands/864/2026_H1N1,212,0.09993,0.09993
flu-seqneut-2026-CTS-043,A/Netherlands/864/2026_H1N1,plate22-A/Netherlands/864/2026_H1N1,487,0.303,0.303
flu-seqneut-2026-CTS-043,A/Netherlands/864/2026_H1N1,plate22-A/Netherlands/864/2026_H1N1,1119,0.9479,0.9479
flu-seqneut-2026-CTS-043,A/Netherlands/864/2026_H1N1,plate22-A/Netherlands/864/2026_H1N1,2575,1.25,1
flu-seqneut-2026-CTS-043,A/Netherlands/864/2026_H1N1,plate22-A/Netherlands/864/2026_H1N1,1.362e+04,2.422,1
flu-seqneut-2026-CTS-043,A/Netherlands/888/2026_H3N2,plate22-A/Netherlands/888/2026_H3N2,40,0.00186,0.00186
flu-seqneut-2026-CTS-043,A/Netherlands/888/2026_H3N2,plate22-A/Netherlands/888/2026_H3N2,92,0.04851,0.04851
flu-seqneut-2026-CTS-043,A/Netherlands/888/2026_H3N2,plate22-A/Netherlands/888/2026_H3N2,212,0.07074,0.07074
flu-seqneut-2026-CTS-043,A/Netherlands/888/2026_H3N2,plate22-A/Netherlands/888/2026_H3N2,487,0.1906,0.1906
flu-seqneut-2026-CTS-043,A/Netherlands/888/2026_H3N2,plate22-A/Netherlands/888/2026_H3N2,1119,1.016,1
flu-seqneut-2026-CTS-043,A/Netherlands/888/2026_H3N2,plate22-A/Netherlands/888/2026_H3N2,2575,1.63,1
flu-seqneut-2026-CTS-043,A/Netherlands/888/2026_H3N2,plate22-A/Netherlands/888/2026_H3N2,1.362e+04,2.583,1
flu-seqneut-2026-CTS-043,A/Netherlands/968/2026_H3N2,plate22-A/Netherlands/968/2026_H3N2,40,0,0
flu-seqneut-2026-CTS-043,A/Netherlands/968/2026_H3N2,plate22-A/Netherlands/968/2026_H3N2,92,0.06939,0.06939
flu-seqneut-2026-CTS-043,A/Netherlands/968/2026_H3N2,plate22-A/Netherlands/968/2026_H3N2,212,0.03701,0.03701
flu-seqneut-2026-CTS-043,A/Netherlands/968/2026_H3N2,plate22-A/Netherlands/968/2026_H3N2,487,0.2203,0.2203
flu-seqneut-2026-CTS-043,A/Netherlands/968/2026_H3N2,plate22-A/Netherlands/968/2026_H3N2,1119,1.087,1
flu-seqneut-2026-CTS-043,A/Netherlands/968/2026_H3N2,plate22-A/Netherlands/968/2026_H3N2,2575,1.217,1
flu-seqneut-2026-CTS-043,A/NewBrunswick/NBPHLFLUA10B-MM00057R/2026_H1N1,plate22-A/NewBrunswick/NBPHLFLUA10B-MM00057R/2026_H1N1,40,0.002044,0.002044
flu-seqneut-2026-CTS-043,A/NewBrunswick/NBPHLFLUA10B-MM00057R/2026_H1N1,plate22-A/NewBrunswick/NBPHLFLUA10B-MM00057R/2026_H1N1,92,0.01942,0.01942
flu-seqneut-2026-CTS-043,A/NewBrunswick/NBPHLFLUA10B-MM00057R/2026_H1N1,plate22-A/NewBrunswick/NBPHLFLUA10B-MM00057R/2026_H1N1,212,0.02018,0.02018
flu-seqneut-2026-CTS-043,A/NewBrunswick/NBPHLFLUA10B-MM00057R/2026_H1N1,plate22-A/NewBrunswick/NBPHLFLUA10B-MM00057R/2026_H1N1,487,0.2558,0.2558
flu-seqneut-2026-CTS-043,A/NewBrunswick/NBPHLFLUA10B-MM00057R/2026_H1N1,plate22-A/NewBrunswick/NBPHLFLUA10B-MM00057R/2026_H1N1,1119,0.7738,0.7738
flu-seqneut-2026-CTS-043,A/NewBrunswick/NBPHLFLUA10B-MM00057R/2026_H1N1,plate22-A/NewBrunswick/NBPHLFLUA10B-MM00057R/2026_H1N1,2575,0.8219,0.8219
flu-seqneut-2026-CTS-043,A/NewBrunswick/NBPHLFLUA10B-MM00057R/2026_H1N1,plate22-A/NewBrunswick/NBPHLFLUA10B-MM00057R/2026_H1N1,1.362e+04,2.173,1
flu-seqneut-2026-CTS-043,A/NewYork/NIRC-IS-1086/2026_H3N2,plate22-A/NewYork/NIRC-IS-1086/2026_H3N2,40,0,0
flu-seqneut-2026-CTS-043,A/NewYork/NIRC-IS-1086/2026_H3N2,plate22-A/NewYork/NIRC-IS-1086/2026_H3N2,92,0,0
flu-seqneut-2026-CTS-043,A/NewYork/NIRC-IS-1086/2026_H3N2,plate22-A/NewYork/NIRC-IS-1086/2026_H3N2,212,0.008362,0.008362
flu-seqneut-2026-CTS-043,A/NewYork/NIRC-IS-1086/2026_H3N2,plate22-A/NewYork/NIRC-IS-1086/2026_H3N2,487,0.007485,0.007485
flu-seqneut-2026-CTS-043,A/NewYork/NIRC-IS-1086/2026_H3N2,plate22-A/NewYork/NIRC-IS-1086/2026_H3N2,1119,0.182,0.182
flu-seqneut-2026-CTS-043,A/NewYork/NIRC-IS-1086/2026_H3N2,plate22-A/NewYork/NIRC-IS-1086/2026_H3N2,2575,0.6549,0.6549
flu-seqneut-2026-CTS-043,A/NewYork/NIRC-IS-1086/2026_H3N2,plate22-A/NewYork/NIRC-IS-1086/2026_H3N2,5921,2.898,1
flu-seqneut-2026-CTS-043,A/NewYork/NIRC-IS-1086/2026_H3N2,plate22-A/NewYork/NIRC-IS-1086/2026_H3N2,1.362e+04,1.891,1
flu-seqneut-2026-CTS-043,A/NordrheinWestfalen/54/2026_H3N2,plate22-A/NordrheinWestfalen/54/2026_H3N2,40,0.006277,0.006277
flu-seqneut-2026-CTS-043,A/NordrheinWestfalen/54/2026_H3N2,plate22-A/NordrheinWestfalen/54/2026_H3N2,92,0.02686,0.02686
flu-seqneut-2026-CTS-043,A/NordrheinWestfalen/54/2026_H3N2,plate22-A/NordrheinWestfalen/54/2026_H3N2,212,0.05059,0.05059
flu-seqneut-2026-CTS-043,A/NordrheinWestfalen/54/2026_H3N2,plate22-A/NordrheinWestfalen/54/2026_H3N2,487,0.1389,0.1389
flu-seqneut-2026-CTS-043,A/NordrheinWestfalen/54/2026_H3N2,plate22-A/NordrheinWestfalen/54/2026_H3N2,1119,1.119,1
flu-seqneut-2026-CTS-043,A/NordrheinWestfalen/54/2026_H3N2,plate22-A/NordrheinWestfalen/54/2026_H3N2,2575,2.135,1
flu-seqneut-2026-CTS-043,A/NordrheinWestfalen/96/2026_H1N1,plate22-A/NordrheinWestfalen/96/2026_H1N1,40,0,0
flu-seqneut-2026-CTS-043,A/NordrheinWestfalen/96/2026_H1N1,plate22-A/NordrheinWestfalen/96/2026_H1N1,92,0.03499,0.03499
flu-seqneut-2026-CTS-043,A/NordrheinWestfalen/96/2026_H1N1,plate22-A/NordrheinWestfalen/96/2026_H1N1,212,0.1098,0.1098
flu-seqneut-2026-CTS-043,A/NordrheinWestfalen/96/2026_H1N1,plate22-A/NordrheinWestfalen/96/2026_H1N1,487,0.2633,0.2633
flu-seqneut-2026-CTS-043,A/NordrheinWestfalen/96/2026_H1N1,plate22-A/NordrheinWestfalen/96/2026_H1N1,1119,1.608,1
flu-seqneut-2026-CTS-043,A/NordrheinWestfalen/96/2026_H1N1,plate22-A/NordrheinWestfalen/96/2026_H1N1,2575,2.76,1
flu-seqneut-2026-CTS-043,A/NordrheinWestfalen/96/2026_H1N1,plate22-A/NordrheinWestfalen/96/2026_H1N1,1.362e+04,2.805,1
flu-seqneut-2026-CTS-043,A/Norway/9556/2025_H1N1,plate22-A/Norway/9556/2025_H1N1,40,0.005539,0.005539
flu-seqneut-2026-CTS-043,A/Norway/9556/2025_H1N1,plate22-A/Norway/9556/2025_H1N1,92,0.0388,0.0388
flu-seqneut-2026-CTS-043,A/Norway/9556/2025_H1N1,plate22-A/Norway/9556/2025_H1N1,212,0.1624,0.1624
flu-seqneut-2026-CTS-043,A/Norway/9556/2025_H1N1,plate22-A/Norway/9556/2025_H1N1,487,0.3969,0.3969
flu-seqneut-2026-CTS-043,A/Norway/9556/2025_H1N1,plate22-A/Norway/9556/2025_H1N1,1119,1.229,1
flu-seqneut-2026-CTS-043,A/Norway/9556/2025_H1N1,plate22-A/Norway/9556/2025_H1N1,2575,1.57,1
flu-seqneut-2026-CTS-043,A/Norway/9556/2025_H1N1,plate22-A/Norway/9556/2025_H1N1,1.362e+04,2.544,1
flu-seqneut-2026-CTS-043,A/NovaScotia/25-365-06099/2025_H3N2,plate22-A/NovaScotia/25-365-06099/2025_H3N2,40,0.0003165,0.0003165
flu-seqneut-2026-CTS-043,A/NovaScotia/25-365-06099/2025_H3N2,plate22-A/NovaScotia/25-365-06099/2025_H3N2,92,0.0161,0.0161
flu-seqneut-2026-CTS-043,A/NovaScotia/25-365-06099/2025_H3N2,plate22-A/NovaScotia/25-365-06099/2025_H3N2,212,0.009437,0.009437
flu-seqneut-2026-CTS-043,A/NovaScotia/25-365-06099/2025_H3N2,plate22-A/NovaScotia/25-365-06099/2025_H3N2,487,0.0517,0.0517
flu-seqneut-2026-CTS-043,A/NovaScotia/25-365-06099/2025_H3N2,plate22-A/NovaScotia/25-365-06099/2025_H3N2,1119,0.3813,0.3813
flu-seqneut-2026-CTS-043,A/NovaScotia/25-365-06099/2025_H3N2,plate22-A/NovaScotia/25-365-06099/2025_H3N2,2575,0.3802,0.3802
flu-seqneut-2026-CTS-043,A/NovaScotia/25-365-06099/2025_H3N2,plate22-A/NovaScotia/25-365-06099/2025_H3N2,5921,2.644,1
flu-seqneut-2026-CTS-043,A/NovaScotia/25-365-06099/2025_H3N2,plate22-A/NovaScotia/25-365-06099/2025_H3N2,1.362e+04,1.564,1
flu-seqneut-2026-CTS-043,A/Ohio/259/2024_H1N1,plate22-A/Ohio/259/2024_H1N1,40,0.002097,0.002097
flu-seqneut-2026-CTS-043,A/Ohio/259/2024_H1N1,plate22-A/Ohio/259/2024_H1N1,92,0.004728,0.004728
flu-seqneut-2026-CTS-043,A/Ohio/259/2024_H1N1,plate22-A/Ohio/259/2024_H1N1,212,0.04543,0.04543
flu-seqneut-2026-CTS-043,A/Ohio/259/2024_H1N1,plate22-A/Ohio/259/2024_H1N1,487,0.1215,0.1215
flu-seqneut-2026-CTS-043,A/Ohio/259/2024_H1N1,plate22-A/Ohio/259/2024_H1N1,1119,0.7607,0.7607
flu-seqneut-2026-CTS-043,A/Ohio/259/2024_H1N1,plate22-A/Ohio/259/2024_H1N1,2575,0.4165,0.4165
flu-seqneut-2026-CTS-043,A/Ohio/259/2024_H1N1,plate22-A/Ohio/259/2024_H1N1,5921,1.567,1
flu-seqneut-2026-CTS-043,A/Ohio/259/2024_H1N1,plate22-A/Ohio/259/2024_H1N1,1.362e+04,1.02,1
flu-seqneut-2026-CTS-043,A/Ontario/PHL202550193/2025_H3N2,plate22-A/Ontario/PHL202550193/2025_H3N2,40,0.0004289,0.0004289
flu-seqneut-2026-CTS-043,A/Ontario/PHL202550193/2025_H3N2,plate22-A/Ontario/PHL202550193/2025_H3N2,92,0.02542,0.02542
flu-seqneut-2026-CTS-043,A/Ontario/PHL202550193/2025_H3N2,plate22-A/Ontario/PHL202550193/2025_H3N2,212,0.09628,0.09628
flu-seqneut-2026-CTS-043,A/Ontario/PHL202550193/2025_H3N2,plate22-A/Ontario/PHL202550193/2025_H3N2,487,0.1581,0.1581
flu-seqneut-2026-CTS-043,A/Ontario/PHL202550193/2025_H3N2,plate22-A/Ontario/PHL202550193/2025_H3N2,1119,0.8167,0.8167
flu-seqneut-2026-CTS-043,A/Ontario/PHL202550193/2025_H3N2,plate22-A/Ontario/PHL202550193/2025_H3N2,2575,1.461,1
flu-seqneut-2026-CTS-043,A/Ontario/PHL202550193/2025_H3N2,plate22-A/Ontario/PHL202550193/2025_H3N2,5921,2.098,1
flu-seqneut-2026-CTS-043,A/Ontario/PHL202550193/2025_H3N2,plate22-A/Ontario/PHL202550193/2025_H3N2,1.362e+04,1.926,1
flu-seqneut-2026-CTS-043,A/Oregon/81/2025_H3N2,plate22-A/Oregon/81/2025_H3N2,40,0.002065,0.002065
flu-seqneut-2026-CTS-043,A/Oregon/81/2025_H3N2,plate22-A/Oregon/81/2025_H3N2,92,0.01763,0.01763
flu-seqneut-2026-CTS-043,A/Oregon/81/2025_H3N2,plate22-A/Oregon/81/2025_H3N2,212,0.02206,0.02206
flu-seqneut-2026-CTS-043,A/Oregon/81/2025_H3N2,plate22-A/Oregon/81/2025_H3N2,487,0.07861,0.07861
flu-seqneut-2026-CTS-043,A/Oregon/81/2025_H3N2,plate22-A/Oregon/81/2025_H3N2,1119,0.7579,0.7579
flu-seqneut-2026-CTS-043,A/Oregon/81/2025_H3N2,plate22-A/Oregon/81/2025_H3N2,2575,0.8689,0.8689
flu-seqneut-2026-CTS-043,A/Oregon/81/2025_H3N2,plate22-A/Oregon/81/2025_H3N2,1.362e+04,2.412,1
flu-seqneut-2026-CTS-043,A/PaisVasco/70369726/2026_H1N1,plate22-A/PaisVasco/70369726/2026_H1N1,40,0.0005744,0.0005744
flu-seqneut-2026-CTS-043,A/PaisVasco/70369726/2026_H1N1,plate22-A/PaisVasco/70369726/2026_H1N1,92,0.03718,0.03718
flu-seqneut-2026-CTS-043,A/PaisVasco/70369726/2026_H1N1,plate22-A/PaisVasco/70369726/2026_H1N1,212,0.03843,0.03843
flu-seqneut-2026-CTS-043,A/PaisVasco/70369726/2026_H1N1,plate22-A/PaisVasco/70369726/2026_H1N1,487,0.1915,0.1915
flu-seqneut-2026-CTS-043,A/PaisVasco/70369726/2026_H1N1,plate22-A/PaisVasco/70369726/2026_H1N1,1119,0.9298,0.9298
flu-seqneut-2026-CTS-043,A/PaisVasco/70369726/2026_H1N1,plate22-A/PaisVasco/70369726/2026_H1N1,2575,1.009,1
flu-seqneut-2026-CTS-043,A/PaisVasco/70369726/2026_H1N1,plate22-A/PaisVasco/70369726/2026_H1N1,1.362e+04,2.182,1
flu-seqneut-2026-CTS-043,A/Parana/416133590/2026_H3N2,plate22-A/Parana/416133590/2026_H3N2,40,0,0
flu-seqneut-2026-CTS-043,A/Parana/416133590/2026_H3N2,plate22-A/Parana/416133590/2026_H3N2,92,0.04755,0.04755
flu-seqneut-2026-CTS-043,A/Parana/416133590/2026_H3N2,plate22-A/Parana/416133590/2026_H3N2,212,0.02975,0.02975
flu-seqneut-2026-CTS-043,A/Parana/416133590/2026_H3N2,plate22-A/Parana/416133590/2026_H3N2,487,0.205,0.205
flu-seqneut-2026-CTS-043,A/Parana/416133590/2026_H3N2,plate22-A/Parana/416133590/2026_H3N2,1119,0.6818,0.6818
flu-seqneut-2026-CTS-043,A/Parana/416133590/2026_H3N2,plate22-A/Parana/416133590/2026_H3N2,2575,1.111,1
flu-seqneut-2026-CTS-043,A/Peru/ANC-INS-062/2026_H3N2,plate22-A/Peru/ANC-INS-062/2026_H3N2,40,0,0
flu-seqneut-2026-CTS-043,A/Peru/ANC-INS-062/2026_H3N2,plate22-A/Peru/ANC-INS-062/2026_H3N2,92,0,0
flu-seqneut-2026-CTS-043,A/Peru/ANC-INS-062/2026_H3N2,plate22-A/Peru/ANC-INS-062/2026_H3N2,212,0.00695,0.00695
flu-seqneut-2026-CTS-043,A/Peru/ANC-INS-062/2026_H3N2,plate22-A/Peru/ANC-INS-062/2026_H3N2,487,0.04412,0.04412
flu-seqneut-2026-CTS-043,A/Peru/ANC-INS-062/2026_H3N2,plate22-A/Peru/ANC-INS-062/2026_H3N2,1119,0.6228,0.6228
flu-seqneut-2026-CTS-043,A/Peru/ANC-INS-062/2026_H3N2,plate22-A/Peru/ANC-INS-062/2026_H3N2,2575,1.018,1
flu-seqneut-2026-CTS-043,A/Peru/ANC-INS-062/2026_H3N2,plate22-A/Peru/ANC-INS-062/2026_H3N2,1.362e+04,2.372,1
flu-seqneut-2026-CTS-043,A/Rhode_Island/11/2026_H1N1,plate22-A/Rhode_Island/11/2026_H1N1,40,0,0
flu-seqneut-2026-CTS-043,A/Rhode_Island/11/2026_H1N1,plate22-A/Rhode_Island/11/2026_H1N1,92,0.0412,0.0412
flu-seqneut-2026-CTS-043,A/Rhode_Island/11/2026_H1N1,plate22-A/Rhode_Island/11/2026_H1N1,212,0.0898,0.0898
flu-seqneut-2026-CTS-043,A/Rhode_Island/11/2026_H1N1,plate22-A/Rhode_Island/11/2026_H1N1,487,0.2787,0.2787
flu-seqneut-2026-CTS-043,A/Rhode_Island/11/2026_H1N1,plate22-A/Rhode_Island/11/2026_H1N1,1119,1.306,1
flu-seqneut-2026-CTS-043,A/Rhode_Island/11/2026_H1N1,plate22-A/Rhode_Island/11/2026_H1N1,2575,1.048,1
flu-seqneut-2026-CTS-043,A/Rhode_Island/11/2026_H1N1,plate22-A/Rhode_Island/11/2026_H1N1,1.362e+04,2.512,1
flu-seqneut-2026-CTS-043,A/RiodeJaneiro/331/2026_H3N2,plate22-A/RiodeJaneiro/331/2026_H3N2,40,0,0
flu-seqneut-2026-CTS-043,A/RiodeJaneiro/331/2026_H3N2,plate22-A/RiodeJaneiro/331/2026_H3N2,92,0.001974,0.001974
flu-seqneut-2026-CTS-043,A/RiodeJaneiro/331/2026_H3N2,plate22-A/RiodeJaneiro/331/2026_H3N2,212,0.001976,0.001976
flu-seqneut-2026-CTS-043,A/RiodeJaneiro/331/2026_H3N2,plate22-A/RiodeJaneiro/331/2026_H3N2,487,0.01616,0.01616
flu-seqneut-2026-CTS-043,A/RiodeJaneiro/331/2026_H3N2,plate22-A/RiodeJaneiro/331/2026_H3N2,1119,0.1877,0.1877
flu-seqneut-2026-CTS-043,A/RiodeJaneiro/331/2026_H3N2,plate22-A/RiodeJaneiro/331/2026_H3N2,2575,0.5819,0.5819
flu-seqneut-2026-CTS-043,A/RiodeJaneiro/331/2026_H3N2,plate22-A/RiodeJaneiro/331/2026_H3N2,5921,2.015,1
flu-seqneut-2026-CTS-043,A/RiodeJaneiro/331/2026_H3N2,plate22-A/RiodeJaneiro/331/2026_H3N2,1.362e+04,1.525,1
flu-seqneut-2026-CTS-043,A/Romania/612042/2026_H3N2,plate22-A/Romania/612042/2026_H3N2,40,0.002943,0.002943
flu-seqneut-2026-CTS-043,A/Romania/612042/2026_H3N2,plate22-A/Romania/612042/2026_H3N2,92,0.02464,0.02464
flu-seqneut-2026-CTS-043,A/Romania/612042/2026_H3N2,plate22-A/Romania/612042/2026_H3N2,212,0.034,0.034
flu-seqneut-2026-CTS-043,A/Romania/612042/2026_H3N2,plate22-A/Romania/612042/2026_H3N2,487,0.275,0.275
flu-seqneut-2026-CTS-043,A/Romania/612042/2026_H3N2,plate22-A/Romania/612042/2026_H3N2,1119,1.009,1
flu-seqneut-2026-CTS-043,A/Romania/612042/2026_H3N2,plate22-A/Romania/612042/2026_H3N2,2575,1.47,1
flu-seqneut-2026-CTS-043,A/Romania/612042/2026_H3N2,plate22-A/Romania/612042/2026_H3N2,1.362e+04,2.49,1
flu-seqneut-2026-CTS-043,A/SantaCatarina/508/2026_H3N2,plate22-A/SantaCatarina/508/2026_H3N2,40,0,0
flu-seqneut-2026-CTS-043,A/SantaCatarina/508/2026_H3N2,plate22-A/SantaCatarina/508/2026_H3N2,92,0.02846,0.02846
flu-seqneut-2026-CTS-043,A/SantaCatarina/508/2026_H3N2,plate22-A/SantaCatarina/508/2026_H3N2,212,0.008282,0.008282
flu-seqneut-2026-CTS-043,A/SantaCatarina/508/2026_H3N2,plate22-A/SantaCatarina/508/2026_H3N2,487,0.08184,0.08184
flu-seqneut-2026-CTS-043,A/SantaCatarina/508/2026_H3N2,plate22-A/SantaCatarina/508/2026_H3N2,1119,0.6369,0.6369
flu-seqneut-2026-CTS-043,A/SantaCatarina/508/2026_H3N2,plate22-A/SantaCatarina/508/2026_H3N2,2575,0.7882,0.7882
flu-seqneut-2026-CTS-043,A/Saskatchewan/SKFLU477299/2025_H3N2,plate22-A/Saskatchewan/SKFLU477299/2025_H3N2,40,0,0
flu-seqneut-2026-CTS-043,A/Saskatchewan/SKFLU477299/2025_H3N2,plate22-A/Saskatchewan/SKFLU477299/2025_H3N2,92,0.01755,0.01755
flu-seqneut-2026-CTS-043,A/Saskatchewan/SKFLU477299/2025_H3N2,plate22-A/Saskatchewan/SKFLU477299/2025_H3N2,212,0.02084,0.02084
flu-seqneut-2026-CTS-043,A/Saskatchewan/SKFLU477299/2025_H3N2,plate22-A/Saskatchewan/SKFLU477299/2025_H3N2,487,0.09772,0.09772
flu-seqneut-2026-CTS-043,A/Saskatchewan/SKFLU477299/2025_H3N2,plate22-A/Saskatchewan/SKFLU477299/2025_H3N2,1119,0.5336,0.5336
flu-seqneut-2026-CTS-043,A/Saskatchewan/SKFLU477299/2025_H3N2,plate22-A/Saskatchewan/SKFLU477299/2025_H3N2,2575,1.479,1
flu-seqneut-2026-CTS-043,A/Saskatchewan/SKFLU477299/2025_H3N2,plate22-A/Saskatchewan/SKFLU477299/2025_H3N2,1.362e+04,2.762,1
flu-seqneut-2026-CTS-043,A/Saskatchewan/SKFLU477727/2025_H3N2,plate22-A/Saskatchewan/SKFLU477727/2025_H3N2,40,0.02206,0.02206
flu-seqneut-2026-CTS-043,A/Saskatchewan/SKFLU477727/2025_H3N2,plate22-A/Saskatchewan/SKFLU477727/2025_H3N2,92,0.04693,0.04693
flu-seqneut-2026-CTS-043,A/Saskatchewan/SKFLU477727/2025_H3N2,plate22-A/Saskatchewan/SKFLU477727/2025_H3N2,212,0.1719,0.1719
flu-seqneut-2026-CTS-043,A/Saskatchewan/SKFLU477727/2025_H3N2,plate22-A/Saskatchewan/SKFLU477727/2025_H3N2,487,0.3301,0.3301
flu-seqneut-2026-CTS-043,A/Saskatchewan/SKFLU477727/2025_H3N2,plate22-A/Saskatchewan/SKFLU477727/2025_H3N2,1119,1.105,1
flu-seqneut-2026-CTS-043,A/Saskatchewan/SKFLU477727/2025_H3N2,plate22-A/Saskatchewan/SKFLU477727/2025_H3N2,2575,1.621,1
flu-seqneut-2026-CTS-043,A/Saskatchewan/SKFLU477727/2025_H3N2,plate22-A/Saskatchewan/SKFLU477727/2025_H3N2,1.362e+04,2.963,1
flu-seqneut-2026-CTS-043,A/Saskatchewan/SKFLU490586/2026_H1N1,plate22-A/Saskatchewan/SKFLU490586/2026_H1N1,40,0.002319,0.002319
flu-seqneut-2026-CTS-043,A/Saskatchewan/SKFLU490586/2026_H1N1,plate22-A/Saskatchewan/SKFLU490586/2026_H1N1,92,0.02857,0.02857
flu-seqneut-2026-CTS-043,A/Saskatchewan/SKFLU490586/2026_H1N1,plate22-A/Saskatchewan/SKFLU490586/2026_H1N1,212,0.03715,0.03715
flu-seqneut-2026-CTS-043,A/Saskatchewan/SKFLU490586/2026_H1N1,plate22-A/Saskatchewan/SKFLU490586/2026_H1N1,487,0.2504,0.2504
flu-seqneut-2026-CTS-043,A/Saskatchewan/SKFLU490586/2026_H1N1,plate22-A/Saskatchewan/SKFLU490586/2026_H1N1,1119,1.05,1
flu-seqneut-2026-CTS-043,A/Saskatchewan/SKFLU490586/2026_H1N1,plate22-A/Saskatchewan/SKFLU490586/2026_H1N1,2575,1.183,1
flu-seqneut-2026-CTS-043,A/Saskatchewan/SKFLU490586/2026_H1N1,plate22-A/Saskatchewan/SKFLU490586/2026_H1N1,5921,2.639,1
flu-seqneut-2026-CTS-043,A/Saskatchewan/SKFLU490586/2026_H1N1,plate22-A/Saskatchewan/SKFLU490586/2026_H1N1,1.362e+04,2.322,1
flu-seqneut-2026-CTS-043,A/Singapore/GP20238/2024_H3N2,plate22-A/Singapore/GP20238/2024_H3N2,40,0,0
flu-seqneut-2026-CTS-043,A/Singapore/GP20238/2024_H3N2,plate22-A/Singapore/GP20238/2024_H3N2,92,0.07956,0.07956
flu-seqneut-2026-CTS-043,A/Singapore/GP20238/2024_H3N2,plate22-A/Singapore/GP20238/2024_H3N2,212,0.002329,0.002329
flu-seqneut-2026-CTS-043,A/Singapore/GP20238/2024_H3N2,plate22-A/Singapore/GP20238/2024_H3N2,487,0.01261,0.01261
flu-seqneut-2026-CTS-043,A/Singapore/GP20238/2024_H3N2,plate22-A/Singapore/GP20238/2024_H3N2,1119,0.2105,0.2105
flu-seqneut-2026-CTS-043,A/Singapore/GP20238/2024_H3N2,plate22-A/Singapore/GP20238/2024_H3N2,2575,0.7161,0.7161
flu-seqneut-2026-CTS-043,A/Singapore/GP20238/2024_H3N2,plate22-A/Singapore/GP20238/2024_H3N2,1.362e+04,2.583,1
flu-seqneut-2026-CTS-043,A/Singapore/KK2768/2025_H1N1,plate22-A/Singapore/KK2768/2025_H1N1,40,0.005999,0.005999
flu-seqneut-2026-CTS-043,A/Singapore/KK2768/2025_H1N1,plate22-A/Singapore/KK2768/2025_H1N1,92,0.03395,0.03395
flu-seqneut-2026-CTS-043,A/Singapore/KK2768/2025_H1N1,plate22-A/Singapore/KK2768/2025_H1N1,212,0.1796,0.1796
flu-seqneut-2026-CTS-043,A/Singapore/KK2768/2025_H1N1,plate22-A/Singapore/KK2768/2025_H1N1,487,0.2864,0.2864
flu-seqneut-2026-CTS-043,A/Singapore/KK2768/2025_H1N1,plate22-A/Singapore/KK2768/2025_H1N1,1119,1.288,1
flu-seqneut-2026-CTS-043,A/Singapore/KK2768/2025_H1N1,plate22-A/Singapore/KK2768/2025_H1N1,2575,1.221,1
flu-seqneut-2026-CTS-043,A/Singapore/KK2768/2025_H1N1,plate22-A/Singapore/KK2768/2025_H1N1,1.362e+04,2.161,1
flu-seqneut-2026-CTS-043,A/Singapore/MOH0547/2024_H1N1,plate22-A/Singapore/MOH0547/2024_H1N1,40,0.00524,0.00524
flu-seqneut-2026-CTS-043,A/Singapore/MOH0547/2024_H1N1,plate22-A/Singapore/MOH0547/2024_H1N1,92,0.03066,0.03066
flu-seqneut-2026-CTS-043,A/Singapore/MOH0547/2024_H1N1,plate22-A/Singapore/MOH0547/2024_H1N1,212,0.06687,0.06687
flu-seqneut-2026-CTS-043,A/Singapore/MOH0547/2024_H1N1,plate22-A/Singapore/MOH0547/2024_H1N1,487,0.09697,0.09697
flu-seqneut-2026-CTS-043,A/Singapore/MOH0547/2024_H1N1,plate22-A/Singapore/MOH0547/2024_H1N1,1119,0.6936,0.6936
flu-seqneut-2026-CTS-043,A/Singapore/MOH0547/2024_H1N1,plate22-A/Singapore/MOH0547/2024_H1N1,2575,1.154,1
flu-seqneut-2026-CTS-043,A/Singapore/MOH0547/2024_H1N1,plate22-A/Singapore/MOH0547/2024_H1N1,1.362e+04,1.871,1
flu-seqneut-2026-CTS-043,A/Singapore/NTF0577/2025_H3N2,plate22-A/Singapore/NTF0577/2025_H3N2,40,0.00572,0.00572
flu-seqneut-2026-CTS-043,A/Singapore/NTF0577/2025_H3N2,plate22-A/Singapore/NTF0577/2025_H3N2,92,0.1044,0.1044
flu-seqneut-2026-CTS-043,A/Singapore/NTF0577/2025_H3N2,plate22-A/Singapore/NTF0577/2025_H3N2,212,0.07402,0.07402
flu-seqneut-2026-CTS-043,A/Singapore/NTF0577/2025_H3N2,plate22-A/Singapore/NTF0577/2025_H3N2,487,0.126,0.126
flu-seqneut-2026-CTS-043,A/Singapore/NTF0577/2025_H3N2,plate22-A/Singapore/NTF0577/2025_H3N2,1119,0.7611,0.7611
flu-seqneut-2026-CTS-043,A/Singapore/NTF0577/2025_H3N2,plate22-A/Singapore/NTF0577/2025_H3N2,2575,0.9197,0.9197
flu-seqneut-2026-CTS-043,A/Singapore/NTF0577/2025_H3N2,plate22-A/Singapore/NTF0577/2025_H3N2,1.362e+04,2.393,1
flu-seqneut-2026-CTS-043,A/Singapore/SAR8915/2025_H3N2,plate22-A/Singapore/SAR8915/2025_H3N2,40,0.00264,0.00264
flu-seqneut-2026-CTS-043,A/Singapore/SAR8915/2025_H3N2,plate22-A/Singapore/SAR8915/2025_H3N2,92,0.0153,0.0153
flu-seqneut-2026-CTS-043,A/Singapore/SAR8915/2025_H3N2,plate22-A/Singapore/SAR8915/2025_H3N2,212,0.02532,0.02532
flu-seqneut-2026-CTS-043,A/Singapore/SAR8915/2025_H3N2,plate22-A/Singapore/SAR8915/2025_H3N2,487,0.09743,0.09743
flu-seqneut-2026-CTS-043,A/Singapore/SAR8915/2025_H3N2,plate22-A/Singapore/SAR8915/2025_H3N2,1119,0.6742,0.6742
flu-seqneut-2026-CTS-043,A/Singapore/SAR8915/2025_H3N2,plate22-A/Singapore/SAR8915/2025_H3N2,2575,0.7366,0.7366
flu-seqneut-2026-CTS-043,A/Singapore/SAR8915/2025_H3N2,plate22-A/Singapore/SAR8915/2025_H3N2,1.362e+04,2.575,1
flu-seqneut-2026-CTS-043,A/SouthAfrica/NHLS-SU-CERI-C075557/2026_H1N1,plate22-A/SouthAfrica/NHLS-SU-CERI-C075557/2026_H1N1,40,0.001228,0.001228
flu-seqneut-2026-CTS-043,A/SouthAfrica/NHLS-SU-CERI-C075557/2026_H1N1,plate22-A/SouthAfrica/NHLS-SU-CERI-C075557/2026_H1N1,92,0.05341,0.05341
flu-seqneut-2026-CTS-043,A/SouthAfrica/NHLS-SU-CERI-C075557/2026_H1N1,plate22-A/SouthAfrica/NHLS-SU-CERI-C075557/2026_H1N1,212,0.07327,0.07327
flu-seqneut-2026-CTS-043,A/SouthAfrica/NHLS-SU-CERI-C075557/2026_H1N1,plate22-A/SouthAfrica/NHLS-SU-CERI-C075557/2026_H1N1,487,0.2794,0.2794
flu-seqneut-2026-CTS-043,A/SouthAfrica/NHLS-SU-CERI-C075557/2026_H1N1,plate22-A/SouthAfrica/NHLS-SU-CERI-C075557/2026_H1N1,1119,0.6672,0.6672
flu-seqneut-2026-CTS-043,A/SouthAfrica/NHLS-SU-CERI-C075557/2026_H1N1,plate22-A/SouthAfrica/NHLS-SU-CERI-C075557/2026_H1N1,2575,1.563,1
flu-seqneut-2026-CTS-043,A/SouthAfrica/NHLS-SU-CERI-C075557/2026_H1N1,plate22-A/SouthAfrica/NHLS-SU-CERI-C075557/2026_H1N1,5921,2.977,1
flu-seqneut-2026-CTS-043,A/SouthAfrica/NHLS-SU-CERI-C075557/2026_H1N1,plate22-A/SouthAfrica/NHLS-SU-CERI-C075557/2026_H1N1,1.362e+04,1.609,1
flu-seqneut-2026-CTS-043,A/SouthAfrica/NICD-R01647/2026_H1N1,plate22-A/SouthAfrica/NICD-R01647/2026_H1N1,40,0,0
flu-seqneut-2026-CTS-043,A/SouthAfrica/NICD-R01647/2026_H1N1,plate22-A/SouthAfrica/NICD-R01647/2026_H1N1,92,0.02353,0.02353
flu-seqneut-2026-CTS-043,A/SouthAfrica/NICD-R01647/2026_H1N1,plate22-A/SouthAfrica/NICD-R01647/2026_H1N1,212,0.09917,0.09917
flu-seqneut-2026-CTS-043,A/SouthAfrica/NICD-R01647/2026_H1N1,plate22-A/SouthAfrica/NICD-R01647/2026_H1N1,487,0.2915,0.2915
flu-seqneut-2026-CTS-043,A/SouthAfrica/NICD-R01647/2026_H1N1,plate22-A/SouthAfrica/NICD-R01647/2026_H1N1,1119,0.9187,0.9187
flu-seqneut-2026-CTS-043,A/SouthAfrica/NICD-R01647/2026_H1N1,plate22-A/SouthAfrica/NICD-R01647/2026_H1N1,2575,0.979,0.979
flu-seqneut-2026-CTS-043,A/SouthAfrica/NICD-R01647/2026_H1N1,plate22-A/SouthAfrica/NICD-R01647/2026_H1N1,5921,2.733,1
flu-seqneut-2026-CTS-043,A/SouthAfrica/NICD-R01647/2026_H1N1,plate22-A/SouthAfrica/NICD-R01647/2026_H1N1,1.362e+04,1.616,1
flu-seqneut-2026-CTS-043,A/SouthAfrica/NICD-R01668/2026_H1N1,plate22-A/SouthAfrica/NICD-R01668/2026_H1N1,40,0.005543,0.005543
flu-seqneut-2026-CTS-043,A/SouthAfrica/NICD-R01668/2026_H1N1,plate22-A/SouthAfrica/NICD-R01668/2026_H1N1,92,0.04178,0.04178
flu-seqneut-2026-CTS-043,A/SouthAfrica/NICD-R01668/2026_H1N1,plate22-A/SouthAfrica/NICD-R01668/2026_H1N1,212,0.1452,0.1452
flu-seqneut-2026-CTS-043,A/SouthAfrica/NICD-R01668/2026_H1N1,plate22-A/SouthAfrica/NICD-R01668/2026_H1N1,487,0.2491,0.2491
flu-seqneut-2026-CTS-043,A/SouthAfrica/NICD-R01668/2026_H1N1,plate22-A/SouthAfrica/NICD-R01668/2026_H1N1,1119,1.051,1
flu-seqneut-2026-CTS-043,A/SouthAfrica/NICD-R01668/2026_H1N1,plate22-A/SouthAfrica/NICD-R01668/2026_H1N1,2575,1.565,1
flu-seqneut-2026-CTS-043,A/SouthAfrica/NICD-R01668/2026_H1N1,plate22-A/SouthAfrica/NICD-R01668/2026_H1N1,1.362e+04,2.704,1
flu-seqneut-2026-CTS-043,A/SouthAfrica/PATH-CERI-C073358/2025_H1N1,plate22-A/SouthAfrica/PATH-CERI-C073358/2025_H1N1,40,0.005081,0.005081
flu-seqneut-2026-CTS-043,A/SouthAfrica/PATH-CERI-C073358/2025_H1N1,plate22-A/SouthAfrica/PATH-CERI-C073358/2025_H1N1,92,0.01894,0.01894
flu-seqneut-2026-CTS-043,A/SouthAfrica/PATH-CERI-C073358/2025_H1N1,plate22-A/SouthAfrica/PATH-CERI-C073358/2025_H1N1,212,0.06407,0.06407
flu-seqneut-2026-CTS-043,A/SouthAfrica/PATH-CERI-C073358/2025_H1N1,plate22-A/SouthAfrica/PATH-CERI-C073358/2025_H1N1,487,0.2499,0.2499
flu-seqneut-2026-CTS-043,A/SouthAfrica/PATH-CERI-C073358/2025_H1N1,plate22-A/SouthAfrica/PATH-CERI-C073358/2025_H1N1,1119,0.6153,0.6153
flu-seqneut-2026-CTS-043,A/SouthAfrica/PATH-CERI-C073358/2025_H1N1,plate22-A/SouthAfrica/PATH-CERI-C073358/2025_H1N1,2575,0.973,0.973
flu-seqneut-2026-CTS-043,A/SouthAfrica/PATH-CERI-C073358/2025_H1N1,plate22-A/SouthAfrica/PATH-CERI-C073358/2025_H1N1,5921,2.776,1
flu-seqneut-2026-CTS-043,A/SouthAfrica/PATH-CERI-C073358/2025_H1N1,plate22-A/SouthAfrica/PATH-CERI-C073358/2025_H1N1,1.362e+04,1.747,1
flu-seqneut-2026-CTS-043,A/SouthAfrica/PATH-CERI-C073366/2025_H1N1,plate22-A/SouthAfrica/PATH-CERI-C073366/2025_H1N1,40,0,0
flu-seqneut-2026-CTS-043,A/SouthAfrica/PATH-CERI-C073366/2025_H1N1,plate22-A/SouthAfrica/PATH-CERI-C073366/2025_H1N1,92,0.0854,0.0854
flu-seqneut-2026-CTS-043,A/SouthAfrica/PATH-CERI-C073366/2025_H1N1,plate22-A/SouthAfrica/PATH-CERI-C073366/2025_H1N1,212,0.1725,0.1725
flu-seqneut-2026-CTS-043,A/SouthAfrica/PATH-CERI-C073366/2025_H1N1,plate22-A/SouthAfrica/PATH-CERI-C073366/2025_H1N1,487,0.3925,0.3925
flu-seqneut-2026-CTS-043,A/SouthAfrica/PATH-CERI-C073366/2025_H1N1,plate22-A/SouthAfrica/PATH-CERI-C073366/2025_H1N1,1119,1.173,1
flu-seqneut-2026-CTS-043,A/SouthAfrica/PATH-CERI-C073366/2025_H1N1,plate22-A/SouthAfrica/PATH-CERI-C073366/2025_H1N1,2575,1.609,1
flu-seqneut-2026-CTS-043,A/SouthAfrica/PATH-CERI-C073366/2025_H1N1,plate22-A/SouthAfrica/PATH-CERI-C073366/2025_H1N1,1.362e+04,2.905,1
flu-seqneut-2026-CTS-043,A/SouthAfrica/PATH-CERI-C075119/2026_H1N1,plate22-A/SouthAfrica/PATH-CERI-C075119/2026_H1N1,40,0.009294,0.009294
flu-seqneut-2026-CTS-043,A/SouthAfrica/PATH-CERI-C075119/2026_H1N1,plate22-A/SouthAfrica/PATH-CERI-C075119/2026_H1N1,92,0.03985,0.03985
flu-seqneut-2026-CTS-043,A/SouthAfrica/PATH-CERI-C075119/2026_H1N1,plate22-A/SouthAfrica/PATH-CERI-C075119/2026_H1N1,212,0.07935,0.07935
flu-seqneut-2026-CTS-043,A/SouthAfrica/PATH-CERI-C075119/2026_H1N1,plate22-A/SouthAfrica/PATH-CERI-C075119/2026_H1N1,487,0.2426,0.2426
flu-seqneut-2026-CTS-043,A/SouthAfrica/PATH-CERI-C075119/2026_H1N1,plate22-A/SouthAfrica/PATH-CERI-C075119/2026_H1N1,1119,0.6829,0.6829
flu-seqneut-2026-CTS-043,A/SouthAfrica/PATH-CERI-C075119/2026_H1N1,plate22-A/SouthAfrica/PATH-CERI-C075119/2026_H1N1,2575,1.024,1
flu-seqneut-2026-CTS-043,A/SouthAfrica/PATH-CERI-C075119/2026_H1N1,plate22-A/SouthAfrica/PATH-CERI-C075119/2026_H1N1,5921,2.955,1
flu-seqneut-2026-CTS-043,A/SouthAustralia/2605715552/2026_H3N2,plate22-A/SouthAustralia/2605715552/2026_H3N2,40,0.009768,0.009768
flu-seqneut-2026-CTS-043,A/SouthAustralia/2605715552/2026_H3N2,plate22-A/SouthAustralia/2605715552/2026_H3N2,92,0.04553,0.04553
flu-seqneut-2026-CTS-043,A/SouthAustralia/2605715552/2026_H3N2,plate22-A/SouthAustralia/2605715552/2026_H3N2,212,0.03543,0.03543
flu-seqneut-2026-CTS-043,A/SouthAustralia/2605715552/2026_H3N2,plate22-A/SouthAustralia/2605715552/2026_H3N2,487,0.2295,0.2295
flu-seqneut-2026-CTS-043,A/SouthAustralia/2605715552/2026_H3N2,plate22-A/SouthAustralia/2605715552/2026_H3N2,1119,1.472,1
flu-seqneut-2026-CTS-043,A/SouthAustralia/2605715552/2026_H3N2,plate22-A/SouthAustralia/2605715552/2026_H3N2,2575,1.679,1
flu-seqneut-2026-CTS-043,A/SouthAustralia/2605715552/2026_H3N2,plate22-A/SouthAustralia/2605715552/2026_H3N2,1.362e+04,2.203,1
flu-seqneut-2026-CTS-043,A/SouthCarolina/USAFSAM-17046/2026_H3N2,plate22-A/SouthCarolina/USAFSAM-17046/2026_H3N2,40,0.002129,0.002129
flu-seqneut-2026-CTS-043,A/SouthCarolina/USAFSAM-17046/2026_H3N2,plate22-A/SouthCarolina/USAFSAM-17046/2026_H3N2,92,0.004571,0.004571
flu-seqneut-2026-CTS-043,A/SouthCarolina/USAFSAM-17046/2026_H3N2,plate22-A/SouthCarolina/USAFSAM-17046/2026_H3N2,212,0.006006,0.006006
flu-seqneut-2026-CTS-043,A/SouthCarolina/USAFSAM-17046/2026_H3N2,plate22-A/SouthCarolina/USAFSAM-17046/2026_H3N2,487,0,0
flu-seqneut-2026-CTS-043,A/SouthCarolina/USAFSAM-17046/2026_H3N2,plate22-A/SouthCarolina/USAFSAM-17046/2026_H3N2,1119,0.003528,0.003528
flu-seqneut-2026-CTS-043,A/SouthCarolina/USAFSAM-17046/2026_H3N2,plate22-A/SouthCarolina/USAFSAM-17046/2026_H3N2,2575,0.5638,0.5638
flu-seqneut-2026-CTS-043,A/South_Australia/2523812314/2025_H3N2,plate22-A/South_Australia/2523812314/2025_H3N2,40,0,0
flu-seqneut-2026-CTS-043,A/South_Australia/2523812314/2025_H3N2,plate22-A/South_Australia/2523812314/2025_H3N2,92,0.0001476,0.0001476
flu-seqneut-2026-CTS-043,A/South_Australia/2523812314/2025_H3N2,plate22-A/South_Australia/2523812314/2025_H3N2,212,0.003323,0.003323
flu-seqneut-2026-CTS-043,A/South_Australia/2523812314/2025_H3N2,plate22-A/South_Australia/2523812314/2025_H3N2,487,0.06278,0.06278
flu-seqneut-2026-CTS-043,A/South_Australia/2523812314/2025_H3N2,plate22-A/South_Australia/2523812314/2025_H3N2,1119,0.39,0.39
flu-seqneut-2026-CTS-043,A/South_Australia/2523812314/2025_H3N2,plate22-A/South_Australia/2523812314/2025_H3N2,2575,0.5416,0.5416
flu-seqneut-2026-CTS-043,A/South_Australia/2523812314/2025_H3N2,plate22-A/South_Australia/2523812314/2025_H3N2,5921,2.959,1
flu-seqneut-2026-CTS-043,A/South_Australia/2527213276/2025_H3N2,plate22-A/South_Australia/2527213276/2025_H3N2,40,0.001941,0.001941
flu-seqneut-2026-CTS-043,A/South_Australia/2527213276/2025_H3N2,plate22-A/South_Australia/2527213276/2025_H3N2,92,0,0
flu-seqneut-2026-CTS-043,A/South_Australia/2527213276/2025_H3N2,plate22-A/South_Australia/2527213276/2025_H3N2,212,0.0009124,0.0009124
flu-seqneut-2026-CTS-043,A/South_Australia/2527213276/2025_H3N2,plate22-A/South_Australia/2527213276/2025_H3N2,487,0.03867,0.03867
flu-seqneut-2026-CTS-043,A/South_Australia/2527213276/2025_H3N2,plate22-A/South_Australia/2527213276/2025_H3N2,1119,0.3511,0.3511
flu-seqneut-2026-CTS-043,A/South_Australia/2527213276/2025_H3N2,plate22-A/South_Australia/2527213276/2025_H3N2,2575,0.3071,0.3071
flu-seqneut-2026-CTS-043,A/South_Australia/2527213276/2025_H3N2,plate22-A/South_Australia/2527213276/2025_H3N2,5921,2.631,1
flu-seqneut-2026-CTS-043,A/South_Australia/2527213276/2025_H3N2,plate22-A/South_Australia/2527213276/2025_H3N2,1.362e+04,0.9727,0.9727
flu-seqneut-2026-CTS-043,A/StPetersburg/RII-25-2042S/2025_H3N2,plate22-A/StPetersburg/RII-25-2042S/2025_H3N2,40,0.0006619,0.0006619
flu-seqneut-2026-CTS-043,A/StPetersburg/RII-25-2042S/2025_H3N2,plate22-A/StPetersburg/RII-25-2042S/2025_H3N2,92,0.01769,0.01769
flu-seqneut-2026-CTS-043,A/StPetersburg/RII-25-2042S/2025_H3N2,plate22-A/StPetersburg/RII-25-2042S/2025_H3N2,212,0.1096,0.1096
flu-seqneut-2026-CTS-043,A/StPetersburg/RII-25-2042S/2025_H3N2,plate22-A/StPetersburg/RII-25-2042S/2025_H3N2,487,0.1661,0.1661
flu-seqneut-2026-CTS-043,A/StPetersburg/RII-25-2042S/2025_H3N2,plate22-A/StPetersburg/RII-25-2042S/2025_H3N2,1119,0.9299,0.9299
flu-seqneut-2026-CTS-043,A/StPetersburg/RII-25-2042S/2025_H3N2,plate22-A/StPetersburg/RII-25-2042S/2025_H3N2,2575,1.858,1
flu-seqneut-2026-CTS-043,A/StPetersburg/RII-25-2321S/2025_H3N2,plate22-A/StPetersburg/RII-25-2321S/2025_H3N2,40,0,0
flu-seqneut-2026-CTS-043,A/StPetersburg/RII-25-2321S/2025_H3N2,plate22-A/StPetersburg/RII-25-2321S/2025_H3N2,92,0.02092,0.02092
flu-seqneut-2026-CTS-043,A/StPetersburg/RII-25-2321S/2025_H3N2,plate22-A/StPetersburg/RII-25-2321S/2025_H3N2,212,0.04779,0.04779
flu-seqneut-2026-CTS-043,A/StPetersburg/RII-25-2321S/2025_H3N2,plate22-A/StPetersburg/RII-25-2321S/2025_H3N2,487,0.1117,0.1117
flu-seqneut-2026-CTS-043,A/StPetersburg/RII-25-2321S/2025_H3N2,plate22-A/StPetersburg/RII-25-2321S/2025_H3N2,1119,1.379,1
flu-seqneut-2026-CTS-043,A/StPetersburg/RII-25-2321S/2025_H3N2,plate22-A/StPetersburg/RII-25-2321S/2025_H3N2,2575,2.654,1
flu-seqneut-2026-CTS-043,A/StPetersburg/RII-25-2506S/2026_H3N2,plate22-A/StPetersburg/RII-25-2506S/2026_H3N2,40,0.0009654,0.0009654
flu-seqneut-2026-CTS-043,A/StPetersburg/RII-25-2506S/2026_H3N2,plate22-A/StPetersburg/RII-25-2506S/2026_H3N2,92,0.04318,0.04318
flu-seqneut-2026-CTS-043,A/StPetersburg/RII-25-2506S/2026_H3N2,plate22-A/StPetersburg/RII-25-2506S/2026_H3N2,212,0.05041,0.05041
flu-seqneut-2026-CTS-043,A/StPetersburg/RII-25-2506S/2026_H3N2,plate22-A/StPetersburg/RII-25-2506S/2026_H3N2,487,0.2486,0.2486
flu-seqneut-2026-CTS-043,A/StPetersburg/RII-25-2506S/2026_H3N2,plate22-A/StPetersburg/RII-25-2506S/2026_H3N2,1119,1.052,1
flu-seqneut-2026-CTS-043,A/StPetersburg/RII-25-2506S/2026_H3N2,plate22-A/StPetersburg/RII-25-2506S/2026_H3N2,2575,1.482,1
flu-seqneut-2026-CTS-043,A/StPetersburg/RII-25-2506S/2026_H3N2,plate22-A/StPetersburg/RII-25-2506S/2026_H3N2,1.362e+04,2.165,1
flu-seqneut-2026-CTS-043,A/StPetersburg/RII-25-2600S/2026_H3N2,plate22-A/StPetersburg/RII-25-2600S/2026_H3N2,40,0.009013,0.009013
flu-seqneut-2026-CTS-043,A/StPetersburg/RII-25-2600S/2026_H3N2,plate22-A/StPetersburg/RII-25-2600S/2026_H3N2,92,0.01626,0.01626
flu-seqneut-2026-CTS-043,A/StPetersburg/RII-25-2600S/2026_H3N2,plate22-A/StPetersburg/RII-25-2600S/2026_H3N2,212,0.03959,0.03959
flu-seqneut-2026-CTS-043,A/StPetersburg/RII-25-2600S/2026_H3N2,plate22-A/StPetersburg/RII-25-2600S/2026_H3N2,487,0.2118,0.2118
flu-seqneut-2026-CTS-043,A/StPetersburg/RII-25-2600S/2026_H3N2,plate22-A/StPetersburg/RII-25-2600S/2026_H3N2,1119,0.8816,0.8816
flu-seqneut-2026-CTS-043,A/StPetersburg/RII-25-2600S/2026_H3N2,plate22-A/StPetersburg/RII-25-2600S/2026_H3N2,2575,1.517,1
flu-seqneut-2026-CTS-043,A/Switzerland/UN-SNRCI-HUG-053/2025_H1N1,plate22-A/Switzerland/UN-SNRCI-HUG-053/2025_H1N1,40,0.001716,0.001716
flu-seqneut-2026-CTS-043,A/Switzerland/UN-SNRCI-HUG-053/2025_H1N1,plate22-A/Switzerland/UN-SNRCI-HUG-053/2025_H1N1,92,0.4906,0.4906
flu-seqneut-2026-CTS-043,A/Switzerland/UN-SNRCI-HUG-053/2025_H1N1,plate22-A/Switzerland/UN-SNRCI-HUG-053/2025_H1N1,212,0.2081,0.2081
flu-seqneut-2026-CTS-043,A/Switzerland/UN-SNRCI-HUG-053/2025_H1N1,plate22-A/Switzerland/UN-SNRCI-HUG-053/2025_H1N1,487,0.7402,0.7402
flu-seqneut-2026-CTS-043,A/Switzerland/UN-SNRCI-HUG-053/2025_H1N1,plate22-A/Switzerland/UN-SNRCI-HUG-053/2025_H1N1,1119,1.546,1
flu-seqneut-2026-CTS-043,A/Switzerland/UN-SNRCI-HUG-053/2025_H1N1,plate22-A/Switzerland/UN-SNRCI-HUG-053/2025_H1N1,2575,2.388,1
flu-seqneut-2026-CTS-043,A/Sydney/1359/2024_H3N2,plate22-A/Sydney/1359/2024_H3N2,40,0,0
flu-seqneut-2026-CTS-043,A/Sydney/1359/2024_H3N2,plate22-A/Sydney/1359/2024_H3N2,92,0,0
flu-seqneut-2026-CTS-043,A/Sydney/1359/2024_H3N2,plate22-A/Sydney/1359/2024_H3N2,212,0.006131,0.006131
flu-seqneut-2026-CTS-043,A/Sydney/1359/2024_H3N2,plate22-A/Sydney/1359/2024_H3N2,487,0.0364,0.0364
flu-seqneut-2026-CTS-043,A/Sydney/1359/2024_H3N2,plate22-A/Sydney/1359/2024_H3N2,1119,0.5488,0.5488
flu-seqneut-2026-CTS-043,A/Sydney/1359/2024_H3N2,plate22-A/Sydney/1359/2024_H3N2,2575,1.105,1
flu-seqneut-2026-CTS-043,A/Sydney/1359/2024_H3N2,plate22-A/Sydney/1359/2024_H3N2,1.362e+04,1.838,1
flu-seqneut-2026-CTS-043,A/Sydney/50/2026_H1N1,plate22-A/Sydney/50/2026_H1N1,40,0.001346,0.001346
flu-seqneut-2026-CTS-043,A/Sydney/50/2026_H1N1,plate22-A/Sydney/50/2026_H1N1,92,0.2607,0.2607
flu-seqneut-2026-CTS-043,A/Sydney/50/2026_H1N1,plate22-A/Sydney/50/2026_H1N1,212,0.4384,0.4384
flu-seqneut-2026-CTS-043,A/Sydney/50/2026_H1N1,plate22-A/Sydney/50/2026_H1N1,487,0.5826,0.5826
flu-seqneut-2026-CTS-043,A/Sydney/50/2026_H1N1,plate22-A/Sydney/50/2026_H1N1,1119,1.546,1
flu-seqneut-2026-CTS-043,A/Sydney/50/2026_H1N1,plate22-A/Sydney/50/2026_H1N1,2575,1.656,1
flu-seqneut-2026-CTS-043,A/Sydney/50/2026_H1N1,plate22-A/Sydney/50/2026_H1N1,1.362e+04,2.179,1
flu-seqneut-2026-CTS-043,A/Texas/29/2026_H1N1,plate22-A/Texas/29/2026_H1N1,40,0.007862,0.007862
flu-seqneut-2026-CTS-043,A/Texas/29/2026_H1N1,plate22-A/Texas/29/2026_H1N1,92,0.03729,0.03729
flu-seqneut-2026-CTS-043,A/Texas/29/2026_H1N1,plate22-A/Texas/29/2026_H1N1,212,0.1028,0.1028
flu-seqneut-2026-CTS-043,A/Texas/29/2026_H1N1,plate22-A/Texas/29/2026_H1N1,487,0.3113,0.3113
flu-seqneut-2026-CTS-043,A/Texas/29/2026_H1N1,plate22-A/Texas/29/2026_H1N1,1119,1.035,1
flu-seqneut-2026-CTS-043,A/Texas/29/2026_H1N1,plate22-A/Texas/29/2026_H1N1,2575,1.496,1
flu-seqneut-2026-CTS-043,A/Texas/29/2026_H1N1,plate22-A/Texas/29/2026_H1N1,1.362e+04,2.662,1
flu-seqneut-2026-CTS-043,A/Thailand/8/2022_H3N2,plate22-A/Thailand/8/2022_H3N2,40,0.00282,0.00282
flu-seqneut-2026-CTS-043,A/Thailand/8/2022_H3N2,plate22-A/Thailand/8/2022_H3N2,92,0.004167,0.004167
flu-seqneut-2026-CTS-043,A/Thailand/8/2022_H3N2,plate22-A/Thailand/8/2022_H3N2,212,0.01664,0.01664
flu-seqneut-2026-CTS-043,A/Thailand/8/2022_H3N2,plate22-A/Thailand/8/2022_H3N2,487,0.04971,0.04971
flu-seqneut-2026-CTS-043,A/Thailand/8/2022_H3N2,plate22-A/Thailand/8/2022_H3N2,1119,0.2809,0.2809
flu-seqneut-2026-CTS-043,A/Thailand/8/2022_H3N2,plate22-A/Thailand/8/2022_H3N2,2575,0.6766,0.6766
flu-seqneut-2026-CTS-043,A/Thailand/8/2022_H3N2,plate22-A/Thailand/8/2022_H3N2,5921,2.739,1
flu-seqneut-2026-CTS-043,A/Thailand/8/2022_H3N2,plate22-A/Thailand/8/2022_H3N2,1.362e+04,1.95,1
flu-seqneut-2026-CTS-043,A/Thuringen/16/2026_H3N2,plate22-A/Thuringen/16/2026_H3N2,40,0.003021,0.003021
flu-seqneut-2026-CTS-043,A/Thuringen/16/2026_H3N2,plate22-A/Thuringen/16/2026_H3N2,92,0.003243,0.003243
flu-seqneut-2026-CTS-043,A/Thuringen/16/2026_H3N2,plate22-A/Thuringen/16/2026_H3N2,212,0.03084,0.03084
flu-seqneut-2026-CTS-043,A/Thuringen/16/2026_H3N2,plate22-A/Thuringen/16/2026_H3N2,487,0.07367,0.07367
flu-seqneut-2026-CTS-043,A/Thuringen/16/2026_H3N2,plate22-A/Thuringen/16/2026_H3N2,1119,0.6152,0.6152
flu-seqneut-2026-CTS-043,A/Thuringen/16/2026_H3N2,plate22-A/Thuringen/16/2026_H3N2,2575,1.477,1
flu-seqneut-2026-CTS-043,A/Thuringen/39/2026_H3N2,plate22-A/Thuringen/39/2026_H3N2,40,0.005367,0.005367
flu-seqneut-2026-CTS-043,A/Thuringen/39/2026_H3N2,plate22-A/Thuringen/39/2026_H3N2,92,0.02391,0.02391
flu-seqneut-2026-CTS-043,A/Thuringen/39/2026_H3N2,plate22-A/Thuringen/39/2026_H3N2,212,0.05272,0.05272
flu-seqneut-2026-CTS-043,A/Thuringen/39/2026_H3N2,plate22-A/Thuringen/39/2026_H3N2,487,0.1252,0.1252
flu-seqneut-2026-CTS-043,A/Thuringen/39/2026_H3N2,plate22-A/Thuringen/39/2026_H3N2,1119,0.3484,0.3484
flu-seqneut-2026-CTS-043,A/Thuringen/39/2026_H3N2,plate22-A/Thuringen/39/2026_H3N2,2575,0.5612,0.5612
flu-seqneut-2026-CTS-043,A/Thuringen/39/2026_H3N2,plate22-A/Thuringen/39/2026_H3N2,5921,1.916,1
flu-seqneut-2026-CTS-043,A/Thuringen/39/2026_H3N2,plate22-A/Thuringen/39/2026_H3N2,1.362e+04,1.835,1
flu-seqneut-2026-CTS-043,A/Tokyo/EIS11-277/2024_H1N1,plate22-A/Tokyo/EIS11-277/2024_H1N1,40,0.004714,0.004714
flu-seqneut-2026-CTS-043,A/Tokyo/EIS11-277/2024_H1N1,plate22-A/Tokyo/EIS11-277/2024_H1N1,92,0.01397,0.01397
flu-seqneut-2026-CTS-043,A/Tokyo/EIS11-277/2024_H1N1,plate22-A/Tokyo/EIS11-277/2024_H1N1,212,0.06098,0.06098
flu-seqneut-2026-CTS-043,A/Tokyo/EIS11-277/2024_H1N1,plate22-A/Tokyo/EIS11-277/2024_H1N1,487,0.4022,0.4022
flu-seqneut-2026-CTS-043,A/Tokyo/EIS11-277/2024_H1N1,plate22-A/Tokyo/EIS11-277/2024_H1N1,1119,0.6758,0.6758
flu-seqneut-2026-CTS-043,A/Tokyo/EIS11-277/2024_H1N1,plate22-A/Tokyo/EIS11-277/2024_H1N1,2575,0.7338,0.7338
flu-seqneut-2026-CTS-043,A/Tokyo/EIS11-277/2024_H1N1,plate22-A/Tokyo/EIS11-277/2024_H1N1,5921,2.781,1
flu-seqneut-2026-CTS-043,A/Tokyo/EIS11-277/2024_H1N1,plate22-A/Tokyo/EIS11-277/2024_H1N1,1.362e+04,1.359,1
flu-seqneut-2026-CTS-043,A/Trieste/257/2025_H3N2,plate22-A/Trieste/257/2025_H3N2,40,0.001509,0.001509
flu-seqneut-2026-CTS-043,A/Trieste/257/2025_H3N2,plate22-A/Trieste/257/2025_H3N2,92,0.01914,0.01914
flu-seqneut-2026-CTS-043,A/Trieste/257/2025_H3N2,plate22-A/Trieste/257/2025_H3N2,212,0.02614,0.02614
flu-seqneut-2026-CTS-043,A/Trieste/257/2025_H3N2,plate22-A/Trieste/257/2025_H3N2,487,0.2033,0.2033
flu-seqneut-2026-CTS-043,A/Trieste/257/2025_H3N2,plate22-A/Trieste/257/2025_H3N2,1119,0.9245,0.9245
flu-seqneut-2026-CTS-043,A/Trieste/257/2025_H3N2,plate22-A/Trieste/257/2025_H3N2,2575,0.9706,0.9706
flu-seqneut-2026-CTS-043,A/Trieste/257/2025_H3N2,plate22-A/Trieste/257/2025_H3N2,1.362e+04,2.702,1
flu-seqneut-2026-CTS-043,A/Trieste/380/2026_H3N2,plate22-A/Trieste/380/2026_H3N2,40,0.01436,0.01436
flu-seqneut-2026-CTS-043,A/Trieste/380/2026_H3N2,plate22-A/Trieste/380/2026_H3N2,92,0.01433,0.01433
flu-seqneut-2026-CTS-043,A/Trieste/380/2026_H3N2,plate22-A/Trieste/380/2026_H3N2,212,0.07869,0.07869
flu-seqneut-2026-CTS-043,A/Trieste/380/2026_H3N2,plate22-A/Trieste/380/2026_H3N2,487,0.233,0.233
flu-seqneut-2026-CTS-043,A/Trieste/380/2026_H3N2,plate22-A/Trieste/380/2026_H3N2,1119,1.252,1
flu-seqneut-2026-CTS-043,A/Trieste/380/2026_H3N2,plate22-A/Trieste/380/2026_H3N2,2575,1.243,1
flu-seqneut-2026-CTS-043,A/Trieste/380/2026_H3N2,plate22-A/Trieste/380/2026_H3N2,1.362e+04,2.709,1
flu-seqneut-2026-CTS-043,A/Ukraine/5214/2026_H1N1,plate22-A/Ukraine/5214/2026_H1N1,40,0.01477,0.01477
flu-seqneut-2026-CTS-043,A/Ukraine/5214/2026_H1N1,plate22-A/Ukraine/5214/2026_H1N1,92,0.04757,0.04757
flu-seqneut-2026-CTS-043,A/Ukraine/5214/2026_H1N1,plate22-A/Ukraine/5214/2026_H1N1,212,0.1292,0.1292
flu-seqneut-2026-CTS-043,A/Ukraine/5214/2026_H1N1,plate22-A/Ukraine/5214/2026_H1N1,487,0.4015,0.4015
flu-seqneut-2026-CTS-043,A/Ukraine/5214/2026_H1N1,plate22-A/Ukraine/5214/2026_H1N1,1119,1.318,1
flu-seqneut-2026-CTS-043,A/Ukraine/5214/2026_H1N1,plate22-A/Ukraine/5214/2026_H1N1,2575,1.789,1
flu-seqneut-2026-CTS-043,A/Ukraine/5214/2026_H1N1,plate22-A/Ukraine/5214/2026_H1N1,1.362e+04,2.239,1
flu-seqneut-2026-CTS-043,A/Uppsala/SE26-01293/2026_H1N1,plate22-A/Uppsala/SE26-01293/2026_H1N1,40,0,0
flu-seqneut-2026-CTS-043,A/Uppsala/SE26-01293/2026_H1N1,plate22-A/Uppsala/SE26-01293/2026_H1N1,92,0.004109,0.004109
flu-seqneut-2026-CTS-043,A/Uppsala/SE26-01293/2026_H1N1,plate22-A/Uppsala/SE26-01293/2026_H1N1,212,0.02374,0.02374
flu-seqneut-2026-CTS-043,A/Uppsala/SE26-01293/2026_H1N1,plate22-A/Uppsala/SE26-01293/2026_H1N1,487,0.3432,0.3432
flu-seqneut-2026-CTS-043,A/Uppsala/SE26-01293/2026_H1N1,plate22-A/Uppsala/SE26-01293/2026_H1N1,1119,0.5885,0.5885
flu-seqneut-2026-CTS-043,A/Uppsala/SE26-01293/2026_H1N1,plate22-A/Uppsala/SE26-01293/2026_H1N1,2575,0.9477,0.9477
flu-seqneut-2026-CTS-043,A/Uppsala/SE26-01293/2026_H1N1,plate22-A/Uppsala/SE26-01293/2026_H1N1,5921,1.761,1
flu-seqneut-2026-CTS-043,A/Uppsala/SE26-01293/2026_H1N1,plate22-A/Uppsala/SE26-01293/2026_H1N1,1.362e+04,0.9894,0.9894
flu-seqneut-2026-CTS-043,A/Valencia/VAHNSI_09_02564/2025_H1N1,plate22-A/Valencia/VAHNSI_09_02564/2025_H1N1,40,0,0
flu-seqneut-2026-CTS-043,A/Valencia/VAHNSI_09_02564/2025_H1N1,plate22-A/Valencia/VAHNSI_09_02564/2025_H1N1,92,0.03709,0.03709
flu-seqneut-2026-CTS-043,A/Valencia/VAHNSI_09_02564/2025_H1N1,plate22-A/Valencia/VAHNSI_09_02564/2025_H1N1,212,0.07122,0.07122
flu-seqneut-2026-CTS-043,A/Valencia/VAHNSI_09_02564/2025_H1N1,plate22-A/Valencia/VAHNSI_09_02564/2025_H1N1,487,0.3216,0.3216
flu-seqneut-2026-CTS-043,A/Valencia/VAHNSI_09_02564/2025_H1N1,plate22-A/Valencia/VAHNSI_09_02564/2025_H1N1,1119,0.7029,0.7029
flu-seqneut-2026-CTS-043,A/Valencia/VAHNSI_09_02564/2025_H1N1,plate22-A/Valencia/VAHNSI_09_02564/2025_H1N1,2575,1.07,1
flu-seqneut-2026-CTS-043,A/Valencia/VAHNSI_09_02564/2025_H1N1,plate22-A/Valencia/VAHNSI_09_02564/2025_H1N1,1.362e+04,1.959,1
flu-seqneut-2026-CTS-043,A/Victoria/2948/2025_H3N2,plate22-A/Victoria/2948/2025_H3N2,40,0,0
flu-seqneut-2026-CTS-043,A/Victoria/2948/2025_H3N2,plate22-A/Victoria/2948/2025_H3N2,92,0.2157,0.2157
flu-seqneut-2026-CTS-043,A/Victoria/2948/2025_H3N2,plate22-A/Victoria/2948/2025_H3N2,212,0.04104,0.04104
flu-seqneut-2026-CTS-043,A/Victoria/2948/2025_H3N2,plate22-A/Victoria/2948/2025_H3N2,487,0.2203,0.2203
flu-seqneut-2026-CTS-043,A/Victoria/2948/2025_H3N2,plate22-A/Victoria/2948/2025_H3N2,1119,0.6926,0.6926
flu-seqneut-2026-CTS-043,A/Victoria/2948/2025_H3N2,plate22-A/Victoria/2948/2025_H3N2,2575,1.056,1
flu-seqneut-2026-CTS-043,A/Victoria/2948/2025_H3N2,plate22-A/Victoria/2948/2025_H3N2,1.362e+04,1.655,1
flu-seqneut-2026-CTS-043,A/Victoria/4897/2022_IVR-238_H1N1,plate22-A/Victoria/4897/2022_IVR-238_H1N1,40,0,0
flu-seqneut-2026-CTS-043,A/Victoria/4897/2022_IVR-238_H1N1,plate22-A/Victoria/4897/2022_IVR-238_H1N1,92,0.00629,0.00629
flu-seqneut-2026-CTS-043,A/Victoria/4897/2022_IVR-238_H1N1,plate22-A/Victoria/4897/2022_IVR-238_H1N1,212,0.00463,0.00463
flu-seqneut-2026-CTS-043,A/Victoria/4897/2022_IVR-238_H1N1,plate22-A/Victoria/4897/2022_IVR-238_H1N1,487,0.05161,0.05161
flu-seqneut-2026-CTS-043,A/Victoria/4897/2022_IVR-238_H1N1,plate22-A/Victoria/4897/2022_IVR-238_H1N1,1119,0.7139,0.7139
flu-seqneut-2026-CTS-043,A/Victoria/4897/2022_IVR-238_H1N1,plate22-A/Victoria/4897/2022_IVR-238_H1N1,2575,1.94,1
flu-seqneut-2026-CTS-043,A/Vietnam/F7324/2024_H3N2,plate22-A/Vietnam/F7324/2024_H3N2,40,0,0
flu-seqneut-2026-CTS-043,A/Vietnam/F7324/2024_H3N2,plate22-A/Vietnam/F7324/2024_H3N2,92,0.0001523,0.0001523
flu-seqneut-2026-CTS-043,A/Vietnam/F7324/2024_H3N2,plate22-A/Vietnam/F7324/2024_H3N2,212,0.01143,0.01143
flu-seqneut-2026-CTS-043,A/Vietnam/F7324/2024_H3N2,plate22-A/Vietnam/F7324/2024_H3N2,487,0.02054,0.02054
flu-seqneut-2026-CTS-043,A/Vietnam/F7324/2024_H3N2,plate22-A/Vietnam/F7324/2024_H3N2,1119,0.4842,0.4842
flu-seqneut-2026-CTS-043,A/Vietnam/F7324/2024_H3N2,plate22-A/Vietnam/F7324/2024_H3N2,2575,0.7773,0.7773
flu-seqneut-2026-CTS-043,A/Vietnam/F7324/2024_H3N2,plate22-A/Vietnam/F7324/2024_H3N2,1.362e+04,2.634,1
flu-seqneut-2026-CTS-043,A/Vietnam/PF125413/2025_H1N1,plate22-A/Vietnam/PF125413/2025_H1N1,40,0.001005,0.001005
flu-seqneut-2026-CTS-043,A/Vietnam/PF125413/2025_H1N1,plate22-A/Vietnam/PF125413/2025_H1N1,92,0.03691,0.03691
flu-seqneut-2026-CTS-043,A/Vietnam/PF125413/2025_H1N1,plate22-A/Vietnam/PF125413/2025_H1N1,212,0.08831,0.08831
flu-seqneut-2026-CTS-043,A/Vietnam/PF125413/2025_H1N1,plate22-A/Vietnam/PF125413/2025_H1N1,487,0.7853,0.7853
flu-seqneut-2026-CTS-043,A/Vietnam/PF125413/2025_H1N1,plate22-A/Vietnam/PF125413/2025_H1N1,1119,1.323,1
flu-seqneut-2026-CTS-043,A/Vietnam/PF125413/2025_H1N1,plate22-A/Vietnam/PF125413/2025_H1N1,2575,1.893,1
flu-seqneut-2026-CTS-043,A/Vietnam/PF125413/2025_H1N1,plate22-A/Vietnam/PF125413/2025_H1N1,1.362e+04,2.013,1
flu-seqneut-2026-CTS-043,A/Vietnam/PF126009/2026_H1N1,plate22-A/Vietnam/PF126009/2026_H1N1,40,0.007335,0.007335
flu-seqneut-2026-CTS-043,A/Vietnam/PF126009/2026_H1N1,plate22-A/Vietnam/PF126009/2026_H1N1,92,0.02599,0.02599
flu-seqneut-2026-CTS-043,A/Vietnam/PF126009/2026_H1N1,plate22-A/Vietnam/PF126009/2026_H1N1,212,0.1951,0.1951
flu-seqneut-2026-CTS-043,A/Vietnam/PF126009/2026_H1N1,plate22-A/Vietnam/PF126009/2026_H1N1,487,0.3557,0.3557
flu-seqneut-2026-CTS-043,A/Vietnam/PF126009/2026_H1N1,plate22-A/Vietnam/PF126009/2026_H1N1,1119,1.381,1
flu-seqneut-2026-CTS-043,A/Vietnam/PF126009/2026_H1N1,plate22-A/Vietnam/PF126009/2026_H1N1,2575,1.658,1
flu-seqneut-2026-CTS-043,A/Virginia/82/2025_H1N1,plate22-A/Virginia/82/2025_H1N1,40,0.004032,0.004032
flu-seqneut-2026-CTS-043,A/Virginia/82/2025_H1N1,plate22-A/Virginia/82/2025_H1N1,92,0.04233,0.04233
flu-seqneut-2026-CTS-043,A/Virginia/82/2025_H1N1,plate22-A/Virginia/82/2025_H1N1,212,0.13,0.13
flu-seqneut-2026-CTS-043,A/Virginia/82/2025_H1N1,plate22-A/Virginia/82/2025_H1N1,487,0.3087,0.3087
flu-seqneut-2026-CTS-043,A/Virginia/82/2025_H1N1,plate22-A/Virginia/82/2025_H1N1,1119,1.137,1
flu-seqneut-2026-CTS-043,A/Virginia/82/2025_H1N1,plate22-A/Virginia/82/2025_H1N1,2575,1.508,1
flu-seqneut-2026-CTS-043,A/Wisconsin/588/2019_H1N1,plate22-A/Wisconsin/588/2019_H1N1,40,0.01415,0.01415
flu-seqneut-2026-CTS-043,A/Wisconsin/588/2019_H1N1,plate22-A/Wisconsin/588/2019_H1N1,92,0.03077,0.03077
flu-seqneut-2026-CTS-043,A/Wisconsin/588/2019_H1N1,plate22-A/Wisconsin/588/2019_H1N1,212,0.183,0.183
flu-seqneut-2026-CTS-043,A/Wisconsin/588/2019_H1N1,plate22-A/Wisconsin/588/2019_H1N1,487,0.09576,0.09576
flu-seqneut-2026-CTS-043,A/Wisconsin/588/2019_H1N1,plate22-A/Wisconsin/588/2019_H1N1,1119,0.7492,0.7492
flu-seqneut-2026-CTS-043,A/Wisconsin/588/2019_H1N1,plate22-A/Wisconsin/588/2019_H1N1,2575,1.238,1
flu-seqneut-2026-CTS-043,A/Wisconsin/588/2019_H1N1,plate22-A/Wisconsin/588/2019_H1N1,1.362e+04,1.973,1
flu-seqneut-2026-CTS-043,A/Wisconsin/67/2022_H1N1,plate22-A/Wisconsin/67/2022_H1N1,40,0.001169,0.001169
flu-seqneut-2026-CTS-043,A/Wisconsin/67/2022_H1N1,plate22-A/Wisconsin/67/2022_H1N1,92,0.004142,0.004142
flu-seqneut-2026-CTS-043,A/Wisconsin/67/2022_H1N1,plate22-A/Wisconsin/67/2022_H1N1,212,0.06008,0.06008
flu-seqneut-2026-CTS-043,A/Wisconsin/67/2022_H1N1,plate22-A/Wisconsin/67/2022_H1N1,487,0.2119,0.2119
flu-seqneut-2026-CTS-043,A/Wisconsin/67/2022_H1N1,plate22-A/Wisconsin/67/2022_H1N1,1119,0.6089,0.6089
flu-seqneut-2026-CTS-043,A/Wisconsin/67/2022_H1N1,plate22-A/Wisconsin/67/2022_H1N1,2575,1.582,1
flu-seqneut-2026-CTS-043,A/Wisconsin/67/2022_H1N1,plate22-A/Wisconsin/67/2022_H1N1,5921,2.39,1
flu-seqneut-2026-CTS-043,A/Wisconsin/67/2022_H1N1,plate22-A/Wisconsin/67/2022_H1N1,1.362e+04,1.392,1
flu-seqneut-2026-CTS-043,A/Zacapa/FLU-012/2025_H1N1,plate22-A/Zacapa/FLU-012/2025_H1N1,40,0.0005345,0.0005345
flu-seqneut-2026-CTS-043,A/Zacapa/FLU-012/2025_H1N1,plate22-A/Zacapa/FLU-012/2025_H1N1,92,0.03047,0.03047
flu-seqneut-2026-CTS-043,A/Zacapa/FLU-012/2025_H1N1,plate22-A/Zacapa/FLU-012/2025_H1N1,212,0.03145,0.03145
flu-seqneut-2026-CTS-043,A/Zacapa/FLU-012/2025_H1N1,plate22-A/Zacapa/FLU-012/2025_H1N1,487,0.2011,0.2011
flu-seqneut-2026-CTS-043,A/Zacapa/FLU-012/2025_H1N1,plate22-A/Zacapa/FLU-012/2025_H1N1,1119,0.9035,0.9035
flu-seqneut-2026-CTS-043,A/Zacapa/FLU-012/2025_H1N1,plate22-A/Zacapa/FLU-012/2025_H1N1,2575,1.107,1
flu-seqneut-2026-CTS-043,A/Zacapa/FLU-012/2025_H1N1,plate22-A/Zacapa/FLU-012/2025_H1N1,1.362e+04,2.577,1
flu-seqneut-2026-CTS-043,A/Zambia/6-NIC-014/2026_H1N1,plate22-A/Zambia/6-NIC-014/2026_H1N1,40,0.007598,0.007598
flu-seqneut-2026-CTS-043,A/Zambia/6-NIC-014/2026_H1N1,plate22-A/Zambia/6-NIC-014/2026_H1N1,92,0.06518,0.06518
flu-seqneut-2026-CTS-043,A/Zambia/6-NIC-014/2026_H1N1,plate22-A/Zambia/6-NIC-014/2026_H1N1,212,0.08546,0.08546
flu-seqneut-2026-CTS-043,A/Zambia/6-NIC-014/2026_H1N1,plate22-A/Zambia/6-NIC-014/2026_H1N1,487,0.1734,0.1734
flu-seqneut-2026-CTS-043,A/Zambia/6-NIC-014/2026_H1N1,plate22-A/Zambia/6-NIC-014/2026_H1N1,1119,1.012,1
flu-seqneut-2026-CTS-043,A/Zambia/6-NIC-014/2026_H1N1,plate22-A/Zambia/6-NIC-014/2026_H1N1,2575,1.102,1
flu-seqneut-2026-CTS-043,A/Zambia/6-NIC-014/2026_H1N1,plate22-A/Zambia/6-NIC-014/2026_H1N1,1.362e+04,2.242,1
flu-seqneut-2026-CTS-043,A/Zambia/7-NIC-313/2026_H1N1,plate22-A/Zambia/7-NIC-313/2026_H1N1,40,0.001707,0.001707
flu-seqneut-2026-CTS-043,A/Zambia/7-NIC-313/2026_H1N1,plate22-A/Zambia/7-NIC-313/2026_H1N1,92,0.03922,0.03922
flu-seqneut-2026-CTS-043,A/Zambia/7-NIC-313/2026_H1N1,plate22-A/Zambia/7-NIC-313/2026_H1N1,212,0.0571,0.0571
flu-seqneut-2026-CTS-043,A/Zambia/7-NIC-313/2026_H1N1,plate22-A/Zambia/7-NIC-313/2026_H1N1,487,0.2018,0.2018
flu-seqneut-2026-CTS-043,A/Zambia/7-NIC-313/2026_H1N1,plate22-A/Zambia/7-NIC-313/2026_H1N1,1119,1.186,1
flu-seqneut-2026-CTS-043,A/Zambia/7-NIC-313/2026_H1N1,plate22-A/Zambia/7-NIC-313/2026_H1N1,2575,1.086,1
flu-seqneut-2026-CTS-043,A/Zambia/7-NIC-313/2026_H1N1,plate22-A/Zambia/7-NIC-313/2026_H1N1,1.362e+04,1.547,1
flu-seqneut-2026-CTS-044,A/Andalucia/PMC-01217/2025_H1N1,plate22-A/Andalucia/PMC-01217/2025_H1N1,40,0,0
flu-seqneut-2026-CTS-044,A/Andalucia/PMC-01217/2025_H1N1,plate22-A/Andalucia/PMC-01217/2025_H1N1,92,0.007224,0.007224
flu-seqneut-2026-CTS-044,A/Andalucia/PMC-01217/2025_H1N1,plate22-A/Andalucia/PMC-01217/2025_H1N1,487,0.2157,0.2157
flu-seqneut-2026-CTS-044,A/Andalucia/PMC-01217/2025_H1N1,plate22-A/Andalucia/PMC-01217/2025_H1N1,1119,0.6289,0.6289
flu-seqneut-2026-CTS-044,A/Andalucia/PMC-01217/2025_H1N1,plate22-A/Andalucia/PMC-01217/2025_H1N1,2575,0.8147,0.8147
flu-seqneut-2026-CTS-044,A/Andalucia/PMC-01217/2025_H1N1,plate22-A/Andalucia/PMC-01217/2025_H1N1,5921,2.116,1
flu-seqneut-2026-CTS-044,A/Astrakhan/RII-MH273373S/2025_H3N2,plate22-A/Astrakhan/RII-MH273373S/2025_H3N2,40,0.01784,0.01784
flu-seqneut-2026-CTS-044,A/Astrakhan/RII-MH273373S/2025_H3N2,plate22-A/Astrakhan/RII-MH273373S/2025_H3N2,92,0.03496,0.03496
flu-seqneut-2026-CTS-044,A/Astrakhan/RII-MH273373S/2025_H3N2,plate22-A/Astrakhan/RII-MH273373S/2025_H3N2,487,0.193,0.193
flu-seqneut-2026-CTS-044,A/Astrakhan/RII-MH273373S/2025_H3N2,plate22-A/Astrakhan/RII-MH273373S/2025_H3N2,1119,0.2696,0.2696
flu-seqneut-2026-CTS-044,A/Astrakhan/RII-MH273373S/2025_H3N2,plate22-A/Astrakhan/RII-MH273373S/2025_H3N2,2575,0.55,0.55
flu-seqneut-2026-CTS-044,A/Astrakhan/RII-MH273373S/2025_H3N2,plate22-A/Astrakhan/RII-MH273373S/2025_H3N2,5921,1.617,1
flu-seqneut-2026-CTS-044,A/Badajoz/18811358/2026_H3N2,plate22-A/Badajoz/18811358/2026_H3N2,40,0.01777,0.01777
flu-seqneut-2026-CTS-044,A/Badajoz/18811358/2026_H3N2,plate22-A/Badajoz/18811358/2026_H3N2,92,0.04678,0.04678
flu-seqneut-2026-CTS-044,A/Badajoz/18811358/2026_H3N2,plate22-A/Badajoz/18811358/2026_H3N2,487,0.2262,0.2262
flu-seqneut-2026-CTS-044,A/Badajoz/18811358/2026_H3N2,plate22-A/Badajoz/18811358/2026_H3N2,1119,0.8554,0.8554
flu-seqneut-2026-CTS-044,A/Badajoz/18811358/2026_H3N2,plate22-A/Badajoz/18811358/2026_H3N2,2575,0.8862,0.8862
flu-seqneut-2026-CTS-044,A/Badajoz/18811358/2026_H3N2,plate22-A/Badajoz/18811358/2026_H3N2,5921,2.51,1
flu-seqneut-2026-CTS-044,A/Blaenavon/6687/2026_H3N2,plate22-A/Blaenavon/6687/2026_H3N2,40,0.01986,0.01986
flu-seqneut-2026-CTS-044,A/Blaenavon/6687/2026_H3N2,plate22-A/Blaenavon/6687/2026_H3N2,92,0.03818,0.03818
flu-seqneut-2026-CTS-044,A/Blaenavon/6687/2026_H3N2,plate22-A/Blaenavon/6687/2026_H3N2,487,0.4141,0.4141
flu-seqneut-2026-CTS-044,A/Blaenavon/6687/2026_H3N2,plate22-A/Blaenavon/6687/2026_H3N2,1119,0.5299,0.5299
flu-seqneut-2026-CTS-044,A/Blaenavon/6687/2026_H3N2,plate22-A/Blaenavon/6687/2026_H3N2,2575,1.708,1
flu-seqneut-2026-CTS-044,A/Blaenavon/6687/2026_H3N2,plate22-A/Blaenavon/6687/2026_H3N2,5921,2.018,1
flu-seqneut-2026-CTS-044,A/California/GKISBBBH79910/2026_H3N2,plate22-A/California/GKISBBBH79910/2026_H3N2,40,0.01059,0.01059
flu-seqneut-2026-CTS-044,A/California/GKISBBBH79910/2026_H3N2,plate22-A/California/GKISBBBH79910/2026_H3N2,92,0.04504,0.04504
flu-seqneut-2026-CTS-044,A/California/GKISBBBH79910/2026_H3N2,plate22-A/California/GKISBBBH79910/2026_H3N2,487,0.2213,0.2213
flu-seqneut-2026-CTS-044,A/California/GKISBBBH79910/2026_H3N2,plate22-A/California/GKISBBBH79910/2026_H3N2,1119,0.6732,0.6732
flu-seqneut-2026-CTS-044,A/California/GKISBBBH79910/2026_H3N2,plate22-A/California/GKISBBBH79910/2026_H3N2,2575,0.4882,0.4882
flu-seqneut-2026-CTS-044,A/California/GKISBBBH79910/2026_H3N2,plate22-A/California/GKISBBBH79910/2026_H3N2,5921,2.725,1
flu-seqneut-2026-CTS-044,A/California/NIRC-IS-1019/2026_H1N1,plate22-A/California/NIRC-IS-1019/2026_H1N1,40,0.0004953,0.0004953
flu-seqneut-2026-CTS-044,A/California/NIRC-IS-1019/2026_H1N1,plate22-A/California/NIRC-IS-1019/2026_H1N1,92,0.02753,0.02753
flu-seqneut-2026-CTS-044,A/California/NIRC-IS-1019/2026_H1N1,plate22-A/California/NIRC-IS-1019/2026_H1N1,487,0.2892,0.2892
flu-seqneut-2026-CTS-044,A/California/NIRC-IS-1019/2026_H1N1,plate22-A/California/NIRC-IS-1019/2026_H1N1,1119,1.036,1
flu-seqneut-2026-CTS-044,A/California/NIRC-IS-1019/2026_H1N1,plate22-A/California/NIRC-IS-1019/2026_H1N1,2575,0.7533,0.7533
flu-seqneut-2026-CTS-044,A/California/NIRC-IS-1019/2026_H1N1,plate22-A/California/NIRC-IS-1019/2026_H1N1,5921,2.893,1
flu-seqneut-2026-CTS-044,A/Darwin/1415/2025_H3N2,plate22-A/Darwin/1415/2025_H3N2,40,0,0
flu-seqneut-2026-CTS-044,A/Darwin/1415/2025_H3N2,plate22-A/Darwin/1415/2025_H3N2,92,0.003836,0.003836
flu-seqneut-2026-CTS-044,A/Darwin/1415/2025_H3N2,plate22-A/Darwin/1415/2025_H3N2,487,0.1322,0.1322
flu-seqneut-2026-CTS-044,A/Darwin/1415/2025_H3N2,plate22-A/Darwin/1415/2025_H3N2,1119,0.9163,0.9163
flu-seqneut-2026-CTS-044,A/Darwin/1415/2025_H3N2,plate22-A/Darwin/1415/2025_H3N2,2575,0.2389,0.2389
flu-seqneut-2026-CTS-044,A/Darwin/1415/2025_H3N2,plate22-A/Darwin/1415/2025_H3N2,5921,1.645,1
flu-seqneut-2026-CTS-044,A/Denmark/3940/2025_H3N2,plate22-A/Denmark/3940/2025_H3N2,40,0.02981,0.02981
flu-seqneut-2026-CTS-044,A/Denmark/3940/2025_H3N2,plate22-A/Denmark/3940/2025_H3N2,92,0.2251,0.2251
flu-seqneut-2026-CTS-044,A/Denmark/3940/2025_H3N2,plate22-A/Denmark/3940/2025_H3N2,487,0.1875,0.1875
flu-seqneut-2026-CTS-044,A/Denmark/3940/2025_H3N2,plate22-A/Denmark/3940/2025_H3N2,1119,0.8483,0.8483
flu-seqneut-2026-CTS-044,A/Denmark/3940/2025_H3N2,plate22-A/Denmark/3940/2025_H3N2,2575,1.157,1
flu-seqneut-2026-CTS-044,A/Denmark/3940/2025_H3N2,plate22-A/Denmark/3940/2025_H3N2,5921,2.911,1
flu-seqneut-2026-CTS-044,A/Denmark/4547/2025_H1N1,plate22-A/Denmark/4547/2025_H1N1,40,0.003636,0.003636
flu-seqneut-2026-CTS-044,A/Denmark/4547/2025_H1N1,plate22-A/Denmark/4547/2025_H1N1,92,0.05532,0.05532
flu-seqneut-2026-CTS-044,A/Denmark/4547/2025_H1N1,plate22-A/Denmark/4547/2025_H1N1,487,0.1964,0.1964
flu-seqneut-2026-CTS-044,A/Denmark/4547/2025_H1N1,plate22-A/Denmark/4547/2025_H1N1,1119,0.7746,0.7746
flu-seqneut-2026-CTS-044,A/Denmark/4547/2025_H1N1,plate22-A/Denmark/4547/2025_H1N1,2575,0.7136,0.7136
flu-seqneut-2026-CTS-044,A/Denmark/4547/2025_H1N1,plate22-A/Denmark/4547/2025_H1N1,5921,2.336,1
flu-seqneut-2026-CTS-044,A/France/ARA-HCL026031894402/2026_H3N2,plate22-A/France/ARA-HCL026031894402/2026_H3N2,40,0.03541,0.03541
flu-seqneut-2026-CTS-044,A/France/ARA-HCL026031894402/2026_H3N2,plate22-A/France/ARA-HCL026031894402/2026_H3N2,92,0.05853,0.05853
flu-seqneut-2026-CTS-044,A/France/ARA-HCL026031894402/2026_H3N2,plate22-A/France/ARA-HCL026031894402/2026_H3N2,487,0.2033,0.2033
flu-seqneut-2026-CTS-044,A/France/ARA-HCL026031894402/2026_H3N2,plate22-A/France/ARA-HCL026031894402/2026_H3N2,1119,0.7196,0.7196
flu-seqneut-2026-CTS-044,A/France/ARA-HCL026031894402/2026_H3N2,plate22-A/France/ARA-HCL026031894402/2026_H3N2,2575,0.7699,0.7699
flu-seqneut-2026-CTS-044,A/France/ARA-HCL026031894402/2026_H3N2,plate22-A/France/ARA-HCL026031894402/2026_H3N2,5921,2.437,1
flu-seqneut-2026-CTS-044,A/France/HDF-RELAB-IPP00300/2026_H3N2,plate22-A/France/HDF-RELAB-IPP00300/2026_H3N2,40,0.01609,0.01609
flu-seqneut-2026-CTS-044,A/France/HDF-RELAB-IPP00300/2026_H3N2,plate22-A/France/HDF-RELAB-IPP00300/2026_H3N2,92,0.06948,0.06948
flu-seqneut-2026-CTS-044,A/France/HDF-RELAB-IPP00300/2026_H3N2,plate22-A/France/HDF-RELAB-IPP00300/2026_H3N2,487,0.1247,0.1247
flu-seqneut-2026-CTS-044,A/France/HDF-RELAB-IPP00300/2026_H3N2,plate22-A/France/HDF-RELAB-IPP00300/2026_H3N2,1119,0.3848,0.3848
flu-seqneut-2026-CTS-044,A/France/HDF-RELAB-IPP00300/2026_H3N2,plate22-A/France/HDF-RELAB-IPP00300/2026_H3N2,2575,0.5058,0.5058
flu-seqneut-2026-CTS-044,A/France/HDF-RELAB-IPP00300/2026_H3N2,plate22-A/France/HDF-RELAB-IPP00300/2026_H3N2,5921,2.411,1
flu-seqneut-2026-CTS-044,A/France/NAQ-HCL026046169102/2025_H1N1,plate22-A/France/NAQ-HCL026046169102/2025_H1N1,40,0.005774,0.005774
flu-seqneut-2026-CTS-044,A/France/NAQ-HCL026046169102/2025_H1N1,plate22-A/France/NAQ-HCL026046169102/2025_H1N1,92,0.01056,0.01056
flu-seqneut-2026-CTS-044,A/France/NAQ-HCL026046169102/2025_H1N1,plate22-A/France/NAQ-HCL026046169102/2025_H1N1,487,0.1992,0.1992
flu-seqneut-2026-CTS-044,A/France/NAQ-HCL026046169102/2025_H1N1,plate22-A/France/NAQ-HCL026046169102/2025_H1N1,1119,0.3986,0.3986
flu-seqneut-2026-CTS-044,A/France/NAQ-HCL026046169102/2025_H1N1,plate22-A/France/NAQ-HCL026046169102/2025_H1N1,2575,0.8591,0.8591
flu-seqneut-2026-CTS-044,A/France/NAQ-HCL026046169102/2025_H1N1,plate22-A/France/NAQ-HCL026046169102/2025_H1N1,5921,1.639,1
flu-seqneut-2026-CTS-044,A/France/OCC-HCL026013263701/2026_H3N2,plate22-A/France/OCC-HCL026013263701/2026_H3N2,40,0.003559,0.003559
flu-seqneut-2026-CTS-044,A/France/OCC-HCL026013263701/2026_H3N2,plate22-A/France/OCC-HCL026013263701/2026_H3N2,92,0.3644,0.3644
flu-seqneut-2026-CTS-044,A/France/OCC-HCL026013263701/2026_H3N2,plate22-A/France/OCC-HCL026013263701/2026_H3N2,487,0.2286,0.2286
flu-seqneut-2026-CTS-044,A/France/OCC-HCL026013263701/2026_H3N2,plate22-A/France/OCC-HCL026013263701/2026_H3N2,1119,0.9418,0.9418
flu-seqneut-2026-CTS-044,A/France/OCC-HCL026013263701/2026_H3N2,plate22-A/France/OCC-HCL026013263701/2026_H3N2,2575,1.003,1
flu-seqneut-2026-CTS-044,A/France/OCC-HCL026013263701/2026_H3N2,plate22-A/France/OCC-HCL026013263701/2026_H3N2,5921,2.203,1
flu-seqneut-2026-CTS-044,A/Hawaii/70/2019_H1N1,plate22-A/Hawaii/70/2019_H1N1,40,0.001222,0.001222
flu-seqneut-2026-CTS-044,A/Hawaii/70/2019_H1N1,plate22-A/Hawaii/70/2019_H1N1,92,0.002146,0.002146
flu-seqneut-2026-CTS-044,A/Hawaii/70/2019_H1N1,plate22-A/Hawaii/70/2019_H1N1,487,0.02652,0.02652
flu-seqneut-2026-CTS-044,A/Hawaii/70/2019_H1N1,plate22-A/Hawaii/70/2019_H1N1,1119,0.2521,0.2521
flu-seqneut-2026-CTS-044,A/Hawaii/70/2019_H1N1,plate22-A/Hawaii/70/2019_H1N1,2575,0.3894,0.3894
flu-seqneut-2026-CTS-044,A/Hawaii/70/2019_H1N1,plate22-A/Hawaii/70/2019_H1N1,5921,1.838,1
flu-seqneut-2026-CTS-044,A/Hawaii/ISC-1140/2025_H1N1,plate22-A/Hawaii/ISC-1140/2025_H1N1,40,0,0
flu-seqneut-2026-CTS-044,A/Hawaii/ISC-1140/2025_H1N1,plate22-A/Hawaii/ISC-1140/2025_H1N1,92,0.005532,0.005532
flu-seqneut-2026-CTS-044,A/Hawaii/ISC-1140/2025_H1N1,plate22-A/Hawaii/ISC-1140/2025_H1N1,487,0.07292,0.07292
flu-seqneut-2026-CTS-044,A/Hawaii/ISC-1140/2025_H1N1,plate22-A/Hawaii/ISC-1140/2025_H1N1,1119,0.3972,0.3972
flu-seqneut-2026-CTS-044,A/Hawaii/ISC-1140/2025_H1N1,plate22-A/Hawaii/ISC-1140/2025_H1N1,2575,0.4211,0.4211
flu-seqneut-2026-CTS-044,A/Hawaii/ISC-1140/2025_H1N1,plate22-A/Hawaii/ISC-1140/2025_H1N1,5921,1.5,1
flu-seqneut-2026-CTS-044,A/Lisboa/216/2023_H3N2,plate22-A/Lisboa/216/2023_H3N2,40,0.0008624,0.0008624
flu-seqneut-2026-CTS-044,A/Lisboa/216/2023_H3N2,plate22-A/Lisboa/216/2023_H3N2,92,0.001514,0.001514
flu-seqneut-2026-CTS-044,A/Lisboa/216/2023_H3N2,plate22-A/Lisboa/216/2023_H3N2,487,0.806,0.806
flu-seqneut-2026-CTS-044,A/Lisboa/216/2023_H3N2,plate22-A/Lisboa/216/2023_H3N2,1119,0.5316,0.5316
flu-seqneut-2026-CTS-044,A/Lisboa/216/2023_H3N2,plate22-A/Lisboa/216/2023_H3N2,2575,0.5284,0.5284
flu-seqneut-2026-CTS-044,A/Lisboa/216/2023_H3N2,plate22-A/Lisboa/216/2023_H3N2,5921,2.692,1
flu-seqneut-2026-CTS-044,A/Michigan/UM-10068134090/2025_H3N2,plate22-A/Michigan/UM-10068134090/2025_H3N2,40,0.009354,0.009354
flu-seqneut-2026-CTS-044,A/Michigan/UM-10068134090/2025_H3N2,plate22-A/Michigan/UM-10068134090/2025_H3N2,92,0.01729,0.01729
flu-seqneut-2026-CTS-044,A/Michigan/UM-10068134090/2025_H3N2,plate22-A/Michigan/UM-10068134090/2025_H3N2,487,0.2029,0.2029
flu-seqneut-2026-CTS-044,A/Michigan/UM-10068134090/2025_H3N2,plate22-A/Michigan/UM-10068134090/2025_H3N2,1119,0.8491,0.8491
flu-seqneut-2026-CTS-044,A/Michigan/UM-10068134090/2025_H3N2,plate22-A/Michigan/UM-10068134090/2025_H3N2,2575,0.2894,0.2894
flu-seqneut-2026-CTS-044,A/Michigan/UM-10068134090/2025_H3N2,plate22-A/Michigan/UM-10068134090/2025_H3N2,5921,1.724,1
flu-seqneut-2026-CTS-044,A/Michigan/UM-10068747355/2026_H3N2,plate22-A/Michigan/UM-10068747355/2026_H3N2,40,0.0009464,0.0009464
flu-seqneut-2026-CTS-044,A/Michigan/UM-10068747355/2026_H3N2,plate22-A/Michigan/UM-10068747355/2026_H3N2,92,0.02658,0.02658
flu-seqneut-2026-CTS-044,A/Michigan/UM-10068747355/2026_H3N2,plate22-A/Michigan/UM-10068747355/2026_H3N2,487,0.2749,0.2749
flu-seqneut-2026-CTS-044,A/Michigan/UM-10068747355/2026_H3N2,plate22-A/Michigan/UM-10068747355/2026_H3N2,1119,0.7426,0.7426
flu-seqneut-2026-CTS-044,A/Michigan/UM-10068747355/2026_H3N2,plate22-A/Michigan/UM-10068747355/2026_H3N2,2575,0.9124,0.9124
flu-seqneut-2026-CTS-044,A/Michigan/UM-10068747355/2026_H3N2,plate22-A/Michigan/UM-10068747355/2026_H3N2,5921,2.86,1
flu-seqneut-2026-CTS-044,A/MinasGerais/410/2026_H1N1,plate22-A/MinasGerais/410/2026_H1N1,40,0.00646,0.00646
flu-seqneut-2026-CTS-044,A/MinasGerais/410/2026_H1N1,plate22-A/MinasGerais/410/2026_H1N1,92,0.00756,0.00756
flu-seqneut-2026-CTS-044,A/MinasGerais/410/2026_H1N1,plate22-A/MinasGerais/410/2026_H1N1,487,0.2024,0.2024
flu-seqneut-2026-CTS-044,A/MinasGerais/410/2026_H1N1,plate22-A/MinasGerais/410/2026_H1N1,1119,0.834,0.834
flu-seqneut-2026-CTS-044,A/MinasGerais/410/2026_H1N1,plate22-A/MinasGerais/410/2026_H1N1,2575,1.191,1
flu-seqneut-2026-CTS-044,A/MinasGerais/410/2026_H1N1,plate22-A/MinasGerais/410/2026_H1N1,5921,2.911,1
flu-seqneut-2026-CTS-044,A/Mississippi/20/2026_H1N1,plate22-A/Mississippi/20/2026_H1N1,40,0.00386,0.00386
flu-seqneut-2026-CTS-044,A/Mississippi/20/2026_H1N1,plate22-A/Mississippi/20/2026_H1N1,92,0.002635,0.002635
flu-seqneut-2026-CTS-044,A/Mississippi/20/2026_H1N1,plate22-A/Mississippi/20/2026_H1N1,487,0.2518,0.2518
flu-seqneut-2026-CTS-044,A/Mississippi/20/2026_H1N1,plate22-A/Mississippi/20/2026_H1N1,1119,0.7721,0.7721
flu-seqneut-2026-CTS-044,A/Mississippi/20/2026_H1N1,plate22-A/Mississippi/20/2026_H1N1,2575,1.316,1
flu-seqneut-2026-CTS-044,A/Mississippi/20/2026_H1N1,plate22-A/Mississippi/20/2026_H1N1,5921,2.17,1
flu-seqneut-2026-CTS-044,A/Netherlands/10008/2026_H1N1,plate22-A/Netherlands/10008/2026_H1N1,40,0.001351,0.001351
flu-seqneut-2026-CTS-044,A/Netherlands/10008/2026_H1N1,plate22-A/Netherlands/10008/2026_H1N1,92,0.00672,0.00672
flu-seqneut-2026-CTS-044,A/Netherlands/10008/2026_H1N1,plate22-A/Netherlands/10008/2026_H1N1,487,0.3383,0.3383
flu-seqneut-2026-CTS-044,A/Netherlands/10008/2026_H1N1,plate22-A/Netherlands/10008/2026_H1N1,1119,0.7228,0.7228
flu-seqneut-2026-CTS-044,A/Netherlands/10008/2026_H1N1,plate22-A/Netherlands/10008/2026_H1N1,2575,0.6755,0.6755
flu-seqneut-2026-CTS-044,A/Netherlands/10008/2026_H1N1,plate22-A/Netherlands/10008/2026_H1N1,5921,2.3,1
flu-seqneut-2026-CTS-044,A/Netherlands/543/2026_H1N1,plate22-A/Netherlands/543/2026_H1N1,40,0.000649,0.000649
flu-seqneut-2026-CTS-044,A/Netherlands/543/2026_H1N1,plate22-A/Netherlands/543/2026_H1N1,92,0.009494,0.009494
flu-seqneut-2026-CTS-044,A/Netherlands/543/2026_H1N1,plate22-A/Netherlands/543/2026_H1N1,487,0.2788,0.2788
flu-seqneut-2026-CTS-044,A/Netherlands/543/2026_H1N1,plate22-A/Netherlands/543/2026_H1N1,1119,0.757,0.757
flu-seqneut-2026-CTS-044,A/Netherlands/543/2026_H1N1,plate22-A/Netherlands/543/2026_H1N1,2575,1.012,1
flu-seqneut-2026-CTS-044,A/Netherlands/543/2026_H1N1,plate22-A/Netherlands/543/2026_H1N1,5921,2.035,1
flu-seqneut-2026-CTS-044,A/NewBrunswick/NBPHLFLUA10B-MM00057R/2026_H1N1,plate22-A/NewBrunswick/NBPHLFLUA10B-MM00057R/2026_H1N1,40,0,0
flu-seqneut-2026-CTS-044,A/NewBrunswick/NBPHLFLUA10B-MM00057R/2026_H1N1,plate22-A/NewBrunswick/NBPHLFLUA10B-MM00057R/2026_H1N1,92,0.01298,0.01298
flu-seqneut-2026-CTS-044,A/NewBrunswick/NBPHLFLUA10B-MM00057R/2026_H1N1,plate22-A/NewBrunswick/NBPHLFLUA10B-MM00057R/2026_H1N1,487,0.2686,0.2686
flu-seqneut-2026-CTS-044,A/NewBrunswick/NBPHLFLUA10B-MM00057R/2026_H1N1,plate22-A/NewBrunswick/NBPHLFLUA10B-MM00057R/2026_H1N1,1119,1.203,1
flu-seqneut-2026-CTS-044,A/NewBrunswick/NBPHLFLUA10B-MM00057R/2026_H1N1,plate22-A/NewBrunswick/NBPHLFLUA10B-MM00057R/2026_H1N1,2575,0.7023,0.7023
flu-seqneut-2026-CTS-044,A/NewBrunswick/NBPHLFLUA10B-MM00057R/2026_H1N1,plate22-A/NewBrunswick/NBPHLFLUA10B-MM00057R/2026_H1N1,5921,2.792,1
flu-seqneut-2026-CTS-044,A/NovaScotia/25-365-06099/2025_H3N2,plate22-A/NovaScotia/25-365-06099/2025_H3N2,40,0.01039,0.01039
flu-seqneut-2026-CTS-044,A/NovaScotia/25-365-06099/2025_H3N2,plate22-A/NovaScotia/25-365-06099/2025_H3N2,92,0.03725,0.03725
flu-seqneut-2026-CTS-044,A/NovaScotia/25-365-06099/2025_H3N2,plate22-A/NovaScotia/25-365-06099/2025_H3N2,487,0.1559,0.1559
flu-seqneut-2026-CTS-044,A/NovaScotia/25-365-06099/2025_H3N2,plate22-A/NovaScotia/25-365-06099/2025_H3N2,1119,0.3154,0.3154
flu-seqneut-2026-CTS-044,A/NovaScotia/25-365-06099/2025_H3N2,plate22-A/NovaScotia/25-365-06099/2025_H3N2,2575,0.3258,0.3258
flu-seqneut-2026-CTS-044,A/NovaScotia/25-365-06099/2025_H3N2,plate22-A/NovaScotia/25-365-06099/2025_H3N2,5921,1.52,1
flu-seqneut-2026-CTS-044,A/Ohio/259/2024_H1N1,plate22-A/Ohio/259/2024_H1N1,40,0,0
flu-seqneut-2026-CTS-044,A/Ohio/259/2024_H1N1,plate22-A/Ohio/259/2024_H1N1,92,0.01072,0.01072
flu-seqneut-2026-CTS-044,A/Ohio/259/2024_H1N1,plate22-A/Ohio/259/2024_H1N1,487,0.09132,0.09132
flu-seqneut-2026-CTS-044,A/Ohio/259/2024_H1N1,plate22-A/Ohio/259/2024_H1N1,1119,0.4067,0.4067
flu-seqneut-2026-CTS-044,A/Ohio/259/2024_H1N1,plate22-A/Ohio/259/2024_H1N1,2575,0.6517,0.6517
flu-seqneut-2026-CTS-044,A/Ohio/259/2024_H1N1,plate22-A/Ohio/259/2024_H1N1,5921,2.802,1
flu-seqneut-2026-CTS-044,A/PaisVasco/70369726/2026_H1N1,plate22-A/PaisVasco/70369726/2026_H1N1,40,0.007906,0.007906
flu-seqneut-2026-CTS-044,A/PaisVasco/70369726/2026_H1N1,plate22-A/PaisVasco/70369726/2026_H1N1,92,0.01566,0.01566
flu-seqneut-2026-CTS-044,A/PaisVasco/70369726/2026_H1N1,plate22-A/PaisVasco/70369726/2026_H1N1,487,0.3291,0.3291
flu-seqneut-2026-CTS-044,A/PaisVasco/70369726/2026_H1N1,plate22-A/PaisVasco/70369726/2026_H1N1,1119,0.8086,0.8086
flu-seqneut-2026-CTS-044,A/PaisVasco/70369726/2026_H1N1,plate22-A/PaisVasco/70369726/2026_H1N1,2575,0.8462,0.8462
flu-seqneut-2026-CTS-044,A/PaisVasco/70369726/2026_H1N1,plate22-A/PaisVasco/70369726/2026_H1N1,5921,2.909,1
flu-seqneut-2026-CTS-044,A/Rhode_Island/11/2026_H1N1,plate22-A/Rhode_Island/11/2026_H1N1,40,0.001638,0.001638
flu-seqneut-2026-CTS-044,A/Rhode_Island/11/2026_H1N1,plate22-A/Rhode_Island/11/2026_H1N1,92,0.005752,0.005752
flu-seqneut-2026-CTS-044,A/Rhode_Island/11/2026_H1N1,plate22-A/Rhode_Island/11/2026_H1N1,487,0.3037,0.3037
flu-seqneut-2026-CTS-044,A/Rhode_Island/11/2026_H1N1,plate22-A/Rhode_Island/11/2026_H1N1,1119,0.8983,0.8983
flu-seqneut-2026-CTS-044,A/Rhode_Island/11/2026_H1N1,plate22-A/Rhode_Island/11/2026_H1N1,2575,0.7154,0.7154
flu-seqneut-2026-CTS-044,A/Rhode_Island/11/2026_H1N1,plate22-A/Rhode_Island/11/2026_H1N1,5921,2.817,1
flu-seqneut-2026-CTS-044,A/RiodeJaneiro/331/2026_H3N2,plate22-A/RiodeJaneiro/331/2026_H3N2,40,0.04866,0.04866
flu-seqneut-2026-CTS-044,A/RiodeJaneiro/331/2026_H3N2,plate22-A/RiodeJaneiro/331/2026_H3N2,92,0.2012,0.2012
flu-seqneut-2026-CTS-044,A/RiodeJaneiro/331/2026_H3N2,plate22-A/RiodeJaneiro/331/2026_H3N2,487,0.2232,0.2232
flu-seqneut-2026-CTS-044,A/RiodeJaneiro/331/2026_H3N2,plate22-A/RiodeJaneiro/331/2026_H3N2,1119,0.8715,0.8715
flu-seqneut-2026-CTS-044,A/RiodeJaneiro/331/2026_H3N2,plate22-A/RiodeJaneiro/331/2026_H3N2,2575,0.5574,0.5574
flu-seqneut-2026-CTS-044,A/RiodeJaneiro/331/2026_H3N2,plate22-A/RiodeJaneiro/331/2026_H3N2,5921,1.829,1
flu-seqneut-2026-CTS-044,A/SantaCatarina/508/2026_H3N2,plate22-A/SantaCatarina/508/2026_H3N2,40,0.01197,0.01197
flu-seqneut-2026-CTS-044,A/SantaCatarina/508/2026_H3N2,plate22-A/SantaCatarina/508/2026_H3N2,92,0.06684,0.06684
flu-seqneut-2026-CTS-044,A/SantaCatarina/508/2026_H3N2,plate22-A/SantaCatarina/508/2026_H3N2,487,0.1701,0.1701
flu-seqneut-2026-CTS-044,A/SantaCatarina/508/2026_H3N2,plate22-A/SantaCatarina/508/2026_H3N2,1119,0.6434,0.6434
flu-seqneut-2026-CTS-044,A/SantaCatarina/508/2026_H3N2,plate22-A/SantaCatarina/508/2026_H3N2,2575,0.6138,0.6138
flu-seqneut-2026-CTS-044,A/SantaCatarina/508/2026_H3N2,plate22-A/SantaCatarina/508/2026_H3N2,5921,2.695,1
flu-seqneut-2026-CTS-044,A/Saskatchewan/SKFLU490586/2026_H1N1,plate22-A/Saskatchewan/SKFLU490586/2026_H1N1,40,0.003683,0.003683
flu-seqneut-2026-CTS-044,A/Saskatchewan/SKFLU490586/2026_H1N1,plate22-A/Saskatchewan/SKFLU490586/2026_H1N1,92,0.01975,0.01975
flu-seqneut-2026-CTS-044,A/Saskatchewan/SKFLU490586/2026_H1N1,plate22-A/Saskatchewan/SKFLU490586/2026_H1N1,487,0.1683,0.1683
flu-seqneut-2026-CTS-044,A/Saskatchewan/SKFLU490586/2026_H1N1,plate22-A/Saskatchewan/SKFLU490586/2026_H1N1,1119,0.8737,0.8737
flu-seqneut-2026-CTS-044,A/Saskatchewan/SKFLU490586/2026_H1N1,plate22-A/Saskatchewan/SKFLU490586/2026_H1N1,2575,0.7086,0.7086
flu-seqneut-2026-CTS-044,A/Saskatchewan/SKFLU490586/2026_H1N1,plate22-A/Saskatchewan/SKFLU490586/2026_H1N1,5921,2.576,1
flu-seqneut-2026-CTS-044,A/Singapore/MOH0547/2024_H1N1,plate22-A/Singapore/MOH0547/2024_H1N1,40,0,0
flu-seqneut-2026-CTS-044,A/Singapore/MOH0547/2024_H1N1,plate22-A/Singapore/MOH0547/2024_H1N1,92,0.02327,0.02327
flu-seqneut-2026-CTS-044,A/Singapore/MOH0547/2024_H1N1,plate22-A/Singapore/MOH0547/2024_H1N1,487,0.08414,0.08414
flu-seqneut-2026-CTS-044,A/Singapore/MOH0547/2024_H1N1,plate22-A/Singapore/MOH0547/2024_H1N1,1119,0.8427,0.8427
flu-seqneut-2026-CTS-044,A/Singapore/MOH0547/2024_H1N1,plate22-A/Singapore/MOH0547/2024_H1N1,2575,1.022,1
flu-seqneut-2026-CTS-044,A/Singapore/MOH0547/2024_H1N1,plate22-A/Singapore/MOH0547/2024_H1N1,5921,2.477,1
flu-seqneut-2026-CTS-044,A/SouthAfrica/NHLS-SU-CERI-C075557/2026_H1N1,plate22-A/SouthAfrica/NHLS-SU-CERI-C075557/2026_H1N1,40,0.002601,0.002601
flu-seqneut-2026-CTS-044,A/SouthAfrica/NHLS-SU-CERI-C075557/2026_H1N1,plate22-A/SouthAfrica/NHLS-SU-CERI-C075557/2026_H1N1,92,0.01712,0.01712
flu-seqneut-2026-CTS-044,A/SouthAfrica/NHLS-SU-CERI-C075557/2026_H1N1,plate22-A/SouthAfrica/NHLS-SU-CERI-C075557/2026_H1N1,487,0.308,0.308
flu-seqneut-2026-CTS-044,A/SouthAfrica/NHLS-SU-CERI-C075557/2026_H1N1,plate22-A/SouthAfrica/NHLS-SU-CERI-C075557/2026_H1N1,1119,0.8457,0.8457
flu-seqneut-2026-CTS-044,A/SouthAfrica/NHLS-SU-CERI-C075557/2026_H1N1,plate22-A/SouthAfrica/NHLS-SU-CERI-C075557/2026_H1N1,2575,1.031,1
flu-seqneut-2026-CTS-044,A/SouthAfrica/NHLS-SU-CERI-C075557/2026_H1N1,plate22-A/SouthAfrica/NHLS-SU-CERI-C075557/2026_H1N1,5921,1.98,1
flu-seqneut-2026-CTS-044,A/SouthAfrica/PATH-CERI-C073358/2025_H1N1,plate22-A/SouthAfrica/PATH-CERI-C073358/2025_H1N1,40,0.01691,0.01691
flu-seqneut-2026-CTS-044,A/SouthAfrica/PATH-CERI-C073358/2025_H1N1,plate22-A/SouthAfrica/PATH-CERI-C073358/2025_H1N1,92,0.05307,0.05307
flu-seqneut-2026-CTS-044,A/SouthAfrica/PATH-CERI-C073358/2025_H1N1,plate22-A/SouthAfrica/PATH-CERI-C073358/2025_H1N1,487,0.1978,0.1978
flu-seqneut-2026-CTS-044,A/SouthAfrica/PATH-CERI-C073358/2025_H1N1,plate22-A/SouthAfrica/PATH-CERI-C073358/2025_H1N1,1119,0.9595,0.9595
flu-seqneut-2026-CTS-044,A/SouthAfrica/PATH-CERI-C073358/2025_H1N1,plate22-A/SouthAfrica/PATH-CERI-C073358/2025_H1N1,2575,0.8179,0.8179
flu-seqneut-2026-CTS-044,A/SouthAfrica/PATH-CERI-C073358/2025_H1N1,plate22-A/SouthAfrica/PATH-CERI-C073358/2025_H1N1,5921,2.13,1
flu-seqneut-2026-CTS-044,A/SouthAfrica/PATH-CERI-C075119/2026_H1N1,plate22-A/SouthAfrica/PATH-CERI-C075119/2026_H1N1,40,0.00123,0.00123
flu-seqneut-2026-CTS-044,A/SouthAfrica/PATH-CERI-C075119/2026_H1N1,plate22-A/SouthAfrica/PATH-CERI-C075119/2026_H1N1,92,0.02303,0.02303
flu-seqneut-2026-CTS-044,A/SouthAfrica/PATH-CERI-C075119/2026_H1N1,plate22-A/SouthAfrica/PATH-CERI-C075119/2026_H1N1,487,0.2727,0.2727
flu-seqneut-2026-CTS-044,A/SouthAfrica/PATH-CERI-C075119/2026_H1N1,plate22-A/SouthAfrica/PATH-CERI-C075119/2026_H1N1,1119,0.9297,0.9297
flu-seqneut-2026-CTS-044,A/SouthAfrica/PATH-CERI-C075119/2026_H1N1,plate22-A/SouthAfrica/PATH-CERI-C075119/2026_H1N1,2575,0.9435,0.9435
flu-seqneut-2026-CTS-044,A/SouthAfrica/PATH-CERI-C075119/2026_H1N1,plate22-A/SouthAfrica/PATH-CERI-C075119/2026_H1N1,5921,2.219,1
flu-seqneut-2026-CTS-044,A/South_Australia/2523812314/2025_H3N2,plate22-A/South_Australia/2523812314/2025_H3N2,40,0.01649,0.01649
flu-seqneut-2026-CTS-044,A/South_Australia/2523812314/2025_H3N2,plate22-A/South_Australia/2523812314/2025_H3N2,92,0.03207,0.03207
flu-seqneut-2026-CTS-044,A/South_Australia/2523812314/2025_H3N2,plate22-A/South_Australia/2523812314/2025_H3N2,487,0.1368,0.1368
flu-seqneut-2026-CTS-044,A/South_Australia/2523812314/2025_H3N2,plate22-A/South_Australia/2523812314/2025_H3N2,1119,0.4787,0.4787
flu-seqneut-2026-CTS-044,A/South_Australia/2523812314/2025_H3N2,plate22-A/South_Australia/2523812314/2025_H3N2,2575,0.4983,0.4983
flu-seqneut-2026-CTS-044,A/South_Australia/2523812314/2025_H3N2,plate22-A/South_Australia/2523812314/2025_H3N2,5921,2.176,1
flu-seqneut-2026-CTS-044,A/South_Australia/2527213276/2025_H3N2,plate22-A/South_Australia/2527213276/2025_H3N2,40,0,0
flu-seqneut-2026-CTS-044,A/South_Australia/2527213276/2025_H3N2,plate22-A/South_Australia/2527213276/2025_H3N2,92,0.002204,0.002204
flu-seqneut-2026-CTS-044,A/South_Australia/2527213276/2025_H3N2,plate22-A/South_Australia/2527213276/2025_H3N2,487,0.09245,0.09245
flu-seqneut-2026-CTS-044,A/South_Australia/2527213276/2025_H3N2,plate22-A/South_Australia/2527213276/2025_H3N2,1119,0.2172,0.2172
flu-seqneut-2026-CTS-044,A/South_Australia/2527213276/2025_H3N2,plate22-A/South_Australia/2527213276/2025_H3N2,2575,0.684,0.684
flu-seqneut-2026-CTS-044,A/South_Australia/2527213276/2025_H3N2,plate22-A/South_Australia/2527213276/2025_H3N2,5921,2.812,1
flu-seqneut-2026-CTS-044,A/Thuringen/39/2026_H3N2,plate22-A/Thuringen/39/2026_H3N2,40,0.02983,0.02983
flu-seqneut-2026-CTS-044,A/Thuringen/39/2026_H3N2,plate22-A/Thuringen/39/2026_H3N2,92,0.1061,0.1061
flu-seqneut-2026-CTS-044,A/Thuringen/39/2026_H3N2,plate22-A/Thuringen/39/2026_H3N2,487,0.194,0.194
flu-seqneut-2026-CTS-044,A/Thuringen/39/2026_H3N2,plate22-A/Thuringen/39/2026_H3N2,1119,1.1,1
flu-seqneut-2026-CTS-044,A/Thuringen/39/2026_H3N2,plate22-A/Thuringen/39/2026_H3N2,2575,0.6923,0.6923
flu-seqneut-2026-CTS-044,A/Thuringen/39/2026_H3N2,plate22-A/Thuringen/39/2026_H3N2,5921,2.384,1
flu-seqneut-2026-CTS-044,A/Uppsala/SE26-01293/2026_H1N1,plate22-A/Uppsala/SE26-01293/2026_H1N1,40,0.001589,0.001589
flu-seqneut-2026-CTS-044,A/Uppsala/SE26-01293/2026_H1N1,plate22-A/Uppsala/SE26-01293/2026_H1N1,92,0.03673,0.03673
flu-seqneut-2026-CTS-044,A/Uppsala/SE26-01293/2026_H1N1,plate22-A/Uppsala/SE26-01293/2026_H1N1,487,0.1774,0.1774
flu-seqneut-2026-CTS-044,A/Uppsala/SE26-01293/2026_H1N1,plate22-A/Uppsala/SE26-01293/2026_H1N1,1119,0.7856,0.7856
flu-seqneut-2026-CTS-044,A/Uppsala/SE26-01293/2026_H1N1,plate22-A/Uppsala/SE26-01293/2026_H1N1,2575,0.5442,0.5442
flu-seqneut-2026-CTS-044,A/Uppsala/SE26-01293/2026_H1N1,plate22-A/Uppsala/SE26-01293/2026_H1N1,5921,1.991,1
flu-seqneut-2026-CTS-044,A/Wisconsin/588/2019_H1N1,plate22-A/Wisconsin/588/2019_H1N1,40,0,0
flu-seqneut-2026-CTS-044,A/Wisconsin/588/2019_H1N1,plate22-A/Wisconsin/588/2019_H1N1,92,0.005115,0.005115
flu-seqneut-2026-CTS-044,A/Wisconsin/588/2019_H1N1,plate22-A/Wisconsin/588/2019_H1N1,487,0.02157,0.02157
flu-seqneut-2026-CTS-044,A/Wisconsin/588/2019_H1N1,plate22-A/Wisconsin/588/2019_H1N1,1119,0.3395,0.3395
flu-seqneut-2026-CTS-044,A/Wisconsin/588/2019_H1N1,plate22-A/Wisconsin/588/2019_H1N1,2575,0.4337,0.4337
flu-seqneut-2026-CTS-044,A/Wisconsin/588/2019_H1N1,plate22-A/Wisconsin/588/2019_H1N1,5921,1.399,1
flu-seqneut-2026-CTS-044,A/Wisconsin/67/2022_H1N1,plate22-A/Wisconsin/67/2022_H1N1,40,0.01114,0.01114
flu-seqneut-2026-CTS-044,A/Wisconsin/67/2022_H1N1,plate22-A/Wisconsin/67/2022_H1N1,92,0.007244,0.007244
flu-seqneut-2026-CTS-044,A/Wisconsin/67/2022_H1N1,plate22-A/Wisconsin/67/2022_H1N1,487,0.2014,0.2014
flu-seqneut-2026-CTS-044,A/Wisconsin/67/2022_H1N1,plate22-A/Wisconsin/67/2022_H1N1,1119,1.306,1
flu-seqneut-2026-CTS-044,A/Wisconsin/67/2022_H1N1,plate22-A/Wisconsin/67/2022_H1N1,2575,0.7194,0.7194
flu-seqneut-2026-CTS-044,A/Wisconsin/67/2022_H1N1,plate22-A/Wisconsin/67/2022_H1N1,5921,2.342,1
flu-seqneut-2026-CTS-044,A/Zambia/7-NIC-313/2026_H1N1,plate22-A/Zambia/7-NIC-313/2026_H1N1,40,0.00241,0.00241
flu-seqneut-2026-CTS-044,A/Zambia/7-NIC-313/2026_H1N1,plate22-A/Zambia/7-NIC-313/2026_H1N1,92,0.004231,0.004231
flu-seqneut-2026-CTS-044,A/Zambia/7-NIC-313/2026_H1N1,plate22-A/Zambia/7-NIC-313/2026_H1N1,487,0.1423,0.1423
flu-seqneut-2026-CTS-044,A/Zambia/7-NIC-313/2026_H1N1,plate22-A/Zambia/7-NIC-313/2026_H1N1,1119,0.9076,0.9076
flu-seqneut-2026-CTS-044,A/Zambia/7-NIC-313/2026_H1N1,plate22-A/Zambia/7-NIC-313/2026_H1N1,2575,1.028,1
flu-seqneut-2026-CTS-044,A/Zambia/7-NIC-313/2026_H1N1,plate22-A/Zambia/7-NIC-313/2026_H1N1,5921,2.89,1
flu-seqneut-2026-CTS-045,A/Andalucia/PMC-01217/2025_H1N1,plate22-A/Andalucia/PMC-01217/2025_H1N1,40,0.02086,0.02086
flu-seqneut-2026-CTS-045,A/Andalucia/PMC-01217/2025_H1N1,plate22-A/Andalucia/PMC-01217/2025_H1N1,92,0.1879,0.1879
flu-seqneut-2026-CTS-045,A/Andalucia/PMC-01217/2025_H1N1,plate22-A/Andalucia/PMC-01217/2025_H1N1,1119,0.5363,0.5363
flu-seqneut-2026-CTS-045,A/Andalucia/PMC-01217/2025_H1N1,plate22-A/Andalucia/PMC-01217/2025_H1N1,2575,0.6199,0.6199
flu-seqneut-2026-CTS-045,A/Andalucia/PMC-01217/2025_H1N1,plate22-A/Andalucia/PMC-01217/2025_H1N1,5921,2.445,1
flu-seqneut-2026-CTS-045,A/Andalucia/PMC-01217/2025_H1N1,plate22-A/Andalucia/PMC-01217/2025_H1N1,1.362e+04,1.743,1
flu-seqneut-2026-CTS-045,A/Astrakhan/RII-MH273373S/2025_H3N2,plate22-A/Astrakhan/RII-MH273373S/2025_H3N2,40,0,0
flu-seqneut-2026-CTS-045,A/Astrakhan/RII-MH273373S/2025_H3N2,plate22-A/Astrakhan/RII-MH273373S/2025_H3N2,92,0.01322,0.01322
flu-seqneut-2026-CTS-045,A/Astrakhan/RII-MH273373S/2025_H3N2,plate22-A/Astrakhan/RII-MH273373S/2025_H3N2,1119,0.87,0.87
flu-seqneut-2026-CTS-045,A/Astrakhan/RII-MH273373S/2025_H3N2,plate22-A/Astrakhan/RII-MH273373S/2025_H3N2,2575,0.5873,0.5873
flu-seqneut-2026-CTS-045,A/Astrakhan/RII-MH273373S/2025_H3N2,plate22-A/Astrakhan/RII-MH273373S/2025_H3N2,5921,2.145,1
flu-seqneut-2026-CTS-045,A/Astrakhan/RII-MH273373S/2025_H3N2,plate22-A/Astrakhan/RII-MH273373S/2025_H3N2,1.362e+04,2.075,1
flu-seqneut-2026-CTS-045,A/Colorado/218/2024_H1N1,plate22-A/Colorado/218/2024_H1N1,40,0.01897,0.01897
flu-seqneut-2026-CTS-045,A/Colorado/218/2024_H1N1,plate22-A/Colorado/218/2024_H1N1,92,0.273,0.273
flu-seqneut-2026-CTS-045,A/Colorado/218/2024_H1N1,plate22-A/Colorado/218/2024_H1N1,1119,0.8322,0.8322
flu-seqneut-2026-CTS-045,A/Colorado/218/2024_H1N1,plate22-A/Colorado/218/2024_H1N1,2575,0.6837,0.6837
flu-seqneut-2026-CTS-045,A/Colorado/218/2024_H1N1,plate22-A/Colorado/218/2024_H1N1,5921,2.658,1
flu-seqneut-2026-CTS-045,A/Colorado/218/2024_H1N1,plate22-A/Colorado/218/2024_H1N1,1.362e+04,1.512,1
flu-seqneut-2026-CTS-045,A/Connecticut/5/2026_H3N2,plate22-A/Connecticut/5/2026_H3N2,40,0.001023,0.001023
flu-seqneut-2026-CTS-045,A/Connecticut/5/2026_H3N2,plate22-A/Connecticut/5/2026_H3N2,92,0.09069,0.09069
flu-seqneut-2026-CTS-045,A/Connecticut/5/2026_H3N2,plate22-A/Connecticut/5/2026_H3N2,1119,0.5766,0.5766
flu-seqneut-2026-CTS-045,A/Connecticut/5/2026_H3N2,plate22-A/Connecticut/5/2026_H3N2,2575,0.4948,0.4948
flu-seqneut-2026-CTS-045,A/Connecticut/5/2026_H3N2,plate22-A/Connecticut/5/2026_H3N2,5921,2.928,1
flu-seqneut-2026-CTS-045,A/Connecticut/5/2026_H3N2,plate22-A/Connecticut/5/2026_H3N2,1.362e+04,1.536,1
flu-seqneut-2026-CTS-045,A/Darwin/1415/2025_H3N2,plate22-A/Darwin/1415/2025_H3N2,40,0,0
flu-seqneut-2026-CTS-045,A/Darwin/1415/2025_H3N2,plate22-A/Darwin/1415/2025_H3N2,92,0.002028,0.002028
flu-seqneut-2026-CTS-045,A/Darwin/1415/2025_H3N2,plate22-A/Darwin/1415/2025_H3N2,1119,0.1756,0.1756
flu-seqneut-2026-CTS-045,A/Darwin/1415/2025_H3N2,plate22-A/Darwin/1415/2025_H3N2,2575,0.2596,0.2596
flu-seqneut-2026-CTS-045,A/Darwin/1415/2025_H3N2,plate22-A/Darwin/1415/2025_H3N2,5921,1.733,1
flu-seqneut-2026-CTS-045,A/Darwin/1415/2025_H3N2,plate22-A/Darwin/1415/2025_H3N2,1.362e+04,1.454,1
flu-seqneut-2026-CTS-045,A/Denmark/4547/2025_H1N1,plate22-A/Denmark/4547/2025_H1N1,40,0.01877,0.01877
flu-seqneut-2026-CTS-045,A/Denmark/4547/2025_H1N1,plate22-A/Denmark/4547/2025_H1N1,92,0.3349,0.3349
flu-seqneut-2026-CTS-045,A/Denmark/4547/2025_H1N1,plate22-A/Denmark/4547/2025_H1N1,1119,0.8458,0.8458
flu-seqneut-2026-CTS-045,A/Denmark/4547/2025_H1N1,plate22-A/Denmark/4547/2025_H1N1,2575,0.4192,0.4192
flu-seqneut-2026-CTS-045,A/Denmark/4547/2025_H1N1,plate22-A/Denmark/4547/2025_H1N1,5921,2.642,1
flu-seqneut-2026-CTS-045,A/Denmark/4547/2025_H1N1,plate22-A/Denmark/4547/2025_H1N1,1.362e+04,1.473,1
flu-seqneut-2026-CTS-045,A/France/ARA-HCL026031894402/2026_H3N2,plate22-A/France/ARA-HCL026031894402/2026_H3N2,40,0.001166,0.001166
flu-seqneut-2026-CTS-045,A/France/ARA-HCL026031894402/2026_H3N2,plate22-A/France/ARA-HCL026031894402/2026_H3N2,92,0.005381,0.005381
flu-seqneut-2026-CTS-045,A/France/ARA-HCL026031894402/2026_H3N2,plate22-A/France/ARA-HCL026031894402/2026_H3N2,1119,0.4766,0.4766
flu-seqneut-2026-CTS-045,A/France/ARA-HCL026031894402/2026_H3N2,plate22-A/France/ARA-HCL026031894402/2026_H3N2,2575,0.9803,0.9803
flu-seqneut-2026-CTS-045,A/France/ARA-HCL026031894402/2026_H3N2,plate22-A/France/ARA-HCL026031894402/2026_H3N2,5921,2.903,1
flu-seqneut-2026-CTS-045,A/France/ARA-HCL026031894402/2026_H3N2,plate22-A/France/ARA-HCL026031894402/2026_H3N2,1.362e+04,1.75,1
flu-seqneut-2026-CTS-045,A/France/GES-IPP00659/2026_H1N1,plate22-A/France/GES-IPP00659/2026_H1N1,40,0.02115,0.02115
flu-seqneut-2026-CTS-045,A/France/GES-IPP00659/2026_H1N1,plate22-A/France/GES-IPP00659/2026_H1N1,92,0.2341,0.2341
flu-seqneut-2026-CTS-045,A/France/GES-IPP00659/2026_H1N1,plate22-A/France/GES-IPP00659/2026_H1N1,1119,0.9672,0.9672
flu-seqneut-2026-CTS-045,A/France/GES-IPP00659/2026_H1N1,plate22-A/France/GES-IPP00659/2026_H1N1,2575,0.7393,0.7393
flu-seqneut-2026-CTS-045,A/France/GES-IPP00659/2026_H1N1,plate22-A/France/GES-IPP00659/2026_H1N1,5921,2.79,1
flu-seqneut-2026-CTS-045,A/France/GES-IPP00659/2026_H1N1,plate22-A/France/GES-IPP00659/2026_H1N1,1.362e+04,2.145,1
flu-seqneut-2026-CTS-045,A/France/GES-IPP01077/2026_H3N2,plate22-A/France/GES-IPP01077/2026_H3N2,40,0,0
flu-seqneut-2026-CTS-045,A/France/GES-IPP01077/2026_H3N2,plate22-A/France/GES-IPP01077/2026_H3N2,92,0.005731,0.005731
flu-seqneut-2026-CTS-045,A/France/GES-IPP01077/2026_H3N2,plate22-A/France/GES-IPP01077/2026_H3N2,1119,0.44,0.44
flu-seqneut-2026-CTS-045,A/France/GES-IPP01077/2026_H3N2,plate22-A/France/GES-IPP01077/2026_H3N2,2575,0.3307,0.3307
flu-seqneut-2026-CTS-045,A/France/GES-IPP01077/2026_H3N2,plate22-A/France/GES-IPP01077/2026_H3N2,5921,2.378,1
flu-seqneut-2026-CTS-045,A/France/GES-IPP01077/2026_H3N2,plate22-A/France/GES-IPP01077/2026_H3N2,1.362e+04,1.542,1
flu-seqneut-2026-CTS-045,A/France/HDF-RELAB-IPP00300/2026_H3N2,plate22-A/France/HDF-RELAB-IPP00300/2026_H3N2,40,0.0005208,0.0005208
flu-seqneut-2026-CTS-045,A/France/HDF-RELAB-IPP00300/2026_H3N2,plate22-A/France/HDF-RELAB-IPP00300/2026_H3N2,92,0.05698,0.05698
flu-seqneut-2026-CTS-045,A/France/HDF-RELAB-IPP00300/2026_H3N2,plate22-A/France/HDF-RELAB-IPP00300/2026_H3N2,1119,0.3453,0.3453
flu-seqneut-2026-CTS-045,A/France/HDF-RELAB-IPP00300/2026_H3N2,plate22-A/France/HDF-RELAB-IPP00300/2026_H3N2,2575,0.2979,0.2979
flu-seqneut-2026-CTS-045,A/France/HDF-RELAB-IPP00300/2026_H3N2,plate22-A/France/HDF-RELAB-IPP00300/2026_H3N2,5921,2.196,1
flu-seqneut-2026-CTS-045,A/France/HDF-RELAB-IPP00300/2026_H3N2,plate22-A/France/HDF-RELAB-IPP00300/2026_H3N2,1.362e+04,1.608,1
flu-seqneut-2026-CTS-045,A/France/NAQ-HCL026046169102/2025_H1N1,plate22-A/France/NAQ-HCL026046169102/2025_H1N1,40,0.008808,0.008808
flu-seqneut-2026-CTS-045,A/France/NAQ-HCL026046169102/2025_H1N1,plate22-A/France/NAQ-HCL026046169102/2025_H1N1,92,0.1786,0.1786
flu-seqneut-2026-CTS-045,A/France/NAQ-HCL026046169102/2025_H1N1,plate22-A/France/NAQ-HCL026046169102/2025_H1N1,1119,0.656,0.656
flu-seqneut-2026-CTS-045,A/France/NAQ-HCL026046169102/2025_H1N1,plate22-A/France/NAQ-HCL026046169102/2025_H1N1,2575,0.6523,0.6523
flu-seqneut-2026-CTS-045,A/France/NAQ-HCL026046169102/2025_H1N1,plate22-A/France/NAQ-HCL026046169102/2025_H1N1,5921,1.431,1
flu-seqneut-2026-CTS-045,A/France/NAQ-HCL026046169102/2025_H1N1,plate22-A/France/NAQ-HCL026046169102/2025_H1N1,1.362e+04,1.246,1
flu-seqneut-2026-CTS-045,A/Hawaii/70/2019_H1N1,plate22-A/Hawaii/70/2019_H1N1,40,0.0003825,0.0003825
flu-seqneut-2026-CTS-045,A/Hawaii/70/2019_H1N1,plate22-A/Hawaii/70/2019_H1N1,92,0.003907,0.003907
flu-seqneut-2026-CTS-045,A/Hawaii/70/2019_H1N1,plate22-A/Hawaii/70/2019_H1N1,1119,0.3522,0.3522
flu-seqneut-2026-CTS-045,A/Hawaii/70/2019_H1N1,plate22-A/Hawaii/70/2019_H1N1,2575,0.5732,0.5732
flu-seqneut-2026-CTS-045,A/Hawaii/70/2019_H1N1,plate22-A/Hawaii/70/2019_H1N1,5921,1.513,1
flu-seqneut-2026-CTS-045,A/Hawaii/70/2019_H1N1,plate22-A/Hawaii/70/2019_H1N1,1.362e+04,2.027,1
flu-seqneut-2026-CTS-045,A/Hawaii/ISC-1140/2025_H1N1,plate22-A/Hawaii/ISC-1140/2025_H1N1,40,0.01775,0.01775
flu-seqneut-2026-CTS-045,A/Hawaii/ISC-1140/2025_H1N1,plate22-A/Hawaii/ISC-1140/2025_H1N1,92,0.1056,0.1056
flu-seqneut-2026-CTS-045,A/Hawaii/ISC-1140/2025_H1N1,plate22-A/Hawaii/ISC-1140/2025_H1N1,1119,0.3963,0.3963
flu-seqneut-2026-CTS-045,A/Hawaii/ISC-1140/2025_H1N1,plate22-A/Hawaii/ISC-1140/2025_H1N1,2575,0.3742,0.3742
flu-seqneut-2026-CTS-045,A/Hawaii/ISC-1140/2025_H1N1,plate22-A/Hawaii/ISC-1140/2025_H1N1,5921,1.869,1
flu-seqneut-2026-CTS-045,A/Hawaii/ISC-1140/2025_H1N1,plate22-A/Hawaii/ISC-1140/2025_H1N1,1.362e+04,1.632,1
flu-seqneut-2026-CTS-045,A/Kentucky/80/2025_H1N1,plate22-A/Kentucky/80/2025_H1N1,40,0,0
flu-seqneut-2026-CTS-045,A/Kentucky/80/2025_H1N1,plate22-A/Kentucky/80/2025_H1N1,92,0.1292,0.1292
flu-seqneut-2026-CTS-045,A/Kentucky/80/2025_H1N1,plate22-A/Kentucky/80/2025_H1N1,1119,0.7581,0.7581
flu-seqneut-2026-CTS-045,A/Kentucky/80/2025_H1N1,plate22-A/Kentucky/80/2025_H1N1,2575,0.5405,0.5405
flu-seqneut-2026-CTS-045,A/Kentucky/80/2025_H1N1,plate22-A/Kentucky/80/2025_H1N1,5921,2.742,1
flu-seqneut-2026-CTS-045,A/Kentucky/80/2025_H1N1,plate22-A/Kentucky/80/2025_H1N1,1.362e+04,2.152,1
flu-seqneut-2026-CTS-045,A/Lisboa/216/2023_H3N2,plate22-A/Lisboa/216/2023_H3N2,40,0,0
flu-seqneut-2026-CTS-045,A/Lisboa/216/2023_H3N2,plate22-A/Lisboa/216/2023_H3N2,92,0.02734,0.02734
flu-seqneut-2026-CTS-045,A/Lisboa/216/2023_H3N2,plate22-A/Lisboa/216/2023_H3N2,1119,0.3987,0.3987
flu-seqneut-2026-CTS-045,A/Lisboa/216/2023_H3N2,plate22-A/Lisboa/216/2023_H3N2,2575,0.8987,0.8987
flu-seqneut-2026-CTS-045,A/Lisboa/216/2023_H3N2,plate22-A/Lisboa/216/2023_H3N2,5921,2.864,1
flu-seqneut-2026-CTS-045,A/Lisboa/216/2023_H3N2,plate22-A/Lisboa/216/2023_H3N2,1.362e+04,2.641,1
flu-seqneut-2026-CTS-045,A/Mauritius/26000203/2026_H1N1,plate22-A/Mauritius/26000203/2026_H1N1,40,0.0157,0.0157
flu-seqneut-2026-CTS-045,A/Mauritius/26000203/2026_H1N1,plate22-A/Mauritius/26000203/2026_H1N1,92,0.2718,0.2718
flu-seqneut-2026-CTS-045,A/Mauritius/26000203/2026_H1N1,plate22-A/Mauritius/26000203/2026_H1N1,1119,0.7145,0.7145
flu-seqneut-2026-CTS-045,A/Mauritius/26000203/2026_H1N1,plate22-A/Mauritius/26000203/2026_H1N1,2575,0.827,0.827
flu-seqneut-2026-CTS-045,A/Mauritius/26000203/2026_H1N1,plate22-A/Mauritius/26000203/2026_H1N1,5921,2.969,1
flu-seqneut-2026-CTS-045,A/Mauritius/26000203/2026_H1N1,plate22-A/Mauritius/26000203/2026_H1N1,1.362e+04,1.74,1
flu-seqneut-2026-CTS-045,A/Michigan/UM-10068071276/2025_H3N2,plate22-A/Michigan/UM-10068071276/2025_H3N2,40,0,0
flu-seqneut-2026-CTS-045,A/Michigan/UM-10068071276/2025_H3N2,plate22-A/Michigan/UM-10068071276/2025_H3N2,92,0.001587,0.001587
flu-seqneut-2026-CTS-045,A/Michigan/UM-10068071276/2025_H3N2,plate22-A/Michigan/UM-10068071276/2025_H3N2,1119,0.1057,0.1057
flu-seqneut-2026-CTS-045,A/Michigan/UM-10068071276/2025_H3N2,plate22-A/Michigan/UM-10068071276/2025_H3N2,2575,0.3538,0.3538
flu-seqneut-2026-CTS-045,A/Michigan/UM-10068071276/2025_H3N2,plate22-A/Michigan/UM-10068071276/2025_H3N2,5921,2.05,1
flu-seqneut-2026-CTS-045,A/Michigan/UM-10068071276/2025_H3N2,plate22-A/Michigan/UM-10068071276/2025_H3N2,1.362e+04,2.632,1
flu-seqneut-2026-CTS-045,A/Michigan/UM-10068134090/2025_H3N2,plate22-A/Michigan/UM-10068134090/2025_H3N2,40,0.0009243,0.0009243
flu-seqneut-2026-CTS-045,A/Michigan/UM-10068134090/2025_H3N2,plate22-A/Michigan/UM-10068134090/2025_H3N2,92,0.06953,0.06953
flu-seqneut-2026-CTS-045,A/Michigan/UM-10068134090/2025_H3N2,plate22-A/Michigan/UM-10068134090/2025_H3N2,1119,0.3833,0.3833
flu-seqneut-2026-CTS-045,A/Michigan/UM-10068134090/2025_H3N2,plate22-A/Michigan/UM-10068134090/2025_H3N2,2575,0.3024,0.3024
flu-seqneut-2026-CTS-045,A/Michigan/UM-10068134090/2025_H3N2,plate22-A/Michigan/UM-10068134090/2025_H3N2,5921,2.452,1
flu-seqneut-2026-CTS-045,A/Michigan/UM-10068134090/2025_H3N2,plate22-A/Michigan/UM-10068134090/2025_H3N2,1.362e+04,0.9496,0.9496
flu-seqneut-2026-CTS-045,A/Mississippi/20/2026_H1N1,plate22-A/Mississippi/20/2026_H1N1,40,0.01147,0.01147
flu-seqneut-2026-CTS-045,A/Mississippi/20/2026_H1N1,plate22-A/Mississippi/20/2026_H1N1,92,0.4618,0.4618
flu-seqneut-2026-CTS-045,A/Mississippi/20/2026_H1N1,plate22-A/Mississippi/20/2026_H1N1,1119,0.561,0.561
flu-seqneut-2026-CTS-045,A/Mississippi/20/2026_H1N1,plate22-A/Mississippi/20/2026_H1N1,2575,0.3103,0.3103
flu-seqneut-2026-CTS-045,A/Mississippi/20/2026_H1N1,plate22-A/Mississippi/20/2026_H1N1,5921,1.731,1
flu-seqneut-2026-CTS-045,A/Mississippi/20/2026_H1N1,plate22-A/Mississippi/20/2026_H1N1,1.362e+04,1.788,1
flu-seqneut-2026-CTS-045,A/NakhonPhanom/P495/2026_H3N2,plate22-A/NakhonPhanom/P495/2026_H3N2,40,0.002134,0.002134
flu-seqneut-2026-CTS-045,A/NakhonPhanom/P495/2026_H3N2,plate22-A/NakhonPhanom/P495/2026_H3N2,92,0.05444,0.05444
flu-seqneut-2026-CTS-045,A/NakhonPhanom/P495/2026_H3N2,plate22-A/NakhonPhanom/P495/2026_H3N2,1119,0.3636,0.3636
flu-seqneut-2026-CTS-045,A/NakhonPhanom/P495/2026_H3N2,plate22-A/NakhonPhanom/P495/2026_H3N2,2575,0.4786,0.4786
flu-seqneut-2026-CTS-045,A/NakhonPhanom/P495/2026_H3N2,plate22-A/NakhonPhanom/P495/2026_H3N2,5921,2.878,1
flu-seqneut-2026-CTS-045,A/NakhonPhanom/P495/2026_H3N2,plate22-A/NakhonPhanom/P495/2026_H3N2,1.362e+04,1.857,1
flu-seqneut-2026-CTS-045,A/Netherlands/10008/2026_H1N1,plate22-A/Netherlands/10008/2026_H1N1,40,0.02156,0.02156
flu-seqneut-2026-CTS-045,A/Netherlands/10008/2026_H1N1,plate22-A/Netherlands/10008/2026_H1N1,92,0.275,0.275
flu-seqneut-2026-CTS-045,A/Netherlands/10008/2026_H1N1,plate22-A/Netherlands/10008/2026_H1N1,1119,0.711,0.711
flu-seqneut-2026-CTS-045,A/Netherlands/10008/2026_H1N1,plate22-A/Netherlands/10008/2026_H1N1,2575,0.6436,0.6436
flu-seqneut-2026-CTS-045,A/Netherlands/10008/2026_H1N1,plate22-A/Netherlands/10008/2026_H1N1,5921,2.743,1
flu-seqneut-2026-CTS-045,A/Netherlands/10008/2026_H1N1,plate22-A/Netherlands/10008/2026_H1N1,1.362e+04,1.537,1
flu-seqneut-2026-CTS-045,A/NewBrunswick/NBPHLFLUA10B-MM00057R/2026_H1N1,plate22-A/NewBrunswick/NBPHLFLUA10B-MM00057R/2026_H1N1,40,0.008633,0.008633
flu-seqneut-2026-CTS-045,A/NewBrunswick/NBPHLFLUA10B-MM00057R/2026_H1N1,plate22-A/NewBrunswick/NBPHLFLUA10B-MM00057R/2026_H1N1,92,0.2382,0.2382
flu-seqneut-2026-CTS-045,A/NewBrunswick/NBPHLFLUA10B-MM00057R/2026_H1N1,plate22-A/NewBrunswick/NBPHLFLUA10B-MM00057R/2026_H1N1,1119,0.7257,0.7257
flu-seqneut-2026-CTS-045,A/NewBrunswick/NBPHLFLUA10B-MM00057R/2026_H1N1,plate22-A/NewBrunswick/NBPHLFLUA10B-MM00057R/2026_H1N1,2575,0.753,0.753
flu-seqneut-2026-CTS-045,A/NewBrunswick/NBPHLFLUA10B-MM00057R/2026_H1N1,plate22-A/NewBrunswick/NBPHLFLUA10B-MM00057R/2026_H1N1,5921,2.898,1
flu-seqneut-2026-CTS-045,A/NewBrunswick/NBPHLFLUA10B-MM00057R/2026_H1N1,plate22-A/NewBrunswick/NBPHLFLUA10B-MM00057R/2026_H1N1,1.362e+04,1.943,1
flu-seqneut-2026-CTS-045,A/NovaScotia/25-365-06099/2025_H3N2,plate22-A/NovaScotia/25-365-06099/2025_H3N2,40,0,0
flu-seqneut-2026-CTS-045,A/NovaScotia/25-365-06099/2025_H3N2,plate22-A/NovaScotia/25-365-06099/2025_H3N2,92,0.03876,0.03876
flu-seqneut-2026-CTS-045,A/NovaScotia/25-365-06099/2025_H3N2,plate22-A/NovaScotia/25-365-06099/2025_H3N2,1119,0.229,0.229
flu-seqneut-2026-CTS-045,A/NovaScotia/25-365-06099/2025_H3N2,plate22-A/NovaScotia/25-365-06099/2025_H3N2,2575,0.2663,0.2663
flu-seqneut-2026-CTS-045,A/NovaScotia/25-365-06099/2025_H3N2,plate22-A/NovaScotia/25-365-06099/2025_H3N2,5921,2.397,1
flu-seqneut-2026-CTS-045,A/NovaScotia/25-365-06099/2025_H3N2,plate22-A/NovaScotia/25-365-06099/2025_H3N2,1.362e+04,1.495,1
flu-seqneut-2026-CTS-045,A/Ohio/259/2024_H1N1,plate22-A/Ohio/259/2024_H1N1,40,0.01146,0.01146
flu-seqneut-2026-CTS-045,A/Ohio/259/2024_H1N1,plate22-A/Ohio/259/2024_H1N1,92,0.2074,0.2074
flu-seqneut-2026-CTS-045,A/Ohio/259/2024_H1N1,plate22-A/Ohio/259/2024_H1N1,1119,0.4865,0.4865
flu-seqneut-2026-CTS-045,A/Ohio/259/2024_H1N1,plate22-A/Ohio/259/2024_H1N1,2575,0.5631,0.5631
flu-seqneut-2026-CTS-045,A/Ohio/259/2024_H1N1,plate22-A/Ohio/259/2024_H1N1,5921,1.895,1
flu-seqneut-2026-CTS-045,A/Ohio/259/2024_H1N1,plate22-A/Ohio/259/2024_H1N1,1.362e+04,1.411,1
flu-seqneut-2026-CTS-045,A/SantaCatarina/508/2026_H3N2,plate22-A/SantaCatarina/508/2026_H3N2,40,0,0
flu-seqneut-2026-CTS-045,A/SantaCatarina/508/2026_H3N2,plate22-A/SantaCatarina/508/2026_H3N2,92,0.04913,0.04913
flu-seqneut-2026-CTS-045,A/SantaCatarina/508/2026_H3N2,plate22-A/SantaCatarina/508/2026_H3N2,1119,0.3603,0.3603
flu-seqneut-2026-CTS-045,A/SantaCatarina/508/2026_H3N2,plate22-A/SantaCatarina/508/2026_H3N2,2575,0.5418,0.5418
flu-seqneut-2026-CTS-045,A/SantaCatarina/508/2026_H3N2,plate22-A/SantaCatarina/508/2026_H3N2,5921,2.961,1
flu-seqneut-2026-CTS-045,A/SantaCatarina/508/2026_H3N2,plate22-A/SantaCatarina/508/2026_H3N2,1.362e+04,2.206,1
flu-seqneut-2026-CTS-045,A/Singapore/MOH0547/2024_H1N1,plate22-A/Singapore/MOH0547/2024_H1N1,40,0.01476,0.01476
flu-seqneut-2026-CTS-045,A/Singapore/MOH0547/2024_H1N1,plate22-A/Singapore/MOH0547/2024_H1N1,92,0.1576,0.1576
flu-seqneut-2026-CTS-045,A/Singapore/MOH0547/2024_H1N1,plate22-A/Singapore/MOH0547/2024_H1N1,1119,0.4487,0.4487
flu-seqneut-2026-CTS-045,A/Singapore/MOH0547/2024_H1N1,plate22-A/Singapore/MOH0547/2024_H1N1,2575,1.024,1
flu-seqneut-2026-CTS-045,A/Singapore/MOH0547/2024_H1N1,plate22-A/Singapore/MOH0547/2024_H1N1,5921,2.71,1
flu-seqneut-2026-CTS-045,A/Singapore/MOH0547/2024_H1N1,plate22-A/Singapore/MOH0547/2024_H1N1,1.362e+04,1.907,1
flu-seqneut-2026-CTS-045,A/SouthAfrica/NHLS-SU-CERI-C075557/2026_H1N1,plate22-A/SouthAfrica/NHLS-SU-CERI-C075557/2026_H1N1,40,0.02259,0.02259
flu-seqneut-2026-CTS-045,A/SouthAfrica/NHLS-SU-CERI-C075557/2026_H1N1,plate22-A/SouthAfrica/NHLS-SU-CERI-C075557/2026_H1N1,92,0.3193,0.3193
flu-seqneut-2026-CTS-045,A/SouthAfrica/NHLS-SU-CERI-C075557/2026_H1N1,plate22-A/SouthAfrica/NHLS-SU-CERI-C075557/2026_H1N1,1119,0.7521,0.7521
flu-seqneut-2026-CTS-045,A/SouthAfrica/NHLS-SU-CERI-C075557/2026_H1N1,plate22-A/SouthAfrica/NHLS-SU-CERI-C075557/2026_H1N1,2575,0.6871,0.6871
flu-seqneut-2026-CTS-045,A/SouthAfrica/NHLS-SU-CERI-C075557/2026_H1N1,plate22-A/SouthAfrica/NHLS-SU-CERI-C075557/2026_H1N1,5921,2.438,1
flu-seqneut-2026-CTS-045,A/SouthAfrica/NHLS-SU-CERI-C075557/2026_H1N1,plate22-A/SouthAfrica/NHLS-SU-CERI-C075557/2026_H1N1,1.362e+04,1.386,1
flu-seqneut-2026-CTS-045,A/SouthAfrica/PATH-CERI-C073358/2025_H1N1,plate22-A/SouthAfrica/PATH-CERI-C073358/2025_H1N1,40,0.01804,0.01804
flu-seqneut-2026-CTS-045,A/SouthAfrica/PATH-CERI-C073358/2025_H1N1,plate22-A/SouthAfrica/PATH-CERI-C073358/2025_H1N1,92,0.1557,0.1557
flu-seqneut-2026-CTS-045,A/SouthAfrica/PATH-CERI-C073358/2025_H1N1,plate22-A/SouthAfrica/PATH-CERI-C073358/2025_H1N1,1119,0.5696,0.5696
flu-seqneut-2026-CTS-045,A/SouthAfrica/PATH-CERI-C073358/2025_H1N1,plate22-A/SouthAfrica/PATH-CERI-C073358/2025_H1N1,2575,0.5091,0.5091
flu-seqneut-2026-CTS-045,A/SouthAfrica/PATH-CERI-C073358/2025_H1N1,plate22-A/SouthAfrica/PATH-CERI-C073358/2025_H1N1,5921,2.418,1
flu-seqneut-2026-CTS-045,A/SouthAfrica/PATH-CERI-C073358/2025_H1N1,plate22-A/SouthAfrica/PATH-CERI-C073358/2025_H1N1,1.362e+04,1.432,1
flu-seqneut-2026-CTS-045,A/SouthAfrica/PATH-CERI-C075119/2026_H1N1,plate22-A/SouthAfrica/PATH-CERI-C075119/2026_H1N1,40,0.02309,0.02309
flu-seqneut-2026-CTS-045,A/SouthAfrica/PATH-CERI-C075119/2026_H1N1,plate22-A/SouthAfrica/PATH-CERI-C075119/2026_H1N1,92,0.3459,0.3459
flu-seqneut-2026-CTS-045,A/SouthAfrica/PATH-CERI-C075119/2026_H1N1,plate22-A/SouthAfrica/PATH-CERI-C075119/2026_H1N1,1119,0.6343,0.6343
flu-seqneut-2026-CTS-045,A/SouthAfrica/PATH-CERI-C075119/2026_H1N1,plate22-A/SouthAfrica/PATH-CERI-C075119/2026_H1N1,2575,1.03,1
flu-seqneut-2026-CTS-045,A/SouthAfrica/PATH-CERI-C075119/2026_H1N1,plate22-A/SouthAfrica/PATH-CERI-C075119/2026_H1N1,5921,2.91,1
flu-seqneut-2026-CTS-045,A/SouthAfrica/PATH-CERI-C075119/2026_H1N1,plate22-A/SouthAfrica/PATH-CERI-C075119/2026_H1N1,1.362e+04,1.787,1
flu-seqneut-2026-CTS-045,A/South_Australia/2527213276/2025_H3N2,plate22-A/South_Australia/2527213276/2025_H3N2,40,0,0
flu-seqneut-2026-CTS-045,A/South_Australia/2527213276/2025_H3N2,plate22-A/South_Australia/2527213276/2025_H3N2,92,0.006674,0.006674
flu-seqneut-2026-CTS-045,A/South_Australia/2527213276/2025_H3N2,plate22-A/South_Australia/2527213276/2025_H3N2,1119,0.2023,0.2023
flu-seqneut-2026-CTS-045,A/South_Australia/2527213276/2025_H3N2,plate22-A/South_Australia/2527213276/2025_H3N2,2575,0.4467,0.4467
flu-seqneut-2026-CTS-045,A/South_Australia/2527213276/2025_H3N2,plate22-A/South_Australia/2527213276/2025_H3N2,5921,0.738,0.738
flu-seqneut-2026-CTS-045,A/South_Australia/2527213276/2025_H3N2,plate22-A/South_Australia/2527213276/2025_H3N2,1.362e+04,1.368,1
flu-seqneut-2026-CTS-045,A/Thuringen/39/2026_H3N2,plate22-A/Thuringen/39/2026_H3N2,40,0.001333,0.001333
flu-seqneut-2026-CTS-045,A/Thuringen/39/2026_H3N2,plate22-A/Thuringen/39/2026_H3N2,92,0.1394,0.1394
flu-seqneut-2026-CTS-045,A/Thuringen/39/2026_H3N2,plate22-A/Thuringen/39/2026_H3N2,1119,0.5619,0.5619
flu-seqneut-2026-CTS-045,A/Thuringen/39/2026_H3N2,plate22-A/Thuringen/39/2026_H3N2,2575,0.4071,0.4071
flu-seqneut-2026-CTS-045,A/Thuringen/39/2026_H3N2,plate22-A/Thuringen/39/2026_H3N2,5921,1.122,1
flu-seqneut-2026-CTS-045,A/Thuringen/39/2026_H3N2,plate22-A/Thuringen/39/2026_H3N2,1.362e+04,1.691,1
flu-seqneut-2026-CTS-045,A/Tokyo/EIS11-277/2024_H1N1,plate22-A/Tokyo/EIS11-277/2024_H1N1,40,0.02249,0.02249
flu-seqneut-2026-CTS-045,A/Tokyo/EIS11-277/2024_H1N1,plate22-A/Tokyo/EIS11-277/2024_H1N1,92,0.2446,0.2446
flu-seqneut-2026-CTS-045,A/Tokyo/EIS11-277/2024_H1N1,plate22-A/Tokyo/EIS11-277/2024_H1N1,1119,0.4761,0.4761
flu-seqneut-2026-CTS-045,A/Tokyo/EIS11-277/2024_H1N1,plate22-A/Tokyo/EIS11-277/2024_H1N1,2575,0.4091,0.4091
flu-seqneut-2026-CTS-045,A/Tokyo/EIS11-277/2024_H1N1,plate22-A/Tokyo/EIS11-277/2024_H1N1,5921,2.717,1
flu-seqneut-2026-CTS-045,A/Tokyo/EIS11-277/2024_H1N1,plate22-A/Tokyo/EIS11-277/2024_H1N1,1.362e+04,2.189,1
flu-seqneut-2026-CTS-045,A/Uppsala/SE26-01293/2026_H1N1,plate22-A/Uppsala/SE26-01293/2026_H1N1,40,0.01753,0.01753
flu-seqneut-2026-CTS-045,A/Uppsala/SE26-01293/2026_H1N1,plate22-A/Uppsala/SE26-01293/2026_H1N1,92,0.1166,0.1166
flu-seqneut-2026-CTS-045,A/Uppsala/SE26-01293/2026_H1N1,plate22-A/Uppsala/SE26-01293/2026_H1N1,1119,0.6621,0.6621
flu-seqneut-2026-CTS-045,A/Uppsala/SE26-01293/2026_H1N1,plate22-A/Uppsala/SE26-01293/2026_H1N1,2575,0.5481,0.5481
flu-seqneut-2026-CTS-045,A/Uppsala/SE26-01293/2026_H1N1,plate22-A/Uppsala/SE26-01293/2026_H1N1,5921,2.345,1
flu-seqneut-2026-CTS-045,A/Uppsala/SE26-01293/2026_H1N1,plate22-A/Uppsala/SE26-01293/2026_H1N1,1.362e+04,0.7922,0.7922
flu-seqneut-2026-CTS-045,A/Victoria/2948/2025_H3N2,plate22-A/Victoria/2948/2025_H3N2,40,0,0
flu-seqneut-2026-CTS-045,A/Victoria/2948/2025_H3N2,plate22-A/Victoria/2948/2025_H3N2,92,0.04345,0.04345
flu-seqneut-2026-CTS-045,A/Victoria/2948/2025_H3N2,plate22-A/Victoria/2948/2025_H3N2,1119,0.7375,0.7375
flu-seqneut-2026-CTS-045,A/Victoria/2948/2025_H3N2,plate22-A/Victoria/2948/2025_H3N2,2575,0.5937,0.5937
flu-seqneut-2026-CTS-045,A/Victoria/2948/2025_H3N2,plate22-A/Victoria/2948/2025_H3N2,5921,2.982,1
flu-seqneut-2026-CTS-045,A/Victoria/2948/2025_H3N2,plate22-A/Victoria/2948/2025_H3N2,1.362e+04,1.484,1
flu-seqneut-2026-CTS-045,A/Victoria/4897/2022_IVR-238_H1N1,plate22-A/Victoria/4897/2022_IVR-238_H1N1,40,0.01028,0.01028
flu-seqneut-2026-CTS-045,A/Victoria/4897/2022_IVR-238_H1N1,plate22-A/Victoria/4897/2022_IVR-238_H1N1,92,0.04929,0.04929
flu-seqneut-2026-CTS-045,A/Victoria/4897/2022_IVR-238_H1N1,plate22-A/Victoria/4897/2022_IVR-238_H1N1,1119,0.8636,0.8636
flu-seqneut-2026-CTS-045,A/Victoria/4897/2022_IVR-238_H1N1,plate22-A/Victoria/4897/2022_IVR-238_H1N1,2575,1.713,1
flu-seqneut-2026-CTS-045,A/Victoria/4897/2022_IVR-238_H1N1,plate22-A/Victoria/4897/2022_IVR-238_H1N1,5921,2.981,1
flu-seqneut-2026-CTS-045,A/Victoria/4897/2022_IVR-238_H1N1,plate22-A/Victoria/4897/2022_IVR-238_H1N1,1.362e+04,2.017,1
flu-seqneut-2026-CTS-045,A/Wisconsin/588/2019_H1N1,plate22-A/Wisconsin/588/2019_H1N1,40,0.003907,0.003907
flu-seqneut-2026-CTS-045,A/Wisconsin/588/2019_H1N1,plate22-A/Wisconsin/588/2019_H1N1,92,0.155,0.155
flu-seqneut-2026-CTS-045,A/Wisconsin/588/2019_H1N1,plate22-A/Wisconsin/588/2019_H1N1,1119,0.6368,0.6368
flu-seqneut-2026-CTS-045,A/Wisconsin/588/2019_H1N1,plate22-A/Wisconsin/588/2019_H1N1,2575,0.4433,0.4433
flu-seqneut-2026-CTS-045,A/Wisconsin/588/2019_H1N1,plate22-A/Wisconsin/588/2019_H1N1,5921,2.346,1
flu-seqneut-2026-CTS-045,A/Wisconsin/588/2019_H1N1,plate22-A/Wisconsin/588/2019_H1N1,1.362e+04,1.74,1
flu-seqneut-2026-CTS-045,A/Zambia/7-NIC-313/2026_H1N1,plate22-A/Zambia/7-NIC-313/2026_H1N1,40,0.01414,0.01414
flu-seqneut-2026-CTS-045,A/Zambia/7-NIC-313/2026_H1N1,plate22-A/Zambia/7-NIC-313/2026_H1N1,92,0.2978,0.2978
flu-seqneut-2026-CTS-045,A/Zambia/7-NIC-313/2026_H1N1,plate22-A/Zambia/7-NIC-313/2026_H1N1,1119,0.6061,0.6061
flu-seqneut-2026-CTS-045,A/Zambia/7-NIC-313/2026_H1N1,plate22-A/Zambia/7-NIC-313/2026_H1N1,2575,0.9765,0.9765
flu-seqneut-2026-CTS-045,A/Zambia/7-NIC-313/2026_H1N1,plate22-A/Zambia/7-NIC-313/2026_H1N1,5921,2.741,1
flu-seqneut-2026-CTS-045,A/Zambia/7-NIC-313/2026_H1N1,plate22-A/Zambia/7-NIC-313/2026_H1N1,1.362e+04,1.573,1
flu-seqneut-2026-CTS-047,A/Andalucia/PMC-00977/2025_H1N1,plate22-A/Andalucia/PMC-00977/2025_H1N1,40,0,0
flu-seqneut-2026-CTS-047,A/Andalucia/PMC-00977/2025_H1N1,plate22-A/Andalucia/PMC-00977/2025_H1N1,92,0,0
flu-seqneut-2026-CTS-047,A/Andalucia/PMC-00977/2025_H1N1,plate22-A/Andalucia/PMC-00977/2025_H1N1,1119,0.1005,0.1005
flu-seqneut-2026-CTS-047,A/Andalucia/PMC-00977/2025_H1N1,plate22-A/Andalucia/PMC-00977/2025_H1N1,2575,0.8294,0.8294
flu-seqneut-2026-CTS-047,A/Andalucia/PMC-00977/2025_H1N1,plate22-A/Andalucia/PMC-00977/2025_H1N1,5921,2.846,1
flu-seqneut-2026-CTS-047,A/Andalucia/PMC-00977/2025_H1N1,plate22-A/Andalucia/PMC-00977/2025_H1N1,1.362e+04,1.576,1
flu-seqneut-2026-CTS-047,A/Andalucia/PMC-01217/2025_H1N1,plate22-A/Andalucia/PMC-01217/2025_H1N1,40,0,0
flu-seqneut-2026-CTS-047,A/Andalucia/PMC-01217/2025_H1N1,plate22-A/Andalucia/PMC-01217/2025_H1N1,92,0,0
flu-seqneut-2026-CTS-047,A/Andalucia/PMC-01217/2025_H1N1,plate22-A/Andalucia/PMC-01217/2025_H1N1,1119,0.1292,0.1292
flu-seqneut-2026-CTS-047,A/Andalucia/PMC-01217/2025_H1N1,plate22-A/Andalucia/PMC-01217/2025_H1N1,2575,0.5166,0.5166
flu-seqneut-2026-CTS-047,A/Andalucia/PMC-01217/2025_H1N1,plate22-A/Andalucia/PMC-01217/2025_H1N1,5921,1.857,1
flu-seqneut-2026-CTS-047,A/Andalucia/PMC-01217/2025_H1N1,plate22-A/Andalucia/PMC-01217/2025_H1N1,1.362e+04,1.191,1
flu-seqneut-2026-CTS-047,A/Andalucia/PMC-01495/2025_H1N1,plate22-A/Andalucia/PMC-01495/2025_H1N1,40,0.001824,0.001824
flu-seqneut-2026-CTS-047,A/Andalucia/PMC-01495/2025_H1N1,plate22-A/Andalucia/PMC-01495/2025_H1N1,92,0.0009389,0.0009389
flu-seqneut-2026-CTS-047,A/Andalucia/PMC-01495/2025_H1N1,plate22-A/Andalucia/PMC-01495/2025_H1N1,1119,0.1437,0.1437
flu-seqneut-2026-CTS-047,A/Andalucia/PMC-01495/2025_H1N1,plate22-A/Andalucia/PMC-01495/2025_H1N1,2575,0.592,0.592
flu-seqneut-2026-CTS-047,A/Andalucia/PMC-01495/2025_H1N1,plate22-A/Andalucia/PMC-01495/2025_H1N1,5921,2.84,1
flu-seqneut-2026-CTS-047,A/Andalucia/PMC-01495/2025_H1N1,plate22-A/Andalucia/PMC-01495/2025_H1N1,1.362e+04,1.668,1
flu-seqneut-2026-CTS-047,A/Arizona/40/2026_H1N1,plate22-A/Arizona/40/2026_H1N1,40,0,0
flu-seqneut-2026-CTS-047,A/Arizona/40/2026_H1N1,plate22-A/Arizona/40/2026_H1N1,92,0.005757,0.005757
flu-seqneut-2026-CTS-047,A/Arizona/40/2026_H1N1,plate22-A/Arizona/40/2026_H1N1,1119,0.08022,0.08022
flu-seqneut-2026-CTS-047,A/Arizona/40/2026_H1N1,plate22-A/Arizona/40/2026_H1N1,2575,0.6353,0.6353
flu-seqneut-2026-CTS-047,A/Arizona/40/2026_H1N1,plate22-A/Arizona/40/2026_H1N1,5921,2.835,1
flu-seqneut-2026-CTS-047,A/Arizona/40/2026_H1N1,plate22-A/Arizona/40/2026_H1N1,1.362e+04,1.735,1
flu-seqneut-2026-CTS-047,A/Astrakhan/RII-MH273373S/2025_H3N2,plate22-A/Astrakhan/RII-MH273373S/2025_H3N2,40,0.02283,0.02283
flu-seqneut-2026-CTS-047,A/Astrakhan/RII-MH273373S/2025_H3N2,plate22-A/Astrakhan/RII-MH273373S/2025_H3N2,92,0.1227,0.1227
flu-seqneut-2026-CTS-047,A/Astrakhan/RII-MH273373S/2025_H3N2,plate22-A/Astrakhan/RII-MH273373S/2025_H3N2,1119,0.5233,0.5233
flu-seqneut-2026-CTS-047,A/Astrakhan/RII-MH273373S/2025_H3N2,plate22-A/Astrakhan/RII-MH273373S/2025_H3N2,2575,0.8726,0.8726
flu-seqneut-2026-CTS-047,A/Astrakhan/RII-MH273373S/2025_H3N2,plate22-A/Astrakhan/RII-MH273373S/2025_H3N2,5921,2.61,1
flu-seqneut-2026-CTS-047,A/Astrakhan/RII-MH273373S/2025_H3N2,plate22-A/Astrakhan/RII-MH273373S/2025_H3N2,1.362e+04,1.287,1
flu-seqneut-2026-CTS-047,A/Asturias/232590913/2025_H1N1,plate22-A/Asturias/232590913/2025_H1N1,40,0,0
flu-seqneut-2026-CTS-047,A/Asturias/232590913/2025_H1N1,plate22-A/Asturias/232590913/2025_H1N1,92,0.002844,0.002844
flu-seqneut-2026-CTS-047,A/Asturias/232590913/2025_H1N1,plate22-A/Asturias/232590913/2025_H1N1,1119,0.1495,0.1495
flu-seqneut-2026-CTS-047,A/Asturias/232590913/2025_H1N1,plate22-A/Asturias/232590913/2025_H1N1,2575,0.7622,0.7622
flu-seqneut-2026-CTS-047,A/Asturias/232590913/2025_H1N1,plate22-A/Asturias/232590913/2025_H1N1,5921,2.767,1
flu-seqneut-2026-CTS-047,A/Asturias/232590913/2025_H1N1,plate22-A/Asturias/232590913/2025_H1N1,1.362e+04,1.751,1
flu-seqneut-2026-CTS-047,A/Badajoz/18811358/2026_H3N2,plate22-A/Badajoz/18811358/2026_H3N2,40,0.009802,0.009802
flu-seqneut-2026-CTS-047,A/Badajoz/18811358/2026_H3N2,plate22-A/Badajoz/18811358/2026_H3N2,92,0.1589,0.1589
flu-seqneut-2026-CTS-047,A/Badajoz/18811358/2026_H3N2,plate22-A/Badajoz/18811358/2026_H3N2,1119,1.045,1
flu-seqneut-2026-CTS-047,A/Badajoz/18811358/2026_H3N2,plate22-A/Badajoz/18811358/2026_H3N2,2575,1.117,1
flu-seqneut-2026-CTS-047,A/Badajoz/18811358/2026_H3N2,plate22-A/Badajoz/18811358/2026_H3N2,5921,2.93,1
flu-seqneut-2026-CTS-047,A/Badajoz/18811358/2026_H3N2,plate22-A/Badajoz/18811358/2026_H3N2,1.362e+04,1.783,1
flu-seqneut-2026-CTS-047,A/Blaenavon/6687/2026_H3N2,plate22-A/Blaenavon/6687/2026_H3N2,40,0.02113,0.02113
flu-seqneut-2026-CTS-047,A/Blaenavon/6687/2026_H3N2,plate22-A/Blaenavon/6687/2026_H3N2,92,0.2701,0.2701
flu-seqneut-2026-CTS-047,A/Blaenavon/6687/2026_H3N2,plate22-A/Blaenavon/6687/2026_H3N2,1119,0.8175,0.8175
flu-seqneut-2026-CTS-047,A/Blaenavon/6687/2026_H3N2,plate22-A/Blaenavon/6687/2026_H3N2,2575,1.259,1
flu-seqneut-2026-CTS-047,A/Blaenavon/6687/2026_H3N2,plate22-A/Blaenavon/6687/2026_H3N2,5921,2.638,1
flu-seqneut-2026-CTS-047,A/Blaenavon/6687/2026_H3N2,plate22-A/Blaenavon/6687/2026_H3N2,1.362e+04,2.048,1
flu-seqneut-2026-CTS-047,A/BritishColumbia/RV01350-26/2026_H1N1,plate22-A/BritishColumbia/RV01350-26/2026_H1N1,40,0.005633,0.005633
flu-seqneut-2026-CTS-047,A/BritishColumbia/RV01350-26/2026_H1N1,plate22-A/BritishColumbia/RV01350-26/2026_H1N1,92,0.0009666,0.0009666
flu-seqneut-2026-CTS-047,A/BritishColumbia/RV01350-26/2026_H1N1,plate22-A/BritishColumbia/RV01350-26/2026_H1N1,1119,0.1772,0.1772
flu-seqneut-2026-CTS-047,A/BritishColumbia/RV01350-26/2026_H1N1,plate22-A/BritishColumbia/RV01350-26/2026_H1N1,2575,0.606,0.606
flu-seqneut-2026-CTS-047,A/BritishColumbia/RV01350-26/2026_H1N1,plate22-A/BritishColumbia/RV01350-26/2026_H1N1,5921,2.676,1
flu-seqneut-2026-CTS-047,A/BritishColumbia/RV01350-26/2026_H1N1,plate22-A/BritishColumbia/RV01350-26/2026_H1N1,1.362e+04,2.358,1
flu-seqneut-2026-CTS-047,A/California/NIRC-IS-1019/2026_H1N1,plate22-A/California/NIRC-IS-1019/2026_H1N1,40,0.002254,0.002254
flu-seqneut-2026-CTS-047,A/California/NIRC-IS-1019/2026_H1N1,plate22-A/California/NIRC-IS-1019/2026_H1N1,92,0.00211,0.00211
flu-seqneut-2026-CTS-047,A/California/NIRC-IS-1019/2026_H1N1,plate22-A/California/NIRC-IS-1019/2026_H1N1,1119,0.2248,0.2248
flu-seqneut-2026-CTS-047,A/California/NIRC-IS-1019/2026_H1N1,plate22-A/California/NIRC-IS-1019/2026_H1N1,2575,0.7783,0.7783
flu-seqneut-2026-CTS-047,A/California/NIRC-IS-1019/2026_H1N1,plate22-A/California/NIRC-IS-1019/2026_H1N1,5921,2.727,1
flu-seqneut-2026-CTS-047,A/California/NIRC-IS-1019/2026_H1N1,plate22-A/California/NIRC-IS-1019/2026_H1N1,1.362e+04,1.487,1
flu-seqneut-2026-CTS-047,A/Colombia/1851/2024_H3N2,plate22-A/Colombia/1851/2024_H3N2,40,0.003832,0.003832
flu-seqneut-2026-CTS-047,A/Colombia/1851/2024_H3N2,plate22-A/Colombia/1851/2024_H3N2,92,0.006175,0.006175
flu-seqneut-2026-CTS-047,A/Colombia/1851/2024_H3N2,plate22-A/Colombia/1851/2024_H3N2,1119,0.3425,0.3425
flu-seqneut-2026-CTS-047,A/Colombia/1851/2024_H3N2,plate22-A/Colombia/1851/2024_H3N2,2575,0.9251,0.9251
flu-seqneut-2026-CTS-047,A/Colombia/1851/2024_H3N2,plate22-A/Colombia/1851/2024_H3N2,5921,2.226,1
flu-seqneut-2026-CTS-047,A/Colombia/1851/2024_H3N2,plate22-A/Colombia/1851/2024_H3N2,1.362e+04,1.881,1
flu-seqneut-2026-CTS-047,A/Connecticut/5/2026_H3N2,plate22-A/Connecticut/5/2026_H3N2,40,0.005712,0.005712
flu-seqneut-2026-CTS-047,A/Connecticut/5/2026_H3N2,plate22-A/Connecticut/5/2026_H3N2,92,0.5806,0.5806
flu-seqneut-2026-CTS-047,A/Connecticut/5/2026_H3N2,plate22-A/Connecticut/5/2026_H3N2,1119,0.5289,0.5289
flu-seqneut-2026-CTS-047,A/Connecticut/5/2026_H3N2,plate22-A/Connecticut/5/2026_H3N2,2575,1.061,1
flu-seqneut-2026-CTS-047,A/Connecticut/5/2026_H3N2,plate22-A/Connecticut/5/2026_H3N2,5921,2.938,1
flu-seqneut-2026-CTS-047,A/Connecticut/5/2026_H3N2,plate22-A/Connecticut/5/2026_H3N2,1.362e+04,1.968,1
flu-seqneut-2026-CTS-047,A/Darwin/1415/2025_H3N2,plate22-A/Darwin/1415/2025_H3N2,40,0.001973,0.001973
flu-seqneut-2026-CTS-047,A/Darwin/1415/2025_H3N2,plate22-A/Darwin/1415/2025_H3N2,92,0.01168,0.01168
flu-seqneut-2026-CTS-047,A/Darwin/1415/2025_H3N2,plate22-A/Darwin/1415/2025_H3N2,1119,0.1992,0.1992
flu-seqneut-2026-CTS-047,A/Darwin/1415/2025_H3N2,plate22-A/Darwin/1415/2025_H3N2,2575,0.4717,0.4717
flu-seqneut-2026-CTS-047,A/Darwin/1415/2025_H3N2,plate22-A/Darwin/1415/2025_H3N2,5921,1.623,1
flu-seqneut-2026-CTS-047,A/Darwin/1415/2025_H3N2,plate22-A/Darwin/1415/2025_H3N2,1.362e+04,0.8696,0.8696
flu-seqneut-2026-CTS-047,A/Denmark/4547/2025_H1N1,plate22-A/Denmark/4547/2025_H1N1,40,0,0
flu-seqneut-2026-CTS-047,A/Denmark/4547/2025_H1N1,plate22-A/Denmark/4547/2025_H1N1,92,0.001162,0.001162
flu-seqneut-2026-CTS-047,A/Denmark/4547/2025_H1N1,plate22-A/Denmark/4547/2025_H1N1,1119,0.08769,0.08769
flu-seqneut-2026-CTS-047,A/Denmark/4547/2025_H1N1,plate22-A/Denmark/4547/2025_H1N1,2575,0.3912,0.3912
flu-seqneut-2026-CTS-047,A/Denmark/4547/2025_H1N1,plate22-A/Denmark/4547/2025_H1N1,5921,1.915,1
flu-seqneut-2026-CTS-047,A/Denmark/4547/2025_H1N1,plate22-A/Denmark/4547/2025_H1N1,1.362e+04,1.095,1
flu-seqneut-2026-CTS-047,A/England/1893256/2026_H1N1,plate22-A/England/1893256/2026_H1N1,40,0.00409,0.00409
flu-seqneut-2026-CTS-047,A/England/1893256/2026_H1N1,plate22-A/England/1893256/2026_H1N1,92,0,0
flu-seqneut-2026-CTS-047,A/England/1893256/2026_H1N1,plate22-A/England/1893256/2026_H1N1,1119,0.07292,0.07292
flu-seqneut-2026-CTS-047,A/England/1893256/2026_H1N1,plate22-A/England/1893256/2026_H1N1,2575,0.5367,0.5367
flu-seqneut-2026-CTS-047,A/England/1893256/2026_H1N1,plate22-A/England/1893256/2026_H1N1,5921,2.992,1
flu-seqneut-2026-CTS-047,A/England/1893256/2026_H1N1,plate22-A/England/1893256/2026_H1N1,1.362e+04,1.926,1
flu-seqneut-2026-CTS-047,A/France/ARA-HCL025195259501/2025_H1N1,plate22-A/France/ARA-HCL025195259501/2025_H1N1,40,0,0
flu-seqneut-2026-CTS-047,A/France/ARA-HCL025195259501/2025_H1N1,plate22-A/France/ARA-HCL025195259501/2025_H1N1,92,0.00246,0.00246
flu-seqneut-2026-CTS-047,A/France/ARA-HCL025195259501/2025_H1N1,plate22-A/France/ARA-HCL025195259501/2025_H1N1,1119,0.1781,0.1781
flu-seqneut-2026-CTS-047,A/France/ARA-HCL025195259501/2025_H1N1,plate22-A/France/ARA-HCL025195259501/2025_H1N1,2575,0.683,0.683
flu-seqneut-2026-CTS-047,A/France/ARA-HCL025195259501/2025_H1N1,plate22-A/France/ARA-HCL025195259501/2025_H1N1,5921,2.415,1
flu-seqneut-2026-CTS-047,A/France/ARA-HCL025195259501/2025_H1N1,plate22-A/France/ARA-HCL025195259501/2025_H1N1,1.362e+04,1.59,1
flu-seqneut-2026-CTS-047,A/France/ARA-HCL026031894402/2026_H3N2,plate22-A/France/ARA-HCL026031894402/2026_H3N2,40,0.03239,0.03239
flu-seqneut-2026-CTS-047,A/France/ARA-HCL026031894402/2026_H3N2,plate22-A/France/ARA-HCL026031894402/2026_H3N2,92,0.2959,0.2959
flu-seqneut-2026-CTS-047,A/France/ARA-HCL026031894402/2026_H3N2,plate22-A/France/ARA-HCL026031894402/2026_H3N2,1119,0.6395,0.6395
flu-seqneut-2026-CTS-047,A/France/ARA-HCL026031894402/2026_H3N2,plate22-A/France/ARA-HCL026031894402/2026_H3N2,2575,1.301,1
flu-seqneut-2026-CTS-047,A/France/ARA-HCL026031894402/2026_H3N2,plate22-A/France/ARA-HCL026031894402/2026_H3N2,5921,2.919,1
flu-seqneut-2026-CTS-047,A/France/ARA-HCL026031894402/2026_H3N2,plate22-A/France/ARA-HCL026031894402/2026_H3N2,1.362e+04,2.567,1
flu-seqneut-2026-CTS-047,A/France/GES-IPP00659/2026_H1N1,plate22-A/France/GES-IPP00659/2026_H1N1,40,0.002331,0.002331
flu-seqneut-2026-CTS-047,A/France/GES-IPP00659/2026_H1N1,plate22-A/France/GES-IPP00659/2026_H1N1,92,0,0
flu-seqneut-2026-CTS-047,A/France/GES-IPP00659/2026_H1N1,plate22-A/France/GES-IPP00659/2026_H1N1,1119,0.137,0.137
flu-seqneut-2026-CTS-047,A/France/GES-IPP00659/2026_H1N1,plate22-A/France/GES-IPP00659/2026_H1N1,2575,0.7043,0.7043
flu-seqneut-2026-CTS-047,A/France/GES-IPP00659/2026_H1N1,plate22-A/France/GES-IPP00659/2026_H1N1,5921,2.433,1
flu-seqneut-2026-CTS-047,A/France/GES-IPP00659/2026_H1N1,plate22-A/France/GES-IPP00659/2026_H1N1,1.362e+04,2.598,1
flu-seqneut-2026-CTS-047,A/France/HDF-RELAB-IPP00300/2026_H3N2,plate22-A/France/HDF-RELAB-IPP00300/2026_H3N2,40,0.005051,0.005051
flu-seqneut-2026-CTS-047,A/France/HDF-RELAB-IPP00300/2026_H3N2,plate22-A/France/HDF-RELAB-IPP00300/2026_H3N2,92,0.08462,0.08462
flu-seqneut-2026-CTS-047,A/France/HDF-RELAB-IPP00300/2026_H3N2,plate22-A/France/HDF-RELAB-IPP00300/2026_H3N2,1119,0.7107,0.7107
flu-seqneut-2026-CTS-047,A/France/HDF-RELAB-IPP00300/2026_H3N2,plate22-A/France/HDF-RELAB-IPP00300/2026_H3N2,2575,0.8621,0.8621
flu-seqneut-2026-CTS-047,A/France/HDF-RELAB-IPP00300/2026_H3N2,plate22-A/France/HDF-RELAB-IPP00300/2026_H3N2,5921,2.133,1
flu-seqneut-2026-CTS-047,A/France/HDF-RELAB-IPP00300/2026_H3N2,plate22-A/France/HDF-RELAB-IPP00300/2026_H3N2,1.362e+04,2.076,1
flu-seqneut-2026-CTS-047,A/France/NAQ-HCL026046169102/2025_H1N1,plate22-A/France/NAQ-HCL026046169102/2025_H1N1,40,0,0
flu-seqneut-2026-CTS-047,A/France/NAQ-HCL026046169102/2025_H1N1,plate22-A/France/NAQ-HCL026046169102/2025_H1N1,92,0.00615,0.00615
flu-seqneut-2026-CTS-047,A/France/NAQ-HCL026046169102/2025_H1N1,plate22-A/France/NAQ-HCL026046169102/2025_H1N1,1119,0.08287,0.08287
flu-seqneut-2026-CTS-047,A/France/NAQ-HCL026046169102/2025_H1N1,plate22-A/France/NAQ-HCL026046169102/2025_H1N1,2575,0.7002,0.7002
flu-seqneut-2026-CTS-047,A/France/NAQ-HCL026046169102/2025_H1N1,plate22-A/France/NAQ-HCL026046169102/2025_H1N1,5921,1.761,1
flu-seqneut-2026-CTS-047,A/France/NAQ-HCL026046169102/2025_H1N1,plate22-A/France/NAQ-HCL026046169102/2025_H1N1,1.362e+04,0.9305,0.9305
flu-seqneut-2026-CTS-047,A/Galicia/GA-CHUAC-451/2025_H3N2,plate22-A/Galicia/GA-CHUAC-451/2025_H3N2,40,0,0
flu-seqneut-2026-CTS-047,A/Galicia/GA-CHUAC-451/2025_H3N2,plate22-A/Galicia/GA-CHUAC-451/2025_H3N2,92,0,0
flu-seqneut-2026-CTS-047,A/Galicia/GA-CHUAC-451/2025_H3N2,plate22-A/Galicia/GA-CHUAC-451/2025_H3N2,1119,0.2256,0.2256
flu-seqneut-2026-CTS-047,A/Galicia/GA-CHUAC-451/2025_H3N2,plate22-A/Galicia/GA-CHUAC-451/2025_H3N2,2575,0.6391,0.6391
flu-seqneut-2026-CTS-047,A/Galicia/GA-CHUAC-451/2025_H3N2,plate22-A/Galicia/GA-CHUAC-451/2025_H3N2,5921,2.836,1
flu-seqneut-2026-CTS-047,A/Galicia/GA-CHUAC-451/2025_H3N2,plate22-A/Galicia/GA-CHUAC-451/2025_H3N2,1.362e+04,2.016,1
flu-seqneut-2026-CTS-047,A/Hawaii/70/2019_H1N1,plate22-A/Hawaii/70/2019_H1N1,40,0.001686,0.001686
flu-seqneut-2026-CTS-047,A/Hawaii/70/2019_H1N1,plate22-A/Hawaii/70/2019_H1N1,92,0.00243,0.00243
flu-seqneut-2026-CTS-047,A/Hawaii/70/2019_H1N1,plate22-A/Hawaii/70/2019_H1N1,1119,0.002546,0.002546
flu-seqneut-2026-CTS-047,A/Hawaii/70/2019_H1N1,plate22-A/Hawaii/70/2019_H1N1,2575,0.1616,0.1616
flu-seqneut-2026-CTS-047,A/Hawaii/70/2019_H1N1,plate22-A/Hawaii/70/2019_H1N1,5921,2.525,1
flu-seqneut-2026-CTS-047,A/Hawaii/70/2019_H1N1,plate22-A/Hawaii/70/2019_H1N1,1.362e+04,0.9345,0.9345
flu-seqneut-2026-CTS-047,A/Hawaii/ISC-1140/2025_H1N1,plate22-A/Hawaii/ISC-1140/2025_H1N1,40,0.004694,0.004694
flu-seqneut-2026-CTS-047,A/Hawaii/ISC-1140/2025_H1N1,plate22-A/Hawaii/ISC-1140/2025_H1N1,92,0.005638,0.005638
flu-seqneut-2026-CTS-047,A/Hawaii/ISC-1140/2025_H1N1,plate22-A/Hawaii/ISC-1140/2025_H1N1,1119,0.04578,0.04578
flu-seqneut-2026-CTS-047,A/Hawaii/ISC-1140/2025_H1N1,plate22-A/Hawaii/ISC-1140/2025_H1N1,2575,0.2383,0.2383
flu-seqneut-2026-CTS-047,A/Hawaii/ISC-1140/2025_H1N1,plate22-A/Hawaii/ISC-1140/2025_H1N1,5921,1.108,1
flu-seqneut-2026-CTS-047,A/Hawaii/ISC-1140/2025_H1N1,plate22-A/Hawaii/ISC-1140/2025_H1N1,1.362e+04,0.8078,0.8078
flu-seqneut-2026-CTS-047,A/Kentucky/80/2025_H1N1,plate22-A/Kentucky/80/2025_H1N1,40,0.001691,0.001691
flu-seqneut-2026-CTS-047,A/Kentucky/80/2025_H1N1,plate22-A/Kentucky/80/2025_H1N1,92,0.004063,0.004063
flu-seqneut-2026-CTS-047,A/Kentucky/80/2025_H1N1,plate22-A/Kentucky/80/2025_H1N1,1119,0.1644,0.1644
flu-seqneut-2026-CTS-047,A/Kentucky/80/2025_H1N1,plate22-A/Kentucky/80/2025_H1N1,2575,0.5878,0.5878
flu-seqneut-2026-CTS-047,A/Kentucky/80/2025_H1N1,plate22-A/Kentucky/80/2025_H1N1,5921,2.457,1
flu-seqneut-2026-CTS-047,A/Kentucky/80/2025_H1N1,plate22-A/Kentucky/80/2025_H1N1,1.362e+04,1.522,1
flu-seqneut-2026-CTS-047,A/Mauritius/26000203/2026_H1N1,plate22-A/Mauritius/26000203/2026_H1N1,40,0.003145,0.003145
flu-seqneut-2026-CTS-047,A/Mauritius/26000203/2026_H1N1,plate22-A/Mauritius/26000203/2026_H1N1,92,0.002591,0.002591
flu-seqneut-2026-CTS-047,A/Mauritius/26000203/2026_H1N1,plate22-A/Mauritius/26000203/2026_H1N1,1119,0.1615,0.1615
flu-seqneut-2026-CTS-047,A/Mauritius/26000203/2026_H1N1,plate22-A/Mauritius/26000203/2026_H1N1,2575,0.4115,0.4115
flu-seqneut-2026-CTS-047,A/Mauritius/26000203/2026_H1N1,plate22-A/Mauritius/26000203/2026_H1N1,5921,2.035,1
flu-seqneut-2026-CTS-047,A/Mauritius/26000203/2026_H1N1,plate22-A/Mauritius/26000203/2026_H1N1,1.362e+04,1.36,1
flu-seqneut-2026-CTS-047,A/Michigan/UM-10068071276/2025_H3N2,plate22-A/Michigan/UM-10068071276/2025_H3N2,40,0.0158,0.0158
flu-seqneut-2026-CTS-047,A/Michigan/UM-10068071276/2025_H3N2,plate22-A/Michigan/UM-10068071276/2025_H3N2,92,0.07526,0.07526
flu-seqneut-2026-CTS-047,A/Michigan/UM-10068071276/2025_H3N2,plate22-A/Michigan/UM-10068071276/2025_H3N2,1119,0.5199,0.5199
flu-seqneut-2026-CTS-047,A/Michigan/UM-10068071276/2025_H3N2,plate22-A/Michigan/UM-10068071276/2025_H3N2,2575,0.8384,0.8384
flu-seqneut-2026-CTS-047,A/Michigan/UM-10068071276/2025_H3N2,plate22-A/Michigan/UM-10068071276/2025_H3N2,5921,2.061,1
flu-seqneut-2026-CTS-047,A/Michigan/UM-10068071276/2025_H3N2,plate22-A/Michigan/UM-10068071276/2025_H3N2,1.362e+04,1.56,1
flu-seqneut-2026-CTS-047,A/Michigan/UM-10068134090/2025_H3N2,plate22-A/Michigan/UM-10068134090/2025_H3N2,40,0.007334,0.007334
flu-seqneut-2026-CTS-047,A/Michigan/UM-10068134090/2025_H3N2,plate22-A/Michigan/UM-10068134090/2025_H3N2,92,0.1145,0.1145
flu-seqneut-2026-CTS-047,A/Michigan/UM-10068134090/2025_H3N2,plate22-A/Michigan/UM-10068134090/2025_H3N2,1119,0.4038,0.4038
flu-seqneut-2026-CTS-047,A/Michigan/UM-10068134090/2025_H3N2,plate22-A/Michigan/UM-10068134090/2025_H3N2,2575,1.382,1
flu-seqneut-2026-CTS-047,A/Michigan/UM-10068134090/2025_H3N2,plate22-A/Michigan/UM-10068134090/2025_H3N2,5921,2.263,1
flu-seqneut-2026-CTS-047,A/Michigan/UM-10068134090/2025_H3N2,plate22-A/Michigan/UM-10068134090/2025_H3N2,1.362e+04,1.91,1
flu-seqneut-2026-CTS-047,A/Michigan/UM-10068449788/2025_H3N2,plate22-A/Michigan/UM-10068449788/2025_H3N2,40,0.03598,0.03598
flu-seqneut-2026-CTS-047,A/Michigan/UM-10068449788/2025_H3N2,plate22-A/Michigan/UM-10068449788/2025_H3N2,92,0.4877,0.4877
flu-seqneut-2026-CTS-047,A/Michigan/UM-10068449788/2025_H3N2,plate22-A/Michigan/UM-10068449788/2025_H3N2,1119,0.5789,0.5789
flu-seqneut-2026-CTS-047,A/Michigan/UM-10068449788/2025_H3N2,plate22-A/Michigan/UM-10068449788/2025_H3N2,2575,1.61,1
flu-seqneut-2026-CTS-047,A/Michigan/UM-10068449788/2025_H3N2,plate22-A/Michigan/UM-10068449788/2025_H3N2,5921,2.993,1
flu-seqneut-2026-CTS-047,A/Michigan/UM-10068449788/2025_H3N2,plate22-A/Michigan/UM-10068449788/2025_H3N2,1.362e+04,1.755,1
flu-seqneut-2026-CTS-047,A/Mississippi/20/2026_H1N1,plate22-A/Mississippi/20/2026_H1N1,40,0,0
flu-seqneut-2026-CTS-047,A/Mississippi/20/2026_H1N1,plate22-A/Mississippi/20/2026_H1N1,92,0.0005481,0.0005481
flu-seqneut-2026-CTS-047,A/Mississippi/20/2026_H1N1,plate22-A/Mississippi/20/2026_H1N1,1119,0.252,0.252
flu-seqneut-2026-CTS-047,A/Mississippi/20/2026_H1N1,plate22-A/Mississippi/20/2026_H1N1,2575,1.071,1
flu-seqneut-2026-CTS-047,A/Mississippi/20/2026_H1N1,plate22-A/Mississippi/20/2026_H1N1,5921,1.241,1
flu-seqneut-2026-CTS-047,A/Mississippi/20/2026_H1N1,plate22-A/Mississippi/20/2026_H1N1,1.362e+04,1.024,1
flu-seqneut-2026-CTS-047,A/Missouri/11/2025_cell_H1N1,plate22-A/Missouri/11/2025_cell_H1N1,40,0.007091,0.007091
flu-seqneut-2026-CTS-047,A/Missouri/11/2025_cell_H1N1,plate22-A/Missouri/11/2025_cell_H1N1,92,0.004172,0.004172
flu-seqneut-2026-CTS-047,A/Missouri/11/2025_cell_H1N1,plate22-A/Missouri/11/2025_cell_H1N1,1119,0.1574,0.1574
flu-seqneut-2026-CTS-047,A/Missouri/11/2025_cell_H1N1,plate22-A/Missouri/11/2025_cell_H1N1,2575,0.6255,0.6255
flu-seqneut-2026-CTS-047,A/Missouri/11/2025_cell_H1N1,plate22-A/Missouri/11/2025_cell_H1N1,5921,2.676,1
flu-seqneut-2026-CTS-047,A/Missouri/11/2025_cell_H1N1,plate22-A/Missouri/11/2025_cell_H1N1,1.362e+04,1.366,1
flu-seqneut-2026-CTS-047,A/Missouri/11/2025_egg_H1N1,plate22-A/Missouri/11/2025_egg_H1N1,40,0.005824,0.005824
flu-seqneut-2026-CTS-047,A/Missouri/11/2025_egg_H1N1,plate22-A/Missouri/11/2025_egg_H1N1,92,0.002878,0.002878
flu-seqneut-2026-CTS-047,A/Missouri/11/2025_egg_H1N1,plate22-A/Missouri/11/2025_egg_H1N1,1119,0,0
flu-seqneut-2026-CTS-047,A/Missouri/11/2025_egg_H1N1,plate22-A/Missouri/11/2025_egg_H1N1,2575,0.008726,0.008726
flu-seqneut-2026-CTS-047,A/Missouri/11/2025_egg_H1N1,plate22-A/Missouri/11/2025_egg_H1N1,5921,0.6733,0.6733
flu-seqneut-2026-CTS-047,A/Missouri/11/2025_egg_H1N1,plate22-A/Missouri/11/2025_egg_H1N1,1.362e+04,0.6668,0.6668
flu-seqneut-2026-CTS-047,A/Nebraska/34/2026_H1N1,plate22-A/Nebraska/34/2026_H1N1,40,0,0
flu-seqneut-2026-CTS-047,A/Nebraska/34/2026_H1N1,plate22-A/Nebraska/34/2026_H1N1,92,0,0
flu-seqneut-2026-CTS-047,A/Nebraska/34/2026_H1N1,plate22-A/Nebraska/34/2026_H1N1,1119,0.03868,0.03868
flu-seqneut-2026-CTS-047,A/Nebraska/34/2026_H1N1,plate22-A/Nebraska/34/2026_H1N1,2575,0.3982,0.3982
flu-seqneut-2026-CTS-047,A/Nebraska/34/2026_H1N1,plate22-A/Nebraska/34/2026_H1N1,5921,2.611,1
flu-seqneut-2026-CTS-047,A/Nebraska/34/2026_H1N1,plate22-A/Nebraska/34/2026_H1N1,1.362e+04,1.555,1
flu-seqneut-2026-CTS-047,A/Netherlands/543/2026_H1N1,plate22-A/Netherlands/543/2026_H1N1,40,0.002685,0.002685
flu-seqneut-2026-CTS-047,A/Netherlands/543/2026_H1N1,plate22-A/Netherlands/543/2026_H1N1,92,0.008847,0.008847
flu-seqneut-2026-CTS-047,A/Netherlands/543/2026_H1N1,plate22-A/Netherlands/543/2026_H1N1,1119,0.1217,0.1217
flu-seqneut-2026-CTS-047,A/Netherlands/543/2026_H1N1,plate22-A/Netherlands/543/2026_H1N1,2575,0.5069,0.5069
flu-seqneut-2026-CTS-047,A/Netherlands/543/2026_H1N1,plate22-A/Netherlands/543/2026_H1N1,5921,2.501,1
flu-seqneut-2026-CTS-047,A/Netherlands/543/2026_H1N1,plate22-A/Netherlands/543/2026_H1N1,1.362e+04,1.213,1
flu-seqneut-2026-CTS-047,A/NewBrunswick/NBPHLFLUA10B-MM00057R/2026_H1N1,plate22-A/NewBrunswick/NBPHLFLUA10B-MM00057R/2026_H1N1,40,0.002686,0.002686
flu-seqneut-2026-CTS-047,A/NewBrunswick/NBPHLFLUA10B-MM00057R/2026_H1N1,plate22-A/NewBrunswick/NBPHLFLUA10B-MM00057R/2026_H1N1,92,0.001383,0.001383
flu-seqneut-2026-CTS-047,A/NewBrunswick/NBPHLFLUA10B-MM00057R/2026_H1N1,plate22-A/NewBrunswick/NBPHLFLUA10B-MM00057R/2026_H1N1,1119,0.05535,0.05535
flu-seqneut-2026-CTS-047,A/NewBrunswick/NBPHLFLUA10B-MM00057R/2026_H1N1,plate22-A/NewBrunswick/NBPHLFLUA10B-MM00057R/2026_H1N1,2575,0.806,0.806
flu-seqneut-2026-CTS-047,A/NewBrunswick/NBPHLFLUA10B-MM00057R/2026_H1N1,plate22-A/NewBrunswick/NBPHLFLUA10B-MM00057R/2026_H1N1,5921,2.077,1
flu-seqneut-2026-CTS-047,A/NewBrunswick/NBPHLFLUA10B-MM00057R/2026_H1N1,plate22-A/NewBrunswick/NBPHLFLUA10B-MM00057R/2026_H1N1,1.362e+04,1.979,1
flu-seqneut-2026-CTS-047,A/NovaScotia/25-365-06099/2025_H3N2,plate22-A/NovaScotia/25-365-06099/2025_H3N2,40,0.008457,0.008457
flu-seqneut-2026-CTS-047,A/NovaScotia/25-365-06099/2025_H3N2,plate22-A/NovaScotia/25-365-06099/2025_H3N2,92,0.05909,0.05909
flu-seqneut-2026-CTS-047,A/NovaScotia/25-365-06099/2025_H3N2,plate22-A/NovaScotia/25-365-06099/2025_H3N2,1119,0.2413,0.2413
flu-seqneut-2026-CTS-047,A/NovaScotia/25-365-06099/2025_H3N2,plate22-A/NovaScotia/25-365-06099/2025_H3N2,2575,0.5791,0.5791
flu-seqneut-2026-CTS-047,A/NovaScotia/25-365-06099/2025_H3N2,plate22-A/NovaScotia/25-365-06099/2025_H3N2,5921,2.377,1
flu-seqneut-2026-CTS-047,A/NovaScotia/25-365-06099/2025_H3N2,plate22-A/NovaScotia/25-365-06099/2025_H3N2,1.362e+04,1.882,1
flu-seqneut-2026-CTS-047,A/Ohio/259/2024_H1N1,plate22-A/Ohio/259/2024_H1N1,40,0.002526,0.002526
flu-seqneut-2026-CTS-047,A/Ohio/259/2024_H1N1,plate22-A/Ohio/259/2024_H1N1,92,0.002838,0.002838
flu-seqneut-2026-CTS-047,A/Ohio/259/2024_H1N1,plate22-A/Ohio/259/2024_H1N1,1119,0.02905,0.02905
flu-seqneut-2026-CTS-047,A/Ohio/259/2024_H1N1,plate22-A/Ohio/259/2024_H1N1,2575,0.4582,0.4582
flu-seqneut-2026-CTS-047,A/Ohio/259/2024_H1N1,plate22-A/Ohio/259/2024_H1N1,5921,1.512,1
flu-seqneut-2026-CTS-047,A/Ohio/259/2024_H1N1,plate22-A/Ohio/259/2024_H1N1,1.362e+04,1.379,1
flu-seqneut-2026-CTS-047,A/Ontario/PHL202550193/2025_H3N2,plate22-A/Ontario/PHL202550193/2025_H3N2,40,0.01466,0.01466
flu-seqneut-2026-CTS-047,A/Ontario/PHL202550193/2025_H3N2,plate22-A/Ontario/PHL202550193/2025_H3N2,92,0.1996,0.1996
flu-seqneut-2026-CTS-047,A/Ontario/PHL202550193/2025_H3N2,plate22-A/Ontario/PHL202550193/2025_H3N2,1119,0.4128,0.4128
flu-seqneut-2026-CTS-047,A/Ontario/PHL202550193/2025_H3N2,plate22-A/Ontario/PHL202550193/2025_H3N2,2575,1.149,1
flu-seqneut-2026-CTS-047,A/Ontario/PHL202550193/2025_H3N2,plate22-A/Ontario/PHL202550193/2025_H3N2,5921,2.502,1
flu-seqneut-2026-CTS-047,A/Ontario/PHL202550193/2025_H3N2,plate22-A/Ontario/PHL202550193/2025_H3N2,1.362e+04,1.532,1
flu-seqneut-2026-CTS-047,A/PaisVasco/70369726/2026_H1N1,plate22-A/PaisVasco/70369726/2026_H1N1,40,0.00302,0.00302
flu-seqneut-2026-CTS-047,A/PaisVasco/70369726/2026_H1N1,plate22-A/PaisVasco/70369726/2026_H1N1,92,0.004663,0.004663
flu-seqneut-2026-CTS-047,A/PaisVasco/70369726/2026_H1N1,plate22-A/PaisVasco/70369726/2026_H1N1,1119,0.0874,0.0874
flu-seqneut-2026-CTS-047,A/PaisVasco/70369726/2026_H1N1,plate22-A/PaisVasco/70369726/2026_H1N1,2575,0.683,0.683
flu-seqneut-2026-CTS-047,A/PaisVasco/70369726/2026_H1N1,plate22-A/PaisVasco/70369726/2026_H1N1,5921,2.072,1
flu-seqneut-2026-CTS-047,A/PaisVasco/70369726/2026_H1N1,plate22-A/PaisVasco/70369726/2026_H1N1,1.362e+04,1.495,1
flu-seqneut-2026-CTS-047,A/Rhode_Island/11/2026_H1N1,plate22-A/Rhode_Island/11/2026_H1N1,40,0.001808,0.001808
flu-seqneut-2026-CTS-047,A/Rhode_Island/11/2026_H1N1,plate22-A/Rhode_Island/11/2026_H1N1,92,0.001861,0.001861
flu-seqneut-2026-CTS-047,A/Rhode_Island/11/2026_H1N1,plate22-A/Rhode_Island/11/2026_H1N1,1119,0.1651,0.1651
flu-seqneut-2026-CTS-047,A/Rhode_Island/11/2026_H1N1,plate22-A/Rhode_Island/11/2026_H1N1,2575,0.6319,0.6319
flu-seqneut-2026-CTS-047,A/Rhode_Island/11/2026_H1N1,plate22-A/Rhode_Island/11/2026_H1N1,5921,2.522,1
flu-seqneut-2026-CTS-047,A/Rhode_Island/11/2026_H1N1,plate22-A/Rhode_Island/11/2026_H1N1,1.362e+04,1.509,1
flu-seqneut-2026-CTS-047,A/RiodeJaneiro/331/2026_H3N2,plate22-A/RiodeJaneiro/331/2026_H3N2,40,0.02416,0.02416
flu-seqneut-2026-CTS-047,A/RiodeJaneiro/331/2026_H3N2,plate22-A/RiodeJaneiro/331/2026_H3N2,92,0.105,0.105
flu-seqneut-2026-CTS-047,A/RiodeJaneiro/331/2026_H3N2,plate22-A/RiodeJaneiro/331/2026_H3N2,1119,0.7793,0.7793
flu-seqneut-2026-CTS-047,A/RiodeJaneiro/331/2026_H3N2,plate22-A/RiodeJaneiro/331/2026_H3N2,2575,0.7782,0.7782
flu-seqneut-2026-CTS-047,A/RiodeJaneiro/331/2026_H3N2,plate22-A/RiodeJaneiro/331/2026_H3N2,5921,2.666,1
flu-seqneut-2026-CTS-047,A/RiodeJaneiro/331/2026_H3N2,plate22-A/RiodeJaneiro/331/2026_H3N2,1.362e+04,1.387,1
flu-seqneut-2026-CTS-047,A/SantaCatarina/508/2026_H3N2,plate22-A/SantaCatarina/508/2026_H3N2,40,0.01418,0.01418
flu-seqneut-2026-CTS-047,A/SantaCatarina/508/2026_H3N2,plate22-A/SantaCatarina/508/2026_H3N2,92,0.1094,0.1094
flu-seqneut-2026-CTS-047,A/SantaCatarina/508/2026_H3N2,plate22-A/SantaCatarina/508/2026_H3N2,1119,0.4078,0.4078
flu-seqneut-2026-CTS-047,A/SantaCatarina/508/2026_H3N2,plate22-A/SantaCatarina/508/2026_H3N2,2575,1.022,1
flu-seqneut-2026-CTS-047,A/SantaCatarina/508/2026_H3N2,plate22-A/SantaCatarina/508/2026_H3N2,5921,2.752,1
flu-seqneut-2026-CTS-047,A/SantaCatarina/508/2026_H3N2,plate22-A/SantaCatarina/508/2026_H3N2,1.362e+04,2,1
flu-seqneut-2026-CTS-047,A/Saskatchewan/SKFLU490586/2026_H1N1,plate22-A/Saskatchewan/SKFLU490586/2026_H1N1,40,0.008128,0.008128
flu-seqneut-2026-CTS-047,A/Saskatchewan/SKFLU490586/2026_H1N1,plate22-A/Saskatchewan/SKFLU490586/2026_H1N1,92,0.004184,0.004184
flu-seqneut-2026-CTS-047,A/Saskatchewan/SKFLU490586/2026_H1N1,plate22-A/Saskatchewan/SKFLU490586/2026_H1N1,1119,0.06424,0.06424
flu-seqneut-2026-CTS-047,A/Saskatchewan/SKFLU490586/2026_H1N1,plate22-A/Saskatchewan/SKFLU490586/2026_H1N1,2575,1.304,1
flu-seqneut-2026-CTS-047,A/Saskatchewan/SKFLU490586/2026_H1N1,plate22-A/Saskatchewan/SKFLU490586/2026_H1N1,5921,2.124,1
flu-seqneut-2026-CTS-047,A/Saskatchewan/SKFLU490586/2026_H1N1,plate22-A/Saskatchewan/SKFLU490586/2026_H1N1,1.362e+04,1.88,1
flu-seqneut-2026-CTS-047,A/Singapore/GP20238/2024_H3N2,plate22-A/Singapore/GP20238/2024_H3N2,40,0,0
flu-seqneut-2026-CTS-047,A/Singapore/GP20238/2024_H3N2,plate22-A/Singapore/GP20238/2024_H3N2,92,0.01824,0.01824
flu-seqneut-2026-CTS-047,A/Singapore/GP20238/2024_H3N2,plate22-A/Singapore/GP20238/2024_H3N2,1119,0.5124,0.5124
flu-seqneut-2026-CTS-047,A/Singapore/GP20238/2024_H3N2,plate22-A/Singapore/GP20238/2024_H3N2,2575,1.165,1
flu-seqneut-2026-CTS-047,A/Singapore/GP20238/2024_H3N2,plate22-A/Singapore/GP20238/2024_H3N2,5921,2.689,1
flu-seqneut-2026-CTS-047,A/Singapore/GP20238/2024_H3N2,plate22-A/Singapore/GP20238/2024_H3N2,1.362e+04,2.537,1
flu-seqneut-2026-CTS-047,A/Singapore/MOH0547/2024_H1N1,plate22-A/Singapore/MOH0547/2024_H1N1,40,0,0
flu-seqneut-2026-CTS-047,A/Singapore/MOH0547/2024_H1N1,plate22-A/Singapore/MOH0547/2024_H1N1,92,0,0
flu-seqneut-2026-CTS-047,A/Singapore/MOH0547/2024_H1N1,plate22-A/Singapore/MOH0547/2024_H1N1,1119,0.05778,0.05778
flu-seqneut-2026-CTS-047,A/Singapore/MOH0547/2024_H1N1,plate22-A/Singapore/MOH0547/2024_H1N1,2575,1.087,1
flu-seqneut-2026-CTS-047,A/Singapore/MOH0547/2024_H1N1,plate22-A/Singapore/MOH0547/2024_H1N1,5921,1.246,1
flu-seqneut-2026-CTS-047,A/Singapore/MOH0547/2024_H1N1,plate22-A/Singapore/MOH0547/2024_H1N1,1.362e+04,1.405,1
flu-seqneut-2026-CTS-047,A/SouthAfrica/NHLS-SU-CERI-C075557/2026_H1N1,plate22-A/SouthAfrica/NHLS-SU-CERI-C075557/2026_H1N1,40,0.00592,0.00592
flu-seqneut-2026-CTS-047,A/SouthAfrica/NHLS-SU-CERI-C075557/2026_H1N1,plate22-A/SouthAfrica/NHLS-SU-CERI-C075557/2026_H1N1,92,0.004987,0.004987
flu-seqneut-2026-CTS-047,A/SouthAfrica/NHLS-SU-CERI-C075557/2026_H1N1,plate22-A/SouthAfrica/NHLS-SU-CERI-C075557/2026_H1N1,1119,0.06501,0.06501
flu-seqneut-2026-CTS-047,A/SouthAfrica/NHLS-SU-CERI-C075557/2026_H1N1,plate22-A/SouthAfrica/NHLS-SU-CERI-C075557/2026_H1N1,2575,0.5704,0.5704
flu-seqneut-2026-CTS-047,A/SouthAfrica/NHLS-SU-CERI-C075557/2026_H1N1,plate22-A/SouthAfrica/NHLS-SU-CERI-C075557/2026_H1N1,5921,1.453,1
flu-seqneut-2026-CTS-047,A/SouthAfrica/NHLS-SU-CERI-C075557/2026_H1N1,plate22-A/SouthAfrica/NHLS-SU-CERI-C075557/2026_H1N1,1.362e+04,1.41,1
flu-seqneut-2026-CTS-047,A/SouthAfrica/NICD-R01647/2026_H1N1,plate22-A/SouthAfrica/NICD-R01647/2026_H1N1,40,0,0
flu-seqneut-2026-CTS-047,A/SouthAfrica/NICD-R01647/2026_H1N1,plate22-A/SouthAfrica/NICD-R01647/2026_H1N1,92,0.001734,0.001734
flu-seqneut-2026-CTS-047,A/SouthAfrica/NICD-R01647/2026_H1N1,plate22-A/SouthAfrica/NICD-R01647/2026_H1N1,1119,0.1479,0.1479
flu-seqneut-2026-CTS-047,A/SouthAfrica/NICD-R01647/2026_H1N1,plate22-A/SouthAfrica/NICD-R01647/2026_H1N1,2575,0.4704,0.4704
flu-seqneut-2026-CTS-047,A/SouthAfrica/NICD-R01647/2026_H1N1,plate22-A/SouthAfrica/NICD-R01647/2026_H1N1,5921,2.415,1
flu-seqneut-2026-CTS-047,A/SouthAfrica/NICD-R01647/2026_H1N1,plate22-A/SouthAfrica/NICD-R01647/2026_H1N1,1.362e+04,1.851,1
flu-seqneut-2026-CTS-047,A/SouthAfrica/PATH-CERI-C073358/2025_H1N1,plate22-A/SouthAfrica/PATH-CERI-C073358/2025_H1N1,40,0.00159,0.00159
flu-seqneut-2026-CTS-047,A/SouthAfrica/PATH-CERI-C073358/2025_H1N1,plate22-A/SouthAfrica/PATH-CERI-C073358/2025_H1N1,92,0.001964,0.001964
flu-seqneut-2026-CTS-047,A/SouthAfrica/PATH-CERI-C073358/2025_H1N1,plate22-A/SouthAfrica/PATH-CERI-C073358/2025_H1N1,1119,0.09844,0.09844
flu-seqneut-2026-CTS-047,A/SouthAfrica/PATH-CERI-C073358/2025_H1N1,plate22-A/SouthAfrica/PATH-CERI-C073358/2025_H1N1,2575,0.378,0.378
flu-seqneut-2026-CTS-047,A/SouthAfrica/PATH-CERI-C073358/2025_H1N1,plate22-A/SouthAfrica/PATH-CERI-C073358/2025_H1N1,5921,2.028,1
flu-seqneut-2026-CTS-047,A/SouthAfrica/PATH-CERI-C073358/2025_H1N1,plate22-A/SouthAfrica/PATH-CERI-C073358/2025_H1N1,1.362e+04,1.129,1
flu-seqneut-2026-CTS-047,A/SouthAfrica/PATH-CERI-C075119/2026_H1N1,plate22-A/SouthAfrica/PATH-CERI-C075119/2026_H1N1,40,0.001781,0.001781
flu-seqneut-2026-CTS-047,A/SouthAfrica/PATH-CERI-C075119/2026_H1N1,plate22-A/SouthAfrica/PATH-CERI-C075119/2026_H1N1,92,0.001572,0.001572
flu-seqneut-2026-CTS-047,A/SouthAfrica/PATH-CERI-C075119/2026_H1N1,plate22-A/SouthAfrica/PATH-CERI-C075119/2026_H1N1,1119,0.08742,0.08742
flu-seqneut-2026-CTS-047,A/SouthAfrica/PATH-CERI-C075119/2026_H1N1,plate22-A/SouthAfrica/PATH-CERI-C075119/2026_H1N1,2575,0.4314,0.4314
flu-seqneut-2026-CTS-047,A/SouthAfrica/PATH-CERI-C075119/2026_H1N1,plate22-A/SouthAfrica/PATH-CERI-C075119/2026_H1N1,5921,2.632,1
flu-seqneut-2026-CTS-047,A/SouthAfrica/PATH-CERI-C075119/2026_H1N1,plate22-A/SouthAfrica/PATH-CERI-C075119/2026_H1N1,1.362e+04,1.355,1
flu-seqneut-2026-CTS-047,A/South_Australia/2527213276/2025_H3N2,plate22-A/South_Australia/2527213276/2025_H3N2,40,0,0
flu-seqneut-2026-CTS-047,A/South_Australia/2527213276/2025_H3N2,plate22-A/South_Australia/2527213276/2025_H3N2,92,0.01692,0.01692
flu-seqneut-2026-CTS-047,A/South_Australia/2527213276/2025_H3N2,plate22-A/South_Australia/2527213276/2025_H3N2,1119,0.6756,0.6756
flu-seqneut-2026-CTS-047,A/South_Australia/2527213276/2025_H3N2,plate22-A/South_Australia/2527213276/2025_H3N2,2575,0.7345,0.7345
flu-seqneut-2026-CTS-047,A/South_Australia/2527213276/2025_H3N2,plate22-A/South_Australia/2527213276/2025_H3N2,5921,2.782,1
flu-seqneut-2026-CTS-047,A/South_Australia/2527213276/2025_H3N2,plate22-A/South_Australia/2527213276/2025_H3N2,1.362e+04,1.324,1
flu-seqneut-2026-CTS-047,A/Thailand/8/2022_H3N2,plate22-A/Thailand/8/2022_H3N2,40,0.005595,0.005595
flu-seqneut-2026-CTS-047,A/Thailand/8/2022_H3N2,plate22-A/Thailand/8/2022_H3N2,92,0.00389,0.00389
flu-seqneut-2026-CTS-047,A/Thailand/8/2022_H3N2,plate22-A/Thailand/8/2022_H3N2,1119,0.04869,0.04869
flu-seqneut-2026-CTS-047,A/Thailand/8/2022_H3N2,plate22-A/Thailand/8/2022_H3N2,2575,0.3395,0.3395
flu-seqneut-2026-CTS-047,A/Thailand/8/2022_H3N2,plate22-A/Thailand/8/2022_H3N2,5921,1.635,1
flu-seqneut-2026-CTS-047,A/Thailand/8/2022_H3N2,plate22-A/Thailand/8/2022_H3N2,1.362e+04,1.227,1
flu-seqneut-2026-CTS-047,A/Thuringen/39/2026_H3N2,plate22-A/Thuringen/39/2026_H3N2,40,0.1289,0.1289
flu-seqneut-2026-CTS-047,A/Thuringen/39/2026_H3N2,plate22-A/Thuringen/39/2026_H3N2,92,0.2907,0.2907
flu-seqneut-2026-CTS-047,A/Thuringen/39/2026_H3N2,plate22-A/Thuringen/39/2026_H3N2,1119,0.3819,0.3819
flu-seqneut-2026-CTS-047,A/Thuringen/39/2026_H3N2,plate22-A/Thuringen/39/2026_H3N2,2575,0.6644,0.6644
flu-seqneut-2026-CTS-047,A/Thuringen/39/2026_H3N2,plate22-A/Thuringen/39/2026_H3N2,5921,1.422,1
flu-seqneut-2026-CTS-047,A/Thuringen/39/2026_H3N2,plate22-A/Thuringen/39/2026_H3N2,1.362e+04,1.885,1
flu-seqneut-2026-CTS-047,A/Tokyo/EIS11-277/2024_H1N1,plate22-A/Tokyo/EIS11-277/2024_H1N1,40,0.002272,0.002272
flu-seqneut-2026-CTS-047,A/Tokyo/EIS11-277/2024_H1N1,plate22-A/Tokyo/EIS11-277/2024_H1N1,92,0.0008505,0.0008505
flu-seqneut-2026-CTS-047,A/Tokyo/EIS11-277/2024_H1N1,plate22-A/Tokyo/EIS11-277/2024_H1N1,1119,0.09121,0.09121
flu-seqneut-2026-CTS-047,A/Tokyo/EIS11-277/2024_H1N1,plate22-A/Tokyo/EIS11-277/2024_H1N1,2575,0.2954,0.2954
flu-seqneut-2026-CTS-047,A/Tokyo/EIS11-277/2024_H1N1,plate22-A/Tokyo/EIS11-277/2024_H1N1,5921,1.523,1
flu-seqneut-2026-CTS-047,A/Tokyo/EIS11-277/2024_H1N1,plate22-A/Tokyo/EIS11-277/2024_H1N1,1.362e+04,1.903,1
flu-seqneut-2026-CTS-047,A/Ukraine/5214/2026_H1N1,plate22-A/Ukraine/5214/2026_H1N1,40,0.01876,0.01876
flu-seqneut-2026-CTS-047,A/Ukraine/5214/2026_H1N1,plate22-A/Ukraine/5214/2026_H1N1,92,0,0
flu-seqneut-2026-CTS-047,A/Ukraine/5214/2026_H1N1,plate22-A/Ukraine/5214/2026_H1N1,1119,0.09038,0.09038
flu-seqneut-2026-CTS-047,A/Ukraine/5214/2026_H1N1,plate22-A/Ukraine/5214/2026_H1N1,2575,0.7254,0.7254
flu-seqneut-2026-CTS-047,A/Ukraine/5214/2026_H1N1,plate22-A/Ukraine/5214/2026_H1N1,5921,2.456,1
flu-seqneut-2026-CTS-047,A/Ukraine/5214/2026_H1N1,plate22-A/Ukraine/5214/2026_H1N1,1.362e+04,1.922,1
flu-seqneut-2026-CTS-047,A/Uppsala/SE26-01293/2026_H1N1,plate22-A/Uppsala/SE26-01293/2026_H1N1,40,0,0
flu-seqneut-2026-CTS-047,A/Uppsala/SE26-01293/2026_H1N1,plate22-A/Uppsala/SE26-01293/2026_H1N1,92,0.001015,0.001015
flu-seqneut-2026-CTS-047,A/Uppsala/SE26-01293/2026_H1N1,plate22-A/Uppsala/SE26-01293/2026_H1N1,1119,0.04747,0.04747
flu-seqneut-2026-CTS-047,A/Uppsala/SE26-01293/2026_H1N1,plate22-A/Uppsala/SE26-01293/2026_H1N1,2575,0.4626,0.4626
flu-seqneut-2026-CTS-047,A/Uppsala/SE26-01293/2026_H1N1,plate22-A/Uppsala/SE26-01293/2026_H1N1,5921,1.84,1
flu-seqneut-2026-CTS-047,A/Uppsala/SE26-01293/2026_H1N1,plate22-A/Uppsala/SE26-01293/2026_H1N1,1.362e+04,0.6769,0.6769
flu-seqneut-2026-CTS-047,A/Valencia/VAHNSI_09_02564/2025_H1N1,plate22-A/Valencia/VAHNSI_09_02564/2025_H1N1,40,0.003497,0.003497
flu-seqneut-2026-CTS-047,A/Valencia/VAHNSI_09_02564/2025_H1N1,plate22-A/Valencia/VAHNSI_09_02564/2025_H1N1,92,0.002057,0.002057
flu-seqneut-2026-CTS-047,A/Valencia/VAHNSI_09_02564/2025_H1N1,plate22-A/Valencia/VAHNSI_09_02564/2025_H1N1,1119,0.09712,0.09712
flu-seqneut-2026-CTS-047,A/Valencia/VAHNSI_09_02564/2025_H1N1,plate22-A/Valencia/VAHNSI_09_02564/2025_H1N1,2575,0.7957,0.7957
flu-seqneut-2026-CTS-047,A/Valencia/VAHNSI_09_02564/2025_H1N1,plate22-A/Valencia/VAHNSI_09_02564/2025_H1N1,5921,2.847,1
flu-seqneut-2026-CTS-047,A/Valencia/VAHNSI_09_02564/2025_H1N1,plate22-A/Valencia/VAHNSI_09_02564/2025_H1N1,1.362e+04,1.84,1
flu-seqneut-2026-CTS-047,A/Victoria/2948/2025_H3N2,plate22-A/Victoria/2948/2025_H3N2,40,0.03643,0.03643
flu-seqneut-2026-CTS-047,A/Victoria/2948/2025_H3N2,plate22-A/Victoria/2948/2025_H3N2,92,0.7821,0.7821
flu-seqneut-2026-CTS-047,A/Victoria/2948/2025_H3N2,plate22-A/Victoria/2948/2025_H3N2,1119,0.4249,0.4249
flu-seqneut-2026-CTS-047,A/Victoria/2948/2025_H3N2,plate22-A/Victoria/2948/2025_H3N2,2575,0.9412,0.9412
flu-seqneut-2026-CTS-047,A/Victoria/2948/2025_H3N2,plate22-A/Victoria/2948/2025_H3N2,5921,2.957,1
flu-seqneut-2026-CTS-047,A/Victoria/2948/2025_H3N2,plate22-A/Victoria/2948/2025_H3N2,1.362e+04,1.423,1
flu-seqneut-2026-CTS-047,A/Victoria/4897/2022_IVR-238_H1N1,plate22-A/Victoria/4897/2022_IVR-238_H1N1,40,0,0
flu-seqneut-2026-CTS-047,A/Victoria/4897/2022_IVR-238_H1N1,plate22-A/Victoria/4897/2022_IVR-238_H1N1,92,0,0
flu-seqneut-2026-CTS-047,A/Victoria/4897/2022_IVR-238_H1N1,plate22-A/Victoria/4897/2022_IVR-238_H1N1,1119,0.0095,0.0095
flu-seqneut-2026-CTS-047,A/Victoria/4897/2022_IVR-238_H1N1,plate22-A/Victoria/4897/2022_IVR-238_H1N1,2575,0.1797,0.1797
flu-seqneut-2026-CTS-047,A/Victoria/4897/2022_IVR-238_H1N1,plate22-A/Victoria/4897/2022_IVR-238_H1N1,5921,1.737,1
flu-seqneut-2026-CTS-047,A/Victoria/4897/2022_IVR-238_H1N1,plate22-A/Victoria/4897/2022_IVR-238_H1N1,1.362e+04,1.744,1
flu-seqneut-2026-CTS-047,A/Wisconsin/67/2022_H1N1,plate22-A/Wisconsin/67/2022_H1N1,40,0.01255,0.01255
flu-seqneut-2026-CTS-047,A/Wisconsin/67/2022_H1N1,plate22-A/Wisconsin/67/2022_H1N1,92,0.01529,0.01529
flu-seqneut-2026-CTS-047,A/Wisconsin/67/2022_H1N1,plate22-A/Wisconsin/67/2022_H1N1,1119,0.05028,0.05028
flu-seqneut-2026-CTS-047,A/Wisconsin/67/2022_H1N1,plate22-A/Wisconsin/67/2022_H1N1,2575,0.3076,0.3076
flu-seqneut-2026-CTS-047,A/Wisconsin/67/2022_H1N1,plate22-A/Wisconsin/67/2022_H1N1,5921,1.463,1
flu-seqneut-2026-CTS-047,A/Wisconsin/67/2022_H1N1,plate22-A/Wisconsin/67/2022_H1N1,1.362e+04,1.225,1
flu-seqneut-2026-CTS-047,A/Zambia/6-NIC-014/2026_H1N1,plate22-A/Zambia/6-NIC-014/2026_H1N1,40,0,0
flu-seqneut-2026-CTS-047,A/Zambia/6-NIC-014/2026_H1N1,plate22-A/Zambia/6-NIC-014/2026_H1N1,92,0,0
flu-seqneut-2026-CTS-047,A/Zambia/6-NIC-014/2026_H1N1,plate22-A/Zambia/6-NIC-014/2026_H1N1,1119,0.104,0.104
flu-seqneut-2026-CTS-047,A/Zambia/6-NIC-014/2026_H1N1,plate22-A/Zambia/6-NIC-014/2026_H1N1,2575,0.5002,0.5002
flu-seqneut-2026-CTS-047,A/Zambia/6-NIC-014/2026_H1N1,plate22-A/Zambia/6-NIC-014/2026_H1N1,5921,2.717,1
flu-seqneut-2026-CTS-047,A/Zambia/6-NIC-014/2026_H1N1,plate22-A/Zambia/6-NIC-014/2026_H1N1,1.362e+04,1.736,1
flu-seqneut-2026-CTS-047,A/Zambia/7-NIC-313/2026_H1N1,plate22-A/Zambia/7-NIC-313/2026_H1N1,40,0.002742,0.002742
flu-seqneut-2026-CTS-047,A/Zambia/7-NIC-313/2026_H1N1,plate22-A/Zambia/7-NIC-313/2026_H1N1,92,0.00154,0.00154
flu-seqneut-2026-CTS-047,A/Zambia/7-NIC-313/2026_H1N1,plate22-A/Zambia/7-NIC-313/2026_H1N1,1119,0.1054,0.1054
flu-seqneut-2026-CTS-047,A/Zambia/7-NIC-313/2026_H1N1,plate22-A/Zambia/7-NIC-313/2026_H1N1,2575,0.5048,0.5048
flu-seqneut-2026-CTS-047,A/Zambia/7-NIC-313/2026_H1N1,plate22-A/Zambia/7-NIC-313/2026_H1N1,5921,2.37,1
flu-seqneut-2026-CTS-047,A/Zambia/7-NIC-313/2026_H1N1,plate22-A/Zambia/7-NIC-313/2026_H1N1,1.362e+04,1.427,1
flu-seqneut-2026-CTS-048,A/Andalucia/PMC-00977/2025_H1N1,plate22-A/Andalucia/PMC-00977/2025_H1N1,40,0.018,0.018
flu-seqneut-2026-CTS-048,A/Andalucia/PMC-00977/2025_H1N1,plate22-A/Andalucia/PMC-00977/2025_H1N1,92,0.2113,0.2113
flu-seqneut-2026-CTS-048,A/Andalucia/PMC-00977/2025_H1N1,plate22-A/Andalucia/PMC-00977/2025_H1N1,212,0.4746,0.4746
flu-seqneut-2026-CTS-048,A/Andalucia/PMC-00977/2025_H1N1,plate22-A/Andalucia/PMC-00977/2025_H1N1,487,0.8019,0.8019
flu-seqneut-2026-CTS-048,A/Andalucia/PMC-00977/2025_H1N1,plate22-A/Andalucia/PMC-00977/2025_H1N1,1119,0.751,0.751
flu-seqneut-2026-CTS-048,A/Andalucia/PMC-00977/2025_H1N1,plate22-A/Andalucia/PMC-00977/2025_H1N1,2575,1.221,1
flu-seqneut-2026-CTS-048,A/Andalucia/PMC-00977/2025_H1N1,plate22-A/Andalucia/PMC-00977/2025_H1N1,1.362e+04,1.712,1
flu-seqneut-2026-CTS-048,A/Andalucia/PMC-01217/2025_H1N1,plate22-A/Andalucia/PMC-01217/2025_H1N1,40,0.01057,0.01057
flu-seqneut-2026-CTS-048,A/Andalucia/PMC-01217/2025_H1N1,plate22-A/Andalucia/PMC-01217/2025_H1N1,92,0.2817,0.2817
flu-seqneut-2026-CTS-048,A/Andalucia/PMC-01217/2025_H1N1,plate22-A/Andalucia/PMC-01217/2025_H1N1,212,0.2133,0.2133
flu-seqneut-2026-CTS-048,A/Andalucia/PMC-01217/2025_H1N1,plate22-A/Andalucia/PMC-01217/2025_H1N1,487,0.6819,0.6819
flu-seqneut-2026-CTS-048,A/Andalucia/PMC-01217/2025_H1N1,plate22-A/Andalucia/PMC-01217/2025_H1N1,1119,0.7909,0.7909
flu-seqneut-2026-CTS-048,A/Andalucia/PMC-01217/2025_H1N1,plate22-A/Andalucia/PMC-01217/2025_H1N1,2575,1.133,1
flu-seqneut-2026-CTS-048,A/Andalucia/PMC-01217/2025_H1N1,plate22-A/Andalucia/PMC-01217/2025_H1N1,5921,2.595,1
flu-seqneut-2026-CTS-048,A/Andalucia/PMC-01217/2025_H1N1,plate22-A/Andalucia/PMC-01217/2025_H1N1,1.362e+04,1.306,1
flu-seqneut-2026-CTS-048,A/Andalucia/PMC-01495/2025_H1N1,plate22-A/Andalucia/PMC-01495/2025_H1N1,40,0.07877,0.07877
flu-seqneut-2026-CTS-048,A/Andalucia/PMC-01495/2025_H1N1,plate22-A/Andalucia/PMC-01495/2025_H1N1,92,0.4632,0.4632
flu-seqneut-2026-CTS-048,A/Andalucia/PMC-01495/2025_H1N1,plate22-A/Andalucia/PMC-01495/2025_H1N1,212,0.326,0.326
flu-seqneut-2026-CTS-048,A/Andalucia/PMC-01495/2025_H1N1,plate22-A/Andalucia/PMC-01495/2025_H1N1,487,0.7175,0.7175
flu-seqneut-2026-CTS-048,A/Andalucia/PMC-01495/2025_H1N1,plate22-A/Andalucia/PMC-01495/2025_H1N1,1119,0.9646,0.9646
flu-seqneut-2026-CTS-048,A/Andalucia/PMC-01495/2025_H1N1,plate22-A/Andalucia/PMC-01495/2025_H1N1,2575,1.12,1
flu-seqneut-2026-CTS-048,A/Andalucia/PMC-01495/2025_H1N1,plate22-A/Andalucia/PMC-01495/2025_H1N1,1.362e+04,1.801,1
flu-seqneut-2026-CTS-048,A/Arizona/40/2026_H1N1,plate22-A/Arizona/40/2026_H1N1,40,0.03421,0.03421
flu-seqneut-2026-CTS-048,A/Arizona/40/2026_H1N1,plate22-A/Arizona/40/2026_H1N1,92,0.1887,0.1887
flu-seqneut-2026-CTS-048,A/Arizona/40/2026_H1N1,plate22-A/Arizona/40/2026_H1N1,212,0.3736,0.3736
flu-seqneut-2026-CTS-048,A/Arizona/40/2026_H1N1,plate22-A/Arizona/40/2026_H1N1,487,1.151,1
flu-seqneut-2026-CTS-048,A/Arizona/40/2026_H1N1,plate22-A/Arizona/40/2026_H1N1,1119,1.086,1
flu-seqneut-2026-CTS-048,A/Arizona/40/2026_H1N1,plate22-A/Arizona/40/2026_H1N1,2575,1.213,1
flu-seqneut-2026-CTS-048,A/Arizona/40/2026_H1N1,plate22-A/Arizona/40/2026_H1N1,1.362e+04,1.671,1
flu-seqneut-2026-CTS-048,A/Astrakhan/RII-MH273373S/2025_H3N2,plate22-A/Astrakhan/RII-MH273373S/2025_H3N2,40,0.00278,0.00278
flu-seqneut-2026-CTS-048,A/Astrakhan/RII-MH273373S/2025_H3N2,plate22-A/Astrakhan/RII-MH273373S/2025_H3N2,92,0.05564,0.05564
flu-seqneut-2026-CTS-048,A/Astrakhan/RII-MH273373S/2025_H3N2,plate22-A/Astrakhan/RII-MH273373S/2025_H3N2,212,0.1285,0.1285
flu-seqneut-2026-CTS-048,A/Astrakhan/RII-MH273373S/2025_H3N2,plate22-A/Astrakhan/RII-MH273373S/2025_H3N2,487,0.3773,0.3773
flu-seqneut-2026-CTS-048,A/Astrakhan/RII-MH273373S/2025_H3N2,plate22-A/Astrakhan/RII-MH273373S/2025_H3N2,1119,0.7327,0.7327
flu-seqneut-2026-CTS-048,A/Astrakhan/RII-MH273373S/2025_H3N2,plate22-A/Astrakhan/RII-MH273373S/2025_H3N2,2575,1.066,1
flu-seqneut-2026-CTS-048,A/Astrakhan/RII-MH273373S/2025_H3N2,plate22-A/Astrakhan/RII-MH273373S/2025_H3N2,1.362e+04,2.041,1
flu-seqneut-2026-CTS-048,A/Asturias/232590913/2025_H1N1,plate22-A/Asturias/232590913/2025_H1N1,40,0.03811,0.03811
flu-seqneut-2026-CTS-048,A/Asturias/232590913/2025_H1N1,plate22-A/Asturias/232590913/2025_H1N1,92,0.2569,0.2569
flu-seqneut-2026-CTS-048,A/Asturias/232590913/2025_H1N1,plate22-A/Asturias/232590913/2025_H1N1,212,0.2584,0.2584
flu-seqneut-2026-CTS-048,A/Asturias/232590913/2025_H1N1,plate22-A/Asturias/232590913/2025_H1N1,487,0.8279,0.8279
flu-seqneut-2026-CTS-048,A/Asturias/232590913/2025_H1N1,plate22-A/Asturias/232590913/2025_H1N1,1119,0.9611,0.9611
flu-seqneut-2026-CTS-048,A/Asturias/232590913/2025_H1N1,plate22-A/Asturias/232590913/2025_H1N1,2575,1.566,1
flu-seqneut-2026-CTS-048,A/Asturias/232590913/2025_H1N1,plate22-A/Asturias/232590913/2025_H1N1,1.362e+04,1.832,1
flu-seqneut-2026-CTS-048,A/Badajoz/18738342/2026_H3N2,plate22-A/Badajoz/18738342/2026_H3N2,40,0.0105,0.0105
flu-seqneut-2026-CTS-048,A/Badajoz/18738342/2026_H3N2,plate22-A/Badajoz/18738342/2026_H3N2,92,0.05572,0.05572
flu-seqneut-2026-CTS-048,A/Badajoz/18738342/2026_H3N2,plate22-A/Badajoz/18738342/2026_H3N2,212,0.2247,0.2247
flu-seqneut-2026-CTS-048,A/Badajoz/18738342/2026_H3N2,plate22-A/Badajoz/18738342/2026_H3N2,487,0.5136,0.5136
flu-seqneut-2026-CTS-048,A/Badajoz/18738342/2026_H3N2,plate22-A/Badajoz/18738342/2026_H3N2,1119,0.7659,0.7659
flu-seqneut-2026-CTS-048,A/Badajoz/18738342/2026_H3N2,plate22-A/Badajoz/18738342/2026_H3N2,2575,1.03,1
flu-seqneut-2026-CTS-048,A/Badajoz/18738342/2026_H3N2,plate22-A/Badajoz/18738342/2026_H3N2,1.362e+04,1.704,1
flu-seqneut-2026-CTS-048,A/Badajoz/18811358/2026_H3N2,plate22-A/Badajoz/18811358/2026_H3N2,40,0.01516,0.01516
flu-seqneut-2026-CTS-048,A/Badajoz/18811358/2026_H3N2,plate22-A/Badajoz/18811358/2026_H3N2,92,0.07575,0.07575
flu-seqneut-2026-CTS-048,A/Badajoz/18811358/2026_H3N2,plate22-A/Badajoz/18811358/2026_H3N2,212,0.1586,0.1586
flu-seqneut-2026-CTS-048,A/Badajoz/18811358/2026_H3N2,plate22-A/Badajoz/18811358/2026_H3N2,487,0.3451,0.3451
flu-seqneut-2026-CTS-048,A/Badajoz/18811358/2026_H3N2,plate22-A/Badajoz/18811358/2026_H3N2,1119,0.7833,0.7833
flu-seqneut-2026-CTS-048,A/Badajoz/18811358/2026_H3N2,plate22-A/Badajoz/18811358/2026_H3N2,2575,1.621,1
flu-seqneut-2026-CTS-048,A/Badajoz/18811358/2026_H3N2,plate22-A/Badajoz/18811358/2026_H3N2,1.362e+04,1.431,1
flu-seqneut-2026-CTS-048,A/Badajoz/18813527/2026_H3N2,plate22-A/Badajoz/18813527/2026_H3N2,40,0.007215,0.007215
flu-seqneut-2026-CTS-048,A/Badajoz/18813527/2026_H3N2,plate22-A/Badajoz/18813527/2026_H3N2,92,0.2218,0.2218
flu-seqneut-2026-CTS-048,A/Badajoz/18813527/2026_H3N2,plate22-A/Badajoz/18813527/2026_H3N2,212,0.2426,0.2426
flu-seqneut-2026-CTS-048,A/Badajoz/18813527/2026_H3N2,plate22-A/Badajoz/18813527/2026_H3N2,487,0.3301,0.3301
flu-seqneut-2026-CTS-048,A/Badajoz/18813527/2026_H3N2,plate22-A/Badajoz/18813527/2026_H3N2,1119,1.012,1
flu-seqneut-2026-CTS-048,A/Badajoz/18813527/2026_H3N2,plate22-A/Badajoz/18813527/2026_H3N2,2575,1.044,1
flu-seqneut-2026-CTS-048,A/Badajoz/18813527/2026_H3N2,plate22-A/Badajoz/18813527/2026_H3N2,1.362e+04,1.73,1
flu-seqneut-2026-CTS-048,A/Bangkok/P2390/2025_H3N2,plate22-A/Bangkok/P2390/2025_H3N2,40,0.04007,0.04007
flu-seqneut-2026-CTS-048,A/Bangkok/P2390/2025_H3N2,plate22-A/Bangkok/P2390/2025_H3N2,92,0.1221,0.1221
flu-seqneut-2026-CTS-048,A/Bangkok/P2390/2025_H3N2,plate22-A/Bangkok/P2390/2025_H3N2,212,0.1011,0.1011
flu-seqneut-2026-CTS-048,A/Bangkok/P2390/2025_H3N2,plate22-A/Bangkok/P2390/2025_H3N2,487,1.358,1
flu-seqneut-2026-CTS-048,A/Bangkok/P2390/2025_H3N2,plate22-A/Bangkok/P2390/2025_H3N2,1119,0.8476,0.8476
flu-seqneut-2026-CTS-048,A/Bangkok/P2390/2025_H3N2,plate22-A/Bangkok/P2390/2025_H3N2,2575,1.547,1
flu-seqneut-2026-CTS-048,A/Bangkok/P2390/2025_H3N2,plate22-A/Bangkok/P2390/2025_H3N2,1.362e+04,2.744,1
flu-seqneut-2026-CTS-048,A/Bangkok/P2391/2025_H3N2,plate22-A/Bangkok/P2391/2025_H3N2,40,0.01205,0.01205
flu-seqneut-2026-CTS-048,A/Bangkok/P2391/2025_H3N2,plate22-A/Bangkok/P2391/2025_H3N2,92,0.2842,0.2842
flu-seqneut-2026-CTS-048,A/Bangkok/P2391/2025_H3N2,plate22-A/Bangkok/P2391/2025_H3N2,212,0.09731,0.09731
flu-seqneut-2026-CTS-048,A/Bangkok/P2391/2025_H3N2,plate22-A/Bangkok/P2391/2025_H3N2,487,0.2671,0.2671
flu-seqneut-2026-CTS-048,A/Bangkok/P2391/2025_H3N2,plate22-A/Bangkok/P2391/2025_H3N2,1119,0.8781,0.8781
flu-seqneut-2026-CTS-048,A/Bangkok/P2391/2025_H3N2,plate22-A/Bangkok/P2391/2025_H3N2,2575,0.9164,0.9164
flu-seqneut-2026-CTS-048,A/Bangkok/P2391/2025_H3N2,plate22-A/Bangkok/P2391/2025_H3N2,1.362e+04,1.792,1
flu-seqneut-2026-CTS-048,A/Blaenavon/6687/2026_H3N2,plate22-A/Blaenavon/6687/2026_H3N2,40,0.000264,0.000264
flu-seqneut-2026-CTS-048,A/Blaenavon/6687/2026_H3N2,plate22-A/Blaenavon/6687/2026_H3N2,92,0.1677,0.1677
flu-seqneut-2026-CTS-048,A/Blaenavon/6687/2026_H3N2,plate22-A/Blaenavon/6687/2026_H3N2,212,0.102,0.102
flu-seqneut-2026-CTS-048,A/Blaenavon/6687/2026_H3N2,plate22-A/Blaenavon/6687/2026_H3N2,487,0.3591,0.3591
flu-seqneut-2026-CTS-048,A/Blaenavon/6687/2026_H3N2,plate22-A/Blaenavon/6687/2026_H3N2,1119,1.289,1
flu-seqneut-2026-CTS-048,A/Blaenavon/6687/2026_H3N2,plate22-A/Blaenavon/6687/2026_H3N2,2575,0.9618,0.9618
flu-seqneut-2026-CTS-048,A/Blaenavon/6687/2026_H3N2,plate22-A/Blaenavon/6687/2026_H3N2,1.362e+04,1.932,1
flu-seqneut-2026-CTS-048,A/Bolivia/OR5702/2025_H3N2,plate22-A/Bolivia/OR5702/2025_H3N2,40,0.05743,0.05743
flu-seqneut-2026-CTS-048,A/Bolivia/OR5702/2025_H3N2,plate22-A/Bolivia/OR5702/2025_H3N2,92,0.3612,0.3612
flu-seqneut-2026-CTS-048,A/Bolivia/OR5702/2025_H3N2,plate22-A/Bolivia/OR5702/2025_H3N2,212,0.3248,0.3248
flu-seqneut-2026-CTS-048,A/Bolivia/OR5702/2025_H3N2,plate22-A/Bolivia/OR5702/2025_H3N2,487,0.8137,0.8137
flu-seqneut-2026-CTS-048,A/Bolivia/OR5702/2025_H3N2,plate22-A/Bolivia/OR5702/2025_H3N2,1119,0.856,0.856
flu-seqneut-2026-CTS-048,A/Bolivia/OR5702/2025_H3N2,plate22-A/Bolivia/OR5702/2025_H3N2,2575,1.201,1
flu-seqneut-2026-CTS-048,A/Bolivia/OR5702/2025_H3N2,plate22-A/Bolivia/OR5702/2025_H3N2,1.362e+04,1.352,1
flu-seqneut-2026-CTS-048,A/BritishColumbia/RV00022-26/2025_H1N1,plate22-A/BritishColumbia/RV00022-26/2025_H1N1,40,0.03846,0.03846
flu-seqneut-2026-CTS-048,A/BritishColumbia/RV00022-26/2025_H1N1,plate22-A/BritishColumbia/RV00022-26/2025_H1N1,92,0.4358,0.4358
flu-seqneut-2026-CTS-048,A/BritishColumbia/RV00022-26/2025_H1N1,plate22-A/BritishColumbia/RV00022-26/2025_H1N1,212,0.6193,0.6193
flu-seqneut-2026-CTS-048,A/BritishColumbia/RV00022-26/2025_H1N1,plate22-A/BritishColumbia/RV00022-26/2025_H1N1,487,0.7925,0.7925
flu-seqneut-2026-CTS-048,A/BritishColumbia/RV00022-26/2025_H1N1,plate22-A/BritishColumbia/RV00022-26/2025_H1N1,1119,0.9479,0.9479
flu-seqneut-2026-CTS-048,A/BritishColumbia/RV00022-26/2025_H1N1,plate22-A/BritishColumbia/RV00022-26/2025_H1N1,2575,1.245,1
flu-seqneut-2026-CTS-048,A/BritishColumbia/RV00022-26/2025_H1N1,plate22-A/BritishColumbia/RV00022-26/2025_H1N1,1.362e+04,1.951,1
flu-seqneut-2026-CTS-048,A/BritishColumbia/RV00279-26/2025_H3N2,plate22-A/BritishColumbia/RV00279-26/2025_H3N2,40,0.01988,0.01988
flu-seqneut-2026-CTS-048,A/BritishColumbia/RV00279-26/2025_H3N2,plate22-A/BritishColumbia/RV00279-26/2025_H3N2,92,0.1477,0.1477
flu-seqneut-2026-CTS-048,A/BritishColumbia/RV00279-26/2025_H3N2,plate22-A/BritishColumbia/RV00279-26/2025_H3N2,212,0.2675,0.2675
flu-seqneut-2026-CTS-048,A/BritishColumbia/RV00279-26/2025_H3N2,plate22-A/BritishColumbia/RV00279-26/2025_H3N2,487,0.611,0.611
flu-seqneut-2026-CTS-048,A/BritishColumbia/RV00279-26/2025_H3N2,plate22-A/BritishColumbia/RV00279-26/2025_H3N2,1119,0.8141,0.8141
flu-seqneut-2026-CTS-048,A/BritishColumbia/RV00279-26/2025_H3N2,plate22-A/BritishColumbia/RV00279-26/2025_H3N2,2575,1.129,1
flu-seqneut-2026-CTS-048,A/BritishColumbia/RV00279-26/2025_H3N2,plate22-A/BritishColumbia/RV00279-26/2025_H3N2,1.362e+04,2.308,1
flu-seqneut-2026-CTS-048,A/BritishColumbia/RV01350-26/2026_H1N1,plate22-A/BritishColumbia/RV01350-26/2026_H1N1,40,0.02745,0.02745
flu-seqneut-2026-CTS-048,A/BritishColumbia/RV01350-26/2026_H1N1,plate22-A/BritishColumbia/RV01350-26/2026_H1N1,92,0.4393,0.4393
flu-seqneut-2026-CTS-048,A/BritishColumbia/RV01350-26/2026_H1N1,plate22-A/BritishColumbia/RV01350-26/2026_H1N1,212,0.3168,0.3168
flu-seqneut-2026-CTS-048,A/BritishColumbia/RV01350-26/2026_H1N1,plate22-A/BritishColumbia/RV01350-26/2026_H1N1,487,0.9731,0.9731
flu-seqneut-2026-CTS-048,A/BritishColumbia/RV01350-26/2026_H1N1,plate22-A/BritishColumbia/RV01350-26/2026_H1N1,1119,0.8865,0.8865
flu-seqneut-2026-CTS-048,A/BritishColumbia/RV01350-26/2026_H1N1,plate22-A/BritishColumbia/RV01350-26/2026_H1N1,2575,1.406,1
flu-seqneut-2026-CTS-048,A/BritishColumbia/RV01350-26/2026_H1N1,plate22-A/BritishColumbia/RV01350-26/2026_H1N1,1.362e+04,1.913,1
flu-seqneut-2026-CTS-048,A/BritishColumbia/RV05508-25/2025_H1N1,plate22-A/BritishColumbia/RV05508-25/2025_H1N1,40,0.01586,0.01586
flu-seqneut-2026-CTS-048,A/BritishColumbia/RV05508-25/2025_H1N1,plate22-A/BritishColumbia/RV05508-25/2025_H1N1,92,0.252,0.252
flu-seqneut-2026-CTS-048,A/BritishColumbia/RV05508-25/2025_H1N1,plate22-A/BritishColumbia/RV05508-25/2025_H1N1,212,0.3772,0.3772
flu-seqneut-2026-CTS-048,A/BritishColumbia/RV05508-25/2025_H1N1,plate22-A/BritishColumbia/RV05508-25/2025_H1N1,487,0.7568,0.7568
flu-seqneut-2026-CTS-048,A/BritishColumbia/RV05508-25/2025_H1N1,plate22-A/BritishColumbia/RV05508-25/2025_H1N1,1119,1.176,1
flu-seqneut-2026-CTS-048,A/BritishColumbia/RV05508-25/2025_H1N1,plate22-A/BritishColumbia/RV05508-25/2025_H1N1,2575,1.305,1
flu-seqneut-2026-CTS-048,A/BritishColumbia/RV05508-25/2025_H1N1,plate22-A/BritishColumbia/RV05508-25/2025_H1N1,1.362e+04,1.903,1
flu-seqneut-2026-CTS-048,A/California/GKISBBBH79910/2026_H3N2,plate22-A/California/GKISBBBH79910/2026_H3N2,40,0.04022,0.04022
flu-seqneut-2026-CTS-048,A/California/GKISBBBH79910/2026_H3N2,plate22-A/California/GKISBBBH79910/2026_H3N2,92,0.1357,0.1357
flu-seqneut-2026-CTS-048,A/California/GKISBBBH79910/2026_H3N2,plate22-A/California/GKISBBBH79910/2026_H3N2,212,0.207,0.207
flu-seqneut-2026-CTS-048,A/California/GKISBBBH79910/2026_H3N2,plate22-A/California/GKISBBBH79910/2026_H3N2,487,0.5101,0.5101
flu-seqneut-2026-CTS-048,A/California/GKISBBBH79910/2026_H3N2,plate22-A/California/GKISBBBH79910/2026_H3N2,1119,0.8484,0.8484
flu-seqneut-2026-CTS-048,A/California/GKISBBBH79910/2026_H3N2,plate22-A/California/GKISBBBH79910/2026_H3N2,2575,0.6438,0.6438
flu-seqneut-2026-CTS-048,A/California/GKISBBBH79910/2026_H3N2,plate22-A/California/GKISBBBH79910/2026_H3N2,1.362e+04,1.463,1
flu-seqneut-2026-CTS-048,A/California/NIRC-IS-1019/2026_H1N1,plate22-A/California/NIRC-IS-1019/2026_H1N1,40,0.02821,0.02821
flu-seqneut-2026-CTS-048,A/California/NIRC-IS-1019/2026_H1N1,plate22-A/California/NIRC-IS-1019/2026_H1N1,92,0.4027,0.4027
flu-seqneut-2026-CTS-048,A/California/NIRC-IS-1019/2026_H1N1,plate22-A/California/NIRC-IS-1019/2026_H1N1,212,0.5046,0.5046
flu-seqneut-2026-CTS-048,A/California/NIRC-IS-1019/2026_H1N1,plate22-A/California/NIRC-IS-1019/2026_H1N1,487,0.9112,0.9112
flu-seqneut-2026-CTS-048,A/California/NIRC-IS-1019/2026_H1N1,plate22-A/California/NIRC-IS-1019/2026_H1N1,1119,0.9923,0.9923
flu-seqneut-2026-CTS-048,A/California/NIRC-IS-1019/2026_H1N1,plate22-A/California/NIRC-IS-1019/2026_H1N1,2575,1.311,1
flu-seqneut-2026-CTS-048,A/California/NIRC-IS-1019/2026_H1N1,plate22-A/California/NIRC-IS-1019/2026_H1N1,1.362e+04,1.737,1
flu-seqneut-2026-CTS-048,A/California/NIRC-IS-1059/2026_H3N2,plate22-A/California/NIRC-IS-1059/2026_H3N2,40,0.02324,0.02324
flu-seqneut-2026-CTS-048,A/California/NIRC-IS-1059/2026_H3N2,plate22-A/California/NIRC-IS-1059/2026_H3N2,92,0.1639,0.1639
flu-seqneut-2026-CTS-048,A/California/NIRC-IS-1059/2026_H3N2,plate22-A/California/NIRC-IS-1059/2026_H3N2,212,0.3164,0.3164
flu-seqneut-2026-CTS-048,A/California/NIRC-IS-1059/2026_H3N2,plate22-A/California/NIRC-IS-1059/2026_H3N2,487,0.4571,0.4571
flu-seqneut-2026-CTS-048,A/California/NIRC-IS-1059/2026_H3N2,plate22-A/California/NIRC-IS-1059/2026_H3N2,1119,0.9162,0.9162
flu-seqneut-2026-CTS-048,A/California/NIRC-IS-1059/2026_H3N2,plate22-A/California/NIRC-IS-1059/2026_H3N2,2575,1.332,1
flu-seqneut-2026-CTS-048,A/California/NIRC-IS-1067/2026_H3N2,plate22-A/California/NIRC-IS-1067/2026_H3N2,40,0.01423,0.01423
flu-seqneut-2026-CTS-048,A/California/NIRC-IS-1067/2026_H3N2,plate22-A/California/NIRC-IS-1067/2026_H3N2,92,0.2573,0.2573
flu-seqneut-2026-CTS-048,A/California/NIRC-IS-1067/2026_H3N2,plate22-A/California/NIRC-IS-1067/2026_H3N2,212,0.1834,0.1834
flu-seqneut-2026-CTS-048,A/California/NIRC-IS-1067/2026_H3N2,plate22-A/California/NIRC-IS-1067/2026_H3N2,487,0.5881,0.5881
flu-seqneut-2026-CTS-048,A/California/NIRC-IS-1067/2026_H3N2,plate22-A/California/NIRC-IS-1067/2026_H3N2,1119,0.9906,0.9906
flu-seqneut-2026-CTS-048,A/California/NIRC-IS-1067/2026_H3N2,plate22-A/California/NIRC-IS-1067/2026_H3N2,2575,1.064,1
flu-seqneut-2026-CTS-048,A/California/NIRC-IS-1067/2026_H3N2,plate22-A/California/NIRC-IS-1067/2026_H3N2,1.362e+04,2.249,1
flu-seqneut-2026-CTS-048,A/California/NIRC-IS-1356/2025_H1N1,plate22-A/California/NIRC-IS-1356/2025_H1N1,40,0.02584,0.02584
flu-seqneut-2026-CTS-048,A/California/NIRC-IS-1356/2025_H1N1,plate22-A/California/NIRC-IS-1356/2025_H1N1,92,0.3063,0.3063
flu-seqneut-2026-CTS-048,A/California/NIRC-IS-1356/2025_H1N1,plate22-A/California/NIRC-IS-1356/2025_H1N1,212,0.2255,0.2255
flu-seqneut-2026-CTS-048,A/California/NIRC-IS-1356/2025_H1N1,plate22-A/California/NIRC-IS-1356/2025_H1N1,487,0.715,0.715
flu-seqneut-2026-CTS-048,A/California/NIRC-IS-1356/2025_H1N1,plate22-A/California/NIRC-IS-1356/2025_H1N1,1119,0.8266,0.8266
flu-seqneut-2026-CTS-048,A/California/NIRC-IS-1356/2025_H1N1,plate22-A/California/NIRC-IS-1356/2025_H1N1,2575,1.195,1
flu-seqneut-2026-CTS-048,A/California/NIRC-IS-1356/2025_H1N1,plate22-A/California/NIRC-IS-1356/2025_H1N1,1.362e+04,2.318,1
flu-seqneut-2026-CTS-048,A/Castellon/VAHNSI_02_02400/2025_H3N2,plate22-A/Castellon/VAHNSI_02_02400/2025_H3N2,40,0.02304,0.02304
flu-seqneut-2026-CTS-048,A/Castellon/VAHNSI_02_02400/2025_H3N2,plate22-A/Castellon/VAHNSI_02_02400/2025_H3N2,92,0.1807,0.1807
flu-seqneut-2026-CTS-048,A/Castellon/VAHNSI_02_02400/2025_H3N2,plate22-A/Castellon/VAHNSI_02_02400/2025_H3N2,212,0.328,0.328
flu-seqneut-2026-CTS-048,A/Castellon/VAHNSI_02_02400/2025_H3N2,plate22-A/Castellon/VAHNSI_02_02400/2025_H3N2,487,0.8499,0.8499
flu-seqneut-2026-CTS-048,A/Castellon/VAHNSI_02_02400/2025_H3N2,plate22-A/Castellon/VAHNSI_02_02400/2025_H3N2,1119,1.087,1
flu-seqneut-2026-CTS-048,A/Castellon/VAHNSI_02_02400/2025_H3N2,plate22-A/Castellon/VAHNSI_02_02400/2025_H3N2,2575,1.018,1
flu-seqneut-2026-CTS-048,A/Castellon/VAHNSI_02_02400/2025_H3N2,plate22-A/Castellon/VAHNSI_02_02400/2025_H3N2,1.362e+04,2.414,1
flu-seqneut-2026-CTS-048,A/Colombia/1851/2024_H3N2,plate22-A/Colombia/1851/2024_H3N2,40,0.008843,0.008843
flu-seqneut-2026-CTS-048,A/Colombia/1851/2024_H3N2,plate22-A/Colombia/1851/2024_H3N2,92,0.2277,0.2277
flu-seqneut-2026-CTS-048,A/Colombia/1851/2024_H3N2,plate22-A/Colombia/1851/2024_H3N2,212,0.256,0.256
flu-seqneut-2026-CTS-048,A/Colombia/1851/2024_H3N2,plate22-A/Colombia/1851/2024_H3N2,487,0.4392,0.4392
flu-seqneut-2026-CTS-048,A/Colombia/1851/2024_H3N2,plate22-A/Colombia/1851/2024_H3N2,1119,0.6959,0.6959
flu-seqneut-2026-CTS-048,A/Colombia/1851/2024_H3N2,plate22-A/Colombia/1851/2024_H3N2,2575,1.076,1
flu-seqneut-2026-CTS-048,A/Colombia/1851/2024_H3N2,plate22-A/Colombia/1851/2024_H3N2,1.362e+04,2.371,1
flu-seqneut-2026-CTS-048,A/Colorado/218/2024_H1N1,plate22-A/Colorado/218/2024_H1N1,40,0.0696,0.0696
flu-seqneut-2026-CTS-048,A/Colorado/218/2024_H1N1,plate22-A/Colorado/218/2024_H1N1,92,0.2143,0.2143
flu-seqneut-2026-CTS-048,A/Colorado/218/2024_H1N1,plate22-A/Colorado/218/2024_H1N1,212,0.3888,0.3888
flu-seqneut-2026-CTS-048,A/Colorado/218/2024_H1N1,plate22-A/Colorado/218/2024_H1N1,487,0.6363,0.6363
flu-seqneut-2026-CTS-048,A/Colorado/218/2024_H1N1,plate22-A/Colorado/218/2024_H1N1,1119,1.015,1
flu-seqneut-2026-CTS-048,A/Colorado/218/2024_H1N1,plate22-A/Colorado/218/2024_H1N1,2575,0.9685,0.9685
flu-seqneut-2026-CTS-048,A/Colorado/218/2024_H1N1,plate22-A/Colorado/218/2024_H1N1,5921,2.956,1
flu-seqneut-2026-CTS-048,A/Colorado/218/2024_H1N1,plate22-A/Colorado/218/2024_H1N1,1.362e+04,2.17,1
flu-seqneut-2026-CTS-048,A/Connecticut/5/2026_H3N2,plate22-A/Connecticut/5/2026_H3N2,40,0.008655,0.008655
flu-seqneut-2026-CTS-048,A/Connecticut/5/2026_H3N2,plate22-A/Connecticut/5/2026_H3N2,92,0.1889,0.1889
flu-seqneut-2026-CTS-048,A/Connecticut/5/2026_H3N2,plate22-A/Connecticut/5/2026_H3N2,212,0.1672,0.1672
flu-seqneut-2026-CTS-048,A/Connecticut/5/2026_H3N2,plate22-A/Connecticut/5/2026_H3N2,487,0.4972,0.4972
flu-seqneut-2026-CTS-048,A/Connecticut/5/2026_H3N2,plate22-A/Connecticut/5/2026_H3N2,1119,0.6551,0.6551
flu-seqneut-2026-CTS-048,A/Connecticut/5/2026_H3N2,plate22-A/Connecticut/5/2026_H3N2,2575,0.9662,0.9662
flu-seqneut-2026-CTS-048,A/Connecticut/5/2026_H3N2,plate22-A/Connecticut/5/2026_H3N2,1.362e+04,2.082,1
flu-seqneut-2026-CTS-048,A/Croatia/10136RV/2023_H3N2,plate22-A/Croatia/10136RV/2023_H3N2,40,0.00552,0.00552
flu-seqneut-2026-CTS-048,A/Croatia/10136RV/2023_H3N2,plate22-A/Croatia/10136RV/2023_H3N2,92,0.09355,0.09355
flu-seqneut-2026-CTS-048,A/Croatia/10136RV/2023_H3N2,plate22-A/Croatia/10136RV/2023_H3N2,212,0.1576,0.1576
flu-seqneut-2026-CTS-048,A/Croatia/10136RV/2023_H3N2,plate22-A/Croatia/10136RV/2023_H3N2,487,0.9287,0.9287
flu-seqneut-2026-CTS-048,A/Croatia/10136RV/2023_H3N2,plate22-A/Croatia/10136RV/2023_H3N2,1119,0.8026,0.8026
flu-seqneut-2026-CTS-048,A/Croatia/10136RV/2023_H3N2,plate22-A/Croatia/10136RV/2023_H3N2,2575,1.768,1
flu-seqneut-2026-CTS-048,A/Croatia/10136RV/2023_H3N2,plate22-A/Croatia/10136RV/2023_H3N2,1.362e+04,2.488,1
flu-seqneut-2026-CTS-048,A/Darwin/1415/2025_H3N2,plate22-A/Darwin/1415/2025_H3N2,40,0.004881,0.004881
flu-seqneut-2026-CTS-048,A/Darwin/1415/2025_H3N2,plate22-A/Darwin/1415/2025_H3N2,92,0.0239,0.0239
flu-seqneut-2026-CTS-048,A/Darwin/1415/2025_H3N2,plate22-A/Darwin/1415/2025_H3N2,212,0.05685,0.05685
flu-seqneut-2026-CTS-048,A/Darwin/1415/2025_H3N2,plate22-A/Darwin/1415/2025_H3N2,487,0.1157,0.1157
flu-seqneut-2026-CTS-048,A/Darwin/1415/2025_H3N2,plate22-A/Darwin/1415/2025_H3N2,1119,0.3587,0.3587
flu-seqneut-2026-CTS-048,A/Darwin/1415/2025_H3N2,plate22-A/Darwin/1415/2025_H3N2,2575,0.5684,0.5684
flu-seqneut-2026-CTS-048,A/Darwin/1415/2025_H3N2,plate22-A/Darwin/1415/2025_H3N2,5921,2.182,1
flu-seqneut-2026-CTS-048,A/Darwin/1415/2025_H3N2,plate22-A/Darwin/1415/2025_H3N2,1.362e+04,0.9883,0.9883
flu-seqneut-2026-CTS-048,A/Darwin/1454/2025_H3N2,plate22-A/Darwin/1454/2025_H3N2,40,0.002072,0.002072
flu-seqneut-2026-CTS-048,A/Darwin/1454/2025_H3N2,plate22-A/Darwin/1454/2025_H3N2,92,0,0
flu-seqneut-2026-CTS-048,A/Darwin/1454/2025_H3N2,plate22-A/Darwin/1454/2025_H3N2,212,0.03334,0.03334
flu-seqneut-2026-CTS-048,A/Darwin/1454/2025_H3N2,plate22-A/Darwin/1454/2025_H3N2,487,0.1129,0.1129
flu-seqneut-2026-CTS-048,A/Darwin/1454/2025_H3N2,plate22-A/Darwin/1454/2025_H3N2,1119,0.5866,0.5866
flu-seqneut-2026-CTS-048,A/Darwin/1454/2025_H3N2,plate22-A/Darwin/1454/2025_H3N2,2575,0.8816,0.8816
flu-seqneut-2026-CTS-048,A/Darwin/1454/2025_H3N2,plate22-A/Darwin/1454/2025_H3N2,1.362e+04,2.025,1
flu-seqneut-2026-CTS-048,A/Denmark/3940/2025_H3N2,plate22-A/Denmark/3940/2025_H3N2,40,0.0179,0.0179
flu-seqneut-2026-CTS-048,A/Denmark/3940/2025_H3N2,plate22-A/Denmark/3940/2025_H3N2,92,0.1769,0.1769
flu-seqneut-2026-CTS-048,A/Denmark/3940/2025_H3N2,plate22-A/Denmark/3940/2025_H3N2,212,0.2798,0.2798
flu-seqneut-2026-CTS-048,A/Denmark/3940/2025_H3N2,plate22-A/Denmark/3940/2025_H3N2,487,0.5295,0.5295
flu-seqneut-2026-CTS-048,A/Denmark/3940/2025_H3N2,plate22-A/Denmark/3940/2025_H3N2,1119,1.002,1
flu-seqneut-2026-CTS-048,A/Denmark/3940/2025_H3N2,plate22-A/Denmark/3940/2025_H3N2,2575,1.224,1
flu-seqneut-2026-CTS-048,A/Denmark/3940/2025_H3N2,plate22-A/Denmark/3940/2025_H3N2,1.362e+04,1.799,1
flu-seqneut-2026-CTS-048,A/Denmark/4547/2025_H1N1,plate22-A/Denmark/4547/2025_H1N1,40,0.03029,0.03029
flu-seqneut-2026-CTS-048,A/Denmark/4547/2025_H1N1,plate22-A/Denmark/4547/2025_H1N1,92,0.2231,0.2231
flu-seqneut-2026-CTS-048,A/Denmark/4547/2025_H1N1,plate22-A/Denmark/4547/2025_H1N1,212,0.2802,0.2802
flu-seqneut-2026-CTS-048,A/Denmark/4547/2025_H1N1,plate22-A/Denmark/4547/2025_H1N1,487,0.5105,0.5105
flu-seqneut-2026-CTS-048,A/Denmark/4547/2025_H1N1,plate22-A/Denmark/4547/2025_H1N1,1119,0.6838,0.6838
flu-seqneut-2026-CTS-048,A/Denmark/4547/2025_H1N1,plate22-A/Denmark/4547/2025_H1N1,2575,0.702,0.702
flu-seqneut-2026-CTS-048,A/Denmark/4547/2025_H1N1,plate22-A/Denmark/4547/2025_H1N1,5921,2.386,1
flu-seqneut-2026-CTS-048,A/Denmark/4547/2025_H1N1,plate22-A/Denmark/4547/2025_H1N1,1.362e+04,1.007,1
flu-seqneut-2026-CTS-048,A/Denmark/4774/2025_H1N1,plate22-A/Denmark/4774/2025_H1N1,40,0.01682,0.01682
flu-seqneut-2026-CTS-048,A/Denmark/4774/2025_H1N1,plate22-A/Denmark/4774/2025_H1N1,92,0.506,0.506
flu-seqneut-2026-CTS-048,A/Denmark/4774/2025_H1N1,plate22-A/Denmark/4774/2025_H1N1,212,0.3688,0.3688
flu-seqneut-2026-CTS-048,A/Denmark/4774/2025_H1N1,plate22-A/Denmark/4774/2025_H1N1,487,1.312,1
flu-seqneut-2026-CTS-048,A/Denmark/4774/2025_H1N1,plate22-A/Denmark/4774/2025_H1N1,1119,0.9147,0.9147
flu-seqneut-2026-CTS-048,A/Denmark/4774/2025_H1N1,plate22-A/Denmark/4774/2025_H1N1,2575,1.001,1
flu-seqneut-2026-CTS-048,A/Denmark/4774/2025_H1N1,plate22-A/Denmark/4774/2025_H1N1,1.362e+04,2.371,1
flu-seqneut-2026-CTS-048,A/District_Of_Columbia/27/2023_H3N2,plate22-A/District_Of_Columbia/27/2023_H3N2,40,0.00657,0.00657
flu-seqneut-2026-CTS-048,A/District_Of_Columbia/27/2023_H3N2,plate22-A/District_Of_Columbia/27/2023_H3N2,92,0.1729,0.1729
flu-seqneut-2026-CTS-048,A/District_Of_Columbia/27/2023_H3N2,plate22-A/District_Of_Columbia/27/2023_H3N2,212,0.2663,0.2663
flu-seqneut-2026-CTS-048,A/District_Of_Columbia/27/2023_H3N2,plate22-A/District_Of_Columbia/27/2023_H3N2,487,0.5168,0.5168
flu-seqneut-2026-CTS-048,A/District_Of_Columbia/27/2023_H3N2,plate22-A/District_Of_Columbia/27/2023_H3N2,1119,0.815,0.815
flu-seqneut-2026-CTS-048,A/District_Of_Columbia/27/2023_H3N2,plate22-A/District_Of_Columbia/27/2023_H3N2,2575,1.984,1
flu-seqneut-2026-CTS-048,A/District_Of_Columbia/27/2023_H3N2,plate22-A/District_Of_Columbia/27/2023_H3N2,1.362e+04,2.059,1
flu-seqneut-2026-CTS-048,A/Distrito_Federal/250106000728/2025_H3N2,plate22-A/Distrito_Federal/250106000728/2025_H3N2,40,0.06221,0.06221
flu-seqneut-2026-CTS-048,A/Distrito_Federal/250106000728/2025_H3N2,plate22-A/Distrito_Federal/250106000728/2025_H3N2,92,0.3703,0.3703
flu-seqneut-2026-CTS-048,A/Distrito_Federal/250106000728/2025_H3N2,plate22-A/Distrito_Federal/250106000728/2025_H3N2,212,0.1749,0.1749
flu-seqneut-2026-CTS-048,A/Distrito_Federal/250106000728/2025_H3N2,plate22-A/Distrito_Federal/250106000728/2025_H3N2,487,0.51,0.51
flu-seqneut-2026-CTS-048,A/Distrito_Federal/250106000728/2025_H3N2,plate22-A/Distrito_Federal/250106000728/2025_H3N2,1119,1.182,1
flu-seqneut-2026-CTS-048,A/Distrito_Federal/250106000728/2025_H3N2,plate22-A/Distrito_Federal/250106000728/2025_H3N2,2575,1.235,1
flu-seqneut-2026-CTS-048,A/Distrito_Federal/250106000728/2025_H3N2,plate22-A/Distrito_Federal/250106000728/2025_H3N2,1.362e+04,2.008,1
flu-seqneut-2026-CTS-048,A/England/1893256/2026_H1N1,plate22-A/England/1893256/2026_H1N1,40,0.01022,0.01022
flu-seqneut-2026-CTS-048,A/England/1893256/2026_H1N1,plate22-A/England/1893256/2026_H1N1,92,0.3326,0.3326
flu-seqneut-2026-CTS-048,A/England/1893256/2026_H1N1,plate22-A/England/1893256/2026_H1N1,212,0.2672,0.2672
flu-seqneut-2026-CTS-048,A/England/1893256/2026_H1N1,plate22-A/England/1893256/2026_H1N1,487,0.8412,0.8412
flu-seqneut-2026-CTS-048,A/England/1893256/2026_H1N1,plate22-A/England/1893256/2026_H1N1,1119,1.155,1
flu-seqneut-2026-CTS-048,A/England/1893256/2026_H1N1,plate22-A/England/1893256/2026_H1N1,2575,1.233,1
flu-seqneut-2026-CTS-048,A/England/1893256/2026_H1N1,plate22-A/England/1893256/2026_H1N1,1.362e+04,1.8,1
flu-seqneut-2026-CTS-048,A/Florida/ISC-1069/2026_H3N2,plate22-A/Florida/ISC-1069/2026_H3N2,40,0.04941,0.04941
flu-seqneut-2026-CTS-048,A/Florida/ISC-1069/2026_H3N2,plate22-A/Florida/ISC-1069/2026_H3N2,92,0.1502,0.1502
flu-seqneut-2026-CTS-048,A/Florida/ISC-1069/2026_H3N2,plate22-A/Florida/ISC-1069/2026_H3N2,212,0.4087,0.4087
flu-seqneut-2026-CTS-048,A/Florida/ISC-1069/2026_H3N2,plate22-A/Florida/ISC-1069/2026_H3N2,487,0.676,0.676
flu-seqneut-2026-CTS-048,A/Florida/ISC-1069/2026_H3N2,plate22-A/Florida/ISC-1069/2026_H3N2,1119,0.8332,0.8332
flu-seqneut-2026-CTS-048,A/Florida/ISC-1069/2026_H3N2,plate22-A/Florida/ISC-1069/2026_H3N2,2575,1.051,1
flu-seqneut-2026-CTS-048,A/Florida/ISC-1069/2026_H3N2,plate22-A/Florida/ISC-1069/2026_H3N2,1.362e+04,2.053,1
flu-seqneut-2026-CTS-048,A/France/ARA-HCL025195259501/2025_H1N1,plate22-A/France/ARA-HCL025195259501/2025_H1N1,40,0.02875,0.02875
flu-seqneut-2026-CTS-048,A/France/ARA-HCL025195259501/2025_H1N1,plate22-A/France/ARA-HCL025195259501/2025_H1N1,92,0.3453,0.3453
flu-seqneut-2026-CTS-048,A/France/ARA-HCL025195259501/2025_H1N1,plate22-A/France/ARA-HCL025195259501/2025_H1N1,212,0.3213,0.3213
flu-seqneut-2026-CTS-048,A/France/ARA-HCL025195259501/2025_H1N1,plate22-A/France/ARA-HCL025195259501/2025_H1N1,487,0.7202,0.7202
flu-seqneut-2026-CTS-048,A/France/ARA-HCL025195259501/2025_H1N1,plate22-A/France/ARA-HCL025195259501/2025_H1N1,1119,0.7351,0.7351
flu-seqneut-2026-CTS-048,A/France/ARA-HCL025195259501/2025_H1N1,plate22-A/France/ARA-HCL025195259501/2025_H1N1,2575,1.189,1
flu-seqneut-2026-CTS-048,A/France/ARA-HCL025195259501/2025_H1N1,plate22-A/France/ARA-HCL025195259501/2025_H1N1,1.362e+04,1.98,1
flu-seqneut-2026-CTS-048,A/France/ARA-HCL026031894402/2026_H3N2,plate22-A/France/ARA-HCL026031894402/2026_H3N2,40,0.02775,0.02775
flu-seqneut-2026-CTS-048,A/France/ARA-HCL026031894402/2026_H3N2,plate22-A/France/ARA-HCL026031894402/2026_H3N2,92,0.2131,0.2131
flu-seqneut-2026-CTS-048,A/France/ARA-HCL026031894402/2026_H3N2,plate22-A/France/ARA-HCL026031894402/2026_H3N2,212,0.2113,0.2113
flu-seqneut-2026-CTS-048,A/France/ARA-HCL026031894402/2026_H3N2,plate22-A/France/ARA-HCL026031894402/2026_H3N2,487,0.6028,0.6028
flu-seqneut-2026-CTS-048,A/France/ARA-HCL026031894402/2026_H3N2,plate22-A/France/ARA-HCL026031894402/2026_H3N2,1119,0.5151,0.5151
flu-seqneut-2026-CTS-048,A/France/ARA-HCL026031894402/2026_H3N2,plate22-A/France/ARA-HCL026031894402/2026_H3N2,2575,0.8257,0.8257
flu-seqneut-2026-CTS-048,A/France/ARA-HCL026031894402/2026_H3N2,plate22-A/France/ARA-HCL026031894402/2026_H3N2,1.362e+04,2.303,1
flu-seqneut-2026-CTS-048,A/France/GES-IPP00659/2026_H1N1,plate22-A/France/GES-IPP00659/2026_H1N1,40,0.1055,0.1055
flu-seqneut-2026-CTS-048,A/France/GES-IPP00659/2026_H1N1,plate22-A/France/GES-IPP00659/2026_H1N1,92,0.207,0.207
flu-seqneut-2026-CTS-048,A/France/GES-IPP00659/2026_H1N1,plate22-A/France/GES-IPP00659/2026_H1N1,212,0.3761,0.3761
flu-seqneut-2026-CTS-048,A/France/GES-IPP00659/2026_H1N1,plate22-A/France/GES-IPP00659/2026_H1N1,487,0.6294,0.6294
flu-seqneut-2026-CTS-048,A/France/GES-IPP00659/2026_H1N1,plate22-A/France/GES-IPP00659/2026_H1N1,1119,1.341,1
flu-seqneut-2026-CTS-048,A/France/GES-IPP00659/2026_H1N1,plate22-A/France/GES-IPP00659/2026_H1N1,2575,1.295,1
flu-seqneut-2026-CTS-048,A/France/GES-IPP00659/2026_H1N1,plate22-A/France/GES-IPP00659/2026_H1N1,1.362e+04,1.447,1
flu-seqneut-2026-CTS-048,A/France/GES-IPP01077/2026_H3N2,plate22-A/France/GES-IPP01077/2026_H3N2,40,0.003325,0.003325
flu-seqneut-2026-CTS-048,A/France/GES-IPP01077/2026_H3N2,plate22-A/France/GES-IPP01077/2026_H3N2,92,0.02104,0.02104
flu-seqneut-2026-CTS-048,A/France/GES-IPP01077/2026_H3N2,plate22-A/France/GES-IPP01077/2026_H3N2,212,0.07272,0.07272
flu-seqneut-2026-CTS-048,A/France/GES-IPP01077/2026_H3N2,plate22-A/France/GES-IPP01077/2026_H3N2,487,0.5813,0.5813
flu-seqneut-2026-CTS-048,A/France/GES-IPP01077/2026_H3N2,plate22-A/France/GES-IPP01077/2026_H3N2,1119,0.6554,0.6554
flu-seqneut-2026-CTS-048,A/France/GES-IPP01077/2026_H3N2,plate22-A/France/GES-IPP01077/2026_H3N2,2575,0.5969,0.5969
flu-seqneut-2026-CTS-048,A/France/GES-IPP01077/2026_H3N2,plate22-A/France/GES-IPP01077/2026_H3N2,1.362e+04,2.275,1
flu-seqneut-2026-CTS-048,A/France/HDF-IPP01550/2026_H3N2,plate22-A/France/HDF-IPP01550/2026_H3N2,40,0.01726,0.01726
flu-seqneut-2026-CTS-048,A/France/HDF-IPP01550/2026_H3N2,plate22-A/France/HDF-IPP01550/2026_H3N2,92,0.2075,0.2075
flu-seqneut-2026-CTS-048,A/France/HDF-IPP01550/2026_H3N2,plate22-A/France/HDF-IPP01550/2026_H3N2,212,0.2194,0.2194
flu-seqneut-2026-CTS-048,A/France/HDF-IPP01550/2026_H3N2,plate22-A/France/HDF-IPP01550/2026_H3N2,487,0.3762,0.3762
flu-seqneut-2026-CTS-048,A/France/HDF-IPP01550/2026_H3N2,plate22-A/France/HDF-IPP01550/2026_H3N2,1119,0.8216,0.8216
flu-seqneut-2026-CTS-048,A/France/HDF-IPP01550/2026_H3N2,plate22-A/France/HDF-IPP01550/2026_H3N2,2575,1.145,1
flu-seqneut-2026-CTS-048,A/France/HDF-IPP01550/2026_H3N2,plate22-A/France/HDF-IPP01550/2026_H3N2,1.362e+04,1.959,1
flu-seqneut-2026-CTS-048,A/France/HDF-RELAB-IPP00300/2026_H3N2,plate22-A/France/HDF-RELAB-IPP00300/2026_H3N2,40,0.01281,0.01281
flu-seqneut-2026-CTS-048,A/France/HDF-RELAB-IPP00300/2026_H3N2,plate22-A/France/HDF-RELAB-IPP00300/2026_H3N2,92,0.2041,0.2041
flu-seqneut-2026-CTS-048,A/France/HDF-RELAB-IPP00300/2026_H3N2,plate22-A/France/HDF-RELAB-IPP00300/2026_H3N2,212,0.1273,0.1273
flu-seqneut-2026-CTS-048,A/France/HDF-RELAB-IPP00300/2026_H3N2,plate22-A/France/HDF-RELAB-IPP00300/2026_H3N2,487,0.309,0.309
flu-seqneut-2026-CTS-048,A/France/HDF-RELAB-IPP00300/2026_H3N2,plate22-A/France/HDF-RELAB-IPP00300/2026_H3N2,1119,0.7045,0.7045
flu-seqneut-2026-CTS-048,A/France/HDF-RELAB-IPP00300/2026_H3N2,plate22-A/France/HDF-RELAB-IPP00300/2026_H3N2,2575,0.73,0.73
flu-seqneut-2026-CTS-048,A/France/HDF-RELAB-IPP00300/2026_H3N2,plate22-A/France/HDF-RELAB-IPP00300/2026_H3N2,5921,1.988,1
flu-seqneut-2026-CTS-048,A/France/HDF-RELAB-IPP00300/2026_H3N2,plate22-A/France/HDF-RELAB-IPP00300/2026_H3N2,1.362e+04,1.542,1
flu-seqneut-2026-CTS-048,A/France/HDF-RELAB-IPP00303/2026_H3N2,plate22-A/France/HDF-RELAB-IPP00303/2026_H3N2,40,0.046,0.046
flu-seqneut-2026-CTS-048,A/France/HDF-RELAB-IPP00303/2026_H3N2,plate22-A/France/HDF-RELAB-IPP00303/2026_H3N2,92,0.2172,0.2172
flu-seqneut-2026-CTS-048,A/France/HDF-RELAB-IPP00303/2026_H3N2,plate22-A/France/HDF-RELAB-IPP00303/2026_H3N2,212,0.1936,0.1936
flu-seqneut-2026-CTS-048,A/France/HDF-RELAB-IPP00303/2026_H3N2,plate22-A/France/HDF-RELAB-IPP00303/2026_H3N2,487,0.7684,0.7684
flu-seqneut-2026-CTS-048,A/France/HDF-RELAB-IPP00303/2026_H3N2,plate22-A/France/HDF-RELAB-IPP00303/2026_H3N2,1119,0.7366,0.7366
flu-seqneut-2026-CTS-048,A/France/HDF-RELAB-IPP00303/2026_H3N2,plate22-A/France/HDF-RELAB-IPP00303/2026_H3N2,2575,1.142,1
flu-seqneut-2026-CTS-048,A/France/HDF-RELAB-IPP00303/2026_H3N2,plate22-A/France/HDF-RELAB-IPP00303/2026_H3N2,1.362e+04,1.908,1
flu-seqneut-2026-CTS-048,A/France/HDF-RELAB-IPP07969/2025_H1N1,plate22-A/France/HDF-RELAB-IPP07969/2025_H1N1,40,0.01474,0.01474
flu-seqneut-2026-CTS-048,A/France/HDF-RELAB-IPP07969/2025_H1N1,plate22-A/France/HDF-RELAB-IPP07969/2025_H1N1,92,0.2988,0.2988
flu-seqneut-2026-CTS-048,A/France/HDF-RELAB-IPP07969/2025_H1N1,plate22-A/France/HDF-RELAB-IPP07969/2025_H1N1,212,0.298,0.298
flu-seqneut-2026-CTS-048,A/France/HDF-RELAB-IPP07969/2025_H1N1,plate22-A/France/HDF-RELAB-IPP07969/2025_H1N1,487,0.8164,0.8164
flu-seqneut-2026-CTS-048,A/France/HDF-RELAB-IPP07969/2025_H1N1,plate22-A/France/HDF-RELAB-IPP07969/2025_H1N1,1119,0.713,0.713
flu-seqneut-2026-CTS-048,A/France/HDF-RELAB-IPP07969/2025_H1N1,plate22-A/France/HDF-RELAB-IPP07969/2025_H1N1,2575,0.8268,0.8268
flu-seqneut-2026-CTS-048,A/France/HDF-RELAB-IPP07969/2025_H1N1,plate22-A/France/HDF-RELAB-IPP07969/2025_H1N1,5921,2.991,1
flu-seqneut-2026-CTS-048,A/France/HDF-RELAB-IPP07969/2025_H1N1,plate22-A/France/HDF-RELAB-IPP07969/2025_H1N1,1.362e+04,1.061,1
flu-seqneut-2026-CTS-048,A/France/NAQ-HCL026010957001/2026_H3N2,plate22-A/France/NAQ-HCL026010957001/2026_H3N2,40,0.03489,0.03489
flu-seqneut-2026-CTS-048,A/France/NAQ-HCL026010957001/2026_H3N2,plate22-A/France/NAQ-HCL026010957001/2026_H3N2,92,0.1938,0.1938
flu-seqneut-2026-CTS-048,A/France/NAQ-HCL026010957001/2026_H3N2,plate22-A/France/NAQ-HCL026010957001/2026_H3N2,212,0.2602,0.2602
flu-seqneut-2026-CTS-048,A/France/NAQ-HCL026010957001/2026_H3N2,plate22-A/France/NAQ-HCL026010957001/2026_H3N2,487,0.4829,0.4829
flu-seqneut-2026-CTS-048,A/France/NAQ-HCL026010957001/2026_H3N2,plate22-A/France/NAQ-HCL026010957001/2026_H3N2,1119,0.8425,0.8425
flu-seqneut-2026-CTS-048,A/France/NAQ-HCL026010957001/2026_H3N2,plate22-A/France/NAQ-HCL026010957001/2026_H3N2,2575,0.9393,0.9393
flu-seqneut-2026-CTS-048,A/France/NAQ-HCL026010957001/2026_H3N2,plate22-A/France/NAQ-HCL026010957001/2026_H3N2,1.362e+04,1.478,1
flu-seqneut-2026-CTS-048,A/France/NAQ-HCL026046169102/2025_H1N1,plate22-A/France/NAQ-HCL026046169102/2025_H1N1,40,0.009673,0.009673
flu-seqneut-2026-CTS-048,A/France/NAQ-HCL026046169102/2025_H1N1,plate22-A/France/NAQ-HCL026046169102/2025_H1N1,92,0.1188,0.1188
flu-seqneut-2026-CTS-048,A/France/NAQ-HCL026046169102/2025_H1N1,plate22-A/France/NAQ-HCL026046169102/2025_H1N1,212,0.4879,0.4879
flu-seqneut-2026-CTS-048,A/France/NAQ-HCL026046169102/2025_H1N1,plate22-A/France/NAQ-HCL026046169102/2025_H1N1,487,0.3804,0.3804
flu-seqneut-2026-CTS-048,A/France/NAQ-HCL026046169102/2025_H1N1,plate22-A/France/NAQ-HCL026046169102/2025_H1N1,1119,0.4576,0.4576
flu-seqneut-2026-CTS-048,A/France/NAQ-HCL026046169102/2025_H1N1,plate22-A/France/NAQ-HCL026046169102/2025_H1N1,2575,0.6193,0.6193
flu-seqneut-2026-CTS-048,A/France/NAQ-HCL026046169102/2025_H1N1,plate22-A/France/NAQ-HCL026046169102/2025_H1N1,5921,2.354,1
flu-seqneut-2026-CTS-048,A/France/NAQ-HCL026046169102/2025_H1N1,plate22-A/France/NAQ-HCL026046169102/2025_H1N1,1.362e+04,0.8467,0.8467
flu-seqneut-2026-CTS-048,A/France/OCC-HCL026013263701/2026_H3N2,plate22-A/France/OCC-HCL026013263701/2026_H3N2,40,0.004769,0.004769
flu-seqneut-2026-CTS-048,A/France/OCC-HCL026013263701/2026_H3N2,plate22-A/France/OCC-HCL026013263701/2026_H3N2,92,0.04626,0.04626
flu-seqneut-2026-CTS-048,A/France/OCC-HCL026013263701/2026_H3N2,plate22-A/France/OCC-HCL026013263701/2026_H3N2,212,0.306,0.306
flu-seqneut-2026-CTS-048,A/France/OCC-HCL026013263701/2026_H3N2,plate22-A/France/OCC-HCL026013263701/2026_H3N2,487,0.434,0.434
flu-seqneut-2026-CTS-048,A/France/OCC-HCL026013263701/2026_H3N2,plate22-A/France/OCC-HCL026013263701/2026_H3N2,1119,1.265,1
flu-seqneut-2026-CTS-048,A/France/OCC-HCL026013263701/2026_H3N2,plate22-A/France/OCC-HCL026013263701/2026_H3N2,2575,1.154,1
flu-seqneut-2026-CTS-048,A/France/OCC-HCL026013263701/2026_H3N2,plate22-A/France/OCC-HCL026013263701/2026_H3N2,1.362e+04,1.851,1
flu-seqneut-2026-CTS-048,A/France/PAC-RELAB-HCL026021993801/2026_H3N2,plate22-A/France/PAC-RELAB-HCL026021993801/2026_H3N2,40,0.01914,0.01914
flu-seqneut-2026-CTS-048,A/France/PAC-RELAB-HCL026021993801/2026_H3N2,plate22-A/France/PAC-RELAB-HCL026021993801/2026_H3N2,92,0.04243,0.04243
flu-seqneut-2026-CTS-048,A/France/PAC-RELAB-HCL026021993801/2026_H3N2,plate22-A/France/PAC-RELAB-HCL026021993801/2026_H3N2,212,0.3795,0.3795
flu-seqneut-2026-CTS-048,A/France/PAC-RELAB-HCL026021993801/2026_H3N2,plate22-A/France/PAC-RELAB-HCL026021993801/2026_H3N2,487,0.9142,0.9142
flu-seqneut-2026-CTS-048,A/France/PAC-RELAB-HCL026021993801/2026_H3N2,plate22-A/France/PAC-RELAB-HCL026021993801/2026_H3N2,1119,0.9608,0.9608
flu-seqneut-2026-CTS-048,A/France/PAC-RELAB-HCL026021993801/2026_H3N2,plate22-A/France/PAC-RELAB-HCL026021993801/2026_H3N2,2575,0.9544,0.9544
flu-seqneut-2026-CTS-048,A/Galicia/GA-CHUAC-451/2025_H3N2,plate22-A/Galicia/GA-CHUAC-451/2025_H3N2,40,0.00147,0.00147
flu-seqneut-2026-CTS-048,A/Galicia/GA-CHUAC-451/2025_H3N2,plate22-A/Galicia/GA-CHUAC-451/2025_H3N2,92,0.3249,0.3249
flu-seqneut-2026-CTS-048,A/Galicia/GA-CHUAC-451/2025_H3N2,plate22-A/Galicia/GA-CHUAC-451/2025_H3N2,212,0.1638,0.1638
flu-seqneut-2026-CTS-048,A/Galicia/GA-CHUAC-451/2025_H3N2,plate22-A/Galicia/GA-CHUAC-451/2025_H3N2,487,0.8638,0.8638
flu-seqneut-2026-CTS-048,A/Galicia/GA-CHUAC-451/2025_H3N2,plate22-A/Galicia/GA-CHUAC-451/2025_H3N2,1119,0.6161,0.6161
flu-seqneut-2026-CTS-048,A/Galicia/GA-CHUAC-451/2025_H3N2,plate22-A/Galicia/GA-CHUAC-451/2025_H3N2,2575,1.204,1
flu-seqneut-2026-CTS-048,A/Galicia/GA-CHUAC-451/2025_H3N2,plate22-A/Galicia/GA-CHUAC-451/2025_H3N2,1.362e+04,1.971,1
flu-seqneut-2026-CTS-048,A/Galicia/GA-CHUAC-612/2025_H1N1,plate22-A/Galicia/GA-CHUAC-612/2025_H1N1,40,0.01511,0.01511
flu-seqneut-2026-CTS-048,A/Galicia/GA-CHUAC-612/2025_H1N1,plate22-A/Galicia/GA-CHUAC-612/2025_H1N1,92,0.2986,0.2986
flu-seqneut-2026-CTS-048,A/Galicia/GA-CHUAC-612/2025_H1N1,plate22-A/Galicia/GA-CHUAC-612/2025_H1N1,212,0.3546,0.3546
flu-seqneut-2026-CTS-048,A/Galicia/GA-CHUAC-612/2025_H1N1,plate22-A/Galicia/GA-CHUAC-612/2025_H1N1,487,0.9899,0.9899
flu-seqneut-2026-CTS-048,A/Galicia/GA-CHUAC-612/2025_H1N1,plate22-A/Galicia/GA-CHUAC-612/2025_H1N1,1119,0.9411,0.9411
flu-seqneut-2026-CTS-048,A/Galicia/GA-CHUAC-612/2025_H1N1,plate22-A/Galicia/GA-CHUAC-612/2025_H1N1,2575,1.641,1
flu-seqneut-2026-CTS-048,A/Galicia/GA-CHUAC-612/2025_H1N1,plate22-A/Galicia/GA-CHUAC-612/2025_H1N1,1.362e+04,1.356,1
flu-seqneut-2026-CTS-048,A/Germany/LRMC_0104/2025_H3N2,plate22-A/Germany/LRMC_0104/2025_H3N2,40,0.01645,0.01645
flu-seqneut-2026-CTS-048,A/Germany/LRMC_0104/2025_H3N2,plate22-A/Germany/LRMC_0104/2025_H3N2,92,0.1098,0.1098
flu-seqneut-2026-CTS-048,A/Germany/LRMC_0104/2025_H3N2,plate22-A/Germany/LRMC_0104/2025_H3N2,212,0.1263,0.1263
flu-seqneut-2026-CTS-048,A/Germany/LRMC_0104/2025_H3N2,plate22-A/Germany/LRMC_0104/2025_H3N2,487,0.7378,0.7378
flu-seqneut-2026-CTS-048,A/Germany/LRMC_0104/2025_H3N2,plate22-A/Germany/LRMC_0104/2025_H3N2,1119,1.266,1
flu-seqneut-2026-CTS-048,A/Germany/LRMC_0104/2025_H3N2,plate22-A/Germany/LRMC_0104/2025_H3N2,2575,1.252,1
flu-seqneut-2026-CTS-048,A/Germany/LRMC_0104/2025_H3N2,plate22-A/Germany/LRMC_0104/2025_H3N2,1.362e+04,1.754,1
flu-seqneut-2026-CTS-048,A/Germany/LRMC_0113/2025_H3N2,plate22-A/Germany/LRMC_0113/2025_H3N2,40,0.01605,0.01605
flu-seqneut-2026-CTS-048,A/Germany/LRMC_0113/2025_H3N2,plate22-A/Germany/LRMC_0113/2025_H3N2,92,0.03456,0.03456
flu-seqneut-2026-CTS-048,A/Germany/LRMC_0113/2025_H3N2,plate22-A/Germany/LRMC_0113/2025_H3N2,212,0.2367,0.2367
flu-seqneut-2026-CTS-048,A/Germany/LRMC_0113/2025_H3N2,plate22-A/Germany/LRMC_0113/2025_H3N2,487,0.5116,0.5116
flu-seqneut-2026-CTS-048,A/Germany/LRMC_0113/2025_H3N2,plate22-A/Germany/LRMC_0113/2025_H3N2,1119,0.6741,0.6741
flu-seqneut-2026-CTS-048,A/Germany/LRMC_0113/2025_H3N2,plate22-A/Germany/LRMC_0113/2025_H3N2,2575,0.9285,0.9285
flu-seqneut-2026-CTS-048,A/Germany/LRMC_0113/2025_H3N2,plate22-A/Germany/LRMC_0113/2025_H3N2,1.362e+04,1.973,1
flu-seqneut-2026-CTS-048,A/Hawaii/70/2019_H1N1,plate22-A/Hawaii/70/2019_H1N1,40,0.00273,0.00273
flu-seqneut-2026-CTS-048,A/Hawaii/70/2019_H1N1,plate22-A/Hawaii/70/2019_H1N1,92,0.1876,0.1876
flu-seqneut-2026-CTS-048,A/Hawaii/70/2019_H1N1,plate22-A/Hawaii/70/2019_H1N1,212,0.08674,0.08674
flu-seqneut-2026-CTS-048,A/Hawaii/70/2019_H1N1,plate22-A/Hawaii/70/2019_H1N1,487,0.6007,0.6007
flu-seqneut-2026-CTS-048,A/Hawaii/70/2019_H1N1,plate22-A/Hawaii/70/2019_H1N1,1119,0.8632,0.8632
flu-seqneut-2026-CTS-048,A/Hawaii/70/2019_H1N1,plate22-A/Hawaii/70/2019_H1N1,2575,0.6739,0.6739
flu-seqneut-2026-CTS-048,A/Hawaii/70/2019_H1N1,plate22-A/Hawaii/70/2019_H1N1,5921,2.738,1
flu-seqneut-2026-CTS-048,A/Hawaii/70/2019_H1N1,plate22-A/Hawaii/70/2019_H1N1,1.362e+04,0.9187,0.9187
flu-seqneut-2026-CTS-048,A/Hawaii/ISC-1140/2025_H1N1,plate22-A/Hawaii/ISC-1140/2025_H1N1,40,0.01584,0.01584
flu-seqneut-2026-CTS-048,A/Hawaii/ISC-1140/2025_H1N1,plate22-A/Hawaii/ISC-1140/2025_H1N1,92,0.2118,0.2118
flu-seqneut-2026-CTS-048,A/Hawaii/ISC-1140/2025_H1N1,plate22-A/Hawaii/ISC-1140/2025_H1N1,212,0.3346,0.3346
flu-seqneut-2026-CTS-048,A/Hawaii/ISC-1140/2025_H1N1,plate22-A/Hawaii/ISC-1140/2025_H1N1,487,0.3354,0.3354
flu-seqneut-2026-CTS-048,A/Hawaii/ISC-1140/2025_H1N1,plate22-A/Hawaii/ISC-1140/2025_H1N1,1119,0.5838,0.5838
flu-seqneut-2026-CTS-048,A/Hawaii/ISC-1140/2025_H1N1,plate22-A/Hawaii/ISC-1140/2025_H1N1,2575,0.6536,0.6536
flu-seqneut-2026-CTS-048,A/Hawaii/ISC-1140/2025_H1N1,plate22-A/Hawaii/ISC-1140/2025_H1N1,5921,1.904,1
flu-seqneut-2026-CTS-048,A/Hawaii/ISC-1140/2025_H1N1,plate22-A/Hawaii/ISC-1140/2025_H1N1,1.362e+04,0.9286,0.9286
flu-seqneut-2026-CTS-048,A/Hessen/18/2026_H1N1,plate22-A/Hessen/18/2026_H1N1,40,0.0572,0.0572
flu-seqneut-2026-CTS-048,A/Hessen/18/2026_H1N1,plate22-A/Hessen/18/2026_H1N1,92,0.7721,0.7721
flu-seqneut-2026-CTS-048,A/Hessen/18/2026_H1N1,plate22-A/Hessen/18/2026_H1N1,212,0.4554,0.4554
flu-seqneut-2026-CTS-048,A/Hessen/18/2026_H1N1,plate22-A/Hessen/18/2026_H1N1,487,1.044,1
flu-seqneut-2026-CTS-048,A/Hessen/18/2026_H1N1,plate22-A/Hessen/18/2026_H1N1,1119,1.292,1
flu-seqneut-2026-CTS-048,A/Hessen/18/2026_H1N1,plate22-A/Hessen/18/2026_H1N1,2575,1.743,1
flu-seqneut-2026-CTS-048,A/Hessen/18/2026_H1N1,plate22-A/Hessen/18/2026_H1N1,1.362e+04,2.636,1
flu-seqneut-2026-CTS-048,A/Ireland/91576/2025_H3N2,plate22-A/Ireland/91576/2025_H3N2,40,0.03513,0.03513
flu-seqneut-2026-CTS-048,A/Ireland/91576/2025_H3N2,plate22-A/Ireland/91576/2025_H3N2,92,0.2123,0.2123
flu-seqneut-2026-CTS-048,A/Ireland/91576/2025_H3N2,plate22-A/Ireland/91576/2025_H3N2,212,0.1782,0.1782
flu-seqneut-2026-CTS-048,A/Ireland/91576/2025_H3N2,plate22-A/Ireland/91576/2025_H3N2,487,0.452,0.452
flu-seqneut-2026-CTS-048,A/Ireland/91576/2025_H3N2,plate22-A/Ireland/91576/2025_H3N2,1119,1.053,1
flu-seqneut-2026-CTS-048,A/Ireland/91576/2025_H3N2,plate22-A/Ireland/91576/2025_H3N2,2575,0.9243,0.9243
flu-seqneut-2026-CTS-048,A/Ireland/91576/2025_H3N2,plate22-A/Ireland/91576/2025_H3N2,1.362e+04,1.689,1
flu-seqneut-2026-CTS-048,A/Kentucky/80/2025_H1N1,plate22-A/Kentucky/80/2025_H1N1,40,0.01801,0.01801
flu-seqneut-2026-CTS-048,A/Kentucky/80/2025_H1N1,plate22-A/Kentucky/80/2025_H1N1,92,0.09704,0.09704
flu-seqneut-2026-CTS-048,A/Kentucky/80/2025_H1N1,plate22-A/Kentucky/80/2025_H1N1,212,0.1629,0.1629
flu-seqneut-2026-CTS-048,A/Kentucky/80/2025_H1N1,plate22-A/Kentucky/80/2025_H1N1,487,0.6908,0.6908
flu-seqneut-2026-CTS-048,A/Kentucky/80/2025_H1N1,plate22-A/Kentucky/80/2025_H1N1,1119,0.8365,0.8365
flu-seqneut-2026-CTS-048,A/Kentucky/80/2025_H1N1,plate22-A/Kentucky/80/2025_H1N1,2575,1.022,1
flu-seqneut-2026-CTS-048,A/Kentucky/80/2025_H1N1,plate22-A/Kentucky/80/2025_H1N1,1.362e+04,1.951,1
flu-seqneut-2026-CTS-048,A/Lisboa/216/2023_H3N2,plate22-A/Lisboa/216/2023_H3N2,40,0.01734,0.01734
flu-seqneut-2026-CTS-048,A/Lisboa/216/2023_H3N2,plate22-A/Lisboa/216/2023_H3N2,92,0.08943,0.08943
flu-seqneut-2026-CTS-048,A/Lisboa/216/2023_H3N2,plate22-A/Lisboa/216/2023_H3N2,212,0.1347,0.1347
flu-seqneut-2026-CTS-048,A/Lisboa/216/2023_H3N2,plate22-A/Lisboa/216/2023_H3N2,487,0.4204,0.4204
flu-seqneut-2026-CTS-048,A/Lisboa/216/2023_H3N2,plate22-A/Lisboa/216/2023_H3N2,1119,0.7765,0.7765
flu-seqneut-2026-CTS-048,A/Lisboa/216/2023_H3N2,plate22-A/Lisboa/216/2023_H3N2,2575,0.6467,0.6467
flu-seqneut-2026-CTS-048,A/Lisboa/216/2023_H3N2,plate22-A/Lisboa/216/2023_H3N2,5921,2.521,1
flu-seqneut-2026-CTS-048,A/Lisboa/216/2023_H3N2,plate22-A/Lisboa/216/2023_H3N2,1.362e+04,1.286,1
flu-seqneut-2026-CTS-048,A/Luxembourg/LNS9132577/2026_H3N2,plate22-A/Luxembourg/LNS9132577/2026_H3N2,40,0.01578,0.01578
flu-seqneut-2026-CTS-048,A/Luxembourg/LNS9132577/2026_H3N2,plate22-A/Luxembourg/LNS9132577/2026_H3N2,92,0.2738,0.2738
flu-seqneut-2026-CTS-048,A/Luxembourg/LNS9132577/2026_H3N2,plate22-A/Luxembourg/LNS9132577/2026_H3N2,212,0.2481,0.2481
flu-seqneut-2026-CTS-048,A/Luxembourg/LNS9132577/2026_H3N2,plate22-A/Luxembourg/LNS9132577/2026_H3N2,487,0.498,0.498
flu-seqneut-2026-CTS-048,A/Luxembourg/LNS9132577/2026_H3N2,plate22-A/Luxembourg/LNS9132577/2026_H3N2,1119,0.9503,0.9503
flu-seqneut-2026-CTS-048,A/Luxembourg/LNS9132577/2026_H3N2,plate22-A/Luxembourg/LNS9132577/2026_H3N2,2575,1.81,1
flu-seqneut-2026-CTS-048,A/Luxembourg/LNS9132577/2026_H3N2,plate22-A/Luxembourg/LNS9132577/2026_H3N2,1.362e+04,2.81,1
flu-seqneut-2026-CTS-048,A/Maine/25/2026_H1N1,plate22-A/Maine/25/2026_H1N1,40,0.01406,0.01406
flu-seqneut-2026-CTS-048,A/Maine/25/2026_H1N1,plate22-A/Maine/25/2026_H1N1,92,0.3892,0.3892
flu-seqneut-2026-CTS-048,A/Maine/25/2026_H1N1,plate22-A/Maine/25/2026_H1N1,212,0.2895,0.2895
flu-seqneut-2026-CTS-048,A/Maine/25/2026_H1N1,plate22-A/Maine/25/2026_H1N1,487,0.8856,0.8856
flu-seqneut-2026-CTS-048,A/Maine/25/2026_H1N1,plate22-A/Maine/25/2026_H1N1,1119,1.013,1
flu-seqneut-2026-CTS-048,A/Maine/25/2026_H1N1,plate22-A/Maine/25/2026_H1N1,2575,1.031,1
flu-seqneut-2026-CTS-048,A/Maine/25/2026_H1N1,plate22-A/Maine/25/2026_H1N1,1.362e+04,1.902,1
flu-seqneut-2026-CTS-048,A/Malaysia/IMR/SARI/2406/2025_H3N2,plate22-A/Malaysia/IMR/SARI/2406/2025_H3N2,40,0.01202,0.01202
flu-seqneut-2026-CTS-048,A/Malaysia/IMR/SARI/2406/2025_H3N2,plate22-A/Malaysia/IMR/SARI/2406/2025_H3N2,92,0.1171,0.1171
flu-seqneut-2026-CTS-048,A/Malaysia/IMR/SARI/2406/2025_H3N2,plate22-A/Malaysia/IMR/SARI/2406/2025_H3N2,212,0.7092,0.7092
flu-seqneut-2026-CTS-048,A/Malaysia/IMR/SARI/2406/2025_H3N2,plate22-A/Malaysia/IMR/SARI/2406/2025_H3N2,487,0.5849,0.5849
flu-seqneut-2026-CTS-048,A/Malaysia/IMR/SARI/2406/2025_H3N2,plate22-A/Malaysia/IMR/SARI/2406/2025_H3N2,1119,0.7575,0.7575
flu-seqneut-2026-CTS-048,A/Malaysia/IMR/SARI/2406/2025_H3N2,plate22-A/Malaysia/IMR/SARI/2406/2025_H3N2,2575,1.227,1
flu-seqneut-2026-CTS-048,A/Malaysia/IMR/SARI/2406/2025_H3N2,plate22-A/Malaysia/IMR/SARI/2406/2025_H3N2,5921,2.675,1
flu-seqneut-2026-CTS-048,A/Malaysia/IMR/SARI/2406/2025_H3N2,plate22-A/Malaysia/IMR/SARI/2406/2025_H3N2,1.362e+04,1.723,1
flu-seqneut-2026-CTS-048,A/Massachusetts/18/2022_H3N2,plate22-A/Massachusetts/18/2022_H3N2,40,0.001379,0.001379
flu-seqneut-2026-CTS-048,A/Massachusetts/18/2022_H3N2,plate22-A/Massachusetts/18/2022_H3N2,92,0.09562,0.09562
flu-seqneut-2026-CTS-048,A/Massachusetts/18/2022_H3N2,plate22-A/Massachusetts/18/2022_H3N2,212,0.1682,0.1682
flu-seqneut-2026-CTS-048,A/Massachusetts/18/2022_H3N2,plate22-A/Massachusetts/18/2022_H3N2,487,0.575,0.575
flu-seqneut-2026-CTS-048,A/Massachusetts/18/2022_H3N2,plate22-A/Massachusetts/18/2022_H3N2,1119,0.6986,0.6986
flu-seqneut-2026-CTS-048,A/Massachusetts/18/2022_H3N2,plate22-A/Massachusetts/18/2022_H3N2,2575,1.316,1
flu-seqneut-2026-CTS-048,A/Massachusetts/18/2022_H3N2,plate22-A/Massachusetts/18/2022_H3N2,1.362e+04,1.596,1
flu-seqneut-2026-CTS-048,A/Massachusetts/ISC-1856/2025_H3N2,plate22-A/Massachusetts/ISC-1856/2025_H3N2,40,0.03396,0.03396
flu-seqneut-2026-CTS-048,A/Massachusetts/ISC-1856/2025_H3N2,plate22-A/Massachusetts/ISC-1856/2025_H3N2,92,0.08279,0.08279
flu-seqneut-2026-CTS-048,A/Massachusetts/ISC-1856/2025_H3N2,plate22-A/Massachusetts/ISC-1856/2025_H3N2,212,0.4178,0.4178
flu-seqneut-2026-CTS-048,A/Massachusetts/ISC-1856/2025_H3N2,plate22-A/Massachusetts/ISC-1856/2025_H3N2,487,0.8184,0.8184
flu-seqneut-2026-CTS-048,A/Massachusetts/ISC-1856/2025_H3N2,plate22-A/Massachusetts/ISC-1856/2025_H3N2,1119,1.433,1
flu-seqneut-2026-CTS-048,A/Massachusetts/ISC-1856/2025_H3N2,plate22-A/Massachusetts/ISC-1856/2025_H3N2,2575,1.695,1
flu-seqneut-2026-CTS-048,A/Mauritius/26000203/2026_H1N1,plate22-A/Mauritius/26000203/2026_H1N1,40,0.01924,0.01924
flu-seqneut-2026-CTS-048,A/Mauritius/26000203/2026_H1N1,plate22-A/Mauritius/26000203/2026_H1N1,92,0.1945,0.1945
flu-seqneut-2026-CTS-048,A/Mauritius/26000203/2026_H1N1,plate22-A/Mauritius/26000203/2026_H1N1,212,0.2312,0.2312
flu-seqneut-2026-CTS-048,A/Mauritius/26000203/2026_H1N1,plate22-A/Mauritius/26000203/2026_H1N1,487,0.5796,0.5796
flu-seqneut-2026-CTS-048,A/Mauritius/26000203/2026_H1N1,plate22-A/Mauritius/26000203/2026_H1N1,1119,1.003,1
flu-seqneut-2026-CTS-048,A/Mauritius/26000203/2026_H1N1,plate22-A/Mauritius/26000203/2026_H1N1,2575,1.087,1
flu-seqneut-2026-CTS-048,A/Mauritius/26000203/2026_H1N1,plate22-A/Mauritius/26000203/2026_H1N1,1.362e+04,1.209,1
flu-seqneut-2026-CTS-048,A/Michigan/8/2026_H3N2,plate22-A/Michigan/8/2026_H3N2,40,0.02184,0.02184
flu-seqneut-2026-CTS-048,A/Michigan/8/2026_H3N2,plate22-A/Michigan/8/2026_H3N2,92,0.09809,0.09809
flu-seqneut-2026-CTS-048,A/Michigan/8/2026_H3N2,plate22-A/Michigan/8/2026_H3N2,212,0.2603,0.2603
flu-seqneut-2026-CTS-048,A/Michigan/8/2026_H3N2,plate22-A/Michigan/8/2026_H3N2,487,0.8407,0.8407
flu-seqneut-2026-CTS-048,A/Michigan/8/2026_H3N2,plate22-A/Michigan/8/2026_H3N2,1119,0.972,0.972
flu-seqneut-2026-CTS-048,A/Michigan/8/2026_H3N2,plate22-A/Michigan/8/2026_H3N2,2575,1.513,1
flu-seqneut-2026-CTS-048,A/Michigan/8/2026_H3N2,plate22-A/Michigan/8/2026_H3N2,1.362e+04,1.727,1
flu-seqneut-2026-CTS-048,A/Michigan/UM-10068071276/2025_H3N2,plate22-A/Michigan/UM-10068071276/2025_H3N2,40,0.0004243,0.0004243
flu-seqneut-2026-CTS-048,A/Michigan/UM-10068071276/2025_H3N2,plate22-A/Michigan/UM-10068071276/2025_H3N2,92,0.009456,0.009456
flu-seqneut-2026-CTS-048,A/Michigan/UM-10068071276/2025_H3N2,plate22-A/Michigan/UM-10068071276/2025_H3N2,212,0.08429,0.08429
flu-seqneut-2026-CTS-048,A/Michigan/UM-10068071276/2025_H3N2,plate22-A/Michigan/UM-10068071276/2025_H3N2,487,0.2991,0.2991
flu-seqneut-2026-CTS-048,A/Michigan/UM-10068071276/2025_H3N2,plate22-A/Michigan/UM-10068071276/2025_H3N2,1119,0.519,0.519
flu-seqneut-2026-CTS-048,A/Michigan/UM-10068071276/2025_H3N2,plate22-A/Michigan/UM-10068071276/2025_H3N2,2575,0.7287,0.7287
flu-seqneut-2026-CTS-048,A/Michigan/UM-10068071276/2025_H3N2,plate22-A/Michigan/UM-10068071276/2025_H3N2,5921,2.797,1
flu-seqneut-2026-CTS-048,A/Michigan/UM-10068071276/2025_H3N2,plate22-A/Michigan/UM-10068071276/2025_H3N2,1.362e+04,1.627,1
flu-seqneut-2026-CTS-048,A/Michigan/UM-10068134090/2025_H3N2,plate22-A/Michigan/UM-10068134090/2025_H3N2,40,0.004765,0.004765
flu-seqneut-2026-CTS-048,A/Michigan/UM-10068134090/2025_H3N2,plate22-A/Michigan/UM-10068134090/2025_H3N2,92,0.1807,0.1807
flu-seqneut-2026-CTS-048,A/Michigan/UM-10068134090/2025_H3N2,plate22-A/Michigan/UM-10068134090/2025_H3N2,212,0.06738,0.06738
flu-seqneut-2026-CTS-048,A/Michigan/UM-10068134090/2025_H3N2,plate22-A/Michigan/UM-10068134090/2025_H3N2,487,0.277,0.277
flu-seqneut-2026-CTS-048,A/Michigan/UM-10068134090/2025_H3N2,plate22-A/Michigan/UM-10068134090/2025_H3N2,1119,0.4447,0.4447
flu-seqneut-2026-CTS-048,A/Michigan/UM-10068134090/2025_H3N2,plate22-A/Michigan/UM-10068134090/2025_H3N2,2575,0.8755,0.8755
flu-seqneut-2026-CTS-048,A/Michigan/UM-10068134090/2025_H3N2,plate22-A/Michigan/UM-10068134090/2025_H3N2,5921,2.2,1
flu-seqneut-2026-CTS-048,A/Michigan/UM-10068134090/2025_H3N2,plate22-A/Michigan/UM-10068134090/2025_H3N2,1.362e+04,1.4,1
flu-seqneut-2026-CTS-048,A/Michigan/UM-10068449788/2025_H3N2,plate22-A/Michigan/UM-10068449788/2025_H3N2,40,0.01351,0.01351
flu-seqneut-2026-CTS-048,A/Michigan/UM-10068449788/2025_H3N2,plate22-A/Michigan/UM-10068449788/2025_H3N2,92,0.223,0.223
flu-seqneut-2026-CTS-048,A/Michigan/UM-10068449788/2025_H3N2,plate22-A/Michigan/UM-10068449788/2025_H3N2,212,0.2229,0.2229
flu-seqneut-2026-CTS-048,A/Michigan/UM-10068449788/2025_H3N2,plate22-A/Michigan/UM-10068449788/2025_H3N2,487,0.3655,0.3655
flu-seqneut-2026-CTS-048,A/Michigan/UM-10068449788/2025_H3N2,plate22-A/Michigan/UM-10068449788/2025_H3N2,1119,0.7285,0.7285
flu-seqneut-2026-CTS-048,A/Michigan/UM-10068449788/2025_H3N2,plate22-A/Michigan/UM-10068449788/2025_H3N2,2575,1.1,1
flu-seqneut-2026-CTS-048,A/Michigan/UM-10068449788/2025_H3N2,plate22-A/Michigan/UM-10068449788/2025_H3N2,1.362e+04,1.692,1
flu-seqneut-2026-CTS-048,A/Michigan/UM-10068456988/2025_H3N2,plate22-A/Michigan/UM-10068456988/2025_H3N2,40,0.06565,0.06565
flu-seqneut-2026-CTS-048,A/Michigan/UM-10068456988/2025_H3N2,plate22-A/Michigan/UM-10068456988/2025_H3N2,92,0.4777,0.4777
flu-seqneut-2026-CTS-048,A/Michigan/UM-10068456988/2025_H3N2,plate22-A/Michigan/UM-10068456988/2025_H3N2,212,0.3321,0.3321
flu-seqneut-2026-CTS-048,A/Michigan/UM-10068456988/2025_H3N2,plate22-A/Michigan/UM-10068456988/2025_H3N2,487,0.7645,0.7645
flu-seqneut-2026-CTS-048,A/Michigan/UM-10068456988/2025_H3N2,plate22-A/Michigan/UM-10068456988/2025_H3N2,1119,0.9364,0.9364
flu-seqneut-2026-CTS-048,A/Michigan/UM-10068456988/2025_H3N2,plate22-A/Michigan/UM-10068456988/2025_H3N2,2575,1.156,1
flu-seqneut-2026-CTS-048,A/Michigan/UM-10068456988/2025_H3N2,plate22-A/Michigan/UM-10068456988/2025_H3N2,1.362e+04,2.15,1
flu-seqneut-2026-CTS-048,A/Michigan/UM-10068747355/2026_H3N2,plate22-A/Michigan/UM-10068747355/2026_H3N2,40,0.003171,0.003171
flu-seqneut-2026-CTS-048,A/Michigan/UM-10068747355/2026_H3N2,plate22-A/Michigan/UM-10068747355/2026_H3N2,92,0.03533,0.03533
flu-seqneut-2026-CTS-048,A/Michigan/UM-10068747355/2026_H3N2,plate22-A/Michigan/UM-10068747355/2026_H3N2,212,0.1321,0.1321
flu-seqneut-2026-CTS-048,A/Michigan/UM-10068747355/2026_H3N2,plate22-A/Michigan/UM-10068747355/2026_H3N2,487,0.4445,0.4445
flu-seqneut-2026-CTS-048,A/Michigan/UM-10068747355/2026_H3N2,plate22-A/Michigan/UM-10068747355/2026_H3N2,1119,0.9375,0.9375
flu-seqneut-2026-CTS-048,A/Michigan/UM-10068747355/2026_H3N2,plate22-A/Michigan/UM-10068747355/2026_H3N2,2575,0.9283,0.9283
flu-seqneut-2026-CTS-048,A/Michigan/UM-10068747355/2026_H3N2,plate22-A/Michigan/UM-10068747355/2026_H3N2,1.362e+04,1.743,1
flu-seqneut-2026-CTS-048,A/MinasGerais/410/2026_H1N1,plate22-A/MinasGerais/410/2026_H1N1,40,0.005211,0.005211
flu-seqneut-2026-CTS-048,A/MinasGerais/410/2026_H1N1,plate22-A/MinasGerais/410/2026_H1N1,92,0.2993,0.2993
flu-seqneut-2026-CTS-048,A/MinasGerais/410/2026_H1N1,plate22-A/MinasGerais/410/2026_H1N1,212,0.2605,0.2605
flu-seqneut-2026-CTS-048,A/MinasGerais/410/2026_H1N1,plate22-A/MinasGerais/410/2026_H1N1,487,0.659,0.659
flu-seqneut-2026-CTS-048,A/MinasGerais/410/2026_H1N1,plate22-A/MinasGerais/410/2026_H1N1,1119,0.8635,0.8635
flu-seqneut-2026-CTS-048,A/MinasGerais/410/2026_H1N1,plate22-A/MinasGerais/410/2026_H1N1,2575,1.002,1
flu-seqneut-2026-CTS-048,A/MinasGerais/410/2026_H1N1,plate22-A/MinasGerais/410/2026_H1N1,1.362e+04,1.875,1
flu-seqneut-2026-CTS-048,A/MinasGerais/671/2026_H1N1,plate22-A/MinasGerais/671/2026_H1N1,40,0.0128,0.0128
flu-seqneut-2026-CTS-048,A/MinasGerais/671/2026_H1N1,plate22-A/MinasGerais/671/2026_H1N1,92,0.5751,0.5751
flu-seqneut-2026-CTS-048,A/MinasGerais/671/2026_H1N1,plate22-A/MinasGerais/671/2026_H1N1,212,0.4511,0.4511
flu-seqneut-2026-CTS-048,A/MinasGerais/671/2026_H1N1,plate22-A/MinasGerais/671/2026_H1N1,487,0.7077,0.7077
flu-seqneut-2026-CTS-048,A/MinasGerais/671/2026_H1N1,plate22-A/MinasGerais/671/2026_H1N1,1119,0.9904,0.9904
flu-seqneut-2026-CTS-048,A/MinasGerais/671/2026_H1N1,plate22-A/MinasGerais/671/2026_H1N1,2575,1.188,1
flu-seqneut-2026-CTS-048,A/MinasGerais/671/2026_H1N1,plate22-A/MinasGerais/671/2026_H1N1,1.362e+04,2.384,1
flu-seqneut-2026-CTS-048,A/Mississippi/20/2026_H1N1,plate22-A/Mississippi/20/2026_H1N1,40,0.01066,0.01066
flu-seqneut-2026-CTS-048,A/Mississippi/20/2026_H1N1,plate22-A/Mississippi/20/2026_H1N1,92,0.2682,0.2682
flu-seqneut-2026-CTS-048,A/Mississippi/20/2026_H1N1,plate22-A/Mississippi/20/2026_H1N1,212,0.1796,0.1796
flu-seqneut-2026-CTS-048,A/Mississippi/20/2026_H1N1,plate22-A/Mississippi/20/2026_H1N1,487,0.6552,0.6552
flu-seqneut-2026-CTS-048,A/Mississippi/20/2026_H1N1,plate22-A/Mississippi/20/2026_H1N1,1119,0.3441,0.3441
flu-seqneut-2026-CTS-048,A/Mississippi/20/2026_H1N1,plate22-A/Mississippi/20/2026_H1N1,2575,0.5456,0.5456
flu-seqneut-2026-CTS-048,A/Mississippi/20/2026_H1N1,plate22-A/Mississippi/20/2026_H1N1,1.362e+04,1.156,1
flu-seqneut-2026-CTS-048,A/Missouri/11/2025_cell_H1N1,plate22-A/Missouri/11/2025_cell_H1N1,40,0.005468,0.005468
flu-seqneut-2026-CTS-048,A/Missouri/11/2025_cell_H1N1,plate22-A/Missouri/11/2025_cell_H1N1,92,0.7064,0.7064
flu-seqneut-2026-CTS-048,A/Missouri/11/2025_cell_H1N1,plate22-A/Missouri/11/2025_cell_H1N1,212,0.2414,0.2414
flu-seqneut-2026-CTS-048,A/Missouri/11/2025_cell_H1N1,plate22-A/Missouri/11/2025_cell_H1N1,487,2.224,1
flu-seqneut-2026-CTS-048,A/Missouri/11/2025_cell_H1N1,plate22-A/Missouri/11/2025_cell_H1N1,1119,0.8305,0.8305
flu-seqneut-2026-CTS-048,A/Missouri/11/2025_cell_H1N1,plate22-A/Missouri/11/2025_cell_H1N1,2575,1.797,1
flu-seqneut-2026-CTS-048,A/Missouri/11/2025_cell_H1N1,plate22-A/Missouri/11/2025_cell_H1N1,5921,2.687,1
flu-seqneut-2026-CTS-048,A/Missouri/11/2025_cell_H1N1,plate22-A/Missouri/11/2025_cell_H1N1,1.362e+04,1.441,1
flu-seqneut-2026-CTS-048,A/Missouri/11/2025_egg_H1N1,plate22-A/Missouri/11/2025_egg_H1N1,40,0.001048,0.001048
flu-seqneut-2026-CTS-048,A/Missouri/11/2025_egg_H1N1,plate22-A/Missouri/11/2025_egg_H1N1,92,0.05762,0.05762
flu-seqneut-2026-CTS-048,A/Missouri/11/2025_egg_H1N1,plate22-A/Missouri/11/2025_egg_H1N1,212,0.1736,0.1736
flu-seqneut-2026-CTS-048,A/Missouri/11/2025_egg_H1N1,plate22-A/Missouri/11/2025_egg_H1N1,487,0.8134,0.8134
flu-seqneut-2026-CTS-048,A/Missouri/11/2025_egg_H1N1,plate22-A/Missouri/11/2025_egg_H1N1,1119,1.238,1
flu-seqneut-2026-CTS-048,A/Missouri/11/2025_egg_H1N1,plate22-A/Missouri/11/2025_egg_H1N1,2575,1.693,1
flu-seqneut-2026-CTS-048,A/Missouri/11/2025_egg_H1N1,plate22-A/Missouri/11/2025_egg_H1N1,1.362e+04,2.427,1
flu-seqneut-2026-CTS-048,A/Missouri/NIRC-AV-1003/2025_H3N2,plate22-A/Missouri/NIRC-AV-1003/2025_H3N2,40,0.001218,0.001218
flu-seqneut-2026-CTS-048,A/Missouri/NIRC-AV-1003/2025_H3N2,plate22-A/Missouri/NIRC-AV-1003/2025_H3N2,92,0.01207,0.01207
flu-seqneut-2026-CTS-048,A/Missouri/NIRC-AV-1003/2025_H3N2,plate22-A/Missouri/NIRC-AV-1003/2025_H3N2,212,0.1523,0.1523
flu-seqneut-2026-CTS-048,A/Missouri/NIRC-AV-1003/2025_H3N2,plate22-A/Missouri/NIRC-AV-1003/2025_H3N2,487,0.4685,0.4685
flu-seqneut-2026-CTS-048,A/Missouri/NIRC-AV-1003/2025_H3N2,plate22-A/Missouri/NIRC-AV-1003/2025_H3N2,1119,0.7771,0.7771
flu-seqneut-2026-CTS-048,A/Missouri/NIRC-AV-1003/2025_H3N2,plate22-A/Missouri/NIRC-AV-1003/2025_H3N2,2575,1.164,1
flu-seqneut-2026-CTS-048,A/Missouri/NIRC-AV-1003/2025_H3N2,plate22-A/Missouri/NIRC-AV-1003/2025_H3N2,1.362e+04,1.991,1
flu-seqneut-2026-CTS-048,A/Montana/51/2025_H3N2,plate22-A/Montana/51/2025_H3N2,40,0.006016,0.006016
flu-seqneut-2026-CTS-048,A/Montana/51/2025_H3N2,plate22-A/Montana/51/2025_H3N2,92,0.04648,0.04648
flu-seqneut-2026-CTS-048,A/Montana/51/2025_H3N2,plate22-A/Montana/51/2025_H3N2,212,0.1412,0.1412
flu-seqneut-2026-CTS-048,A/Montana/51/2025_H3N2,plate22-A/Montana/51/2025_H3N2,487,1.318,1
flu-seqneut-2026-CTS-048,A/Montana/51/2025_H3N2,plate22-A/Montana/51/2025_H3N2,1119,0.9203,0.9203
flu-seqneut-2026-CTS-048,A/Montana/51/2025_H3N2,plate22-A/Montana/51/2025_H3N2,2575,0.6672,0.6672
flu-seqneut-2026-CTS-048,A/Montana/51/2025_H3N2,plate22-A/Montana/51/2025_H3N2,1.362e+04,1.558,1
flu-seqneut-2026-CTS-048,A/NakhonPhanom/P495/2026_H3N2,plate22-A/NakhonPhanom/P495/2026_H3N2,40,0.03318,0.03318
flu-seqneut-2026-CTS-048,A/NakhonPhanom/P495/2026_H3N2,plate22-A/NakhonPhanom/P495/2026_H3N2,92,0.1843,0.1843
flu-seqneut-2026-CTS-048,A/NakhonPhanom/P495/2026_H3N2,plate22-A/NakhonPhanom/P495/2026_H3N2,212,0.2112,0.2112
flu-seqneut-2026-CTS-048,A/NakhonPhanom/P495/2026_H3N2,plate22-A/NakhonPhanom/P495/2026_H3N2,487,0.6397,0.6397
flu-seqneut-2026-CTS-048,A/NakhonPhanom/P495/2026_H3N2,plate22-A/NakhonPhanom/P495/2026_H3N2,1119,0.6886,0.6886
flu-seqneut-2026-CTS-048,A/NakhonPhanom/P495/2026_H3N2,plate22-A/NakhonPhanom/P495/2026_H3N2,2575,1.521,1
flu-seqneut-2026-CTS-048,A/NakhonPhanom/P495/2026_H3N2,plate22-A/NakhonPhanom/P495/2026_H3N2,1.362e+04,1.324,1
flu-seqneut-2026-CTS-048,A/Nebraska/34/2026_H1N1,plate22-A/Nebraska/34/2026_H1N1,40,0.02445,0.02445
flu-seqneut-2026-CTS-048,A/Nebraska/34/2026_H1N1,plate22-A/Nebraska/34/2026_H1N1,92,0.396,0.396
flu-seqneut-2026-CTS-048,A/Nebraska/34/2026_H1N1,plate22-A/Nebraska/34/2026_H1N1,212,0.2411,0.2411
flu-seqneut-2026-CTS-048,A/Nebraska/34/2026_H1N1,plate22-A/Nebraska/34/2026_H1N1,487,0.6046,0.6046
flu-seqneut-2026-CTS-048,A/Nebraska/34/2026_H1N1,plate22-A/Nebraska/34/2026_H1N1,1119,0.7828,0.7828
flu-seqneut-2026-CTS-048,A/Nebraska/34/2026_H1N1,plate22-A/Nebraska/34/2026_H1N1,2575,0.8048,0.8048
flu-seqneut-2026-CTS-048,A/Nebraska/34/2026_H1N1,plate22-A/Nebraska/34/2026_H1N1,1.362e+04,1.503,1
flu-seqneut-2026-CTS-048,A/Netherlands/10008/2026_H1N1,plate22-A/Netherlands/10008/2026_H1N1,40,0.01584,0.01584
flu-seqneut-2026-CTS-048,A/Netherlands/10008/2026_H1N1,plate22-A/Netherlands/10008/2026_H1N1,92,0.1962,0.1962
flu-seqneut-2026-CTS-048,A/Netherlands/10008/2026_H1N1,plate22-A/Netherlands/10008/2026_H1N1,212,0.2783,0.2783
flu-seqneut-2026-CTS-048,A/Netherlands/10008/2026_H1N1,plate22-A/Netherlands/10008/2026_H1N1,487,0.7409,0.7409
flu-seqneut-2026-CTS-048,A/Netherlands/10008/2026_H1N1,plate22-A/Netherlands/10008/2026_H1N1,1119,0.5001,0.5001
flu-seqneut-2026-CTS-048,A/Netherlands/10008/2026_H1N1,plate22-A/Netherlands/10008/2026_H1N1,2575,0.8895,0.8895
flu-seqneut-2026-CTS-048,A/Netherlands/10008/2026_H1N1,plate22-A/Netherlands/10008/2026_H1N1,5921,2.879,1
flu-seqneut-2026-CTS-048,A/Netherlands/10008/2026_H1N1,plate22-A/Netherlands/10008/2026_H1N1,1.362e+04,1.158,1
flu-seqneut-2026-CTS-048,A/Netherlands/2398/2025_H1N1,plate22-A/Netherlands/2398/2025_H1N1,40,0.0186,0.0186
flu-seqneut-2026-CTS-048,A/Netherlands/2398/2025_H1N1,plate22-A/Netherlands/2398/2025_H1N1,92,0.2312,0.2312
flu-seqneut-2026-CTS-048,A/Netherlands/2398/2025_H1N1,plate22-A/Netherlands/2398/2025_H1N1,212,0.3693,0.3693
flu-seqneut-2026-CTS-048,A/Netherlands/2398/2025_H1N1,plate22-A/Netherlands/2398/2025_H1N1,487,0.953,0.953
flu-seqneut-2026-CTS-048,A/Netherlands/2398/2025_H1N1,plate22-A/Netherlands/2398/2025_H1N1,1119,1.065,1
flu-seqneut-2026-CTS-048,A/Netherlands/2398/2025_H1N1,plate22-A/Netherlands/2398/2025_H1N1,2575,1.411,1
flu-seqneut-2026-CTS-048,A/Netherlands/2398/2025_H1N1,plate22-A/Netherlands/2398/2025_H1N1,1.362e+04,2.202,1
flu-seqneut-2026-CTS-048,A/Netherlands/543/2026_H1N1,plate22-A/Netherlands/543/2026_H1N1,40,0.01909,0.01909
flu-seqneut-2026-CTS-048,A/Netherlands/543/2026_H1N1,plate22-A/Netherlands/543/2026_H1N1,92,0.1912,0.1912
flu-seqneut-2026-CTS-048,A/Netherlands/543/2026_H1N1,plate22-A/Netherlands/543/2026_H1N1,212,0.1911,0.1911
flu-seqneut-2026-CTS-048,A/Netherlands/543/2026_H1N1,plate22-A/Netherlands/543/2026_H1N1,487,0.5455,0.5455
flu-seqneut-2026-CTS-048,A/Netherlands/543/2026_H1N1,plate22-A/Netherlands/543/2026_H1N1,1119,0.6659,0.6659
flu-seqneut-2026-CTS-048,A/Netherlands/543/2026_H1N1,plate22-A/Netherlands/543/2026_H1N1,2575,0.8261,0.8261
flu-seqneut-2026-CTS-048,A/Netherlands/543/2026_H1N1,plate22-A/Netherlands/543/2026_H1N1,5921,2.057,1
flu-seqneut-2026-CTS-048,A/Netherlands/543/2026_H1N1,plate22-A/Netherlands/543/2026_H1N1,1.362e+04,2.057,1
flu-seqneut-2026-CTS-048,A/Netherlands/864/2026_H1N1,plate22-A/Netherlands/864/2026_H1N1,40,0.093,0.093
flu-seqneut-2026-CTS-048,A/Netherlands/864/2026_H1N1,plate22-A/Netherlands/864/2026_H1N1,92,0.3237,0.3237
flu-seqneut-2026-CTS-048,A/Netherlands/864/2026_H1N1,plate22-A/Netherlands/864/2026_H1N1,212,0.2182,0.2182
flu-seqneut-2026-CTS-048,A/Netherlands/864/2026_H1N1,plate22-A/Netherlands/864/2026_H1N1,487,0.8598,0.8598
flu-seqneut-2026-CTS-048,A/Netherlands/864/2026_H1N1,plate22-A/Netherlands/864/2026_H1N1,1119,0.8228,0.8228
flu-seqneut-2026-CTS-048,A/Netherlands/864/2026_H1N1,plate22-A/Netherlands/864/2026_H1N1,2575,1.392,1
flu-seqneut-2026-CTS-048,A/Netherlands/864/2026_H1N1,plate22-A/Netherlands/864/2026_H1N1,1.362e+04,2.032,1
flu-seqneut-2026-CTS-048,A/Netherlands/888/2026_H3N2,plate22-A/Netherlands/888/2026_H3N2,40,0.05057,0.05057
flu-seqneut-2026-CTS-048,A/Netherlands/888/2026_H3N2,plate22-A/Netherlands/888/2026_H3N2,92,0.2249,0.2249
flu-seqneut-2026-CTS-048,A/Netherlands/888/2026_H3N2,plate22-A/Netherlands/888/2026_H3N2,212,0.2711,0.2711
flu-seqneut-2026-CTS-048,A/Netherlands/888/2026_H3N2,plate22-A/Netherlands/888/2026_H3N2,487,0.7677,0.7677
flu-seqneut-2026-CTS-048,A/Netherlands/888/2026_H3N2,plate22-A/Netherlands/888/2026_H3N2,1119,1.387,1
flu-seqneut-2026-CTS-048,A/Netherlands/888/2026_H3N2,plate22-A/Netherlands/888/2026_H3N2,2575,1.435,1
flu-seqneut-2026-CTS-048,A/Netherlands/888/2026_H3N2,plate22-A/Netherlands/888/2026_H3N2,1.362e+04,2.123,1
flu-seqneut-2026-CTS-048,A/Netherlands/968/2026_H3N2,plate22-A/Netherlands/968/2026_H3N2,40,0.01021,0.01021
flu-seqneut-2026-CTS-048,A/Netherlands/968/2026_H3N2,plate22-A/Netherlands/968/2026_H3N2,92,0.1241,0.1241
flu-seqneut-2026-CTS-048,A/Netherlands/968/2026_H3N2,plate22-A/Netherlands/968/2026_H3N2,212,0.1844,0.1844
flu-seqneut-2026-CTS-048,A/Netherlands/968/2026_H3N2,plate22-A/Netherlands/968/2026_H3N2,487,0.6727,0.6727
flu-seqneut-2026-CTS-048,A/Netherlands/968/2026_H3N2,plate22-A/Netherlands/968/2026_H3N2,1119,0.9812,0.9812
flu-seqneut-2026-CTS-048,A/Netherlands/968/2026_H3N2,plate22-A/Netherlands/968/2026_H3N2,2575,1.183,1
flu-seqneut-2026-CTS-048,A/Netherlands/968/2026_H3N2,plate22-A/Netherlands/968/2026_H3N2,1.362e+04,2.335,1
flu-seqneut-2026-CTS-048,A/NewBrunswick/NBPHLFLUA10B-MM00057R/2026_H1N1,plate22-A/NewBrunswick/NBPHLFLUA10B-MM00057R/2026_H1N1,40,0.01591,0.01591
flu-seqneut-2026-CTS-048,A/NewBrunswick/NBPHLFLUA10B-MM00057R/2026_H1N1,plate22-A/NewBrunswick/NBPHLFLUA10B-MM00057R/2026_H1N1,92,0.3561,0.3561
flu-seqneut-2026-CTS-048,A/NewBrunswick/NBPHLFLUA10B-MM00057R/2026_H1N1,plate22-A/NewBrunswick/NBPHLFLUA10B-MM00057R/2026_H1N1,212,0.2453,0.2453
flu-seqneut-2026-CTS-048,A/NewBrunswick/NBPHLFLUA10B-MM00057R/2026_H1N1,plate22-A/NewBrunswick/NBPHLFLUA10B-MM00057R/2026_H1N1,487,0.6094,0.6094
flu-seqneut-2026-CTS-048,A/NewBrunswick/NBPHLFLUA10B-MM00057R/2026_H1N1,plate22-A/NewBrunswick/NBPHLFLUA10B-MM00057R/2026_H1N1,1119,0.9685,0.9685
flu-seqneut-2026-CTS-048,A/NewBrunswick/NBPHLFLUA10B-MM00057R/2026_H1N1,plate22-A/NewBrunswick/NBPHLFLUA10B-MM00057R/2026_H1N1,2575,0.8248,0.8248
flu-seqneut-2026-CTS-048,A/NewBrunswick/NBPHLFLUA10B-MM00057R/2026_H1N1,plate22-A/NewBrunswick/NBPHLFLUA10B-MM00057R/2026_H1N1,1.362e+04,1.986,1
flu-seqneut-2026-CTS-048,A/NewYork/NIRC-IS-1086/2026_H3N2,plate22-A/NewYork/NIRC-IS-1086/2026_H3N2,40,0.03622,0.03622
flu-seqneut-2026-CTS-048,A/NewYork/NIRC-IS-1086/2026_H3N2,plate22-A/NewYork/NIRC-IS-1086/2026_H3N2,92,0.1519,0.1519
flu-seqneut-2026-CTS-048,A/NewYork/NIRC-IS-1086/2026_H3N2,plate22-A/NewYork/NIRC-IS-1086/2026_H3N2,212,0.2985,0.2985
flu-seqneut-2026-CTS-048,A/NewYork/NIRC-IS-1086/2026_H3N2,plate22-A/NewYork/NIRC-IS-1086/2026_H3N2,487,0.449,0.449
flu-seqneut-2026-CTS-048,A/NewYork/NIRC-IS-1086/2026_H3N2,plate22-A/NewYork/NIRC-IS-1086/2026_H3N2,1119,1.485,1
flu-seqneut-2026-CTS-048,A/NewYork/NIRC-IS-1086/2026_H3N2,plate22-A/NewYork/NIRC-IS-1086/2026_H3N2,2575,1.069,1
flu-seqneut-2026-CTS-048,A/NewYork/NIRC-IS-1086/2026_H3N2,plate22-A/NewYork/NIRC-IS-1086/2026_H3N2,1.362e+04,2.304,1
flu-seqneut-2026-CTS-048,A/NordrheinWestfalen/54/2026_H3N2,plate22-A/NordrheinWestfalen/54/2026_H3N2,40,0.0258,0.0258
flu-seqneut-2026-CTS-048,A/NordrheinWestfalen/54/2026_H3N2,plate22-A/NordrheinWestfalen/54/2026_H3N2,92,0.1694,0.1694
flu-seqneut-2026-CTS-048,A/NordrheinWestfalen/54/2026_H3N2,plate22-A/NordrheinWestfalen/54/2026_H3N2,212,0.735,0.735
flu-seqneut-2026-CTS-048,A/NordrheinWestfalen/54/2026_H3N2,plate22-A/NordrheinWestfalen/54/2026_H3N2,487,0.6291,0.6291
flu-seqneut-2026-CTS-048,A/NordrheinWestfalen/54/2026_H3N2,plate22-A/NordrheinWestfalen/54/2026_H3N2,1119,1.452,1
flu-seqneut-2026-CTS-048,A/NordrheinWestfalen/54/2026_H3N2,plate22-A/NordrheinWestfalen/54/2026_H3N2,2575,1.265,1
flu-seqneut-2026-CTS-048,A/NordrheinWestfalen/54/2026_H3N2,plate22-A/NordrheinWestfalen/54/2026_H3N2,1.362e+04,2.299,1
flu-seqneut-2026-CTS-048,A/NordrheinWestfalen/96/2026_H1N1,plate22-A/NordrheinWestfalen/96/2026_H1N1,40,0.01453,0.01453
flu-seqneut-2026-CTS-048,A/NordrheinWestfalen/96/2026_H1N1,plate22-A/NordrheinWestfalen/96/2026_H1N1,92,0.507,0.507
flu-seqneut-2026-CTS-048,A/NordrheinWestfalen/96/2026_H1N1,plate22-A/NordrheinWestfalen/96/2026_H1N1,212,0.3208,0.3208
flu-seqneut-2026-CTS-048,A/NordrheinWestfalen/96/2026_H1N1,plate22-A/NordrheinWestfalen/96/2026_H1N1,487,0.8361,0.8361
flu-seqneut-2026-CTS-048,A/NordrheinWestfalen/96/2026_H1N1,plate22-A/NordrheinWestfalen/96/2026_H1N1,1119,1.026,1
flu-seqneut-2026-CTS-048,A/NordrheinWestfalen/96/2026_H1N1,plate22-A/NordrheinWestfalen/96/2026_H1N1,2575,1.267,1
flu-seqneut-2026-CTS-048,A/NordrheinWestfalen/96/2026_H1N1,plate22-A/NordrheinWestfalen/96/2026_H1N1,1.362e+04,2.467,1
flu-seqneut-2026-CTS-048,A/Norway/9556/2025_H1N1,plate22-A/Norway/9556/2025_H1N1,40,0.04312,0.04312
flu-seqneut-2026-CTS-048,A/Norway/9556/2025_H1N1,plate22-A/Norway/9556/2025_H1N1,92,0.3385,0.3385
flu-seqneut-2026-CTS-048,A/Norway/9556/2025_H1N1,plate22-A/Norway/9556/2025_H1N1,212,0.4459,0.4459
flu-seqneut-2026-CTS-048,A/Norway/9556/2025_H1N1,plate22-A/Norway/9556/2025_H1N1,487,0.8047,0.8047
flu-seqneut-2026-CTS-048,A/Norway/9556/2025_H1N1,plate22-A/Norway/9556/2025_H1N1,1119,1.143,1
flu-seqneut-2026-CTS-048,A/Norway/9556/2025_H1N1,plate22-A/Norway/9556/2025_H1N1,2575,1.185,1
flu-seqneut-2026-CTS-048,A/Norway/9556/2025_H1N1,plate22-A/Norway/9556/2025_H1N1,1.362e+04,1.959,1
flu-seqneut-2026-CTS-048,A/NovaScotia/25-365-06099/2025_H3N2,plate22-A/NovaScotia/25-365-06099/2025_H3N2,40,0.005987,0.005987
flu-seqneut-2026-CTS-048,A/NovaScotia/25-365-06099/2025_H3N2,plate22-A/NovaScotia/25-365-06099/2025_H3N2,92,0.1029,0.1029
flu-seqneut-2026-CTS-048,A/NovaScotia/25-365-06099/2025_H3N2,plate22-A/NovaScotia/25-365-06099/2025_H3N2,212,0.1037,0.1037
flu-seqneut-2026-CTS-048,A/NovaScotia/25-365-06099/2025_H3N2,plate22-A/NovaScotia/25-365-06099/2025_H3N2,487,0.4174,0.4174
flu-seqneut-2026-CTS-048,A/NovaScotia/25-365-06099/2025_H3N2,plate22-A/NovaScotia/25-365-06099/2025_H3N2,1119,0.3984,0.3984
flu-seqneut-2026-CTS-048,A/NovaScotia/25-365-06099/2025_H3N2,plate22-A/NovaScotia/25-365-06099/2025_H3N2,2575,0.5854,0.5854
flu-seqneut-2026-CTS-048,A/NovaScotia/25-365-06099/2025_H3N2,plate22-A/NovaScotia/25-365-06099/2025_H3N2,5921,2.358,1
flu-seqneut-2026-CTS-048,A/NovaScotia/25-365-06099/2025_H3N2,plate22-A/NovaScotia/25-365-06099/2025_H3N2,1.362e+04,1.039,1
flu-seqneut-2026-CTS-048,A/Ohio/259/2024_H1N1,plate22-A/Ohio/259/2024_H1N1,40,0.003306,0.003306
flu-seqneut-2026-CTS-048,A/Ohio/259/2024_H1N1,plate22-A/Ohio/259/2024_H1N1,92,0.1197,0.1197
flu-seqneut-2026-CTS-048,A/Ohio/259/2024_H1N1,plate22-A/Ohio/259/2024_H1N1,212,0.1757,0.1757
flu-seqneut-2026-CTS-048,A/Ohio/259/2024_H1N1,plate22-A/Ohio/259/2024_H1N1,487,0.341,0.341
flu-seqneut-2026-CTS-048,A/Ohio/259/2024_H1N1,plate22-A/Ohio/259/2024_H1N1,1119,1.453,1
flu-seqneut-2026-CTS-048,A/Ohio/259/2024_H1N1,plate22-A/Ohio/259/2024_H1N1,2575,0.6956,0.6956
flu-seqneut-2026-CTS-048,A/Ohio/259/2024_H1N1,plate22-A/Ohio/259/2024_H1N1,5921,1.236,1
flu-seqneut-2026-CTS-048,A/Ohio/259/2024_H1N1,plate22-A/Ohio/259/2024_H1N1,1.362e+04,0.7704,0.7704
flu-seqneut-2026-CTS-048,A/Ontario/PHL202550193/2025_H3N2,plate22-A/Ontario/PHL202550193/2025_H3N2,40,0.01217,0.01217
flu-seqneut-2026-CTS-048,A/Ontario/PHL202550193/2025_H3N2,plate22-A/Ontario/PHL202550193/2025_H3N2,92,0.2166,0.2166
flu-seqneut-2026-CTS-048,A/Ontario/PHL202550193/2025_H3N2,plate22-A/Ontario/PHL202550193/2025_H3N2,212,0.1256,0.1256
flu-seqneut-2026-CTS-048,A/Ontario/PHL202550193/2025_H3N2,plate22-A/Ontario/PHL202550193/2025_H3N2,487,0.4985,0.4985
flu-seqneut-2026-CTS-048,A/Ontario/PHL202550193/2025_H3N2,plate22-A/Ontario/PHL202550193/2025_H3N2,1119,0.5657,0.5657
flu-seqneut-2026-CTS-048,A/Ontario/PHL202550193/2025_H3N2,plate22-A/Ontario/PHL202550193/2025_H3N2,2575,1.299,1
flu-seqneut-2026-CTS-048,A/Ontario/PHL202550193/2025_H3N2,plate22-A/Ontario/PHL202550193/2025_H3N2,1.362e+04,1.549,1
flu-seqneut-2026-CTS-048,A/Oregon/81/2025_H3N2,plate22-A/Oregon/81/2025_H3N2,40,0.007327,0.007327
flu-seqneut-2026-CTS-048,A/Oregon/81/2025_H3N2,plate22-A/Oregon/81/2025_H3N2,92,0.2207,0.2207
flu-seqneut-2026-CTS-048,A/Oregon/81/2025_H3N2,plate22-A/Oregon/81/2025_H3N2,212,0.1428,0.1428
flu-seqneut-2026-CTS-048,A/Oregon/81/2025_H3N2,plate22-A/Oregon/81/2025_H3N2,487,0.5832,0.5832
flu-seqneut-2026-CTS-048,A/Oregon/81/2025_H3N2,plate22-A/Oregon/81/2025_H3N2,1119,0.5064,0.5064
flu-seqneut-2026-CTS-048,A/Oregon/81/2025_H3N2,plate22-A/Oregon/81/2025_H3N2,2575,0.9615,0.9615
flu-seqneut-2026-CTS-048,A/Oregon/81/2025_H3N2,plate22-A/Oregon/81/2025_H3N2,1.362e+04,1.957,1
flu-seqneut-2026-CTS-048,A/PaisVasco/70369726/2026_H1N1,plate22-A/PaisVasco/70369726/2026_H1N1,40,0.02422,0.02422
flu-seqneut-2026-CTS-048,A/PaisVasco/70369726/2026_H1N1,plate22-A/PaisVasco/70369726/2026_H1N1,92,0.222,0.222
flu-seqneut-2026-CTS-048,A/PaisVasco/70369726/2026_H1N1,plate22-A/PaisVasco/70369726/2026_H1N1,212,0.195,0.195
flu-seqneut-2026-CTS-048,A/PaisVasco/70369726/2026_H1N1,plate22-A/PaisVasco/70369726/2026_H1N1,487,0.4686,0.4686
flu-seqneut-2026-CTS-048,A/PaisVasco/70369726/2026_H1N1,plate22-A/PaisVasco/70369726/2026_H1N1,1119,0.8388,0.8388
flu-seqneut-2026-CTS-048,A/PaisVasco/70369726/2026_H1N1,plate22-A/PaisVasco/70369726/2026_H1N1,2575,1.325,1
flu-seqneut-2026-CTS-048,A/PaisVasco/70369726/2026_H1N1,plate22-A/PaisVasco/70369726/2026_H1N1,1.362e+04,1.347,1
flu-seqneut-2026-CTS-048,A/Parana/416133590/2026_H3N2,plate22-A/Parana/416133590/2026_H3N2,40,0.02283,0.02283
flu-seqneut-2026-CTS-048,A/Parana/416133590/2026_H3N2,plate22-A/Parana/416133590/2026_H3N2,92,0.3355,0.3355
flu-seqneut-2026-CTS-048,A/Parana/416133590/2026_H3N2,plate22-A/Parana/416133590/2026_H3N2,212,0.3077,0.3077
flu-seqneut-2026-CTS-048,A/Parana/416133590/2026_H3N2,plate22-A/Parana/416133590/2026_H3N2,487,0.5098,0.5098
flu-seqneut-2026-CTS-048,A/Parana/416133590/2026_H3N2,plate22-A/Parana/416133590/2026_H3N2,1119,0.5766,0.5766
flu-seqneut-2026-CTS-048,A/Parana/416133590/2026_H3N2,plate22-A/Parana/416133590/2026_H3N2,2575,1.04,1
flu-seqneut-2026-CTS-048,A/Parana/416133590/2026_H3N2,plate22-A/Parana/416133590/2026_H3N2,1.362e+04,1.772,1
flu-seqneut-2026-CTS-048,A/Peru/ANC-INS-062/2026_H3N2,plate22-A/Peru/ANC-INS-062/2026_H3N2,40,0.03267,0.03267
flu-seqneut-2026-CTS-048,A/Peru/ANC-INS-062/2026_H3N2,plate22-A/Peru/ANC-INS-062/2026_H3N2,92,0.1445,0.1445
flu-seqneut-2026-CTS-048,A/Peru/ANC-INS-062/2026_H3N2,plate22-A/Peru/ANC-INS-062/2026_H3N2,212,0.2517,0.2517
flu-seqneut-2026-CTS-048,A/Peru/ANC-INS-062/2026_H3N2,plate22-A/Peru/ANC-INS-062/2026_H3N2,487,0.6843,0.6843
flu-seqneut-2026-CTS-048,A/Peru/ANC-INS-062/2026_H3N2,plate22-A/Peru/ANC-INS-062/2026_H3N2,1119,0.6536,0.6536
flu-seqneut-2026-CTS-048,A/Peru/ANC-INS-062/2026_H3N2,plate22-A/Peru/ANC-INS-062/2026_H3N2,2575,1.081,1
flu-seqneut-2026-CTS-048,A/Peru/ANC-INS-062/2026_H3N2,plate22-A/Peru/ANC-INS-062/2026_H3N2,1.362e+04,2.517,1
flu-seqneut-2026-CTS-048,A/Rhode_Island/11/2026_H1N1,plate22-A/Rhode_Island/11/2026_H1N1,40,0.02114,0.02114
flu-seqneut-2026-CTS-048,A/Rhode_Island/11/2026_H1N1,plate22-A/Rhode_Island/11/2026_H1N1,92,0.4659,0.4659
flu-seqneut-2026-CTS-048,A/Rhode_Island/11/2026_H1N1,plate22-A/Rhode_Island/11/2026_H1N1,212,0.3631,0.3631
flu-seqneut-2026-CTS-048,A/Rhode_Island/11/2026_H1N1,plate22-A/Rhode_Island/11/2026_H1N1,487,0.8948,0.8948
flu-seqneut-2026-CTS-048,A/Rhode_Island/11/2026_H1N1,plate22-A/Rhode_Island/11/2026_H1N1,1119,0.8746,0.8746
flu-seqneut-2026-CTS-048,A/Rhode_Island/11/2026_H1N1,plate22-A/Rhode_Island/11/2026_H1N1,2575,1.379,1
flu-seqneut-2026-CTS-048,A/Rhode_Island/11/2026_H1N1,plate22-A/Rhode_Island/11/2026_H1N1,1.362e+04,1.713,1
flu-seqneut-2026-CTS-048,A/RiodeJaneiro/331/2026_H3N2,plate22-A/RiodeJaneiro/331/2026_H3N2,40,0.02777,0.02777
flu-seqneut-2026-CTS-048,A/RiodeJaneiro/331/2026_H3N2,plate22-A/RiodeJaneiro/331/2026_H3N2,92,0.1444,0.1444
flu-seqneut-2026-CTS-048,A/RiodeJaneiro/331/2026_H3N2,plate22-A/RiodeJaneiro/331/2026_H3N2,212,0.2834,0.2834
flu-seqneut-2026-CTS-048,A/RiodeJaneiro/331/2026_H3N2,plate22-A/RiodeJaneiro/331/2026_H3N2,487,0.3323,0.3323
flu-seqneut-2026-CTS-048,A/RiodeJaneiro/331/2026_H3N2,plate22-A/RiodeJaneiro/331/2026_H3N2,1119,0.5855,0.5855
flu-seqneut-2026-CTS-048,A/RiodeJaneiro/331/2026_H3N2,plate22-A/RiodeJaneiro/331/2026_H3N2,2575,0.6444,0.6444
flu-seqneut-2026-CTS-048,A/RiodeJaneiro/331/2026_H3N2,plate22-A/RiodeJaneiro/331/2026_H3N2,1.362e+04,1.548,1
flu-seqneut-2026-CTS-048,A/Romania/612042/2026_H3N2,plate22-A/Romania/612042/2026_H3N2,40,0.02165,0.02165
flu-seqneut-2026-CTS-048,A/Romania/612042/2026_H3N2,plate22-A/Romania/612042/2026_H3N2,92,0.08187,0.08187
flu-seqneut-2026-CTS-048,A/Romania/612042/2026_H3N2,plate22-A/Romania/612042/2026_H3N2,212,0.4336,0.4336
flu-seqneut-2026-CTS-048,A/Romania/612042/2026_H3N2,plate22-A/Romania/612042/2026_H3N2,487,0.6906,0.6906
flu-seqneut-2026-CTS-048,A/Romania/612042/2026_H3N2,plate22-A/Romania/612042/2026_H3N2,1119,0.75,0.75
flu-seqneut-2026-CTS-048,A/Romania/612042/2026_H3N2,plate22-A/Romania/612042/2026_H3N2,2575,1.201,1
flu-seqneut-2026-CTS-048,A/Romania/612042/2026_H3N2,plate22-A/Romania/612042/2026_H3N2,1.362e+04,2.383,1
flu-seqneut-2026-CTS-048,A/SantaCatarina/508/2026_H3N2,plate22-A/SantaCatarina/508/2026_H3N2,40,0.01134,0.01134
flu-seqneut-2026-CTS-048,A/SantaCatarina/508/2026_H3N2,plate22-A/SantaCatarina/508/2026_H3N2,92,0.1038,0.1038
flu-seqneut-2026-CTS-048,A/SantaCatarina/508/2026_H3N2,plate22-A/SantaCatarina/508/2026_H3N2,212,0.1301,0.1301
flu-seqneut-2026-CTS-048,A/SantaCatarina/508/2026_H3N2,plate22-A/SantaCatarina/508/2026_H3N2,487,0.3629,0.3629
flu-seqneut-2026-CTS-048,A/SantaCatarina/508/2026_H3N2,plate22-A/SantaCatarina/508/2026_H3N2,1119,0.6629,0.6629
flu-seqneut-2026-CTS-048,A/SantaCatarina/508/2026_H3N2,plate22-A/SantaCatarina/508/2026_H3N2,2575,0.902,0.902
flu-seqneut-2026-CTS-048,A/SantaCatarina/508/2026_H3N2,plate22-A/SantaCatarina/508/2026_H3N2,1.362e+04,1.168,1
flu-seqneut-2026-CTS-048,A/Saskatchewan/SKFLU477299/2025_H3N2,plate22-A/Saskatchewan/SKFLU477299/2025_H3N2,40,0.01419,0.01419
flu-seqneut-2026-CTS-048,A/Saskatchewan/SKFLU477299/2025_H3N2,plate22-A/Saskatchewan/SKFLU477299/2025_H3N2,92,0.1717,0.1717
flu-seqneut-2026-CTS-048,A/Saskatchewan/SKFLU477299/2025_H3N2,plate22-A/Saskatchewan/SKFLU477299/2025_H3N2,212,0.1797,0.1797
flu-seqneut-2026-CTS-048,A/Saskatchewan/SKFLU477299/2025_H3N2,plate22-A/Saskatchewan/SKFLU477299/2025_H3N2,487,0.6904,0.6904
flu-seqneut-2026-CTS-048,A/Saskatchewan/SKFLU477299/2025_H3N2,plate22-A/Saskatchewan/SKFLU477299/2025_H3N2,1119,0.7285,0.7285
flu-seqneut-2026-CTS-048,A/Saskatchewan/SKFLU477299/2025_H3N2,plate22-A/Saskatchewan/SKFLU477299/2025_H3N2,2575,1.107,1
flu-seqneut-2026-CTS-048,A/Saskatchewan/SKFLU477299/2025_H3N2,plate22-A/Saskatchewan/SKFLU477299/2025_H3N2,1.362e+04,2.162,1
flu-seqneut-2026-CTS-048,A/Saskatchewan/SKFLU477727/2025_H3N2,plate22-A/Saskatchewan/SKFLU477727/2025_H3N2,40,0.0216,0.0216
flu-seqneut-2026-CTS-048,A/Saskatchewan/SKFLU477727/2025_H3N2,plate22-A/Saskatchewan/SKFLU477727/2025_H3N2,92,0.09199,0.09199
flu-seqneut-2026-CTS-048,A/Saskatchewan/SKFLU477727/2025_H3N2,plate22-A/Saskatchewan/SKFLU477727/2025_H3N2,212,0.2152,0.2152
flu-seqneut-2026-CTS-048,A/Saskatchewan/SKFLU477727/2025_H3N2,plate22-A/Saskatchewan/SKFLU477727/2025_H3N2,487,0.7127,0.7127
flu-seqneut-2026-CTS-048,A/Saskatchewan/SKFLU477727/2025_H3N2,plate22-A/Saskatchewan/SKFLU477727/2025_H3N2,1119,0.7296,0.7296
flu-seqneut-2026-CTS-048,A/Saskatchewan/SKFLU477727/2025_H3N2,plate22-A/Saskatchewan/SKFLU477727/2025_H3N2,2575,1.103,1
flu-seqneut-2026-CTS-048,A/Saskatchewan/SKFLU477727/2025_H3N2,plate22-A/Saskatchewan/SKFLU477727/2025_H3N2,1.362e+04,1.855,1
flu-seqneut-2026-CTS-048,A/Saskatchewan/SKFLU490586/2026_H1N1,plate22-A/Saskatchewan/SKFLU490586/2026_H1N1,40,0.008226,0.008226
flu-seqneut-2026-CTS-048,A/Saskatchewan/SKFLU490586/2026_H1N1,plate22-A/Saskatchewan/SKFLU490586/2026_H1N1,92,0.1961,0.1961
flu-seqneut-2026-CTS-048,A/Saskatchewan/SKFLU490586/2026_H1N1,plate22-A/Saskatchewan/SKFLU490586/2026_H1N1,212,0.2639,0.2639
flu-seqneut-2026-CTS-048,A/Saskatchewan/SKFLU490586/2026_H1N1,plate22-A/Saskatchewan/SKFLU490586/2026_H1N1,487,0.9452,0.9452
flu-seqneut-2026-CTS-048,A/Saskatchewan/SKFLU490586/2026_H1N1,plate22-A/Saskatchewan/SKFLU490586/2026_H1N1,1119,0.9644,0.9644
flu-seqneut-2026-CTS-048,A/Saskatchewan/SKFLU490586/2026_H1N1,plate22-A/Saskatchewan/SKFLU490586/2026_H1N1,2575,0.9956,0.9956
flu-seqneut-2026-CTS-048,A/Saskatchewan/SKFLU490586/2026_H1N1,plate22-A/Saskatchewan/SKFLU490586/2026_H1N1,5921,2.895,1
flu-seqneut-2026-CTS-048,A/Saskatchewan/SKFLU490586/2026_H1N1,plate22-A/Saskatchewan/SKFLU490586/2026_H1N1,1.362e+04,1.406,1
flu-seqneut-2026-CTS-048,A/Singapore/GP20238/2024_H3N2,plate22-A/Singapore/GP20238/2024_H3N2,40,0,0
flu-seqneut-2026-CTS-048,A/Singapore/GP20238/2024_H3N2,plate22-A/Singapore/GP20238/2024_H3N2,92,0,0
flu-seqneut-2026-CTS-048,A/Singapore/GP20238/2024_H3N2,plate22-A/Singapore/GP20238/2024_H3N2,212,0.006343,0.006343
flu-seqneut-2026-CTS-048,A/Singapore/GP20238/2024_H3N2,plate22-A/Singapore/GP20238/2024_H3N2,487,0.1264,0.1264
flu-seqneut-2026-CTS-048,A/Singapore/GP20238/2024_H3N2,plate22-A/Singapore/GP20238/2024_H3N2,1119,0.602,0.602
flu-seqneut-2026-CTS-048,A/Singapore/GP20238/2024_H3N2,plate22-A/Singapore/GP20238/2024_H3N2,2575,0.9709,0.9709
flu-seqneut-2026-CTS-048,A/Singapore/GP20238/2024_H3N2,plate22-A/Singapore/GP20238/2024_H3N2,1.362e+04,1.965,1
flu-seqneut-2026-CTS-048,A/Singapore/KK2768/2025_H1N1,plate22-A/Singapore/KK2768/2025_H1N1,40,0.01115,0.01115
flu-seqneut-2026-CTS-048,A/Singapore/KK2768/2025_H1N1,plate22-A/Singapore/KK2768/2025_H1N1,92,0.138,0.138
flu-seqneut-2026-CTS-048,A/Singapore/KK2768/2025_H1N1,plate22-A/Singapore/KK2768/2025_H1N1,212,0.1856,0.1856
flu-seqneut-2026-CTS-048,A/Singapore/KK2768/2025_H1N1,plate22-A/Singapore/KK2768/2025_H1N1,487,0.5991,0.5991
flu-seqneut-2026-CTS-048,A/Singapore/KK2768/2025_H1N1,plate22-A/Singapore/KK2768/2025_H1N1,1119,1.001,1
flu-seqneut-2026-CTS-048,A/Singapore/KK2768/2025_H1N1,plate22-A/Singapore/KK2768/2025_H1N1,2575,1.043,1
flu-seqneut-2026-CTS-048,A/Singapore/KK2768/2025_H1N1,plate22-A/Singapore/KK2768/2025_H1N1,5921,2.692,1
flu-seqneut-2026-CTS-048,A/Singapore/MOH0547/2024_H1N1,plate22-A/Singapore/MOH0547/2024_H1N1,40,0.01377,0.01377
flu-seqneut-2026-CTS-048,A/Singapore/MOH0547/2024_H1N1,plate22-A/Singapore/MOH0547/2024_H1N1,92,0.1956,0.1956
flu-seqneut-2026-CTS-048,A/Singapore/MOH0547/2024_H1N1,plate22-A/Singapore/MOH0547/2024_H1N1,212,0.1227,0.1227
flu-seqneut-2026-CTS-048,A/Singapore/MOH0547/2024_H1N1,plate22-A/Singapore/MOH0547/2024_H1N1,487,0.7698,0.7698
flu-seqneut-2026-CTS-048,A/Singapore/MOH0547/2024_H1N1,plate22-A/Singapore/MOH0547/2024_H1N1,1119,0.785,0.785
flu-seqneut-2026-CTS-048,A/Singapore/MOH0547/2024_H1N1,plate22-A/Singapore/MOH0547/2024_H1N1,2575,0.9391,0.9391
flu-seqneut-2026-CTS-048,A/Singapore/MOH0547/2024_H1N1,plate22-A/Singapore/MOH0547/2024_H1N1,5921,2.71,1
flu-seqneut-2026-CTS-048,A/Singapore/MOH0547/2024_H1N1,plate22-A/Singapore/MOH0547/2024_H1N1,1.362e+04,1.305,1
flu-seqneut-2026-CTS-048,A/Singapore/NTF0577/2025_H3N2,plate22-A/Singapore/NTF0577/2025_H3N2,40,0.02856,0.02856
flu-seqneut-2026-CTS-048,A/Singapore/NTF0577/2025_H3N2,plate22-A/Singapore/NTF0577/2025_H3N2,92,0.1359,0.1359
flu-seqneut-2026-CTS-048,A/Singapore/NTF0577/2025_H3N2,plate22-A/Singapore/NTF0577/2025_H3N2,212,0.3591,0.3591
flu-seqneut-2026-CTS-048,A/Singapore/NTF0577/2025_H3N2,plate22-A/Singapore/NTF0577/2025_H3N2,487,0.8987,0.8987
flu-seqneut-2026-CTS-048,A/Singapore/NTF0577/2025_H3N2,plate22-A/Singapore/NTF0577/2025_H3N2,1119,0.8223,0.8223
flu-seqneut-2026-CTS-048,A/Singapore/NTF0577/2025_H3N2,plate22-A/Singapore/NTF0577/2025_H3N2,2575,1.334,1
flu-seqneut-2026-CTS-048,A/Singapore/NTF0577/2025_H3N2,plate22-A/Singapore/NTF0577/2025_H3N2,1.362e+04,1.595,1
flu-seqneut-2026-CTS-048,A/Singapore/SAR8915/2025_H3N2,plate22-A/Singapore/SAR8915/2025_H3N2,40,0.01207,0.01207
flu-seqneut-2026-CTS-048,A/Singapore/SAR8915/2025_H3N2,plate22-A/Singapore/SAR8915/2025_H3N2,92,0.1198,0.1198
flu-seqneut-2026-CTS-048,A/Singapore/SAR8915/2025_H3N2,plate22-A/Singapore/SAR8915/2025_H3N2,212,0.2442,0.2442
flu-seqneut-2026-CTS-048,A/Singapore/SAR8915/2025_H3N2,plate22-A/Singapore/SAR8915/2025_H3N2,487,0.4981,0.4981
flu-seqneut-2026-CTS-048,A/Singapore/SAR8915/2025_H3N2,plate22-A/Singapore/SAR8915/2025_H3N2,1119,0.5578,0.5578
flu-seqneut-2026-CTS-048,A/Singapore/SAR8915/2025_H3N2,plate22-A/Singapore/SAR8915/2025_H3N2,2575,1.116,1
flu-seqneut-2026-CTS-048,A/Singapore/SAR8915/2025_H3N2,plate22-A/Singapore/SAR8915/2025_H3N2,1.362e+04,1.509,1
flu-seqneut-2026-CTS-048,A/SouthAfrica/NHLS-SU-CERI-C075557/2026_H1N1,plate22-A/SouthAfrica/NHLS-SU-CERI-C075557/2026_H1N1,40,0.03655,0.03655
flu-seqneut-2026-CTS-048,A/SouthAfrica/NHLS-SU-CERI-C075557/2026_H1N1,plate22-A/SouthAfrica/NHLS-SU-CERI-C075557/2026_H1N1,92,0.2077,0.2077
flu-seqneut-2026-CTS-048,A/SouthAfrica/NHLS-SU-CERI-C075557/2026_H1N1,plate22-A/SouthAfrica/NHLS-SU-CERI-C075557/2026_H1N1,212,0.1969,0.1969
flu-seqneut-2026-CTS-048,A/SouthAfrica/NHLS-SU-CERI-C075557/2026_H1N1,plate22-A/SouthAfrica/NHLS-SU-CERI-C075557/2026_H1N1,487,0.5727,0.5727
flu-seqneut-2026-CTS-048,A/SouthAfrica/NHLS-SU-CERI-C075557/2026_H1N1,plate22-A/SouthAfrica/NHLS-SU-CERI-C075557/2026_H1N1,1119,0.8728,0.8728
flu-seqneut-2026-CTS-048,A/SouthAfrica/NHLS-SU-CERI-C075557/2026_H1N1,plate22-A/SouthAfrica/NHLS-SU-CERI-C075557/2026_H1N1,2575,1.019,1
flu-seqneut-2026-CTS-048,A/SouthAfrica/NHLS-SU-CERI-C075557/2026_H1N1,plate22-A/SouthAfrica/NHLS-SU-CERI-C075557/2026_H1N1,1.362e+04,1.027,1
flu-seqneut-2026-CTS-048,A/SouthAfrica/NICD-R01647/2026_H1N1,plate22-A/SouthAfrica/NICD-R01647/2026_H1N1,40,0.02197,0.02197
flu-seqneut-2026-CTS-048,A/SouthAfrica/NICD-R01647/2026_H1N1,plate22-A/SouthAfrica/NICD-R01647/2026_H1N1,92,0.3396,0.3396
flu-seqneut-2026-CTS-048,A/SouthAfrica/NICD-R01647/2026_H1N1,plate22-A/SouthAfrica/NICD-R01647/2026_H1N1,212,0.3968,0.3968
flu-seqneut-2026-CTS-048,A/SouthAfrica/NICD-R01647/2026_H1N1,plate22-A/SouthAfrica/NICD-R01647/2026_H1N1,487,0.7417,0.7417
flu-seqneut-2026-CTS-048,A/SouthAfrica/NICD-R01647/2026_H1N1,plate22-A/SouthAfrica/NICD-R01647/2026_H1N1,1119,0.828,0.828
flu-seqneut-2026-CTS-048,A/SouthAfrica/NICD-R01647/2026_H1N1,plate22-A/SouthAfrica/NICD-R01647/2026_H1N1,2575,1.383,1
flu-seqneut-2026-CTS-048,A/SouthAfrica/NICD-R01647/2026_H1N1,plate22-A/SouthAfrica/NICD-R01647/2026_H1N1,1.362e+04,1.603,1
flu-seqneut-2026-CTS-048,A/SouthAfrica/NICD-R01668/2026_H1N1,plate22-A/SouthAfrica/NICD-R01668/2026_H1N1,40,0.01835,0.01835
flu-seqneut-2026-CTS-048,A/SouthAfrica/NICD-R01668/2026_H1N1,plate22-A/SouthAfrica/NICD-R01668/2026_H1N1,92,0.4739,0.4739
flu-seqneut-2026-CTS-048,A/SouthAfrica/NICD-R01668/2026_H1N1,plate22-A/SouthAfrica/NICD-R01668/2026_H1N1,212,0.3375,0.3375
flu-seqneut-2026-CTS-048,A/SouthAfrica/NICD-R01668/2026_H1N1,plate22-A/SouthAfrica/NICD-R01668/2026_H1N1,487,0.8073,0.8073
flu-seqneut-2026-CTS-048,A/SouthAfrica/NICD-R01668/2026_H1N1,plate22-A/SouthAfrica/NICD-R01668/2026_H1N1,1119,1.121,1
flu-seqneut-2026-CTS-048,A/SouthAfrica/NICD-R01668/2026_H1N1,plate22-A/SouthAfrica/NICD-R01668/2026_H1N1,2575,1.158,1
flu-seqneut-2026-CTS-048,A/SouthAfrica/NICD-R01668/2026_H1N1,plate22-A/SouthAfrica/NICD-R01668/2026_H1N1,1.362e+04,2.53,1
flu-seqneut-2026-CTS-048,A/SouthAfrica/PATH-CERI-C073358/2025_H1N1,plate22-A/SouthAfrica/PATH-CERI-C073358/2025_H1N1,40,0.09127,0.09127
flu-seqneut-2026-CTS-048,A/SouthAfrica/PATH-CERI-C073358/2025_H1N1,plate22-A/SouthAfrica/PATH-CERI-C073358/2025_H1N1,92,0.136,0.136
flu-seqneut-2026-CTS-048,A/SouthAfrica/PATH-CERI-C073358/2025_H1N1,plate22-A/SouthAfrica/PATH-CERI-C073358/2025_H1N1,212,0.2539,0.2539
flu-seqneut-2026-CTS-048,A/SouthAfrica/PATH-CERI-C073358/2025_H1N1,plate22-A/SouthAfrica/PATH-CERI-C073358/2025_H1N1,487,0.7881,0.7881
flu-seqneut-2026-CTS-048,A/SouthAfrica/PATH-CERI-C073358/2025_H1N1,plate22-A/SouthAfrica/PATH-CERI-C073358/2025_H1N1,1119,0.7341,0.7341
flu-seqneut-2026-CTS-048,A/SouthAfrica/PATH-CERI-C073358/2025_H1N1,plate22-A/SouthAfrica/PATH-CERI-C073358/2025_H1N1,2575,0.7285,0.7285
flu-seqneut-2026-CTS-048,A/SouthAfrica/PATH-CERI-C073358/2025_H1N1,plate22-A/SouthAfrica/PATH-CERI-C073358/2025_H1N1,5921,2.551,1
flu-seqneut-2026-CTS-048,A/SouthAfrica/PATH-CERI-C073358/2025_H1N1,plate22-A/SouthAfrica/PATH-CERI-C073358/2025_H1N1,1.362e+04,1.443,1
flu-seqneut-2026-CTS-048,A/SouthAfrica/PATH-CERI-C073366/2025_H1N1,plate22-A/SouthAfrica/PATH-CERI-C073366/2025_H1N1,40,0.0225,0.0225
flu-seqneut-2026-CTS-048,A/SouthAfrica/PATH-CERI-C073366/2025_H1N1,plate22-A/SouthAfrica/PATH-CERI-C073366/2025_H1N1,92,0.3761,0.3761
flu-seqneut-2026-CTS-048,A/SouthAfrica/PATH-CERI-C073366/2025_H1N1,plate22-A/SouthAfrica/PATH-CERI-C073366/2025_H1N1,212,0.6711,0.6711
flu-seqneut-2026-CTS-048,A/SouthAfrica/PATH-CERI-C073366/2025_H1N1,plate22-A/SouthAfrica/PATH-CERI-C073366/2025_H1N1,487,1.266,1
flu-seqneut-2026-CTS-048,A/SouthAfrica/PATH-CERI-C073366/2025_H1N1,plate22-A/SouthAfrica/PATH-CERI-C073366/2025_H1N1,1119,1.47,1
flu-seqneut-2026-CTS-048,A/SouthAfrica/PATH-CERI-C073366/2025_H1N1,plate22-A/SouthAfrica/PATH-CERI-C073366/2025_H1N1,2575,1.548,1
flu-seqneut-2026-CTS-048,A/SouthAfrica/PATH-CERI-C073366/2025_H1N1,plate22-A/SouthAfrica/PATH-CERI-C073366/2025_H1N1,1.362e+04,1.981,1
flu-seqneut-2026-CTS-048,A/SouthAfrica/PATH-CERI-C075119/2026_H1N1,plate22-A/SouthAfrica/PATH-CERI-C075119/2026_H1N1,40,0.03022,0.03022
flu-seqneut-2026-CTS-048,A/SouthAfrica/PATH-CERI-C075119/2026_H1N1,plate22-A/SouthAfrica/PATH-CERI-C075119/2026_H1N1,92,0.2032,0.2032
flu-seqneut-2026-CTS-048,A/SouthAfrica/PATH-CERI-C075119/2026_H1N1,plate22-A/SouthAfrica/PATH-CERI-C075119/2026_H1N1,212,0.4072,0.4072
flu-seqneut-2026-CTS-048,A/SouthAfrica/PATH-CERI-C075119/2026_H1N1,plate22-A/SouthAfrica/PATH-CERI-C075119/2026_H1N1,487,1.448,1
flu-seqneut-2026-CTS-048,A/SouthAfrica/PATH-CERI-C075119/2026_H1N1,plate22-A/SouthAfrica/PATH-CERI-C075119/2026_H1N1,1119,0.7722,0.7722
flu-seqneut-2026-CTS-048,A/SouthAfrica/PATH-CERI-C075119/2026_H1N1,plate22-A/SouthAfrica/PATH-CERI-C075119/2026_H1N1,2575,1.26,1
flu-seqneut-2026-CTS-048,A/SouthAfrica/PATH-CERI-C075119/2026_H1N1,plate22-A/SouthAfrica/PATH-CERI-C075119/2026_H1N1,1.362e+04,1.524,1
flu-seqneut-2026-CTS-048,A/SouthAustralia/2605715552/2026_H3N2,plate22-A/SouthAustralia/2605715552/2026_H3N2,40,0.05208,0.05208
flu-seqneut-2026-CTS-048,A/SouthAustralia/2605715552/2026_H3N2,plate22-A/SouthAustralia/2605715552/2026_H3N2,92,0.1377,0.1377
flu-seqneut-2026-CTS-048,A/SouthAustralia/2605715552/2026_H3N2,plate22-A/SouthAustralia/2605715552/2026_H3N2,212,0.2739,0.2739
flu-seqneut-2026-CTS-048,A/SouthAustralia/2605715552/2026_H3N2,plate22-A/SouthAustralia/2605715552/2026_H3N2,487,0.8,0.8
flu-seqneut-2026-CTS-048,A/SouthAustralia/2605715552/2026_H3N2,plate22-A/SouthAustralia/2605715552/2026_H3N2,1119,0.904,0.904
flu-seqneut-2026-CTS-048,A/SouthAustralia/2605715552/2026_H3N2,plate22-A/SouthAustralia/2605715552/2026_H3N2,2575,1.135,1
flu-seqneut-2026-CTS-048,A/SouthAustralia/2605715552/2026_H3N2,plate22-A/SouthAustralia/2605715552/2026_H3N2,1.362e+04,1.862,1
flu-seqneut-2026-CTS-048,A/SouthCarolina/USAFSAM-17046/2026_H3N2,plate22-A/SouthCarolina/USAFSAM-17046/2026_H3N2,40,0.0008391,0.0008391
flu-seqneut-2026-CTS-048,A/SouthCarolina/USAFSAM-17046/2026_H3N2,plate22-A/SouthCarolina/USAFSAM-17046/2026_H3N2,92,0.007273,0.007273
flu-seqneut-2026-CTS-048,A/SouthCarolina/USAFSAM-17046/2026_H3N2,plate22-A/SouthCarolina/USAFSAM-17046/2026_H3N2,212,0.03739,0.03739
flu-seqneut-2026-CTS-048,A/SouthCarolina/USAFSAM-17046/2026_H3N2,plate22-A/SouthCarolina/USAFSAM-17046/2026_H3N2,487,0.641,0.641
flu-seqneut-2026-CTS-048,A/SouthCarolina/USAFSAM-17046/2026_H3N2,plate22-A/SouthCarolina/USAFSAM-17046/2026_H3N2,1119,0.6341,0.6341
flu-seqneut-2026-CTS-048,A/SouthCarolina/USAFSAM-17046/2026_H3N2,plate22-A/SouthCarolina/USAFSAM-17046/2026_H3N2,2575,2.161,1
flu-seqneut-2026-CTS-048,A/SouthCarolina/USAFSAM-17046/2026_H3N2,plate22-A/SouthCarolina/USAFSAM-17046/2026_H3N2,1.362e+04,1.458,1
flu-seqneut-2026-CTS-048,A/South_Australia/2523812314/2025_H3N2,plate22-A/South_Australia/2523812314/2025_H3N2,40,0.0005417,0.0005417
flu-seqneut-2026-CTS-048,A/South_Australia/2523812314/2025_H3N2,plate22-A/South_Australia/2523812314/2025_H3N2,92,0.02079,0.02079
flu-seqneut-2026-CTS-048,A/South_Australia/2523812314/2025_H3N2,plate22-A/South_Australia/2523812314/2025_H3N2,212,0.06035,0.06035
flu-seqneut-2026-CTS-048,A/South_Australia/2523812314/2025_H3N2,plate22-A/South_Australia/2523812314/2025_H3N2,487,0.2128,0.2128
flu-seqneut-2026-CTS-048,A/South_Australia/2523812314/2025_H3N2,plate22-A/South_Australia/2523812314/2025_H3N2,1119,0.4457,0.4457
flu-seqneut-2026-CTS-048,A/South_Australia/2523812314/2025_H3N2,plate22-A/South_Australia/2523812314/2025_H3N2,2575,0.8776,0.8776
flu-seqneut-2026-CTS-048,A/South_Australia/2523812314/2025_H3N2,plate22-A/South_Australia/2523812314/2025_H3N2,1.362e+04,1.478,1
flu-seqneut-2026-CTS-048,A/South_Australia/2527213276/2025_H3N2,plate22-A/South_Australia/2527213276/2025_H3N2,40,0.05622,0.05622
flu-seqneut-2026-CTS-048,A/South_Australia/2527213276/2025_H3N2,plate22-A/South_Australia/2527213276/2025_H3N2,92,0.07813,0.07813
flu-seqneut-2026-CTS-048,A/South_Australia/2527213276/2025_H3N2,plate22-A/South_Australia/2527213276/2025_H3N2,212,0.3446,0.3446
flu-seqneut-2026-CTS-048,A/South_Australia/2527213276/2025_H3N2,plate22-A/South_Australia/2527213276/2025_H3N2,487,0.2965,0.2965
flu-seqneut-2026-CTS-048,A/South_Australia/2527213276/2025_H3N2,plate22-A/South_Australia/2527213276/2025_H3N2,1119,0.2566,0.2566
flu-seqneut-2026-CTS-048,A/South_Australia/2527213276/2025_H3N2,plate22-A/South_Australia/2527213276/2025_H3N2,2575,0.4619,0.4619
flu-seqneut-2026-CTS-048,A/South_Australia/2527213276/2025_H3N2,plate22-A/South_Australia/2527213276/2025_H3N2,5921,1.957,1
flu-seqneut-2026-CTS-048,A/South_Australia/2527213276/2025_H3N2,plate22-A/South_Australia/2527213276/2025_H3N2,1.362e+04,0.9723,0.9723
flu-seqneut-2026-CTS-048,A/StPetersburg/RII-25-2042S/2025_H3N2,plate22-A/StPetersburg/RII-25-2042S/2025_H3N2,40,0.01435,0.01435
flu-seqneut-2026-CTS-048,A/StPetersburg/RII-25-2042S/2025_H3N2,plate22-A/StPetersburg/RII-25-2042S/2025_H3N2,92,0.1764,0.1764
flu-seqneut-2026-CTS-048,A/StPetersburg/RII-25-2042S/2025_H3N2,plate22-A/StPetersburg/RII-25-2042S/2025_H3N2,212,0.2635,0.2635
flu-seqneut-2026-CTS-048,A/StPetersburg/RII-25-2042S/2025_H3N2,plate22-A/StPetersburg/RII-25-2042S/2025_H3N2,487,0.8143,0.8143
flu-seqneut-2026-CTS-048,A/StPetersburg/RII-25-2042S/2025_H3N2,plate22-A/StPetersburg/RII-25-2042S/2025_H3N2,1119,0.8822,0.8822
flu-seqneut-2026-CTS-048,A/StPetersburg/RII-25-2042S/2025_H3N2,plate22-A/StPetersburg/RII-25-2042S/2025_H3N2,2575,1.149,1
flu-seqneut-2026-CTS-048,A/StPetersburg/RII-25-2042S/2025_H3N2,plate22-A/StPetersburg/RII-25-2042S/2025_H3N2,1.362e+04,2.436,1
flu-seqneut-2026-CTS-048,A/StPetersburg/RII-25-2321S/2025_H3N2,plate22-A/StPetersburg/RII-25-2321S/2025_H3N2,40,0.006678,0.006678
flu-seqneut-2026-CTS-048,A/StPetersburg/RII-25-2321S/2025_H3N2,plate22-A/StPetersburg/RII-25-2321S/2025_H3N2,92,0.1302,0.1302
flu-seqneut-2026-CTS-048,A/StPetersburg/RII-25-2321S/2025_H3N2,plate22-A/StPetersburg/RII-25-2321S/2025_H3N2,212,0.2831,0.2831
flu-seqneut-2026-CTS-048,A/StPetersburg/RII-25-2321S/2025_H3N2,plate22-A/StPetersburg/RII-25-2321S/2025_H3N2,487,0.5424,0.5424
flu-seqneut-2026-CTS-048,A/StPetersburg/RII-25-2321S/2025_H3N2,plate22-A/StPetersburg/RII-25-2321S/2025_H3N2,1119,0.8788,0.8788
flu-seqneut-2026-CTS-048,A/StPetersburg/RII-25-2321S/2025_H3N2,plate22-A/StPetersburg/RII-25-2321S/2025_H3N2,2575,1.305,1
flu-seqneut-2026-CTS-048,A/StPetersburg/RII-25-2321S/2025_H3N2,plate22-A/StPetersburg/RII-25-2321S/2025_H3N2,1.362e+04,2.669,1
flu-seqneut-2026-CTS-048,A/StPetersburg/RII-25-2506S/2026_H3N2,plate22-A/StPetersburg/RII-25-2506S/2026_H3N2,40,0.02098,0.02098
flu-seqneut-2026-CTS-048,A/StPetersburg/RII-25-2506S/2026_H3N2,plate22-A/StPetersburg/RII-25-2506S/2026_H3N2,92,0.164,0.164
flu-seqneut-2026-CTS-048,A/StPetersburg/RII-25-2506S/2026_H3N2,plate22-A/StPetersburg/RII-25-2506S/2026_H3N2,212,0.2408,0.2408
flu-seqneut-2026-CTS-048,A/StPetersburg/RII-25-2506S/2026_H3N2,plate22-A/StPetersburg/RII-25-2506S/2026_H3N2,487,0.842,0.842
flu-seqneut-2026-CTS-048,A/StPetersburg/RII-25-2506S/2026_H3N2,plate22-A/StPetersburg/RII-25-2506S/2026_H3N2,1119,0.8443,0.8443
flu-seqneut-2026-CTS-048,A/StPetersburg/RII-25-2506S/2026_H3N2,plate22-A/StPetersburg/RII-25-2506S/2026_H3N2,2575,0.8564,0.8564
flu-seqneut-2026-CTS-048,A/StPetersburg/RII-25-2506S/2026_H3N2,plate22-A/StPetersburg/RII-25-2506S/2026_H3N2,1.362e+04,1.808,1
flu-seqneut-2026-CTS-048,A/StPetersburg/RII-25-2600S/2026_H3N2,plate22-A/StPetersburg/RII-25-2600S/2026_H3N2,40,0.02273,0.02273
flu-seqneut-2026-CTS-048,A/StPetersburg/RII-25-2600S/2026_H3N2,plate22-A/StPetersburg/RII-25-2600S/2026_H3N2,92,0.1016,0.1016
flu-seqneut-2026-CTS-048,A/StPetersburg/RII-25-2600S/2026_H3N2,plate22-A/StPetersburg/RII-25-2600S/2026_H3N2,212,0.3258,0.3258
flu-seqneut-2026-CTS-048,A/StPetersburg/RII-25-2600S/2026_H3N2,plate22-A/StPetersburg/RII-25-2600S/2026_H3N2,487,0.71,0.71
flu-seqneut-2026-CTS-048,A/StPetersburg/RII-25-2600S/2026_H3N2,plate22-A/StPetersburg/RII-25-2600S/2026_H3N2,1119,1.178,1
flu-seqneut-2026-CTS-048,A/StPetersburg/RII-25-2600S/2026_H3N2,plate22-A/StPetersburg/RII-25-2600S/2026_H3N2,2575,0.8423,0.8423
flu-seqneut-2026-CTS-048,A/StPetersburg/RII-25-2600S/2026_H3N2,plate22-A/StPetersburg/RII-25-2600S/2026_H3N2,1.362e+04,2.155,1
flu-seqneut-2026-CTS-048,A/Switzerland/UN-SNRCI-HUG-053/2025_H1N1,plate22-A/Switzerland/UN-SNRCI-HUG-053/2025_H1N1,40,0.02367,0.02367
flu-seqneut-2026-CTS-048,A/Switzerland/UN-SNRCI-HUG-053/2025_H1N1,plate22-A/Switzerland/UN-SNRCI-HUG-053/2025_H1N1,92,0.2311,0.2311
flu-seqneut-2026-CTS-048,A/Switzerland/UN-SNRCI-HUG-053/2025_H1N1,plate22-A/Switzerland/UN-SNRCI-HUG-053/2025_H1N1,212,0.334,0.334
flu-seqneut-2026-CTS-048,A/Switzerland/UN-SNRCI-HUG-053/2025_H1N1,plate22-A/Switzerland/UN-SNRCI-HUG-053/2025_H1N1,487,1.03,1
flu-seqneut-2026-CTS-048,A/Switzerland/UN-SNRCI-HUG-053/2025_H1N1,plate22-A/Switzerland/UN-SNRCI-HUG-053/2025_H1N1,1119,1.304,1
flu-seqneut-2026-CTS-048,A/Switzerland/UN-SNRCI-HUG-053/2025_H1N1,plate22-A/Switzerland/UN-SNRCI-HUG-053/2025_H1N1,2575,1.629,1
flu-seqneut-2026-CTS-048,A/Switzerland/UN-SNRCI-HUG-053/2025_H1N1,plate22-A/Switzerland/UN-SNRCI-HUG-053/2025_H1N1,1.362e+04,2.246,1
flu-seqneut-2026-CTS-048,A/Sydney/1359/2024_H3N2,plate22-A/Sydney/1359/2024_H3N2,40,0.001999,0.001999
flu-seqneut-2026-CTS-048,A/Sydney/1359/2024_H3N2,plate22-A/Sydney/1359/2024_H3N2,92,0.2116,0.2116
flu-seqneut-2026-CTS-048,A/Sydney/1359/2024_H3N2,plate22-A/Sydney/1359/2024_H3N2,212,0.06061,0.06061
flu-seqneut-2026-CTS-048,A/Sydney/1359/2024_H3N2,plate22-A/Sydney/1359/2024_H3N2,487,0.3637,0.3637
flu-seqneut-2026-CTS-048,A/Sydney/1359/2024_H3N2,plate22-A/Sydney/1359/2024_H3N2,1119,0.4531,0.4531
flu-seqneut-2026-CTS-048,A/Sydney/1359/2024_H3N2,plate22-A/Sydney/1359/2024_H3N2,2575,1.307,1
flu-seqneut-2026-CTS-048,A/Sydney/1359/2024_H3N2,plate22-A/Sydney/1359/2024_H3N2,1.362e+04,2.302,1
flu-seqneut-2026-CTS-048,A/Sydney/50/2026_H1N1,plate22-A/Sydney/50/2026_H1N1,40,0.06099,0.06099
flu-seqneut-2026-CTS-048,A/Sydney/50/2026_H1N1,plate22-A/Sydney/50/2026_H1N1,92,0.4669,0.4669
flu-seqneut-2026-CTS-048,A/Sydney/50/2026_H1N1,plate22-A/Sydney/50/2026_H1N1,212,0.5643,0.5643
flu-seqneut-2026-CTS-048,A/Sydney/50/2026_H1N1,plate22-A/Sydney/50/2026_H1N1,487,0.9407,0.9407
flu-seqneut-2026-CTS-048,A/Sydney/50/2026_H1N1,plate22-A/Sydney/50/2026_H1N1,1119,1.248,1
flu-seqneut-2026-CTS-048,A/Sydney/50/2026_H1N1,plate22-A/Sydney/50/2026_H1N1,2575,1.303,1
flu-seqneut-2026-CTS-048,A/Sydney/50/2026_H1N1,plate22-A/Sydney/50/2026_H1N1,1.362e+04,1.875,1
flu-seqneut-2026-CTS-048,A/Texas/29/2026_H1N1,plate22-A/Texas/29/2026_H1N1,40,0.02535,0.02535
flu-seqneut-2026-CTS-048,A/Texas/29/2026_H1N1,plate22-A/Texas/29/2026_H1N1,92,0.5514,0.5514
flu-seqneut-2026-CTS-048,A/Texas/29/2026_H1N1,plate22-A/Texas/29/2026_H1N1,212,0.3766,0.3766
flu-seqneut-2026-CTS-048,A/Texas/29/2026_H1N1,plate22-A/Texas/29/2026_H1N1,487,1.222,1
flu-seqneut-2026-CTS-048,A/Texas/29/2026_H1N1,plate22-A/Texas/29/2026_H1N1,1119,1.095,1
flu-seqneut-2026-CTS-048,A/Texas/29/2026_H1N1,plate22-A/Texas/29/2026_H1N1,2575,1.308,1
flu-seqneut-2026-CTS-048,A/Texas/29/2026_H1N1,plate22-A/Texas/29/2026_H1N1,1.362e+04,2.209,1
flu-seqneut-2026-CTS-048,A/Thailand/8/2022_H3N2,plate22-A/Thailand/8/2022_H3N2,40,0.002092,0.002092
flu-seqneut-2026-CTS-048,A/Thailand/8/2022_H3N2,plate22-A/Thailand/8/2022_H3N2,92,0.0289,0.0289
flu-seqneut-2026-CTS-048,A/Thailand/8/2022_H3N2,plate22-A/Thailand/8/2022_H3N2,212,0.08619,0.08619
flu-seqneut-2026-CTS-048,A/Thailand/8/2022_H3N2,plate22-A/Thailand/8/2022_H3N2,487,0.2741,0.2741
flu-seqneut-2026-CTS-048,A/Thailand/8/2022_H3N2,plate22-A/Thailand/8/2022_H3N2,1119,0.61,0.61
flu-seqneut-2026-CTS-048,A/Thailand/8/2022_H3N2,plate22-A/Thailand/8/2022_H3N2,2575,0.6933,0.6933
flu-seqneut-2026-CTS-048,A/Thailand/8/2022_H3N2,plate22-A/Thailand/8/2022_H3N2,1.362e+04,1.386,1
flu-seqneut-2026-CTS-048,A/Thuringen/16/2026_H3N2,plate22-A/Thuringen/16/2026_H3N2,40,0.02064,0.02064
flu-seqneut-2026-CTS-048,A/Thuringen/16/2026_H3N2,plate22-A/Thuringen/16/2026_H3N2,92,0.08846,0.08846
flu-seqneut-2026-CTS-048,A/Thuringen/16/2026_H3N2,plate22-A/Thuringen/16/2026_H3N2,212,0.3081,0.3081
flu-seqneut-2026-CTS-048,A/Thuringen/16/2026_H3N2,plate22-A/Thuringen/16/2026_H3N2,487,0.6673,0.6673
flu-seqneut-2026-CTS-048,A/Thuringen/16/2026_H3N2,plate22-A/Thuringen/16/2026_H3N2,1119,1.061,1
flu-seqneut-2026-CTS-048,A/Thuringen/16/2026_H3N2,plate22-A/Thuringen/16/2026_H3N2,2575,1.11,1
flu-seqneut-2026-CTS-048,A/Thuringen/16/2026_H3N2,plate22-A/Thuringen/16/2026_H3N2,1.362e+04,2.51,1
flu-seqneut-2026-CTS-048,A/Thuringen/39/2026_H3N2,plate22-A/Thuringen/39/2026_H3N2,40,0.02926,0.02926
flu-seqneut-2026-CTS-048,A/Thuringen/39/2026_H3N2,plate22-A/Thuringen/39/2026_H3N2,92,0.2236,0.2236
flu-seqneut-2026-CTS-048,A/Thuringen/39/2026_H3N2,plate22-A/Thuringen/39/2026_H3N2,212,0.3162,0.3162
flu-seqneut-2026-CTS-048,A/Thuringen/39/2026_H3N2,plate22-A/Thuringen/39/2026_H3N2,487,0.6033,0.6033
flu-seqneut-2026-CTS-048,A/Thuringen/39/2026_H3N2,plate22-A/Thuringen/39/2026_H3N2,1119,0.6876,0.6876
flu-seqneut-2026-CTS-048,A/Thuringen/39/2026_H3N2,plate22-A/Thuringen/39/2026_H3N2,2575,0.5766,0.5766
flu-seqneut-2026-CTS-048,A/Thuringen/39/2026_H3N2,plate22-A/Thuringen/39/2026_H3N2,5921,2.035,1
flu-seqneut-2026-CTS-048,A/Thuringen/39/2026_H3N2,plate22-A/Thuringen/39/2026_H3N2,1.362e+04,1.216,1
flu-seqneut-2026-CTS-048,A/Tokyo/EIS11-277/2024_H1N1,plate22-A/Tokyo/EIS11-277/2024_H1N1,40,0.02099,0.02099
flu-seqneut-2026-CTS-048,A/Tokyo/EIS11-277/2024_H1N1,plate22-A/Tokyo/EIS11-277/2024_H1N1,92,0.1932,0.1932
flu-seqneut-2026-CTS-048,A/Tokyo/EIS11-277/2024_H1N1,plate22-A/Tokyo/EIS11-277/2024_H1N1,212,0.1773,0.1773
flu-seqneut-2026-CTS-048,A/Tokyo/EIS11-277/2024_H1N1,plate22-A/Tokyo/EIS11-277/2024_H1N1,487,0.5284,0.5284
flu-seqneut-2026-CTS-048,A/Tokyo/EIS11-277/2024_H1N1,plate22-A/Tokyo/EIS11-277/2024_H1N1,1119,0.7935,0.7935
flu-seqneut-2026-CTS-048,A/Tokyo/EIS11-277/2024_H1N1,plate22-A/Tokyo/EIS11-277/2024_H1N1,2575,0.7568,0.7568
flu-seqneut-2026-CTS-048,A/Tokyo/EIS11-277/2024_H1N1,plate22-A/Tokyo/EIS11-277/2024_H1N1,1.362e+04,0.905,0.905
flu-seqneut-2026-CTS-048,A/Trieste/257/2025_H3N2,plate22-A/Trieste/257/2025_H3N2,40,0.02034,0.02034
flu-seqneut-2026-CTS-048,A/Trieste/257/2025_H3N2,plate22-A/Trieste/257/2025_H3N2,92,0.09895,0.09895
flu-seqneut-2026-CTS-048,A/Trieste/257/2025_H3N2,plate22-A/Trieste/257/2025_H3N2,212,0.1947,0.1947
flu-seqneut-2026-CTS-048,A/Trieste/257/2025_H3N2,plate22-A/Trieste/257/2025_H3N2,487,0.6045,0.6045
flu-seqneut-2026-CTS-048,A/Trieste/257/2025_H3N2,plate22-A/Trieste/257/2025_H3N2,1119,0.5903,0.5903
flu-seqneut-2026-CTS-048,A/Trieste/257/2025_H3N2,plate22-A/Trieste/257/2025_H3N2,2575,1.079,1
flu-seqneut-2026-CTS-048,A/Trieste/257/2025_H3N2,plate22-A/Trieste/257/2025_H3N2,1.362e+04,1.456,1
flu-seqneut-2026-CTS-048,A/Ukraine/5214/2026_H1N1,plate22-A/Ukraine/5214/2026_H1N1,40,0.03085,0.03085
flu-seqneut-2026-CTS-048,A/Ukraine/5214/2026_H1N1,plate22-A/Ukraine/5214/2026_H1N1,92,0.3222,0.3222
flu-seqneut-2026-CTS-048,A/Ukraine/5214/2026_H1N1,plate22-A/Ukraine/5214/2026_H1N1,212,0.3567,0.3567
flu-seqneut-2026-CTS-048,A/Ukraine/5214/2026_H1N1,plate22-A/Ukraine/5214/2026_H1N1,487,1.264,1
flu-seqneut-2026-CTS-048,A/Ukraine/5214/2026_H1N1,plate22-A/Ukraine/5214/2026_H1N1,1119,0.9696,0.9696
flu-seqneut-2026-CTS-048,A/Ukraine/5214/2026_H1N1,plate22-A/Ukraine/5214/2026_H1N1,2575,1.415,1
flu-seqneut-2026-CTS-048,A/Ukraine/5214/2026_H1N1,plate22-A/Ukraine/5214/2026_H1N1,1.362e+04,2.282,1
flu-seqneut-2026-CTS-048,A/Uppsala/SE26-01293/2026_H1N1,plate22-A/Uppsala/SE26-01293/2026_H1N1,40,0.005916,0.005916
flu-seqneut-2026-CTS-048,A/Uppsala/SE26-01293/2026_H1N1,plate22-A/Uppsala/SE26-01293/2026_H1N1,92,0.1209,0.1209
flu-seqneut-2026-CTS-048,A/Uppsala/SE26-01293/2026_H1N1,plate22-A/Uppsala/SE26-01293/2026_H1N1,212,0.2257,0.2257
flu-seqneut-2026-CTS-048,A/Uppsala/SE26-01293/2026_H1N1,plate22-A/Uppsala/SE26-01293/2026_H1N1,487,0.661,0.661
flu-seqneut-2026-CTS-048,A/Uppsala/SE26-01293/2026_H1N1,plate22-A/Uppsala/SE26-01293/2026_H1N1,1119,0.8737,0.8737
flu-seqneut-2026-CTS-048,A/Uppsala/SE26-01293/2026_H1N1,plate22-A/Uppsala/SE26-01293/2026_H1N1,2575,1.104,1
flu-seqneut-2026-CTS-048,A/Uppsala/SE26-01293/2026_H1N1,plate22-A/Uppsala/SE26-01293/2026_H1N1,5921,1.707,1
flu-seqneut-2026-CTS-048,A/Uppsala/SE26-01293/2026_H1N1,plate22-A/Uppsala/SE26-01293/2026_H1N1,1.362e+04,1.736,1
flu-seqneut-2026-CTS-048,A/Valencia/VAHNSI_09_02564/2025_H1N1,plate22-A/Valencia/VAHNSI_09_02564/2025_H1N1,40,0.006067,0.006067
flu-seqneut-2026-CTS-048,A/Valencia/VAHNSI_09_02564/2025_H1N1,plate22-A/Valencia/VAHNSI_09_02564/2025_H1N1,92,0.2596,0.2596
flu-seqneut-2026-CTS-048,A/Valencia/VAHNSI_09_02564/2025_H1N1,plate22-A/Valencia/VAHNSI_09_02564/2025_H1N1,212,0.3496,0.3496
flu-seqneut-2026-CTS-048,A/Valencia/VAHNSI_09_02564/2025_H1N1,plate22-A/Valencia/VAHNSI_09_02564/2025_H1N1,487,0.7146,0.7146
flu-seqneut-2026-CTS-048,A/Valencia/VAHNSI_09_02564/2025_H1N1,plate22-A/Valencia/VAHNSI_09_02564/2025_H1N1,1119,0.9896,0.9896
flu-seqneut-2026-CTS-048,A/Valencia/VAHNSI_09_02564/2025_H1N1,plate22-A/Valencia/VAHNSI_09_02564/2025_H1N1,2575,1.258,1
flu-seqneut-2026-CTS-048,A/Valencia/VAHNSI_09_02564/2025_H1N1,plate22-A/Valencia/VAHNSI_09_02564/2025_H1N1,1.362e+04,1.45,1
flu-seqneut-2026-CTS-048,A/Victoria/2948/2025_H3N2,plate22-A/Victoria/2948/2025_H3N2,40,0.01252,0.01252
flu-seqneut-2026-CTS-048,A/Victoria/2948/2025_H3N2,plate22-A/Victoria/2948/2025_H3N2,92,0.09164,0.09164
flu-seqneut-2026-CTS-048,A/Victoria/2948/2025_H3N2,plate22-A/Victoria/2948/2025_H3N2,212,0.1778,0.1778
flu-seqneut-2026-CTS-048,A/Victoria/2948/2025_H3N2,plate22-A/Victoria/2948/2025_H3N2,487,0.3112,0.3112
flu-seqneut-2026-CTS-048,A/Victoria/2948/2025_H3N2,plate22-A/Victoria/2948/2025_H3N2,1119,1.127,1
flu-seqneut-2026-CTS-048,A/Victoria/2948/2025_H3N2,plate22-A/Victoria/2948/2025_H3N2,2575,0.8511,0.8511
flu-seqneut-2026-CTS-048,A/Victoria/2948/2025_H3N2,plate22-A/Victoria/2948/2025_H3N2,1.362e+04,2.136,1
flu-seqneut-2026-CTS-048,A/Victoria/4897/2022_IVR-238_H1N1,plate22-A/Victoria/4897/2022_IVR-238_H1N1,40,0.01268,0.01268
flu-seqneut-2026-CTS-048,A/Victoria/4897/2022_IVR-238_H1N1,plate22-A/Victoria/4897/2022_IVR-238_H1N1,92,0.1682,0.1682
flu-seqneut-2026-CTS-048,A/Victoria/4897/2022_IVR-238_H1N1,plate22-A/Victoria/4897/2022_IVR-238_H1N1,212,0.2606,0.2606
flu-seqneut-2026-CTS-048,A/Victoria/4897/2022_IVR-238_H1N1,plate22-A/Victoria/4897/2022_IVR-238_H1N1,487,0.7207,0.7207
flu-seqneut-2026-CTS-048,A/Victoria/4897/2022_IVR-238_H1N1,plate22-A/Victoria/4897/2022_IVR-238_H1N1,1119,0.6349,0.6349
flu-seqneut-2026-CTS-048,A/Victoria/4897/2022_IVR-238_H1N1,plate22-A/Victoria/4897/2022_IVR-238_H1N1,2575,1.987,1
flu-seqneut-2026-CTS-048,A/Victoria/4897/2022_IVR-238_H1N1,plate22-A/Victoria/4897/2022_IVR-238_H1N1,1.362e+04,2.06,1
flu-seqneut-2026-CTS-048,A/Vietnam/F7324/2024_H3N2,plate22-A/Vietnam/F7324/2024_H3N2,40,0.008386,0.008386
flu-seqneut-2026-CTS-048,A/Vietnam/F7324/2024_H3N2,plate22-A/Vietnam/F7324/2024_H3N2,92,0.07891,0.07891
flu-seqneut-2026-CTS-048,A/Vietnam/F7324/2024_H3N2,plate22-A/Vietnam/F7324/2024_H3N2,212,0.2394,0.2394
flu-seqneut-2026-CTS-048,A/Vietnam/F7324/2024_H3N2,plate22-A/Vietnam/F7324/2024_H3N2,487,0.8036,0.8036
flu-seqneut-2026-CTS-048,A/Vietnam/F7324/2024_H3N2,plate22-A/Vietnam/F7324/2024_H3N2,1119,0.6562,0.6562
flu-seqneut-2026-CTS-048,A/Vietnam/F7324/2024_H3N2,plate22-A/Vietnam/F7324/2024_H3N2,2575,0.923,0.923
flu-seqneut-2026-CTS-048,A/Vietnam/F7324/2024_H3N2,plate22-A/Vietnam/F7324/2024_H3N2,1.362e+04,2.098,1
flu-seqneut-2026-CTS-048,A/Vietnam/PF125413/2025_H1N1,plate22-A/Vietnam/PF125413/2025_H1N1,40,0.01426,0.01426
flu-seqneut-2026-CTS-048,A/Vietnam/PF125413/2025_H1N1,plate22-A/Vietnam/PF125413/2025_H1N1,92,0.1722,0.1722
flu-seqneut-2026-CTS-048,A/Vietnam/PF125413/2025_H1N1,plate22-A/Vietnam/PF125413/2025_H1N1,212,0.2884,0.2884
flu-seqneut-2026-CTS-048,A/Vietnam/PF125413/2025_H1N1,plate22-A/Vietnam/PF125413/2025_H1N1,487,0.4289,0.4289
flu-seqneut-2026-CTS-048,A/Vietnam/PF125413/2025_H1N1,plate22-A/Vietnam/PF125413/2025_H1N1,1119,1.094,1
flu-seqneut-2026-CTS-048,A/Vietnam/PF125413/2025_H1N1,plate22-A/Vietnam/PF125413/2025_H1N1,2575,1.437,1
flu-seqneut-2026-CTS-048,A/Vietnam/PF125413/2025_H1N1,plate22-A/Vietnam/PF125413/2025_H1N1,1.362e+04,2.315,1
flu-seqneut-2026-CTS-048,A/Vietnam/PF126009/2026_H1N1,plate22-A/Vietnam/PF126009/2026_H1N1,40,0.0005782,0.0005782
flu-seqneut-2026-CTS-048,A/Vietnam/PF126009/2026_H1N1,plate22-A/Vietnam/PF126009/2026_H1N1,92,0.1224,0.1224
flu-seqneut-2026-CTS-048,A/Vietnam/PF126009/2026_H1N1,plate22-A/Vietnam/PF126009/2026_H1N1,212,0.3886,0.3886
flu-seqneut-2026-CTS-048,A/Vietnam/PF126009/2026_H1N1,plate22-A/Vietnam/PF126009/2026_H1N1,487,0.956,0.956
flu-seqneut-2026-CTS-048,A/Vietnam/PF126009/2026_H1N1,plate22-A/Vietnam/PF126009/2026_H1N1,1119,1.045,1
flu-seqneut-2026-CTS-048,A/Vietnam/PF126009/2026_H1N1,plate22-A/Vietnam/PF126009/2026_H1N1,2575,1.454,1
flu-seqneut-2026-CTS-048,A/Vietnam/PF126009/2026_H1N1,plate22-A/Vietnam/PF126009/2026_H1N1,1.362e+04,2.156,1
flu-seqneut-2026-CTS-048,A/Virginia/82/2025_H1N1,plate22-A/Virginia/82/2025_H1N1,40,0.03051,0.03051
flu-seqneut-2026-CTS-048,A/Virginia/82/2025_H1N1,plate22-A/Virginia/82/2025_H1N1,92,0.3872,0.3872
flu-seqneut-2026-CTS-048,A/Virginia/82/2025_H1N1,plate22-A/Virginia/82/2025_H1N1,212,0.3859,0.3859
flu-seqneut-2026-CTS-048,A/Virginia/82/2025_H1N1,plate22-A/Virginia/82/2025_H1N1,487,1.112,1
flu-seqneut-2026-CTS-048,A/Virginia/82/2025_H1N1,plate22-A/Virginia/82/2025_H1N1,1119,0.9539,0.9539
flu-seqneut-2026-CTS-048,A/Virginia/82/2025_H1N1,plate22-A/Virginia/82/2025_H1N1,2575,1.487,1
flu-seqneut-2026-CTS-048,A/Virginia/82/2025_H1N1,plate22-A/Virginia/82/2025_H1N1,1.362e+04,2.461,1
flu-seqneut-2026-CTS-048,A/Wisconsin/588/2019_H1N1,plate22-A/Wisconsin/588/2019_H1N1,40,0.004029,0.004029
flu-seqneut-2026-CTS-048,A/Wisconsin/588/2019_H1N1,plate22-A/Wisconsin/588/2019_H1N1,92,0.1134,0.1134
flu-seqneut-2026-CTS-048,A/Wisconsin/588/2019_H1N1,plate22-A/Wisconsin/588/2019_H1N1,212,0.1939,0.1939
flu-seqneut-2026-CTS-048,A/Wisconsin/588/2019_H1N1,plate22-A/Wisconsin/588/2019_H1N1,487,0.465,0.465
flu-seqneut-2026-CTS-048,A/Wisconsin/588/2019_H1N1,plate22-A/Wisconsin/588/2019_H1N1,1119,0.7228,0.7228
flu-seqneut-2026-CTS-048,A/Wisconsin/588/2019_H1N1,plate22-A/Wisconsin/588/2019_H1N1,2575,0.8962,0.8962
flu-seqneut-2026-CTS-048,A/Wisconsin/588/2019_H1N1,plate22-A/Wisconsin/588/2019_H1N1,5921,2.668,1
flu-seqneut-2026-CTS-048,A/Wisconsin/588/2019_H1N1,plate22-A/Wisconsin/588/2019_H1N1,1.362e+04,1.471,1
flu-seqneut-2026-CTS-048,A/Wisconsin/67/2022_H1N1,plate22-A/Wisconsin/67/2022_H1N1,40,0.01521,0.01521
flu-seqneut-2026-CTS-048,A/Wisconsin/67/2022_H1N1,plate22-A/Wisconsin/67/2022_H1N1,92,0.2311,0.2311
flu-seqneut-2026-CTS-048,A/Wisconsin/67/2022_H1N1,plate22-A/Wisconsin/67/2022_H1N1,212,0.2892,0.2892
flu-seqneut-2026-CTS-048,A/Wisconsin/67/2022_H1N1,plate22-A/Wisconsin/67/2022_H1N1,487,0.5551,0.5551
flu-seqneut-2026-CTS-048,A/Wisconsin/67/2022_H1N1,plate22-A/Wisconsin/67/2022_H1N1,1119,1.214,1
flu-seqneut-2026-CTS-048,A/Wisconsin/67/2022_H1N1,plate22-A/Wisconsin/67/2022_H1N1,2575,1.15,1
flu-seqneut-2026-CTS-048,A/Wisconsin/67/2022_H1N1,plate22-A/Wisconsin/67/2022_H1N1,1.362e+04,1.371,1
flu-seqneut-2026-CTS-048,A/Zacapa/FLU-012/2025_H1N1,plate22-A/Zacapa/FLU-012/2025_H1N1,40,0.02486,0.02486
flu-seqneut-2026-CTS-048,A/Zacapa/FLU-012/2025_H1N1,plate22-A/Zacapa/FLU-012/2025_H1N1,92,0.3952,0.3952
flu-seqneut-2026-CTS-048,A/Zacapa/FLU-012/2025_H1N1,plate22-A/Zacapa/FLU-012/2025_H1N1,212,0.2863,0.2863
flu-seqneut-2026-CTS-048,A/Zacapa/FLU-012/2025_H1N1,plate22-A/Zacapa/FLU-012/2025_H1N1,487,0.5225,0.5225
flu-seqneut-2026-CTS-048,A/Zacapa/FLU-012/2025_H1N1,plate22-A/Zacapa/FLU-012/2025_H1N1,1119,0.8355,0.8355
flu-seqneut-2026-CTS-048,A/Zacapa/FLU-012/2025_H1N1,plate22-A/Zacapa/FLU-012/2025_H1N1,2575,0.9963,0.9963
flu-seqneut-2026-CTS-048,A/Zacapa/FLU-012/2025_H1N1,plate22-A/Zacapa/FLU-012/2025_H1N1,1.362e+04,1.886,1
flu-seqneut-2026-CTS-048,A/Zambia/6-NIC-014/2026_H1N1,plate22-A/Zambia/6-NIC-014/2026_H1N1,40,0.005445,0.005445
flu-seqneut-2026-CTS-048,A/Zambia/6-NIC-014/2026_H1N1,plate22-A/Zambia/6-NIC-014/2026_H1N1,92,0.1436,0.1436
flu-seqneut-2026-CTS-048,A/Zambia/6-NIC-014/2026_H1N1,plate22-A/Zambia/6-NIC-014/2026_H1N1,212,0.4772,0.4772
flu-seqneut-2026-CTS-048,A/Zambia/6-NIC-014/2026_H1N1,plate22-A/Zambia/6-NIC-014/2026_H1N1,487,0.6718,0.6718
flu-seqneut-2026-CTS-048,A/Zambia/6-NIC-014/2026_H1N1,plate22-A/Zambia/6-NIC-014/2026_H1N1,1119,0.5998,0.5998
flu-seqneut-2026-CTS-048,A/Zambia/6-NIC-014/2026_H1N1,plate22-A/Zambia/6-NIC-014/2026_H1N1,2575,0.9677,0.9677
flu-seqneut-2026-CTS-048,A/Zambia/6-NIC-014/2026_H1N1,plate22-A/Zambia/6-NIC-014/2026_H1N1,1.362e+04,1.271,1
flu-seqneut-2026-CTS-048,A/Zambia/7-NIC-313/2026_H1N1,plate22-A/Zambia/7-NIC-313/2026_H1N1,40,0.02736,0.02736
flu-seqneut-2026-CTS-048,A/Zambia/7-NIC-313/2026_H1N1,plate22-A/Zambia/7-NIC-313/2026_H1N1,92,0.155,0.155
flu-seqneut-2026-CTS-048,A/Zambia/7-NIC-313/2026_H1N1,plate22-A/Zambia/7-NIC-313/2026_H1N1,212,0.1549,0.1549
flu-seqneut-2026-CTS-048,A/Zambia/7-NIC-313/2026_H1N1,plate22-A/Zambia/7-NIC-313/2026_H1N1,487,0.4393,0.4393
flu-seqneut-2026-CTS-048,A/Zambia/7-NIC-313/2026_H1N1,plate22-A/Zambia/7-NIC-313/2026_H1N1,1119,1.169,1
flu-seqneut-2026-CTS-048,A/Zambia/7-NIC-313/2026_H1N1,plate22-A/Zambia/7-NIC-313/2026_H1N1,2575,1.039,1
flu-seqneut-2026-CTS-048,A/Zambia/7-NIC-313/2026_H1N1,plate22-A/Zambia/7-NIC-313/2026_H1N1,1.362e+04,1.536,1
