group,plate,serum,virus,replicate,ic50,ic50_bound,midpoint,midpoint_bound,midpoint_bound_type,slope,top,bottom,r2,rmsd
human,plate11,flu-seqneut-2026-SCH-012,A/Andalucia/PMC-00977/2025_H1N1,plate11-A/Andalucia/PMC-00977/2025_H1N1,0.009547,interpolated,0.009547,0.009547,interpolated,8.68,1,0,0.9996,0.007286
human,plate11,flu-seqneut-2026-SCH-012,A/Andalucia/PMC-01217/2025_H1N1,plate11-A/Andalucia/PMC-01217/2025_H1N1,0.008288,interpolated,0.008288,0.008288,interpolated,4.52,1,0,1,0.0008903
human,plate11,flu-seqneut-2026-SCH-012,A/Andalucia/PMC-01495/2025_H1N1,plate11-A/Andalucia/PMC-01495/2025_H1N1,0.01081,interpolated,0.01085,0.01085,interpolated,2.843,0.9939,0,0.9911,0.03105
human,plate11,flu-seqneut-2026-SCH-012,A/Arizona/40/2026_H1N1,plate11-A/Arizona/40/2026_H1N1,0.009001,interpolated,0.009001,0.009001,interpolated,3.348,1,0,0.9997,0.006408
human,plate11,flu-seqneut-2026-SCH-012,A/Astrakhan/RII-MH273373S/2025_H3N2,plate11-A/Astrakhan/RII-MH273373S/2025_H3N2,0.0002149,interpolated,0.0002149,0.0002149,interpolated,3.067,1,0,0.9985,0.01403
human,plate11,flu-seqneut-2026-SCH-012,A/Asturias/232590913/2025_H1N1,plate11-A/Asturias/232590913/2025_H1N1,0.008863,interpolated,0.008863,0.008863,interpolated,5.683,1,0,0.9998,0.005411
human,plate11,flu-seqneut-2026-SCH-012,A/Badajoz/18738342/2026_H3N2,plate11-A/Badajoz/18738342/2026_H3N2,0.0002368,interpolated,0.0002368,0.0002368,interpolated,1.852,1,0,0.9585,0.07122
human,plate11,flu-seqneut-2026-SCH-012,A/Badajoz/18811358/2026_H3N2,plate11-A/Badajoz/18811358/2026_H3N2,0.0002988,interpolated,0.0002988,0.0002988,interpolated,1.754,1,0,0.9627,0.06938
human,plate11,flu-seqneut-2026-SCH-012,A/Badajoz/18813527/2026_H3N2,plate11-A/Badajoz/18813527/2026_H3N2,0.0003859,interpolated,0.0003859,0.0003859,interpolated,5.355,1,0,0.9999,0.004017
human,plate11,flu-seqneut-2026-SCH-012,A/Bangkok/P2390/2025_H3N2,plate11-A/Bangkok/P2390/2025_H3N2,0.0001822,interpolated,0.0001822,0.0001822,interpolated,2.565,1,0,0.9836,0.04322
human,plate11,flu-seqneut-2026-SCH-012,A/Bangkok/P2391/2025_H3N2,plate11-A/Bangkok/P2391/2025_H3N2,0.0002551,interpolated,0.0002551,0.0002551,interpolated,1.404,1,0,0.9161,0.09552
human,plate11,flu-seqneut-2026-SCH-012,A/Blaenavon/6687/2026_H3N2,plate11-A/Blaenavon/6687/2026_H3N2,0.0001027,interpolated,0.0001426,0.0001426,interpolated,2.704,0.7058,0,1,0.0002413
human,plate11,flu-seqneut-2026-SCH-012,A/Bolivia/OR5702/2025_H3N2,plate11-A/Bolivia/OR5702/2025_H3N2,0.000178,interpolated,0.000178,0.000178,interpolated,2.408,1,0,0.9975,0.01603
human,plate11,flu-seqneut-2026-SCH-012,A/BritishColumbia/RV00022-26/2025_H1N1,plate11-A/BritishColumbia/RV00022-26/2025_H1N1,0.00963,interpolated,0.00963,0.00963,interpolated,8.798,1,0,0.9998,0.005511
human,plate11,flu-seqneut-2026-SCH-012,A/BritishColumbia/RV00279-26/2025_H3N2,plate11-A/BritishColumbia/RV00279-26/2025_H3N2,0.0001512,interpolated,0.0001512,0.0001512,interpolated,2.254,1,0,0.989,0.03078
human,plate11,flu-seqneut-2026-SCH-012,A/BritishColumbia/RV01350-26/2026_H1N1,plate11-A/BritishColumbia/RV01350-26/2026_H1N1,0.006961,interpolated,0.006961,0.006961,interpolated,2.549,1,0,0.9976,0.01797
human,plate11,flu-seqneut-2026-SCH-012,A/BritishColumbia/RV05508-25/2025_H1N1,plate11-A/BritishColumbia/RV05508-25/2025_H1N1,0.01019,interpolated,0.01019,0.01019,interpolated,5.784,1,0,0.9993,0.009301
human,plate11,flu-seqneut-2026-SCH-012,A/California/GKISBBBH79910/2026_H3N2,plate11-A/California/GKISBBBH79910/2026_H3N2,0.0003684,interpolated,0.0003684,0.0003684,interpolated,3.429,1,0,0.9985,0.01598
human,plate11,flu-seqneut-2026-SCH-012,A/California/NIRC-IS-1019/2026_H1N1,plate11-A/California/NIRC-IS-1019/2026_H1N1,0.009131,interpolated,0.009131,0.009131,interpolated,6.405,1,0,0.9831,0.04589
human,plate11,flu-seqneut-2026-SCH-012,A/California/NIRC-IS-1059/2026_H3N2,plate11-A/California/NIRC-IS-1059/2026_H3N2,0.0002701,interpolated,0.0002701,0.0002701,interpolated,2.358,1,0,0.9976,0.01798
human,plate11,flu-seqneut-2026-SCH-012,A/California/NIRC-IS-1067/2026_H3N2,plate11-A/California/NIRC-IS-1067/2026_H3N2,0.0003654,interpolated,0.000372,0.000372,interpolated,10,0.9183,0,0.9986,0.01441
human,plate11,flu-seqneut-2026-SCH-012,A/California/NIRC-IS-1356/2025_H1N1,plate11-A/California/NIRC-IS-1356/2025_H1N1,0.01329,interpolated,0.01329,0.01329,interpolated,3.427,1,0,0.9995,0.006365
human,plate11,flu-seqneut-2026-SCH-012,A/Castellon/VAHNSI_02_02400/2025_H3N2,plate11-A/Castellon/VAHNSI_02_02400/2025_H3N2,0.000317,interpolated,0.000317,0.000317,interpolated,5.419,1,0,0.9995,0.009326
human,plate11,flu-seqneut-2026-SCH-012,A/Colombia/1851/2024_H3N2,plate11-A/Colombia/1851/2024_H3N2,0.0002137,interpolated,0.0002137,0.0002137,interpolated,1.666,1,0,0.9097,0.1024
human,plate11,flu-seqneut-2026-SCH-012,A/Colorado/218/2024_H1N1,plate11-A/Colorado/218/2024_H1N1,0.004182,interpolated,0.004271,0.004271,interpolated,4.682,0.9535,0,0.9526,0.08359
human,plate11,flu-seqneut-2026-SCH-012,A/Connecticut/5/2026_H3N2,plate11-A/Connecticut/5/2026_H3N2,0.0002891,interpolated,0.0002891,0.0002891,interpolated,2.196,1,0,0.9904,0.03625
human,plate11,flu-seqneut-2026-SCH-012,A/Croatia/10136RV/2023_H3N2,plate11-A/Croatia/10136RV/2023_H3N2,7.343e-05,upper,6.866e-06,7.343e-05,upper,0.8,0.6,0,0.4652,0.02254
human,plate11,flu-seqneut-2026-SCH-012,A/Darwin/1415/2025_H3N2,plate11-A/Darwin/1415/2025_H3N2,0.0002712,interpolated,0.0002712,0.0002712,interpolated,2.825,1,0,0.9988,0.01305
human,plate11,flu-seqneut-2026-SCH-012,A/Darwin/1454/2025_H3N2,plate11-A/Darwin/1454/2025_H3N2,0.0001174,interpolated,0.0001447,0.0001447,interpolated,4.862,0.681,0,1,0.0003977
human,plate11,flu-seqneut-2026-SCH-012,A/Denmark/3940/2025_H3N2,plate11-A/Denmark/3940/2025_H3N2,0.0003519,interpolated,0.0003519,0.0003519,interpolated,5.394,1,0,0.9977,0.01989
human,plate11,flu-seqneut-2026-SCH-012,A/Denmark/4547/2025_H1N1,plate11-A/Denmark/4547/2025_H1N1,0.009434,interpolated,0.009434,0.009434,interpolated,3.842,1,0,0.9995,0.007777
human,plate11,flu-seqneut-2026-SCH-012,A/District_Of_Columbia/27/2023_H3N2,plate11-A/District_Of_Columbia/27/2023_H3N2,7.343e-05,upper,5.75e-05,7.343e-05,upper,2.174,1,0,0.9988,0.004112
human,plate11,flu-seqneut-2026-SCH-012,A/Distrito_Federal/250106000728/2025_H3N2,plate11-A/Distrito_Federal/250106000728/2025_H3N2,0.0002289,interpolated,0.0002289,0.0002289,interpolated,1.988,1,0,0.974,0.05624
human,plate11,flu-seqneut-2026-SCH-012,A/England/1893256/2026_H1N1,plate11-A/England/1893256/2026_H1N1,0.008683,interpolated,0.008683,0.008683,interpolated,4.97,1,0,0.9992,0.01034
human,plate11,flu-seqneut-2026-SCH-012,A/Florida/ISC-1069/2026_H3N2,plate11-A/Florida/ISC-1069/2026_H3N2,0.0002266,interpolated,0.0002266,0.0002266,interpolated,2.733,1,0,0.9974,0.01855
human,plate11,flu-seqneut-2026-SCH-012,A/France/ARA-HCL025195259501/2025_H1N1,plate11-A/France/ARA-HCL025195259501/2025_H1N1,0.006362,interpolated,0.006362,0.006362,interpolated,2.637,1,0,0.9969,0.02121
human,plate11,flu-seqneut-2026-SCH-012,A/France/ARA-HCL026031894402/2026_H3N2,plate11-A/France/ARA-HCL026031894402/2026_H3N2,0.0002145,interpolated,0.0002363,0.0002363,interpolated,4.699,0.8171,0,0.9999,0.002918
human,plate11,flu-seqneut-2026-SCH-012,A/France/GES-IPP00659/2026_H1N1,plate11-A/France/GES-IPP00659/2026_H1N1,0.009834,interpolated,0.009834,0.009834,interpolated,2.699,1,0,0.9997,0.005293
human,plate11,flu-seqneut-2026-SCH-012,A/France/GES-IPP01077/2026_H3N2,plate11-A/France/GES-IPP01077/2026_H3N2,0.0003934,interpolated,0.0003999,0.0003999,interpolated,10,0.925,0,0.9907,0.03861
human,plate11,flu-seqneut-2026-SCH-012,A/France/HDF-IPP01550/2026_H3N2,plate11-A/France/HDF-IPP01550/2026_H3N2,0.0003542,interpolated,0.0003542,0.0003542,interpolated,1.794,1,0,0.9892,0.03861
human,plate11,flu-seqneut-2026-SCH-012,A/France/HDF-RELAB-IPP00300/2026_H3N2,plate11-A/France/HDF-RELAB-IPP00300/2026_H3N2,0.0002747,interpolated,0.0002747,0.0002747,interpolated,5.521,1,0,0.9999,0.003218
human,plate11,flu-seqneut-2026-SCH-012,A/France/HDF-RELAB-IPP00303/2026_H3N2,plate11-A/France/HDF-RELAB-IPP00303/2026_H3N2,0.0004172,interpolated,0.0004172,0.0004172,interpolated,3.55,1,0,0.9984,0.01676
human,plate11,flu-seqneut-2026-SCH-012,A/France/HDF-RELAB-IPP07969/2025_H1N1,plate11-A/France/HDF-RELAB-IPP07969/2025_H1N1,0.007469,interpolated,0.007645,0.007645,interpolated,1.796,0.9795,0,0.9469,0.07508
human,plate11,flu-seqneut-2026-SCH-012,A/France/NAQ-HCL026010957001/2026_H3N2,plate11-A/France/NAQ-HCL026010957001/2026_H3N2,0.0002814,interpolated,0.0003149,0.0003149,interpolated,2.815,0.8646,0,0.9997,0.005935
human,plate11,flu-seqneut-2026-SCH-012,A/France/NAQ-HCL026046169102/2025_H1N1,plate11-A/France/NAQ-HCL026046169102/2025_H1N1,0.00535,interpolated,0.005444,0.005444,interpolated,1.986,0.983,0,0.9858,0.04376
human,plate11,flu-seqneut-2026-SCH-012,A/France/OCC-HCL026013263701/2026_H3N2,plate11-A/France/OCC-HCL026013263701/2026_H3N2,0.0002194,interpolated,0.0003024,0.0003024,interpolated,2.775,0.7052,0,0.9996,0.005543
human,plate11,flu-seqneut-2026-SCH-012,A/France/PAC-RELAB-HCL026021993801/2026_H3N2,plate11-A/France/PAC-RELAB-HCL026021993801/2026_H3N2,0.0002345,interpolated,0.0002388,0.0002388,interpolated,3.231,0.9718,0,0.9999,0.003486
human,plate11,flu-seqneut-2026-SCH-012,A/Galicia/GA-CHUAC-451/2025_H3N2,plate11-A/Galicia/GA-CHUAC-451/2025_H3N2,8.763e-05,interpolated,0.0001108,0.0001108,interpolated,1.838,0.8249,0,0.9985,0.007381
human,plate11,flu-seqneut-2026-SCH-012,A/Galicia/GA-CHUAC-612/2025_H1N1,plate11-A/Galicia/GA-CHUAC-612/2025_H1N1,0.009694,interpolated,0.009694,0.009694,interpolated,7.945,1,0,0.9996,0.007065
human,plate11,flu-seqneut-2026-SCH-012,A/Germany/LRMC_0104/2025_H3N2,plate11-A/Germany/LRMC_0104/2025_H3N2,0.0003225,interpolated,0.0003225,0.0003225,interpolated,10,1,0,0.9999,0.004925
human,plate11,flu-seqneut-2026-SCH-012,A/Germany/LRMC_0113/2025_H3N2,plate11-A/Germany/LRMC_0113/2025_H3N2,0.0002727,interpolated,0.0002989,0.0002989,interpolated,2.202,0.9085,0,0.9897,0.03417
human,plate11,flu-seqneut-2026-SCH-012,A/Hawaii/70/2019_H1N1,plate11-A/Hawaii/70/2019_H1N1,0.005921,interpolated,0.005921,0.005921,interpolated,4.077,1,0,0.9999,0.004776
human,plate11,flu-seqneut-2026-SCH-012,A/Hawaii/ISC-1140/2025_H1N1,plate11-A/Hawaii/ISC-1140/2025_H1N1,0.004725,interpolated,0.004795,0.004795,interpolated,4.245,0.9696,0,0.9893,0.04171
human,plate11,flu-seqneut-2026-SCH-012,A/Hessen/18/2026_H1N1,plate11-A/Hessen/18/2026_H1N1,0.00878,interpolated,0.008796,0.008796,interpolated,5.865,0.9945,0,0.9992,0.01105
human,plate11,flu-seqneut-2026-SCH-012,A/Ireland/91576/2025_H3N2,plate11-A/Ireland/91576/2025_H3N2,0.0003559,interpolated,0.0003559,0.0003559,interpolated,7.341,1,0,0.9998,0.005509
human,plate11,flu-seqneut-2026-SCH-012,A/Kentucky/80/2025_H1N1,plate11-A/Kentucky/80/2025_H1N1,0.01017,interpolated,0.01017,0.01017,interpolated,2.055,1,0,0.9824,0.042
human,plate11,flu-seqneut-2026-SCH-012,A/Lisboa/216/2023_H3N2,plate11-A/Lisboa/216/2023_H3N2,7.343e-05,upper,1.548e-05,7.343e-05,upper,1.211,0.6,0,0.9483,0.006172
human,plate11,flu-seqneut-2026-SCH-012,A/Luxembourg/LNS9132577/2026_H3N2,plate11-A/Luxembourg/LNS9132577/2026_H3N2,0.0002483,interpolated,0.0002483,0.0002483,interpolated,3.198,1,0,0.9996,0.007987
human,plate11,flu-seqneut-2026-SCH-012,A/Maine/25/2026_H1N1,plate11-A/Maine/25/2026_H1N1,0.007862,interpolated,0.007862,0.007862,interpolated,3.121,1,0,0.9997,0.006572
human,plate11,flu-seqneut-2026-SCH-012,A/Malaysia/IMR/SARI/2406/2025_H3N2,plate11-A/Malaysia/IMR/SARI/2406/2025_H3N2,0.000817,interpolated,0.000817,0.000817,interpolated,4.747,1,0,0.9968,0.02558
human,plate11,flu-seqneut-2026-SCH-012,A/Massachusetts/18/2022_H3N2,plate11-A/Massachusetts/18/2022_H3N2,7.343e-05,upper,9.467e-05,9.467e-05,interpolated,2.334,0.6,0,0.9991,0.003735
human,plate11,flu-seqneut-2026-SCH-012,A/Massachusetts/ISC-1856/2025_H3N2,plate11-A/Massachusetts/ISC-1856/2025_H3N2,0.0003431,interpolated,0.0003698,0.0003698,interpolated,10,0.7364,0,0.9855,0.03782
human,plate11,flu-seqneut-2026-SCH-012,A/Mauritius/26000203/2026_H1N1,plate11-A/Mauritius/26000203/2026_H1N1,0.007093,interpolated,0.007093,0.007093,interpolated,2.77,1,0,0.9985,0.01466
human,plate11,flu-seqneut-2026-SCH-012,A/Michigan/8/2026_H3N2,plate11-A/Michigan/8/2026_H3N2,0.0002762,interpolated,0.0002762,0.0002762,interpolated,3.253,1,0,0.9992,0.0107
human,plate11,flu-seqneut-2026-SCH-012,A/Michigan/UM-10068071276/2025_H3N2,plate11-A/Michigan/UM-10068071276/2025_H3N2,0.0001627,interpolated,0.0002149,0.0002149,interpolated,5.783,0.6,0,0.9224,0.05574
human,plate11,flu-seqneut-2026-SCH-012,A/Michigan/UM-10068134090/2025_H3N2,plate11-A/Michigan/UM-10068134090/2025_H3N2,0.0001869,interpolated,0.0001869,0.0001869,interpolated,2.499,1,0,0.9841,0.04285
human,plate11,flu-seqneut-2026-SCH-012,A/Michigan/UM-10068449788/2025_H3N2,plate11-A/Michigan/UM-10068449788/2025_H3N2,0.0002412,interpolated,0.0002478,0.0002478,interpolated,4.275,0.946,0,1,0.0007299
human,plate11,flu-seqneut-2026-SCH-012,A/Michigan/UM-10068456988/2025_H3N2,plate11-A/Michigan/UM-10068456988/2025_H3N2,0.0003945,interpolated,0.000401,0.000401,interpolated,3.038,0.9759,0,0.9929,0.03352
human,plate11,flu-seqneut-2026-SCH-012,A/Michigan/UM-10068747355/2026_H3N2,plate11-A/Michigan/UM-10068747355/2026_H3N2,0.0002428,interpolated,0.0002547,0.0002547,interpolated,3.012,0.9325,0,0.9995,0.007566
human,plate11,flu-seqneut-2026-SCH-012,A/MinasGerais/410/2026_H1N1,plate11-A/MinasGerais/410/2026_H1N1,0.009172,interpolated,0.009172,0.009172,interpolated,10,1,0,1,0.000722
human,plate11,flu-seqneut-2026-SCH-012,A/MinasGerais/671/2026_H1N1,plate11-A/MinasGerais/671/2026_H1N1,0.006821,interpolated,0.006821,0.006821,interpolated,2.681,1,0,0.9983,0.01524
human,plate11,flu-seqneut-2026-SCH-012,A/Mississippi/20/2026_H1N1,plate11-A/Mississippi/20/2026_H1N1,0.007107,interpolated,0.007351,0.007351,interpolated,2.587,0.9583,0,0.9776,0.05292
human,plate11,flu-seqneut-2026-SCH-012,A/Missouri/11/2025_cell_H1N1,plate11-A/Missouri/11/2025_cell_H1N1,0.004179,interpolated,0.004179,0.004179,interpolated,1.828,1,0,0.989,0.04073
human,plate11,flu-seqneut-2026-SCH-012,A/Missouri/11/2025_egg_H1N1,plate11-A/Missouri/11/2025_egg_H1N1,0.0005792,interpolated,0.0005792,0.0005792,interpolated,2.105,1,0,0.9945,0.03079
human,plate11,flu-seqneut-2026-SCH-012,A/Missouri/NIRC-AV-1003/2025_H3N2,plate11-A/Missouri/NIRC-AV-1003/2025_H3N2,0.0003163,interpolated,0.0003431,0.0003431,interpolated,10,0.7213,0,0.9735,0.05032
human,plate11,flu-seqneut-2026-SCH-012,A/Montana/51/2025_H3N2,plate11-A/Montana/51/2025_H3N2,0.0003492,interpolated,0.0003492,0.0003492,interpolated,8.13,1,0,0.9998,0.005779
human,plate11,flu-seqneut-2026-SCH-012,A/NakhonPhanom/P495/2026_H3N2,plate11-A/NakhonPhanom/P495/2026_H3N2,0.0003736,interpolated,0.0004948,0.0004948,interpolated,4.381,0.646,0,0.975,0.04565
human,plate11,flu-seqneut-2026-SCH-012,A/Navarra/260009/2025_H3N2,plate11-A/Navarra/260009/2025_H3N2,0.0003459,interpolated,0.0003459,0.0003459,interpolated,10,1,0,1,0.002219
human,plate11,flu-seqneut-2026-SCH-012,A/Nebraska/34/2026_H1N1,plate11-A/Nebraska/34/2026_H1N1,0.005986,interpolated,0.005986,0.005986,interpolated,2.202,1,0,0.9877,0.0409
human,plate11,flu-seqneut-2026-SCH-012,A/Netherlands/10008/2026_H1N1,plate11-A/Netherlands/10008/2026_H1N1,0.006866,interpolated,0.006866,0.006866,interpolated,2.97,1,0,0.9992,0.01033
human,plate11,flu-seqneut-2026-SCH-012,A/Netherlands/2398/2025_H1N1,plate11-A/Netherlands/2398/2025_H1N1,0.008987,interpolated,0.008987,0.008987,interpolated,2.183,1,0,0.9964,0.01931
human,plate11,flu-seqneut-2026-SCH-012,A/Netherlands/543/2026_H1N1,plate11-A/Netherlands/543/2026_H1N1,0.005436,interpolated,0.005436,0.005436,interpolated,2.712,1,0,0.9942,0.02969
human,plate11,flu-seqneut-2026-SCH-012,A/Netherlands/864/2026_H1N1,plate11-A/Netherlands/864/2026_H1N1,0.008216,interpolated,0.008368,0.008368,interpolated,3.028,0.973,0,0.98,0.05026
human,plate11,flu-seqneut-2026-SCH-012,A/Netherlands/888/2026_H3N2,plate11-A/Netherlands/888/2026_H3N2,0.0004753,interpolated,0.0004753,0.0004753,interpolated,3.807,1,0,0.9997,0.007204
human,plate11,flu-seqneut-2026-SCH-012,A/Netherlands/968/2026_H3N2,plate11-A/Netherlands/968/2026_H3N2,0.0003396,interpolated,0.0003396,0.0003396,interpolated,6.245,1,0,0.9993,0.01134
human,plate11,flu-seqneut-2026-SCH-012,A/NewBrunswick/NBPHLFLUA10B-MM00057R/2026_H1N1,plate11-A/NewBrunswick/NBPHLFLUA10B-MM00057R/2026_H1N1,0.009159,interpolated,0.009159,0.009159,interpolated,4.269,1,0,0.9999,0.002596
human,plate11,flu-seqneut-2026-SCH-012,A/NewYork/NIRC-IS-1086/2026_H3N2,plate11-A/NewYork/NIRC-IS-1086/2026_H3N2,0.000187,interpolated,0.000187,0.000187,interpolated,2.724,1,0,0.9899,0.03451
human,plate11,flu-seqneut-2026-SCH-012,A/NordrheinWestfalen/54/2026_H3N2,plate11-A/NordrheinWestfalen/54/2026_H3N2,0.0004165,interpolated,0.0004368,0.0004368,interpolated,4.42,0.9053,0,0.9985,0.01509
human,plate11,flu-seqneut-2026-SCH-012,A/NordrheinWestfalen/96/2026_H1N1,plate11-A/NordrheinWestfalen/96/2026_H1N1,0.008161,interpolated,0.008161,0.008161,interpolated,4.125,1,0,1,0.001666
human,plate11,flu-seqneut-2026-SCH-012,A/Norway/9556/2025_H1N1,plate11-A/Norway/9556/2025_H1N1,0.009712,interpolated,0.009712,0.009712,interpolated,4.153,1,0,0.9985,0.01331
human,plate11,flu-seqneut-2026-SCH-012,A/NovaScotia/25-365-06099/2025_H3N2,plate11-A/NovaScotia/25-365-06099/2025_H3N2,0.0003409,interpolated,0.0003411,0.0003411,interpolated,2.995,0.999,0,0.9991,0.01199
human,plate11,flu-seqneut-2026-SCH-012,A/Ohio/259/2024_H1N1,plate11-A/Ohio/259/2024_H1N1,0.01356,interpolated,0.01356,0.01356,interpolated,3.997,1,0,0.9997,0.005263
human,plate11,flu-seqneut-2026-SCH-012,A/Ontario/PHL202550193/2025_H3N2,plate11-A/Ontario/PHL202550193/2025_H3N2,0.0004609,interpolated,0.000505,0.000505,interpolated,6.058,0.7874,0,0.9988,0.01228
human,plate11,flu-seqneut-2026-SCH-012,A/Oregon/81/2025_H3N2,plate11-A/Oregon/81/2025_H3N2,0.0002787,interpolated,0.0002897,0.0002897,interpolated,5.149,0.9098,0,0.9999,0.00317
human,plate11,flu-seqneut-2026-SCH-012,A/PaisVasco/70369726/2026_H1N1,plate11-A/PaisVasco/70369726/2026_H1N1,0.006483,interpolated,0.006529,0.006529,interpolated,4.045,0.9861,0,0.996,0.02475
human,plate11,flu-seqneut-2026-SCH-012,A/Parana/416133590/2026_H3N2,plate11-A/Parana/416133590/2026_H3N2,0.0008471,interpolated,0.0008615,0.0008615,interpolated,10,0.9226,0,0.9799,0.05987
human,plate11,flu-seqneut-2026-SCH-012,A/Peru/ANC-INS-062/2026_H3N2,plate11-A/Peru/ANC-INS-062/2026_H3N2,0.0001519,interpolated,0.0001519,0.0001519,interpolated,10,1,0,1,0.001966
human,plate11,flu-seqneut-2026-SCH-012,A/Rhode_Island/11/2026_H1N1,plate11-A/Rhode_Island/11/2026_H1N1,0.006165,interpolated,0.006165,0.006165,interpolated,2.879,1,0,0.9983,0.01587
human,plate11,flu-seqneut-2026-SCH-012,A/RiodeJaneiro/331/2026_H3N2,plate11-A/RiodeJaneiro/331/2026_H3N2,0.0005006,interpolated,0.000517,0.000517,interpolated,4.434,0.9331,0,0.993,0.03491
human,plate11,flu-seqneut-2026-SCH-012,A/Romania/612042/2026_H3N2,plate11-A/Romania/612042/2026_H3N2,0.0002738,interpolated,0.0002738,0.0002738,interpolated,2.412,1,0,0.9962,0.02274
human,plate11,flu-seqneut-2026-SCH-012,A/SantaCatarina/508/2026_H3N2,plate11-A/SantaCatarina/508/2026_H3N2,0.0002048,interpolated,0.0002048,0.0002048,interpolated,1.518,1,0,0.9402,0.07652
human,plate11,flu-seqneut-2026-SCH-012,A/Saskatchewan/SKFLU477299/2025_H3N2,plate11-A/Saskatchewan/SKFLU477299/2025_H3N2,0.0002999,interpolated,0.0002999,0.0002999,interpolated,3.55,1,0,0.9997,0.006508
human,plate11,flu-seqneut-2026-SCH-012,A/Saskatchewan/SKFLU477727/2025_H3N2,plate11-A/Saskatchewan/SKFLU477727/2025_H3N2,0.0003442,interpolated,0.0003696,0.0003696,interpolated,10,0.7454,0,0.9879,0.03424
human,plate11,flu-seqneut-2026-SCH-012,A/Saskatchewan/SKFLU490586/2026_H1N1,plate11-A/Saskatchewan/SKFLU490586/2026_H1N1,0.005627,interpolated,0.005745,0.005745,interpolated,2.406,0.9755,0,0.9881,0.04051
human,plate11,flu-seqneut-2026-SCH-012,A/Singapore/GP20238/2024_H3N2,plate11-A/Singapore/GP20238/2024_H3N2,8.037e-05,interpolated,0.0001102,0.0001102,interpolated,5.091,0.6,0,1,0.0005177
human,plate11,flu-seqneut-2026-SCH-012,A/Singapore/KK2768/2025_H1N1,plate11-A/Singapore/KK2768/2025_H1N1,0.008578,interpolated,0.008578,0.008578,interpolated,2.398,1,0,0.997,0.01878
human,plate11,flu-seqneut-2026-SCH-012,A/Singapore/MOH0547/2024_H1N1,plate11-A/Singapore/MOH0547/2024_H1N1,0.007003,interpolated,0.007003,0.007003,interpolated,3.042,1,0,0.997,0.02017
human,plate11,flu-seqneut-2026-SCH-012,A/Singapore/NTF0577/2025_H3N2,plate11-A/Singapore/NTF0577/2025_H3N2,0.0003338,interpolated,0.0003338,0.0003338,interpolated,3.751,1,0,1,0.001825
human,plate11,flu-seqneut-2026-SCH-012,A/Singapore/SAR8915/2025_H3N2,plate11-A/Singapore/SAR8915/2025_H3N2,0.0003578,interpolated,0.0003578,0.0003578,interpolated,7.547,1,0,0.9999,0.0044
human,plate11,flu-seqneut-2026-SCH-012,A/SouthAfrica/NHLS-SU-CERI-C075557/2026_H1N1,plate11-A/SouthAfrica/NHLS-SU-CERI-C075557/2026_H1N1,0.009783,interpolated,0.009783,0.009783,interpolated,9.163,1,0,0.9999,0.003025
human,plate11,flu-seqneut-2026-SCH-012,A/SouthAfrica/NICD-R01647/2026_H1N1,plate11-A/SouthAfrica/NICD-R01647/2026_H1N1,0.00604,interpolated,0.00604,0.00604,interpolated,3.007,1,0,0.9986,0.01463
human,plate11,flu-seqneut-2026-SCH-012,A/SouthAfrica/NICD-R01668/2026_H1N1,plate11-A/SouthAfrica/NICD-R01668/2026_H1N1,0.007928,interpolated,0.007928,0.007928,interpolated,3.515,1,0,0.9997,0.006193
human,plate11,flu-seqneut-2026-SCH-012,A/SouthAfrica/PATH-CERI-C073358/2025_H1N1,plate11-A/SouthAfrica/PATH-CERI-C073358/2025_H1N1,0.007457,interpolated,0.007457,0.007457,interpolated,3.861,1,0,1,0.002507
human,plate11,flu-seqneut-2026-SCH-012,A/SouthAfrica/PATH-CERI-C073366/2025_H1N1,plate11-A/SouthAfrica/PATH-CERI-C073366/2025_H1N1,0.00592,interpolated,0.00592,0.00592,interpolated,3.572,1,0,0.9994,0.009882
human,plate11,flu-seqneut-2026-SCH-012,A/SouthAfrica/PATH-CERI-C075119/2026_H1N1,plate11-A/SouthAfrica/PATH-CERI-C075119/2026_H1N1,0.00637,interpolated,0.00637,0.00637,interpolated,4.042,1,0,0.9999,0.004062
human,plate11,flu-seqneut-2026-SCH-012,A/SouthAustralia/2605715552/2026_H3N2,plate11-A/SouthAustralia/2605715552/2026_H3N2,0.0001983,interpolated,0.000301,0.000301,interpolated,1.889,0.7274,0,0.9992,0.007358
human,plate11,flu-seqneut-2026-SCH-012,A/SouthCarolina/USAFSAM-17046/2026_H3N2,plate11-A/SouthCarolina/USAFSAM-17046/2026_H3N2,0.0001781,interpolated,0.00022,0.00022,interpolated,2.035,0.8255,0,0.9955,0.01836
human,plate11,flu-seqneut-2026-SCH-012,A/South_Australia/2523812314/2025_H3N2,plate11-A/South_Australia/2523812314/2025_H3N2,0.0003173,interpolated,0.0003424,0.0003424,interpolated,10,0.7334,0,0.9998,0.00412
human,plate11,flu-seqneut-2026-SCH-012,A/South_Australia/2527213276/2025_H3N2,plate11-A/South_Australia/2527213276/2025_H3N2,0.0003839,interpolated,0.0003839,0.0003839,interpolated,10,1,0,1,0.0008575
human,plate11,flu-seqneut-2026-SCH-012,A/StPetersburg/RII-25-2042S/2025_H3N2,plate11-A/StPetersburg/RII-25-2042S/2025_H3N2,0.0004361,interpolated,0.0004561,0.0004561,interpolated,2.698,0.9429,0,0.9884,0.04212
human,plate11,flu-seqneut-2026-SCH-012,A/StPetersburg/RII-25-2321S/2025_H3N2,plate11-A/StPetersburg/RII-25-2321S/2025_H3N2,0.0003408,interpolated,0.0003512,0.0003512,interpolated,10,0.8699,0,0.9866,0.04257
human,plate11,flu-seqneut-2026-SCH-012,A/StPetersburg/RII-25-2506S/2026_H3N2,plate11-A/StPetersburg/RII-25-2506S/2026_H3N2,0.0005253,interpolated,0.000532,0.000532,interpolated,3.135,0.9805,0,0.9991,0.01258
human,plate11,flu-seqneut-2026-SCH-012,A/StPetersburg/RII-25-2600S/2026_H3N2,plate11-A/StPetersburg/RII-25-2600S/2026_H3N2,0.0005272,interpolated,0.0005805,0.0005805,interpolated,5.319,0.7995,0,0.929,0.1016
human,plate11,flu-seqneut-2026-SCH-012,A/Switzerland/UN-SNRCI-HUG-053/2025_H1N1,plate11-A/Switzerland/UN-SNRCI-HUG-053/2025_H1N1,0.01045,interpolated,0.01045,0.01045,interpolated,5.753,1,0,0.9996,0.006638
human,plate11,flu-seqneut-2026-SCH-012,A/Sydney/1359/2024_H3N2,plate11-A/Sydney/1359/2024_H3N2,0.0002066,interpolated,0.0002066,0.0002066,interpolated,3.209,1,0,0.9985,0.01408
human,plate11,flu-seqneut-2026-SCH-012,A/Sydney/50/2026_H1N1,plate11-A/Sydney/50/2026_H1N1,0.01152,interpolated,0.01152,0.01152,interpolated,1.709,1,0,0.9946,0.02034
human,plate11,flu-seqneut-2026-SCH-012,A/Texas/29/2026_H1N1,plate11-A/Texas/29/2026_H1N1,0.005737,interpolated,0.005787,0.005787,interpolated,2.641,0.9887,0,0.993,0.03209
human,plate11,flu-seqneut-2026-SCH-012,A/Thailand/8/2022_H3N2,plate11-A/Thailand/8/2022_H3N2,7.343e-05,upper,3.35e-05,7.343e-05,upper,2.486,1,0,0.9963,0.002428
human,plate11,flu-seqneut-2026-SCH-012,A/Thuringen/16/2026_H3N2,plate11-A/Thuringen/16/2026_H3N2,0.000324,interpolated,0.000324,0.000324,interpolated,3.621,1,0,1,0.002137
human,plate11,flu-seqneut-2026-SCH-012,A/Thuringen/39/2026_H3N2,plate11-A/Thuringen/39/2026_H3N2,0.000512,interpolated,0.0005326,0.0005326,interpolated,4.208,0.9235,0,0.9895,0.04186
human,plate11,flu-seqneut-2026-SCH-012,A/Tokyo/EIS11-277/2024_H1N1,plate11-A/Tokyo/EIS11-277/2024_H1N1,0.005637,interpolated,0.005637,0.005637,interpolated,2.76,1,0,0.9959,0.02488
human,plate11,flu-seqneut-2026-SCH-012,A/Trieste/257/2025_H3N2,plate11-A/Trieste/257/2025_H3N2,0.0003911,interpolated,0.0003913,0.0003913,interpolated,3.605,0.9994,0,1,0.002046
human,plate11,flu-seqneut-2026-SCH-012,A/Trieste/380/2026_H3N2,plate11-A/Trieste/380/2026_H3N2,0.0002505,interpolated,0.0002505,0.0002505,interpolated,1.859,1,0,0.9661,0.06502
human,plate11,flu-seqneut-2026-SCH-012,A/Ukraine/5214/2026_H1N1,plate11-A/Ukraine/5214/2026_H1N1,0.008028,interpolated,0.008028,0.008028,interpolated,5.291,1,0,0.9999,0.004785
human,plate11,flu-seqneut-2026-SCH-012,A/Uppsala/SE26-01293/2026_H1N1,plate11-A/Uppsala/SE26-01293/2026_H1N1,0.006741,interpolated,0.006893,0.006893,interpolated,3.905,0.9585,0,0.9868,0.0436
human,plate11,flu-seqneut-2026-SCH-012,A/Valencia/VAHNSI_09_02564/2025_H1N1,plate11-A/Valencia/VAHNSI_09_02564/2025_H1N1,0.007388,interpolated,0.007388,0.007388,interpolated,2.682,1,0,0.9984,0.01483
human,plate11,flu-seqneut-2026-SCH-012,A/Victoria/2948/2025_H3N2,plate11-A/Victoria/2948/2025_H3N2,0.0002821,interpolated,0.0002821,0.0002821,interpolated,4.92,1,0,0.9999,0.004574
human,plate11,flu-seqneut-2026-SCH-012,A/Victoria/4897/2022_IVR-238_H1N1,plate11-A/Victoria/4897/2022_IVR-238_H1N1,0.0008174,interpolated,0.0008174,0.0008174,interpolated,4.736,1,0,0.9969,0.0253
human,plate11,flu-seqneut-2026-SCH-012,A/Vietnam/F7324/2024_H3N2,plate11-A/Vietnam/F7324/2024_H3N2,7.343e-05,upper,0.0001028,0.0001028,interpolated,4.277,0.6,0,1,0.0007228
human,plate11,flu-seqneut-2026-SCH-012,A/Vietnam/PF125413/2025_H1N1,plate11-A/Vietnam/PF125413/2025_H1N1,0.009739,interpolated,0.009739,0.009739,interpolated,5.669,1,0,0.9968,0.02005
human,plate11,flu-seqneut-2026-SCH-012,A/Vietnam/PF126009/2026_H1N1,plate11-A/Vietnam/PF126009/2026_H1N1,0.008231,interpolated,0.008231,0.008231,interpolated,2.533,1,0,0.9953,0.02435
human,plate11,flu-seqneut-2026-SCH-012,A/Virginia/82/2025_H1N1,plate11-A/Virginia/82/2025_H1N1,0.00758,interpolated,0.00758,0.00758,interpolated,3.379,1,0,0.9999,0.004518
human,plate11,flu-seqneut-2026-SCH-012,A/Wisconsin/588/2019_H1N1,plate11-A/Wisconsin/588/2019_H1N1,0.004467,interpolated,0.004467,0.004467,interpolated,4.794,1,0,0.9985,0.01628
human,plate11,flu-seqneut-2026-SCH-012,A/Wisconsin/67/2022_H1N1,plate11-A/Wisconsin/67/2022_H1N1,0.007789,interpolated,0.007824,0.007824,interpolated,7.484,0.9839,0,0.996,0.02584
human,plate11,flu-seqneut-2026-SCH-012,A/Zacapa/FLU-012/2025_H1N1,plate11-A/Zacapa/FLU-012/2025_H1N1,0.006517,interpolated,0.006544,0.006544,interpolated,2.353,0.9952,0,0.9973,0.01886
human,plate11,flu-seqneut-2026-SCH-012,A/Zambia/6-NIC-014/2026_H1N1,plate11-A/Zambia/6-NIC-014/2026_H1N1,0.00959,interpolated,0.00959,0.00959,interpolated,8.668,1,0,0.9997,0.006528
human,plate11,flu-seqneut-2026-SCH-012,A/Zambia/7-NIC-313/2026_H1N1,plate11-A/Zambia/7-NIC-313/2026_H1N1,0.006038,interpolated,0.0062,0.0062,interpolated,4.122,0.9483,0,0.9764,0.05914
human,plate11,flu-seqneut-2026-SCH-012,A/Denmark/4774/2025_H1N1,plate11-A/Denmark/4774/2025_H1N1,0.01954,interpolated,0.01954,0.01954,interpolated,10,1,0,1,0.001072
human,plate11,flu-seqneut-2026-SCH-013,A/Andalucia/PMC-00977/2025_H1N1,plate11-A/Andalucia/PMC-00977/2025_H1N1,0.00532,interpolated,0.00546,0.00546,interpolated,1.758,0.9778,0,0.9568,0.07666
human,plate11,flu-seqneut-2026-SCH-013,A/Andalucia/PMC-01217/2025_H1N1,plate11-A/Andalucia/PMC-01217/2025_H1N1,0.002345,interpolated,0.002364,0.002364,interpolated,1.989,0.992,0,0.9588,0.08325
human,plate11,flu-seqneut-2026-SCH-013,A/Andalucia/PMC-01495/2025_H1N1,plate11-A/Andalucia/PMC-01495/2025_H1N1,0.004545,interpolated,0.004706,0.004706,interpolated,2.345,0.961,0,0.979,0.0559
human,plate11,flu-seqneut-2026-SCH-013,A/Arizona/40/2026_H1N1,plate11-A/Arizona/40/2026_H1N1,0.002219,interpolated,0.002219,0.002219,interpolated,2.223,1,0,0.9755,0.06696
human,plate11,flu-seqneut-2026-SCH-013,A/Astrakhan/RII-MH273373S/2025_H3N2,plate11-A/Astrakhan/RII-MH273373S/2025_H3N2,0.003241,interpolated,0.003241,0.003241,interpolated,1.239,1,0,0.9174,0.103
human,plate11,flu-seqneut-2026-SCH-013,A/Asturias/232590913/2025_H1N1,plate11-A/Asturias/232590913/2025_H1N1,0.003919,interpolated,0.004042,0.004042,interpolated,2.183,0.9675,0,0.9934,0.03165
human,plate11,flu-seqneut-2026-SCH-013,A/Badajoz/18738342/2026_H3N2,plate11-A/Badajoz/18738342/2026_H3N2,0.02116,interpolated,0.02174,0.02174,interpolated,9.146,0.8894,0,0.7263,0.1411
human,plate11,flu-seqneut-2026-SCH-013,A/Badajoz/18811358/2026_H3N2,plate11-A/Badajoz/18811358/2026_H3N2,0.005874,interpolated,0.006649,0.006649,interpolated,2.469,0.8682,0,0.8351,0.1433
human,plate11,flu-seqneut-2026-SCH-013,A/Badajoz/18813527/2026_H3N2,plate11-A/Badajoz/18813527/2026_H3N2,0.003643,interpolated,0.003643,0.003643,interpolated,0.9208,1,0,0.9152,0.08935
human,plate11,flu-seqneut-2026-SCH-013,A/Bangkok/P2390/2025_H3N2,plate11-A/Bangkok/P2390/2025_H3N2,0.008955,interpolated,0.01041,0.01041,interpolated,0.8,0.9434,0,0.5637,0.1671
human,plate11,flu-seqneut-2026-SCH-013,A/Bangkok/P2391/2025_H3N2,plate11-A/Bangkok/P2391/2025_H3N2,0.003816,interpolated,0.004168,0.004168,interpolated,0.8,0.9659,0,0.8175,0.1251
human,plate11,flu-seqneut-2026-SCH-013,A/Blaenavon/6687/2026_H3N2,plate11-A/Blaenavon/6687/2026_H3N2,0.01363,interpolated,0.01701,0.01701,interpolated,0.8,0.9187,0,0.6131,0.1223
human,plate11,flu-seqneut-2026-SCH-013,A/Bolivia/OR5702/2025_H3N2,plate11-A/Bolivia/OR5702/2025_H3N2,0.005677,interpolated,0.007102,0.007102,interpolated,0.8,0.918,0,0.7423,0.1139
human,plate11,flu-seqneut-2026-SCH-013,A/BritishColumbia/RV00022-26/2025_H1N1,plate11-A/BritishColumbia/RV00022-26/2025_H1N1,0.003455,interpolated,0.003475,0.003475,interpolated,1.703,0.9951,0,0.9765,0.05915
human,plate11,flu-seqneut-2026-SCH-013,A/BritishColumbia/RV00279-26/2025_H3N2,plate11-A/BritishColumbia/RV00279-26/2025_H3N2,0.009344,interpolated,0.00988,0.00988,interpolated,10,0.7862,0,0.8474,0.1118
human,plate11,flu-seqneut-2026-SCH-013,A/BritishColumbia/RV01350-26/2026_H1N1,plate11-A/BritishColumbia/RV01350-26/2026_H1N1,0.002798,interpolated,0.002939,0.002939,interpolated,1.542,0.9634,0,0.9841,0.04657
human,plate11,flu-seqneut-2026-SCH-013,A/BritishColumbia/RV05508-25/2025_H1N1,plate11-A/BritishColumbia/RV05508-25/2025_H1N1,0.002402,interpolated,0.002417,0.002417,interpolated,2.384,0.9926,0,0.9837,0.05385
human,plate11,flu-seqneut-2026-SCH-013,A/California/GKISBBBH79910/2026_H3N2,plate11-A/California/GKISBBBH79910/2026_H3N2,0.00444,interpolated,0.00444,0.00444,interpolated,1.314,1,0,0.9374,0.08582
human,plate11,flu-seqneut-2026-SCH-013,A/California/NIRC-IS-1019/2026_H1N1,plate11-A/California/NIRC-IS-1019/2026_H1N1,0.00205,interpolated,0.002091,0.002091,interpolated,2.324,0.9776,0,0.9822,0.05524
human,plate11,flu-seqneut-2026-SCH-013,A/California/NIRC-IS-1059/2026_H3N2,plate11-A/California/NIRC-IS-1059/2026_H3N2,0.005342,interpolated,0.008173,0.008173,interpolated,0.8,0.8558,0,0.8244,0.09296
human,plate11,flu-seqneut-2026-SCH-013,A/California/NIRC-IS-1067/2026_H3N2,plate11-A/California/NIRC-IS-1067/2026_H3N2,0.002997,interpolated,0.002997,0.002997,interpolated,0.9914,1,0,0.9498,0.07417
human,plate11,flu-seqneut-2026-SCH-013,A/California/NIRC-IS-1356/2025_H1N1,plate11-A/California/NIRC-IS-1356/2025_H1N1,0.002838,interpolated,0.002838,0.002838,interpolated,2.046,1,0,0.9882,0.04499
human,plate11,flu-seqneut-2026-SCH-013,A/Castellon/VAHNSI_02_02400/2025_H3N2,plate11-A/Castellon/VAHNSI_02_02400/2025_H3N2,0.002298,interpolated,0.002376,0.002376,interpolated,0.8,0.9869,0,0.9434,0.06961
human,plate11,flu-seqneut-2026-SCH-013,A/Colombia/1851/2024_H3N2,plate11-A/Colombia/1851/2024_H3N2,0.005012,interpolated,0.005868,0.005868,interpolated,1.135,0.9181,0,0.864,0.112
human,plate11,flu-seqneut-2026-SCH-013,A/Colorado/218/2024_H1N1,plate11-A/Colorado/218/2024_H1N1,0.001302,interpolated,0.001302,0.001302,interpolated,1.333,1,0,0.9283,0.1074
human,plate11,flu-seqneut-2026-SCH-013,A/Connecticut/5/2026_H3N2,plate11-A/Connecticut/5/2026_H3N2,0.00572,interpolated,0.00572,0.00572,interpolated,0.9044,1,0,0.8464,0.1192
human,plate11,flu-seqneut-2026-SCH-013,A/Croatia/10136RV/2023_H3N2,plate11-A/Croatia/10136RV/2023_H3N2,0.01915,interpolated,0.01915,0.01915,interpolated,1.146,1,0,0.9482,0.04527
human,plate11,flu-seqneut-2026-SCH-013,A/Darwin/1415/2025_H3N2,plate11-A/Darwin/1415/2025_H3N2,0.003486,interpolated,0.00394,0.00394,interpolated,1.043,0.9401,0,0.8441,0.1172
human,plate11,flu-seqneut-2026-SCH-013,A/Darwin/1454/2025_H3N2,plate11-A/Darwin/1454/2025_H3N2,0.002857,interpolated,0.002857,0.002857,interpolated,0.9623,1,0,0.9596,0.06596
human,plate11,flu-seqneut-2026-SCH-013,A/Denmark/3940/2025_H3N2,plate11-A/Denmark/3940/2025_H3N2,0.004318,interpolated,0.004439,0.004439,interpolated,0.8,0.9891,0,0.7244,0.1454
human,plate11,flu-seqneut-2026-SCH-013,A/Denmark/4547/2025_H1N1,plate11-A/Denmark/4547/2025_H1N1,0.002832,interpolated,0.002832,0.002832,interpolated,1.724,1,0,0.9752,0.0628
human,plate11,flu-seqneut-2026-SCH-013,A/Denmark/4774/2025_H1N1,plate11-A/Denmark/4774/2025_H1N1,0.002443,interpolated,0.002443,0.002443,interpolated,2.118,1,0,0.9756,0.06454
human,plate11,flu-seqneut-2026-SCH-013,A/District_Of_Columbia/27/2023_H3N2,plate11-A/District_Of_Columbia/27/2023_H3N2,0.002634,interpolated,0.004631,0.004631,interpolated,0.8,0.8184,0,0.8821,0.0822
human,plate11,flu-seqneut-2026-SCH-013,A/Distrito_Federal/250106000728/2025_H3N2,plate11-A/Distrito_Federal/250106000728/2025_H3N2,0.004519,interpolated,0.004519,0.004519,interpolated,0.9278,1,0,0.9141,0.09089
human,plate11,flu-seqneut-2026-SCH-013,A/England/1893256/2026_H1N1,plate11-A/England/1893256/2026_H1N1,0.002816,interpolated,0.002816,0.002816,interpolated,1.75,1,0,0.9676,0.07345
human,plate11,flu-seqneut-2026-SCH-013,A/Florida/ISC-1069/2026_H3N2,plate11-A/Florida/ISC-1069/2026_H3N2,0.006254,interpolated,0.006254,0.006254,interpolated,1.036,1,0,0.9661,0.05441
human,plate11,flu-seqneut-2026-SCH-013,A/France/ARA-HCL025195259501/2025_H1N1,plate11-A/France/ARA-HCL025195259501/2025_H1N1,0.004229,interpolated,0.004229,0.004229,interpolated,2.506,1,0,0.9987,0.01432
human,plate11,flu-seqneut-2026-SCH-013,A/France/ARA-HCL026031894402/2026_H3N2,plate11-A/France/ARA-HCL026031894402/2026_H3N2,0.006231,interpolated,0.01162,0.01162,interpolated,0.8,0.8037,0,0.6496,0.1291
human,plate11,flu-seqneut-2026-SCH-013,A/France/GES-IPP00659/2026_H1N1,plate11-A/France/GES-IPP00659/2026_H1N1,0.002951,interpolated,0.003204,0.003204,interpolated,2.244,0.9155,0,0.9603,0.07531
human,plate11,flu-seqneut-2026-SCH-013,A/France/GES-IPP01077/2026_H3N2,plate11-A/France/GES-IPP01077/2026_H3N2,0.009361,interpolated,0.009361,0.009361,interpolated,0.8,1,0,0.8513,0.09919
human,plate11,flu-seqneut-2026-SCH-013,A/France/HDF-IPP01550/2026_H3N2,plate11-A/France/HDF-IPP01550/2026_H3N2,0.009499,interpolated,0.009499,0.009499,interpolated,0.8871,1,0,0.7961,0.1267
human,plate11,flu-seqneut-2026-SCH-013,A/France/HDF-RELAB-IPP00300/2026_H3N2,plate11-A/France/HDF-RELAB-IPP00300/2026_H3N2,0.01156,interpolated,0.01259,0.01259,interpolated,2.077,0.9189,0,0.7464,0.1383
human,plate11,flu-seqneut-2026-SCH-013,A/France/HDF-RELAB-IPP00303/2026_H3N2,plate11-A/France/HDF-RELAB-IPP00303/2026_H3N2,0.008288,interpolated,0.00931,0.00931,interpolated,1.327,0.9285,0,0.8912,0.09036
human,plate11,flu-seqneut-2026-SCH-013,A/France/HDF-RELAB-IPP07969/2025_H1N1,plate11-A/France/HDF-RELAB-IPP07969/2025_H1N1,0.003645,interpolated,0.004266,0.004266,interpolated,1.727,0.8811,0,0.9157,0.1025
human,plate11,flu-seqneut-2026-SCH-013,A/France/NAQ-HCL026010957001/2026_H3N2,plate11-A/France/NAQ-HCL026010957001/2026_H3N2,0.009907,interpolated,0.01,0.01,interpolated,10,0.9557,0,0.9126,0.09427
human,plate11,flu-seqneut-2026-SCH-013,A/France/NAQ-HCL026046169102/2025_H1N1,plate11-A/France/NAQ-HCL026046169102/2025_H1N1,0.00529,interpolated,0.007257,0.007257,interpolated,3.946,0.6436,0,0.86,0.1017
human,plate11,flu-seqneut-2026-SCH-013,A/France/OCC-HCL026013263701/2026_H3N2,plate11-A/France/OCC-HCL026013263701/2026_H3N2,0.001093,interpolated,0.001298,0.001298,interpolated,0.8,0.9357,0,0.8127,0.1212
human,plate11,flu-seqneut-2026-SCH-013,A/France/PAC-RELAB-HCL026021993801/2026_H3N2,plate11-A/France/PAC-RELAB-HCL026021993801/2026_H3N2,0.005404,interpolated,0.005404,0.005404,interpolated,0.8801,1,0,0.9033,0.09308
human,plate11,flu-seqneut-2026-SCH-013,A/Galicia/GA-CHUAC-451/2025_H3N2,plate11-A/Galicia/GA-CHUAC-451/2025_H3N2,0.00825,interpolated,0.00825,0.00825,interpolated,1.262,1,0,0.9007,0.09506
human,plate11,flu-seqneut-2026-SCH-013,A/Galicia/GA-CHUAC-612/2025_H1N1,plate11-A/Galicia/GA-CHUAC-612/2025_H1N1,0.0083,interpolated,0.008468,0.008468,interpolated,1.321,0.9869,0,0.7203,0.1762
human,plate11,flu-seqneut-2026-SCH-013,A/Germany/LRMC_0104/2025_H3N2,plate11-A/Germany/LRMC_0104/2025_H3N2,0.00854,interpolated,0.01049,0.01049,interpolated,1.211,0.8897,0,0.8504,0.09926
human,plate11,flu-seqneut-2026-SCH-013,A/Germany/LRMC_0113/2025_H3N2,plate11-A/Germany/LRMC_0113/2025_H3N2,0.005262,interpolated,0.005262,0.005262,interpolated,0.9638,1,0,0.9614,0.05928
human,plate11,flu-seqneut-2026-SCH-013,A/Hawaii/70/2019_H1N1,plate11-A/Hawaii/70/2019_H1N1,0.001328,interpolated,0.001328,0.001328,interpolated,3.031,1,0,0.9994,0.01067
human,plate11,flu-seqneut-2026-SCH-013,A/Hawaii/ISC-1140/2025_H1N1,plate11-A/Hawaii/ISC-1140/2025_H1N1,0.002422,interpolated,0.002958,0.002958,interpolated,2.346,0.8129,0,0.9164,0.1018
human,plate11,flu-seqneut-2026-SCH-013,A/Hessen/18/2026_H1N1,plate11-A/Hessen/18/2026_H1N1,0.004126,interpolated,0.004449,0.004449,interpolated,3.346,0.8886,0,0.9456,0.08769
human,plate11,flu-seqneut-2026-SCH-013,A/Ireland/91576/2025_H3N2,plate11-A/Ireland/91576/2025_H3N2,0.009609,interpolated,0.01013,0.01013,interpolated,1.14,0.9708,0,0.9566,0.05399
human,plate11,flu-seqneut-2026-SCH-013,A/Kentucky/80/2025_H1N1,plate11-A/Kentucky/80/2025_H1N1,0.00264,interpolated,0.00264,0.00264,interpolated,1.378,1,0,0.9637,0.07308
human,plate11,flu-seqneut-2026-SCH-013,A/Lisboa/216/2023_H3N2,plate11-A/Lisboa/216/2023_H3N2,0.009422,interpolated,0.01236,0.01236,interpolated,1.368,0.845,0,0.6102,0.1768
human,plate11,flu-seqneut-2026-SCH-013,A/Luxembourg/LNS9132577/2026_H3N2,plate11-A/Luxembourg/LNS9132577/2026_H3N2,0.005167,interpolated,0.005167,0.005167,interpolated,0.8499,1,0,0.9256,0.08022
human,plate11,flu-seqneut-2026-SCH-013,A/Maine/25/2026_H1N1,plate11-A/Maine/25/2026_H1N1,0.00343,interpolated,0.00343,0.00343,interpolated,1.741,1,0,0.9977,0.01846
human,plate11,flu-seqneut-2026-SCH-013,A/Malaysia/IMR/SARI/2406/2025_H3N2,plate11-A/Malaysia/IMR/SARI/2406/2025_H3N2,0.003789,interpolated,0.003838,0.003838,interpolated,1.03,0.9934,0,0.9585,0.06443
human,plate11,flu-seqneut-2026-SCH-013,A/Massachusetts/18/2022_H3N2,plate11-A/Massachusetts/18/2022_H3N2,0.005987,interpolated,0.005987,0.005987,interpolated,1.067,1,0,0.9437,0.07349
human,plate11,flu-seqneut-2026-SCH-013,A/Massachusetts/ISC-1856/2025_H3N2,plate11-A/Massachusetts/ISC-1856/2025_H3N2,0.002909,interpolated,0.003573,0.003573,interpolated,0.8,0.9242,0,0.7091,0.1575
human,plate11,flu-seqneut-2026-SCH-013,A/Mauritius/26000203/2026_H1N1,plate11-A/Mauritius/26000203/2026_H1N1,0.003525,interpolated,0.003625,0.003625,interpolated,2.336,0.9684,0,0.9819,0.05453
human,plate11,flu-seqneut-2026-SCH-013,A/Michigan/8/2026_H3N2,plate11-A/Michigan/8/2026_H3N2,0.005982,interpolated,0.00606,0.00606,interpolated,0.986,0.9937,0,0.9186,0.08137
human,plate11,flu-seqneut-2026-SCH-013,A/Michigan/UM-10068071276/2025_H3N2,plate11-A/Michigan/UM-10068071276/2025_H3N2,0.002735,interpolated,0.002735,0.002735,interpolated,0.8,1,0,0.9168,0.08558
human,plate11,flu-seqneut-2026-SCH-013,A/Michigan/UM-10068134090/2025_H3N2,plate11-A/Michigan/UM-10068134090/2025_H3N2,0.004306,interpolated,0.004306,0.004306,interpolated,0.8087,1,0,0.9098,0.08733
human,plate11,flu-seqneut-2026-SCH-013,A/Michigan/UM-10068449788/2025_H3N2,plate11-A/Michigan/UM-10068449788/2025_H3N2,0.004905,interpolated,0.004905,0.004905,interpolated,1.014,1,0,0.9512,0.06535
human,plate11,flu-seqneut-2026-SCH-013,A/Michigan/UM-10068456988/2025_H3N2,plate11-A/Michigan/UM-10068456988/2025_H3N2,0.01121,interpolated,0.01233,0.01233,interpolated,0.8608,0.9606,0,0.7846,0.1111
human,plate11,flu-seqneut-2026-SCH-013,A/Michigan/UM-10068747355/2026_H3N2,plate11-A/Michigan/UM-10068747355/2026_H3N2,0.01049,interpolated,0.0108,0.0108,interpolated,10,0.8736,0,0.8159,0.1263
human,plate11,flu-seqneut-2026-SCH-013,A/MinasGerais/410/2026_H1N1,plate11-A/MinasGerais/410/2026_H1N1,0.004256,interpolated,0.004256,0.004256,interpolated,5.271,1,0,0.9971,0.02294
human,plate11,flu-seqneut-2026-SCH-013,A/MinasGerais/671/2026_H1N1,plate11-A/MinasGerais/671/2026_H1N1,0.003766,interpolated,0.003766,0.003766,interpolated,1.472,1,0,0.953,0.08257
human,plate11,flu-seqneut-2026-SCH-013,A/Mississippi/20/2026_H1N1,plate11-A/Mississippi/20/2026_H1N1,0.00573,interpolated,0.006028,0.006028,interpolated,1.646,0.96,0,0.9258,0.09703
human,plate11,flu-seqneut-2026-SCH-013,A/Missouri/11/2025_cell_H1N1,plate11-A/Missouri/11/2025_cell_H1N1,0.001266,interpolated,0.001266,0.001266,interpolated,1.931,1,0,0.999,0.01304
human,plate11,flu-seqneut-2026-SCH-013,A/Missouri/11/2025_egg_H1N1,plate11-A/Missouri/11/2025_egg_H1N1,0.000838,interpolated,0.000838,0.000838,interpolated,3.847,1,0,0.9999,0.004924
human,plate11,flu-seqneut-2026-SCH-013,A/Missouri/NIRC-AV-1003/2025_H3N2,plate11-A/Missouri/NIRC-AV-1003/2025_H3N2,0.008625,interpolated,0.008625,0.008625,interpolated,0.8,1,0,0.8552,0.0995
human,plate11,flu-seqneut-2026-SCH-013,A/Montana/51/2025_H3N2,plate11-A/Montana/51/2025_H3N2,0.00385,interpolated,0.003864,0.003864,interpolated,1.342,0.9975,0,0.9468,0.08243
human,plate11,flu-seqneut-2026-SCH-013,A/NakhonPhanom/P495/2026_H3N2,plate11-A/NakhonPhanom/P495/2026_H3N2,0.01069,interpolated,0.01251,0.01251,interpolated,2.672,0.8292,0,0.896,0.08675
human,plate11,flu-seqneut-2026-SCH-013,A/Navarra/260009/2025_H3N2,plate11-A/Navarra/260009/2025_H3N2,0.007623,interpolated,0.007676,0.007676,interpolated,1.188,0.996,0,0.8945,0.1009
human,plate11,flu-seqneut-2026-SCH-013,A/Nebraska/34/2026_H1N1,plate11-A/Nebraska/34/2026_H1N1,0.004319,interpolated,0.004623,0.004623,interpolated,2.053,0.9348,0,0.9337,0.09799
human,plate11,flu-seqneut-2026-SCH-013,A/Netherlands/10008/2026_H1N1,plate11-A/Netherlands/10008/2026_H1N1,0.004768,interpolated,0.004768,0.004768,interpolated,2.552,1,0,0.9766,0.06029
human,plate11,flu-seqneut-2026-SCH-013,A/Netherlands/2398/2025_H1N1,plate11-A/Netherlands/2398/2025_H1N1,0.00404,interpolated,0.00404,0.00404,interpolated,1.39,1,0,0.9254,0.102
human,plate11,flu-seqneut-2026-SCH-013,A/Netherlands/543/2026_H1N1,plate11-A/Netherlands/543/2026_H1N1,0.007503,interpolated,0.00768,0.00768,interpolated,3.225,0.9639,0,0.9804,0.04817
human,plate11,flu-seqneut-2026-SCH-013,A/Netherlands/864/2026_H1N1,plate11-A/Netherlands/864/2026_H1N1,0.003254,interpolated,0.003254,0.003254,interpolated,1.301,1,0,0.8773,0.1361
human,plate11,flu-seqneut-2026-SCH-013,A/Netherlands/888/2026_H3N2,plate11-A/Netherlands/888/2026_H3N2,0.02281,interpolated,0.02281,0.02281,interpolated,0.994,1,0,0.8537,0.07422
human,plate11,flu-seqneut-2026-SCH-013,A/Netherlands/968/2026_H3N2,plate11-A/Netherlands/968/2026_H3N2,0.004145,interpolated,0.004145,0.004145,interpolated,0.9448,1,0,0.937,0.08062
human,plate11,flu-seqneut-2026-SCH-013,A/NewBrunswick/NBPHLFLUA10B-MM00057R/2026_H1N1,plate11-A/NewBrunswick/NBPHLFLUA10B-MM00057R/2026_H1N1,0.007971,interpolated,0.007977,0.007977,interpolated,5.697,0.9977,0,0.9992,0.01119
human,plate11,flu-seqneut-2026-SCH-013,A/NewYork/NIRC-IS-1086/2026_H3N2,plate11-A/NewYork/NIRC-IS-1086/2026_H3N2,0.004632,interpolated,0.009291,0.009291,interpolated,2.013,0.6231,0,0.9447,0.04703
human,plate11,flu-seqneut-2026-SCH-013,A/NordrheinWestfalen/54/2026_H3N2,plate11-A/NordrheinWestfalen/54/2026_H3N2,0.004462,interpolated,0.004462,0.004462,interpolated,1.16,1,0,0.9435,0.07856
human,plate11,flu-seqneut-2026-SCH-013,A/NordrheinWestfalen/96/2026_H1N1,plate11-A/NordrheinWestfalen/96/2026_H1N1,0.00911,interpolated,0.009209,0.009209,interpolated,6.329,0.9669,0,0.9814,0.0496
human,plate11,flu-seqneut-2026-SCH-013,A/Norway/9556/2025_H1N1,plate11-A/Norway/9556/2025_H1N1,0.003844,interpolated,0.003878,0.003878,interpolated,2.404,0.9898,0,0.9953,0.02727
human,plate11,flu-seqneut-2026-SCH-013,A/NovaScotia/25-365-06099/2025_H3N2,plate11-A/NovaScotia/25-365-06099/2025_H3N2,0.007849,interpolated,0.008615,0.008615,interpolated,1.623,0.9299,0,0.9279,0.07896
human,plate11,flu-seqneut-2026-SCH-013,A/Ohio/259/2024_H1N1,plate11-A/Ohio/259/2024_H1N1,0.003288,interpolated,0.00333,0.00333,interpolated,6.976,0.9575,0,0.9864,0.05245
human,plate11,flu-seqneut-2026-SCH-013,A/Ontario/PHL202550193/2025_H3N2,plate11-A/Ontario/PHL202550193/2025_H3N2,0.005102,interpolated,0.005204,0.005204,interpolated,1.175,0.9884,0,0.9586,0.06231
human,plate11,flu-seqneut-2026-SCH-013,A/Oregon/81/2025_H3N2,plate11-A/Oregon/81/2025_H3N2,0.005868,interpolated,0.00593,0.00593,interpolated,1.031,0.9946,0,0.9586,0.05777
human,plate11,flu-seqneut-2026-SCH-013,A/PaisVasco/70369726/2026_H1N1,plate11-A/PaisVasco/70369726/2026_H1N1,0.003044,interpolated,0.003202,0.003202,interpolated,2.266,0.9459,0,0.9557,0.08229
human,plate11,flu-seqneut-2026-SCH-013,A/Parana/416133590/2026_H3N2,plate11-A/Parana/416133590/2026_H3N2,0.005265,interpolated,0.005734,0.005734,interpolated,1.092,0.9554,0,0.9194,0.08275
human,plate11,flu-seqneut-2026-SCH-013,A/Peru/ANC-INS-062/2026_H3N2,plate11-A/Peru/ANC-INS-062/2026_H3N2,0.01476,interpolated,0.01594,0.01594,interpolated,2.683,0.907,0,0.8281,0.1045
human,plate11,flu-seqneut-2026-SCH-013,A/Rhode_Island/11/2026_H1N1,plate11-A/Rhode_Island/11/2026_H1N1,0.003162,interpolated,0.003179,0.003179,interpolated,1.673,0.9956,0,0.9901,0.0386
human,plate11,flu-seqneut-2026-SCH-013,A/RiodeJaneiro/331/2026_H3N2,plate11-A/RiodeJaneiro/331/2026_H3N2,0.005582,interpolated,0.005582,0.005582,interpolated,0.8,1,0,0.7491,0.1502
human,plate11,flu-seqneut-2026-SCH-013,A/Romania/612042/2026_H3N2,plate11-A/Romania/612042/2026_H3N2,0.01051,interpolated,0.01118,0.01118,interpolated,3.905,0.8925,0,0.7631,0.1509
human,plate11,flu-seqneut-2026-SCH-013,A/Saskatchewan/SKFLU477299/2025_H3N2,plate11-A/Saskatchewan/SKFLU477299/2025_H3N2,0.0071,interpolated,0.007684,0.007684,interpolated,1.555,0.9422,0,0.9081,0.0895
human,plate11,flu-seqneut-2026-SCH-013,A/Saskatchewan/SKFLU477727/2025_H3N2,plate11-A/Saskatchewan/SKFLU477727/2025_H3N2,0.005482,interpolated,0.006607,0.006607,interpolated,1.199,0.8998,0,0.8906,0.09463
human,plate11,flu-seqneut-2026-SCH-013,A/Saskatchewan/SKFLU490586/2026_H1N1,plate11-A/Saskatchewan/SKFLU490586/2026_H1N1,0.001935,interpolated,0.001935,0.001935,interpolated,4.06,1,0,0.9962,0.02787
human,plate11,flu-seqneut-2026-SCH-013,A/Singapore/GP20238/2024_H3N2,plate11-A/Singapore/GP20238/2024_H3N2,0.006559,interpolated,0.007332,0.007332,interpolated,0.9018,0.9522,0,0.9188,0.07284
human,plate11,flu-seqneut-2026-SCH-013,A/Singapore/KK2768/2025_H1N1,plate11-A/Singapore/KK2768/2025_H1N1,0.001987,interpolated,0.002035,0.002035,interpolated,3.244,0.9625,0,0.9605,0.08239
human,plate11,flu-seqneut-2026-SCH-013,A/Singapore/MOH0547/2024_H1N1,plate11-A/Singapore/MOH0547/2024_H1N1,0.00485,interpolated,0.00485,0.00485,interpolated,3.93,1,0,0.9986,0.01562
human,plate11,flu-seqneut-2026-SCH-013,A/Singapore/NTF0577/2025_H3N2,plate11-A/Singapore/NTF0577/2025_H3N2,0.007053,interpolated,0.007053,0.007053,interpolated,1.072,1,0,0.9567,0.05949
human,plate11,flu-seqneut-2026-SCH-013,A/Singapore/SAR8915/2025_H3N2,plate11-A/Singapore/SAR8915/2025_H3N2,0.007405,interpolated,0.007405,0.007405,interpolated,2.193,1,0,0.9712,0.05605
human,plate11,flu-seqneut-2026-SCH-013,A/SouthAfrica/NHLS-SU-CERI-C075557/2026_H1N1,plate11-A/SouthAfrica/NHLS-SU-CERI-C075557/2026_H1N1,0.00345,interpolated,0.00345,0.00345,interpolated,1.378,1,0,0.8768,0.1416
human,plate11,flu-seqneut-2026-SCH-013,A/SouthAfrica/NICD-R01647/2026_H1N1,plate11-A/SouthAfrica/NICD-R01647/2026_H1N1,0.002047,interpolated,0.002047,0.002047,interpolated,1.96,1,0,0.956,0.08846
human,plate11,flu-seqneut-2026-SCH-013,A/SouthAfrica/NICD-R01668/2026_H1N1,plate11-A/SouthAfrica/NICD-R01668/2026_H1N1,0.002606,interpolated,0.002652,0.002652,interpolated,2.035,0.9826,0,0.9607,0.07657
human,plate11,flu-seqneut-2026-SCH-013,A/SouthAfrica/PATH-CERI-C073358/2025_H1N1,plate11-A/SouthAfrica/PATH-CERI-C073358/2025_H1N1,0.002267,interpolated,0.002269,0.002269,interpolated,2.76,0.9986,0,0.9915,0.03973
human,plate11,flu-seqneut-2026-SCH-013,A/SouthAfrica/PATH-CERI-C073366/2025_H1N1,plate11-A/SouthAfrica/PATH-CERI-C073366/2025_H1N1,0.001821,interpolated,0.001821,0.001821,interpolated,1.654,1,0,0.993,0.03409
human,plate11,flu-seqneut-2026-SCH-013,A/SouthAfrica/PATH-CERI-C075119/2026_H1N1,plate11-A/SouthAfrica/PATH-CERI-C075119/2026_H1N1,0.002378,interpolated,0.002467,0.002467,interpolated,1.896,0.9662,0,0.9774,0.05961
human,plate11,flu-seqneut-2026-SCH-013,A/SouthAustralia/2605715552/2026_H3N2,plate11-A/SouthAustralia/2605715552/2026_H3N2,0.009273,interpolated,0.01101,0.01101,interpolated,1.712,0.8727,0,0.7334,0.1468
human,plate11,flu-seqneut-2026-SCH-013,A/SouthCarolina/USAFSAM-17046/2026_H3N2,plate11-A/SouthCarolina/USAFSAM-17046/2026_H3N2,0.003459,interpolated,0.003739,0.003739,interpolated,1.784,0.9351,0,0.9526,0.07816
human,plate11,flu-seqneut-2026-SCH-013,A/South_Australia/2523812314/2025_H3N2,plate11-A/South_Australia/2523812314/2025_H3N2,0.003752,interpolated,0.004609,0.004609,interpolated,0.8294,0.9215,0,0.907,0.08104
human,plate11,flu-seqneut-2026-SCH-013,A/South_Australia/2527213276/2025_H3N2,plate11-A/South_Australia/2527213276/2025_H3N2,0.006644,interpolated,0.009439,0.009439,interpolated,2.046,0.7438,0,0.6432,0.1607
human,plate11,flu-seqneut-2026-SCH-013,A/StPetersburg/RII-25-2042S/2025_H3N2,plate11-A/StPetersburg/RII-25-2042S/2025_H3N2,0.00764,interpolated,0.007909,0.007909,interpolated,1.778,0.9701,0,0.9748,0.05012
human,plate11,flu-seqneut-2026-SCH-013,A/StPetersburg/RII-25-2321S/2025_H3N2,plate11-A/StPetersburg/RII-25-2321S/2025_H3N2,0.003319,interpolated,0.003953,0.003953,interpolated,0.8,0.9347,0,0.6762,0.1717
human,plate11,flu-seqneut-2026-SCH-013,A/StPetersburg/RII-25-2506S/2026_H3N2,plate11-A/StPetersburg/RII-25-2506S/2026_H3N2,0.00729,interpolated,0.00729,0.00729,interpolated,0.8495,1,0,0.8397,0.1124
human,plate11,flu-seqneut-2026-SCH-013,A/StPetersburg/RII-25-2600S/2026_H3N2,plate11-A/StPetersburg/RII-25-2600S/2026_H3N2,0.001902,interpolated,0.002014,0.002014,interpolated,1.237,0.9661,0,0.8846,0.1212
human,plate11,flu-seqneut-2026-SCH-013,A/Switzerland/UN-SNRCI-HUG-053/2025_H1N1,plate11-A/Switzerland/UN-SNRCI-HUG-053/2025_H1N1,0.00293,interpolated,0.002972,0.002972,interpolated,2.819,0.9803,0,0.9922,0.03756
human,plate11,flu-seqneut-2026-SCH-013,A/Sydney/1359/2024_H3N2,plate11-A/Sydney/1359/2024_H3N2,0.007206,interpolated,0.007467,0.007467,interpolated,0.8,0.986,0,0.8641,0.09322
human,plate11,flu-seqneut-2026-SCH-013,A/Sydney/50/2026_H1N1,plate11-A/Sydney/50/2026_H1N1,0.003347,interpolated,0.003347,0.003347,interpolated,1.673,1,0,0.9811,0.05358
human,plate11,flu-seqneut-2026-SCH-013,A/Texas/29/2026_H1N1,plate11-A/Texas/29/2026_H1N1,0.004789,interpolated,0.004789,0.004789,interpolated,2.141,1,0,0.9958,0.02537
human,plate11,flu-seqneut-2026-SCH-013,A/Thailand/8/2022_H3N2,plate11-A/Thailand/8/2022_H3N2,0.007175,interpolated,0.007175,0.007175,interpolated,1.05,1,0,0.7962,0.1433
human,plate11,flu-seqneut-2026-SCH-013,A/Thuringen/16/2026_H3N2,plate11-A/Thuringen/16/2026_H3N2,0.005546,interpolated,0.005682,0.005682,interpolated,1.155,0.9862,0,0.912,0.09515
human,plate11,flu-seqneut-2026-SCH-013,A/Thuringen/39/2026_H3N2,plate11-A/Thuringen/39/2026_H3N2,0.005856,interpolated,0.009883,0.009883,interpolated,1.378,0.7431,0,0.5922,0.168
human,plate11,flu-seqneut-2026-SCH-013,A/Tokyo/EIS11-277/2024_H1N1,plate11-A/Tokyo/EIS11-277/2024_H1N1,0.002136,interpolated,0.002698,0.002698,interpolated,1.77,0.8306,0,0.9281,0.09326
human,plate11,flu-seqneut-2026-SCH-013,A/Trieste/257/2025_H3N2,plate11-A/Trieste/257/2025_H3N2,0.0093,interpolated,0.0093,0.0093,interpolated,1.207,1,0,0.9161,0.08057
human,plate11,flu-seqneut-2026-SCH-013,A/Trieste/380/2026_H3N2,plate11-A/Trieste/380/2026_H3N2,0.00965,interpolated,0.01113,0.01113,interpolated,1.986,0.8767,0,0.8919,0.09302
human,plate11,flu-seqneut-2026-SCH-013,A/Ukraine/5214/2026_H1N1,plate11-A/Ukraine/5214/2026_H1N1,0.00262,interpolated,0.00262,0.00262,interpolated,1.764,1,0,0.9664,0.07284
human,plate11,flu-seqneut-2026-SCH-013,A/Uppsala/SE26-01293/2026_H1N1,plate11-A/Uppsala/SE26-01293/2026_H1N1,0.004477,interpolated,0.004477,0.004477,interpolated,1.378,1,0,0.966,0.06647
human,plate11,flu-seqneut-2026-SCH-013,A/Valencia/VAHNSI_09_02564/2025_H1N1,plate11-A/Valencia/VAHNSI_09_02564/2025_H1N1,0.002443,interpolated,0.002443,0.002443,interpolated,1.779,1,0,0.9553,0.08769
human,plate11,flu-seqneut-2026-SCH-013,A/Victoria/2948/2025_H3N2,plate11-A/Victoria/2948/2025_H3N2,0.004631,interpolated,0.004686,0.004686,interpolated,1.388,0.9919,0,0.9189,0.1002
human,plate11,flu-seqneut-2026-SCH-013,A/Victoria/4897/2022_IVR-238_H1N1,plate11-A/Victoria/4897/2022_IVR-238_H1N1,0.0003588,interpolated,0.0003588,0.0003588,interpolated,1.668,1,0,0.978,0.05407
human,plate11,flu-seqneut-2026-SCH-013,A/Vietnam/F7324/2024_H3N2,plate11-A/Vietnam/F7324/2024_H3N2,0.006511,interpolated,0.007591,0.007591,interpolated,0.8902,0.9362,0,0.8683,0.09462
human,plate11,flu-seqneut-2026-SCH-013,A/Vietnam/PF125413/2025_H1N1,plate11-A/Vietnam/PF125413/2025_H1N1,0.002661,interpolated,0.002697,0.002697,interpolated,2.498,0.9833,0,0.9869,0.04808
human,plate11,flu-seqneut-2026-SCH-013,A/Vietnam/PF126009/2026_H1N1,plate11-A/Vietnam/PF126009/2026_H1N1,0.003634,interpolated,0.003634,0.003634,interpolated,2.901,1,0,0.9988,0.01469
human,plate11,flu-seqneut-2026-SCH-013,A/Virginia/82/2025_H1N1,plate11-A/Virginia/82/2025_H1N1,0.004299,interpolated,0.004322,0.004322,interpolated,8.548,0.9781,0,0.9888,0.0442
human,plate11,flu-seqneut-2026-SCH-013,A/Wisconsin/588/2019_H1N1,plate11-A/Wisconsin/588/2019_H1N1,0.001102,interpolated,0.001102,0.001102,interpolated,4.791,1,0,1,0.00305
human,plate11,flu-seqneut-2026-SCH-013,A/Wisconsin/67/2022_H1N1,plate11-A/Wisconsin/67/2022_H1N1,0.001363,interpolated,0.001468,0.001468,interpolated,2.177,0.9255,0,0.9291,0.1034
human,plate11,flu-seqneut-2026-SCH-013,A/Zacapa/FLU-012/2025_H1N1,plate11-A/Zacapa/FLU-012/2025_H1N1,0.002474,interpolated,0.002474,0.002474,interpolated,2.291,1,0,0.9889,0.04517
human,plate11,flu-seqneut-2026-SCH-013,A/Zambia/6-NIC-014/2026_H1N1,plate11-A/Zambia/6-NIC-014/2026_H1N1,0.002888,interpolated,0.002888,0.002888,interpolated,1.769,1,0,0.9776,0.05973
human,plate11,flu-seqneut-2026-SCH-013,A/Zambia/7-NIC-313/2026_H1N1,plate11-A/Zambia/7-NIC-313/2026_H1N1,0.001711,interpolated,0.001952,0.001952,interpolated,1.176,0.9281,0,0.9866,0.03935
human,plate11,flu-seqneut-2026-SCH-014,A/Andalucia/PMC-00977/2025_H1N1,plate11-A/Andalucia/PMC-00977/2025_H1N1,0.001934,interpolated,0.001934,0.001934,interpolated,1.912,1,0,0.9939,0.03262
human,plate11,flu-seqneut-2026-SCH-014,A/Andalucia/PMC-01217/2025_H1N1,plate11-A/Andalucia/PMC-01217/2025_H1N1,0.002443,interpolated,0.002443,0.002443,interpolated,3.108,1,0,0.9985,0.01701
human,plate11,flu-seqneut-2026-SCH-014,A/Andalucia/PMC-01495/2025_H1N1,plate11-A/Andalucia/PMC-01495/2025_H1N1,0.001728,interpolated,0.001728,0.001728,interpolated,6.034,1,0,0.9877,0.05054
human,plate11,flu-seqneut-2026-SCH-014,A/Arizona/40/2026_H1N1,plate11-A/Arizona/40/2026_H1N1,0.001013,interpolated,0.001013,0.001013,interpolated,2.293,1,0,0.986,0.05174
human,plate11,flu-seqneut-2026-SCH-014,A/Astrakhan/RII-MH273373S/2025_H3N2,plate11-A/Astrakhan/RII-MH273373S/2025_H3N2,0.00233,interpolated,0.002349,0.002349,interpolated,2.166,0.991,0,0.9774,0.0621
human,plate11,flu-seqneut-2026-SCH-014,A/Asturias/232590913/2025_H1N1,plate11-A/Asturias/232590913/2025_H1N1,0.002141,interpolated,0.002141,0.002141,interpolated,4,1,0,0.9992,0.01313
human,plate11,flu-seqneut-2026-SCH-014,A/Badajoz/18738342/2026_H3N2,plate11-A/Badajoz/18738342/2026_H3N2,0.003676,interpolated,0.003765,0.003765,interpolated,2.836,0.9673,0,0.9867,0.0477
human,plate11,flu-seqneut-2026-SCH-014,A/Badajoz/18811358/2026_H3N2,plate11-A/Badajoz/18811358/2026_H3N2,0.004333,interpolated,0.00436,0.00436,interpolated,4.447,0.9864,0,0.9981,0.01835
human,plate11,flu-seqneut-2026-SCH-014,A/Badajoz/18813527/2026_H3N2,plate11-A/Badajoz/18813527/2026_H3N2,0.001889,interpolated,0.001889,0.001889,interpolated,3.084,0.9997,0,0.9755,0.06776
human,plate11,flu-seqneut-2026-SCH-014,A/Bangkok/P2390/2025_H3N2,plate11-A/Bangkok/P2390/2025_H3N2,0.001775,interpolated,0.001783,0.001783,interpolated,2.029,0.9951,0,0.9963,0.02544
human,plate11,flu-seqneut-2026-SCH-014,A/Bangkok/P2391/2025_H3N2,plate11-A/Bangkok/P2391/2025_H3N2,0.001783,interpolated,0.001804,0.001804,interpolated,2.291,0.9864,0,0.9928,0.03546
human,plate11,flu-seqneut-2026-SCH-014,A/Blaenavon/6687/2026_H3N2,plate11-A/Blaenavon/6687/2026_H3N2,0.00373,interpolated,0.00373,0.00373,interpolated,4.54,1,0,0.9993,0.0112
human,plate11,flu-seqneut-2026-SCH-014,A/Bolivia/OR5702/2025_H3N2,plate11-A/Bolivia/OR5702/2025_H3N2,0.002789,interpolated,0.002789,0.002789,interpolated,1.255,1,0,0.9602,0.07501
human,plate11,flu-seqneut-2026-SCH-014,A/BritishColumbia/RV00022-26/2025_H1N1,plate11-A/BritishColumbia/RV00022-26/2025_H1N1,0.003244,interpolated,0.003304,0.003304,interpolated,4.635,0.9591,0,0.9921,0.03855
human,plate11,flu-seqneut-2026-SCH-014,A/BritishColumbia/RV00279-26/2025_H3N2,plate11-A/BritishColumbia/RV00279-26/2025_H3N2,0.002379,interpolated,0.002655,0.002655,interpolated,2.309,0.8881,0,0.9595,0.07718
human,plate11,flu-seqneut-2026-SCH-014,A/BritishColumbia/RV01350-26/2026_H1N1,plate11-A/BritishColumbia/RV01350-26/2026_H1N1,0.001779,interpolated,0.001779,0.001779,interpolated,2.366,1,0,0.9989,0.01449
human,plate11,flu-seqneut-2026-SCH-014,A/BritishColumbia/RV05508-25/2025_H1N1,plate11-A/BritishColumbia/RV05508-25/2025_H1N1,0.003221,interpolated,0.003244,0.003244,interpolated,3.518,0.9879,0,0.9985,0.01696
human,plate11,flu-seqneut-2026-SCH-014,A/California/GKISBBBH79910/2026_H3N2,plate11-A/California/GKISBBBH79910/2026_H3N2,0.002449,interpolated,0.002459,0.002459,interpolated,1.564,0.9967,0,0.981,0.05447
human,plate11,flu-seqneut-2026-SCH-014,A/California/NIRC-IS-1019/2026_H1N1,plate11-A/California/NIRC-IS-1019/2026_H1N1,0.000957,interpolated,0.0009767,0.0009767,interpolated,2.317,0.9769,0,0.972,0.07044
human,plate11,flu-seqneut-2026-SCH-014,A/California/NIRC-IS-1059/2026_H3N2,plate11-A/California/NIRC-IS-1059/2026_H3N2,0.004513,interpolated,0.004637,0.004637,interpolated,10,0.8811,0,0.8328,0.1677
human,plate11,flu-seqneut-2026-SCH-014,A/California/NIRC-IS-1067/2026_H3N2,plate11-A/California/NIRC-IS-1067/2026_H3N2,0.002578,interpolated,0.002654,0.002654,interpolated,2.473,0.9651,0,0.9708,0.07186
human,plate11,flu-seqneut-2026-SCH-014,A/California/NIRC-IS-1356/2025_H1N1,plate11-A/California/NIRC-IS-1356/2025_H1N1,0.001564,interpolated,0.00159,0.00159,interpolated,2.907,0.9764,0,0.9964,0.026
human,plate11,flu-seqneut-2026-SCH-014,A/Castellon/VAHNSI_02_02400/2025_H3N2,plate11-A/Castellon/VAHNSI_02_02400/2025_H3N2,0.002977,interpolated,0.002977,0.002977,interpolated,1.509,1,0,0.9527,0.08711
human,plate11,flu-seqneut-2026-SCH-014,A/Colombia/1851/2024_H3N2,plate11-A/Colombia/1851/2024_H3N2,0.001091,interpolated,0.0012,0.0012,interpolated,2.21,0.9047,0,0.9495,0.08901
human,plate11,flu-seqneut-2026-SCH-014,A/Colorado/218/2024_H1N1,plate11-A/Colorado/218/2024_H1N1,0.003,interpolated,0.003,0.003,interpolated,0.9208,1,0,0.6855,0.225
human,plate11,flu-seqneut-2026-SCH-014,A/Connecticut/5/2026_H3N2,plate11-A/Connecticut/5/2026_H3N2,0.00311,interpolated,0.003234,0.003234,interpolated,3.708,0.9326,0,0.9515,0.0919
human,plate11,flu-seqneut-2026-SCH-014,A/Croatia/10136RV/2023_H3N2,plate11-A/Croatia/10136RV/2023_H3N2,7.343e-05,upper,5.446e-05,7.343e-05,upper,1.543,1,0,0.9417,0.03087
human,plate11,flu-seqneut-2026-SCH-014,A/Darwin/1415/2025_H3N2,plate11-A/Darwin/1415/2025_H3N2,0.002946,interpolated,0.003173,0.003173,interpolated,1.268,0.9553,0,0.7894,0.1814
human,plate11,flu-seqneut-2026-SCH-014,A/Darwin/1454/2025_H3N2,plate11-A/Darwin/1454/2025_H3N2,0.001297,interpolated,0.001297,0.001297,interpolated,4.056,1,0,1,0.003289
human,plate11,flu-seqneut-2026-SCH-014,A/Denmark/3940/2025_H3N2,plate11-A/Denmark/3940/2025_H3N2,0.001953,interpolated,0.001955,0.001955,interpolated,2.885,0.9984,0,0.9894,0.04435
human,plate11,flu-seqneut-2026-SCH-014,A/Denmark/4547/2025_H1N1,plate11-A/Denmark/4547/2025_H1N1,0.001546,interpolated,0.001546,0.001546,interpolated,1.884,1,0,0.9897,0.04262
human,plate11,flu-seqneut-2026-SCH-014,A/Denmark/4774/2025_H1N1,plate11-A/Denmark/4774/2025_H1N1,0.004297,interpolated,0.004297,0.004297,interpolated,8.599,1,0,0.9999,0.003194
human,plate11,flu-seqneut-2026-SCH-014,A/District_Of_Columbia/27/2023_H3N2,plate11-A/District_Of_Columbia/27/2023_H3N2,0.0007017,interpolated,0.0007936,0.0007936,interpolated,2.121,0.8851,0,0.9594,0.07633
human,plate11,flu-seqneut-2026-SCH-014,A/Distrito_Federal/250106000728/2025_H3N2,plate11-A/Distrito_Federal/250106000728/2025_H3N2,0.00329,interpolated,0.003541,0.003541,interpolated,1.903,0.9346,0,0.9701,0.06581
human,plate11,flu-seqneut-2026-SCH-014,A/England/1893256/2026_H1N1,plate11-A/England/1893256/2026_H1N1,0.002116,interpolated,0.002129,0.002129,interpolated,3.399,0.9903,0,0.9931,0.03648
human,plate11,flu-seqneut-2026-SCH-014,A/Florida/ISC-1069/2026_H3N2,plate11-A/Florida/ISC-1069/2026_H3N2,0.003356,interpolated,0.003395,0.003395,interpolated,2.329,0.9866,0,0.9951,0.0289
human,plate11,flu-seqneut-2026-SCH-014,A/France/ARA-HCL025195259501/2025_H1N1,plate11-A/France/ARA-HCL025195259501/2025_H1N1,0.003495,interpolated,0.003495,0.003495,interpolated,10,1,0,1,0.002989
human,plate11,flu-seqneut-2026-SCH-014,A/France/ARA-HCL026031894402/2026_H3N2,plate11-A/France/ARA-HCL026031894402/2026_H3N2,0.001418,interpolated,0.001474,0.001474,interpolated,1.554,0.9708,0,0.9934,0.03146
human,plate11,flu-seqneut-2026-SCH-014,A/France/GES-IPP00659/2026_H1N1,plate11-A/France/GES-IPP00659/2026_H1N1,0.001511,interpolated,0.001511,0.001511,interpolated,2.001,1,0,0.9867,0.04983
human,plate11,flu-seqneut-2026-SCH-014,A/France/GES-IPP01077/2026_H3N2,plate11-A/France/GES-IPP01077/2026_H3N2,0.003453,interpolated,0.003492,0.003492,interpolated,10,0.9471,0,0.9655,0.08534
human,plate11,flu-seqneut-2026-SCH-014,A/France/HDF-IPP01550/2026_H3N2,plate11-A/France/HDF-IPP01550/2026_H3N2,0.005215,interpolated,0.005424,0.005424,interpolated,5.304,0.906,0,0.9369,0.09675
human,plate11,flu-seqneut-2026-SCH-014,A/France/HDF-RELAB-IPP00300/2026_H3N2,plate11-A/France/HDF-RELAB-IPP00300/2026_H3N2,0.003887,interpolated,0.004272,0.004272,interpolated,2.917,0.8797,0,0.8668,0.1425
human,plate11,flu-seqneut-2026-SCH-014,A/France/HDF-RELAB-IPP00303/2026_H3N2,plate11-A/France/HDF-RELAB-IPP00303/2026_H3N2,0.003304,interpolated,0.003324,0.003324,interpolated,2.021,0.9938,0,0.9939,0.03162
human,plate11,flu-seqneut-2026-SCH-014,A/France/HDF-RELAB-IPP07969/2025_H1N1,plate11-A/France/HDF-RELAB-IPP07969/2025_H1N1,0.003054,interpolated,0.003362,0.003362,interpolated,1.7,0.9247,0,0.9595,0.07466
human,plate11,flu-seqneut-2026-SCH-014,A/France/NAQ-HCL026010957001/2026_H3N2,plate11-A/France/NAQ-HCL026010957001/2026_H3N2,0.003737,interpolated,0.003773,0.003773,interpolated,2.145,0.9901,0,0.9898,0.04111
human,plate11,flu-seqneut-2026-SCH-014,A/France/NAQ-HCL026046169102/2025_H1N1,plate11-A/France/NAQ-HCL026046169102/2025_H1N1,0.00608,interpolated,0.006246,0.006246,interpolated,9.199,0.8908,0,0.9549,0.08245
human,plate11,flu-seqneut-2026-SCH-014,A/France/OCC-HCL026013263701/2026_H3N2,plate11-A/France/OCC-HCL026013263701/2026_H3N2,0.001443,interpolated,0.001689,0.001689,interpolated,2.086,0.8603,0,0.9466,0.08388
human,plate11,flu-seqneut-2026-SCH-014,A/France/PAC-RELAB-HCL026021993801/2026_H3N2,plate11-A/France/PAC-RELAB-HCL026021993801/2026_H3N2,0.002345,interpolated,0.002494,0.002494,interpolated,2.425,0.9309,0,0.9629,0.07709
human,plate11,flu-seqneut-2026-SCH-014,A/Galicia/GA-CHUAC-451/2025_H3N2,plate11-A/Galicia/GA-CHUAC-451/2025_H3N2,0.0006442,interpolated,0.0006626,0.0006626,interpolated,2.721,0.9631,0,0.9971,0.02248
human,plate11,flu-seqneut-2026-SCH-014,A/Galicia/GA-CHUAC-612/2025_H1N1,plate11-A/Galicia/GA-CHUAC-612/2025_H1N1,0.001834,interpolated,0.001844,0.001844,interpolated,5.913,0.9842,0,0.9898,0.04473
human,plate11,flu-seqneut-2026-SCH-014,A/Germany/LRMC_0104/2025_H3N2,plate11-A/Germany/LRMC_0104/2025_H3N2,0.001748,interpolated,0.001748,0.001748,interpolated,1.729,1,0,0.9855,0.04954
human,plate11,flu-seqneut-2026-SCH-014,A/Germany/LRMC_0113/2025_H3N2,plate11-A/Germany/LRMC_0113/2025_H3N2,0.001637,interpolated,0.001637,0.001637,interpolated,1.662,1,0,0.9821,0.05568
human,plate11,flu-seqneut-2026-SCH-014,A/Hawaii/70/2019_H1N1,plate11-A/Hawaii/70/2019_H1N1,0.001011,interpolated,0.001011,0.001011,interpolated,2.365,1,0,0.9977,0.02106
human,plate11,flu-seqneut-2026-SCH-014,A/Hawaii/ISC-1140/2025_H1N1,plate11-A/Hawaii/ISC-1140/2025_H1N1,0.001165,interpolated,0.001165,0.001165,interpolated,1.495,1,0,0.9919,0.03565
human,plate11,flu-seqneut-2026-SCH-014,A/Hessen/18/2026_H1N1,plate11-A/Hessen/18/2026_H1N1,0.002688,interpolated,0.002708,0.002708,interpolated,2.999,0.9891,0,0.9981,0.01863
human,plate11,flu-seqneut-2026-SCH-014,A/Ireland/91576/2025_H3N2,plate11-A/Ireland/91576/2025_H3N2,0.001911,interpolated,0.001911,0.001911,interpolated,1.618,1,0,0.9902,0.0403
human,plate11,flu-seqneut-2026-SCH-014,A/Kentucky/80/2025_H1N1,plate11-A/Kentucky/80/2025_H1N1,0.003025,interpolated,0.003038,0.003038,interpolated,2.659,0.9943,0,0.9968,0.02408
human,plate11,flu-seqneut-2026-SCH-014,A/Lisboa/216/2023_H3N2,plate11-A/Lisboa/216/2023_H3N2,0.0001032,interpolated,0.0003177,0.0003177,interpolated,1.431,0.6,0,0.8945,0.06401
human,plate11,flu-seqneut-2026-SCH-014,A/Luxembourg/LNS9132577/2026_H3N2,plate11-A/Luxembourg/LNS9132577/2026_H3N2,0.001743,interpolated,0.00177,0.00177,interpolated,3.909,0.971,0,0.9655,0.07866
human,plate11,flu-seqneut-2026-SCH-014,A/Maine/25/2026_H1N1,plate11-A/Maine/25/2026_H1N1,0.00182,interpolated,0.00182,0.00182,interpolated,2.517,1,0,0.9967,0.02525
human,plate11,flu-seqneut-2026-SCH-014,A/Malaysia/IMR/SARI/2406/2025_H3N2,plate11-A/Malaysia/IMR/SARI/2406/2025_H3N2,0.005306,interpolated,0.005534,0.005534,interpolated,1.512,0.9691,0,0.937,0.08578
human,plate11,flu-seqneut-2026-SCH-014,A/Massachusetts/18/2022_H3N2,plate11-A/Massachusetts/18/2022_H3N2,0.0003414,interpolated,0.0003414,0.0003414,interpolated,1.897,1,0,0.9909,0.03545
human,plate11,flu-seqneut-2026-SCH-014,A/Massachusetts/ISC-1856/2025_H3N2,plate11-A/Massachusetts/ISC-1856/2025_H3N2,0.002233,interpolated,0.002251,0.002251,interpolated,1.301,0.995,0,0.9377,0.0976
human,plate11,flu-seqneut-2026-SCH-014,A/Mauritius/26000203/2026_H1N1,plate11-A/Mauritius/26000203/2026_H1N1,0.00118,interpolated,0.001209,0.001209,interpolated,4.229,0.9516,0,0.9901,0.04427
human,plate11,flu-seqneut-2026-SCH-014,A/Michigan/8/2026_H3N2,plate11-A/Michigan/8/2026_H3N2,0.007542,interpolated,0.007649,0.007649,interpolated,10,0.9348,0,0.9519,0.09056
human,plate11,flu-seqneut-2026-SCH-014,A/Michigan/UM-10068071276/2025_H3N2,plate11-A/Michigan/UM-10068071276/2025_H3N2,0.002575,interpolated,0.002662,0.002662,interpolated,2.12,0.966,0,0.9539,0.08963
human,plate11,flu-seqneut-2026-SCH-014,A/Michigan/UM-10068134090/2025_H3N2,plate11-A/Michigan/UM-10068134090/2025_H3N2,0.00313,interpolated,0.003187,0.003187,interpolated,2.93,0.9742,0,0.9912,0.03974
human,plate11,flu-seqneut-2026-SCH-014,A/Michigan/UM-10068449788/2025_H3N2,plate11-A/Michigan/UM-10068449788/2025_H3N2,0.0008815,interpolated,0.0008815,0.0008815,interpolated,3.281,1,0,0.9958,0.02843
human,plate11,flu-seqneut-2026-SCH-014,A/Michigan/UM-10068456988/2025_H3N2,plate11-A/Michigan/UM-10068456988/2025_H3N2,0.00271,interpolated,0.002772,0.002772,interpolated,1.997,0.9779,0,0.9755,0.06311
human,plate11,flu-seqneut-2026-SCH-014,A/Michigan/UM-10068747355/2026_H3N2,plate11-A/Michigan/UM-10068747355/2026_H3N2,0.004317,interpolated,0.004335,0.004335,interpolated,10,0.9798,0,0.9946,0.0321
human,plate11,flu-seqneut-2026-SCH-014,A/MinasGerais/410/2026_H1N1,plate11-A/MinasGerais/410/2026_H1N1,0.002787,interpolated,0.002787,0.002787,interpolated,3.435,1,0,0.9997,0.007389
human,plate11,flu-seqneut-2026-SCH-014,A/MinasGerais/671/2026_H1N1,plate11-A/MinasGerais/671/2026_H1N1,0.00349,interpolated,0.003506,0.003506,interpolated,3.536,0.9919,0,0.9993,0.01121
human,plate11,flu-seqneut-2026-SCH-014,A/Mississippi/20/2026_H1N1,plate11-A/Mississippi/20/2026_H1N1,0.001739,interpolated,0.001739,0.001739,interpolated,1.535,1,0,0.962,0.08096
human,plate11,flu-seqneut-2026-SCH-014,A/Missouri/11/2025_cell_H1N1,plate11-A/Missouri/11/2025_cell_H1N1,0.002357,interpolated,0.002371,0.002371,interpolated,3.741,0.9895,0,0.9987,0.01609
human,plate11,flu-seqneut-2026-SCH-014,A/Missouri/11/2025_egg_H1N1,plate11-A/Missouri/11/2025_egg_H1N1,0.0001637,interpolated,0.0001637,0.0001637,interpolated,3.131,1,0,0.9924,0.02849
human,plate11,flu-seqneut-2026-SCH-014,A/Missouri/NIRC-AV-1003/2025_H3N2,plate11-A/Missouri/NIRC-AV-1003/2025_H3N2,0.002384,interpolated,0.002445,0.002445,interpolated,2.386,0.9709,0,0.9836,0.05411
human,plate11,flu-seqneut-2026-SCH-014,A/Montana/51/2025_H3N2,plate11-A/Montana/51/2025_H3N2,0.001822,interpolated,0.002188,0.002188,interpolated,2.312,0.8276,0,0.9059,0.1128
human,plate11,flu-seqneut-2026-SCH-014,A/NakhonPhanom/P495/2026_H3N2,plate11-A/NakhonPhanom/P495/2026_H3N2,0.003637,interpolated,0.003663,0.003663,interpolated,2.11,0.9926,0,0.9942,0.03084
human,plate11,flu-seqneut-2026-SCH-014,A/Navarra/260009/2025_H3N2,plate11-A/Navarra/260009/2025_H3N2,0.002656,interpolated,0.002711,0.002711,interpolated,4.411,0.9568,0,0.9935,0.03463
human,plate11,flu-seqneut-2026-SCH-014,A/Nebraska/34/2026_H1N1,plate11-A/Nebraska/34/2026_H1N1,0.002564,interpolated,0.002564,0.002564,interpolated,5.921,1,0,0.9997,0.007593
human,plate11,flu-seqneut-2026-SCH-014,A/Netherlands/10008/2026_H1N1,plate11-A/Netherlands/10008/2026_H1N1,0.00181,interpolated,0.00181,0.00181,interpolated,1.748,1,0,0.9715,0.07146
human,plate11,flu-seqneut-2026-SCH-014,A/Netherlands/2398/2025_H1N1,plate11-A/Netherlands/2398/2025_H1N1,0.003559,interpolated,0.003559,0.003559,interpolated,1.994,1,0,0.9891,0.04252
human,plate11,flu-seqneut-2026-SCH-014,A/Netherlands/543/2026_H1N1,plate11-A/Netherlands/543/2026_H1N1,0.002594,interpolated,0.002594,0.002594,interpolated,2.059,1,0,0.9902,0.0417
human,plate11,flu-seqneut-2026-SCH-014,A/Netherlands/864/2026_H1N1,plate11-A/Netherlands/864/2026_H1N1,0.002502,interpolated,0.00253,0.00253,interpolated,3.517,0.9802,0,0.994,0.03397
human,plate11,flu-seqneut-2026-SCH-014,A/Netherlands/888/2026_H3N2,plate11-A/Netherlands/888/2026_H3N2,0.005402,interpolated,0.005453,0.005453,interpolated,3.553,0.9836,0,0.9931,0.03346
human,plate11,flu-seqneut-2026-SCH-014,A/Netherlands/968/2026_H3N2,plate11-A/Netherlands/968/2026_H3N2,0.003717,interpolated,0.003717,0.003717,interpolated,2.005,1,0,0.9823,0.05441
human,plate11,flu-seqneut-2026-SCH-014,A/NewBrunswick/NBPHLFLUA10B-MM00057R/2026_H1N1,plate11-A/NewBrunswick/NBPHLFLUA10B-MM00057R/2026_H1N1,0.002078,interpolated,0.002078,0.002078,interpolated,4.251,1,0,0.9992,0.01308
human,plate11,flu-seqneut-2026-SCH-014,A/NewYork/NIRC-IS-1086/2026_H3N2,plate11-A/NewYork/NIRC-IS-1086/2026_H3N2,0.0008236,interpolated,0.0008362,0.0008362,interpolated,1.762,0.9869,0,0.9959,0.02546
human,plate11,flu-seqneut-2026-SCH-014,A/NordrheinWestfalen/54/2026_H3N2,plate11-A/NordrheinWestfalen/54/2026_H3N2,0.002683,interpolated,0.002683,0.002683,interpolated,4.692,1,0,1,0.002075
human,plate11,flu-seqneut-2026-SCH-014,A/NordrheinWestfalen/96/2026_H1N1,plate11-A/NordrheinWestfalen/96/2026_H1N1,0.002155,interpolated,0.002174,0.002174,interpolated,2.39,0.9897,0,0.9892,0.04444
human,plate11,flu-seqneut-2026-SCH-014,A/Norway/9556/2025_H1N1,plate11-A/Norway/9556/2025_H1N1,0.004524,interpolated,0.004544,0.004544,interpolated,4.897,0.9891,0,0.9986,0.01552
human,plate11,flu-seqneut-2026-SCH-014,A/NovaScotia/25-365-06099/2025_H3N2,plate11-A/NovaScotia/25-365-06099/2025_H3N2,0.002575,interpolated,0.002575,0.002575,interpolated,1.788,1,0,0.9846,0.05084
human,plate11,flu-seqneut-2026-SCH-014,A/Ohio/259/2024_H1N1,plate11-A/Ohio/259/2024_H1N1,0.0008878,interpolated,0.0009043,0.0009043,interpolated,10,0.916,0,0.9696,0.0743
human,plate11,flu-seqneut-2026-SCH-014,A/Ontario/PHL202550193/2025_H3N2,plate11-A/Ontario/PHL202550193/2025_H3N2,0.002678,interpolated,0.002968,0.002968,interpolated,1.581,0.9249,0,0.9766,0.05385
human,plate11,flu-seqneut-2026-SCH-014,A/Oregon/81/2025_H3N2,plate11-A/Oregon/81/2025_H3N2,0.001374,interpolated,0.001495,0.001495,interpolated,2.485,0.9053,0,0.9516,0.08961
human,plate11,flu-seqneut-2026-SCH-014,A/PaisVasco/70369726/2026_H1N1,plate11-A/PaisVasco/70369726/2026_H1N1,0.001628,interpolated,0.001693,0.001693,interpolated,2.262,0.9576,0,0.9865,0.04785
human,plate11,flu-seqneut-2026-SCH-014,A/Parana/416133590/2026_H3N2,plate11-A/Parana/416133590/2026_H3N2,0.003579,interpolated,0.003579,0.003579,interpolated,1.233,1,0,0.9402,0.09011
human,plate11,flu-seqneut-2026-SCH-014,A/Peru/ANC-INS-062/2026_H3N2,plate11-A/Peru/ANC-INS-062/2026_H3N2,0.0005351,interpolated,0.0005595,0.0005595,interpolated,4,0.9184,0,0.988,0.04445
human,plate11,flu-seqneut-2026-SCH-014,A/Rhode_Island/11/2026_H1N1,plate11-A/Rhode_Island/11/2026_H1N1,0.002636,interpolated,0.002656,0.002656,interpolated,2.319,0.9915,0,0.9989,0.01397
human,plate11,flu-seqneut-2026-SCH-014,A/RiodeJaneiro/331/2026_H3N2,plate11-A/RiodeJaneiro/331/2026_H3N2,0.002696,interpolated,0.002828,0.002828,interpolated,1.755,0.9599,0,0.9779,0.05801
human,plate11,flu-seqneut-2026-SCH-014,A/Romania/612042/2026_H3N2,plate11-A/Romania/612042/2026_H3N2,0.001701,interpolated,0.001701,0.001701,interpolated,1.815,1,0,0.9926,0.03551
human,plate11,flu-seqneut-2026-SCH-014,A/SantaCatarina/508/2026_H3N2,plate11-A/SantaCatarina/508/2026_H3N2,0.0024,interpolated,0.002482,0.002482,interpolated,1.682,0.9727,0,0.9864,0.04526
human,plate11,flu-seqneut-2026-SCH-014,A/Saskatchewan/SKFLU477299/2025_H3N2,plate11-A/Saskatchewan/SKFLU477299/2025_H3N2,0.00329,interpolated,0.003327,0.003327,interpolated,1.569,0.9913,0,0.9102,0.1203
human,plate11,flu-seqneut-2026-SCH-014,A/Saskatchewan/SKFLU477727/2025_H3N2,plate11-A/Saskatchewan/SKFLU477727/2025_H3N2,0.001227,interpolated,0.001283,0.001283,interpolated,2.125,0.9549,0,0.9863,0.04787
human,plate11,flu-seqneut-2026-SCH-014,A/Saskatchewan/SKFLU490586/2026_H1N1,plate11-A/Saskatchewan/SKFLU490586/2026_H1N1,0.001256,interpolated,0.001256,0.001256,interpolated,1.912,1,0,0.982,0.05791
human,plate11,flu-seqneut-2026-SCH-014,A/Singapore/GP20238/2024_H3N2,plate11-A/Singapore/GP20238/2024_H3N2,0.0005684,interpolated,0.0005982,0.0005982,interpolated,5.07,0.8859,0,0.98,0.05804
human,plate11,flu-seqneut-2026-SCH-014,A/Singapore/KK2768/2025_H1N1,plate11-A/Singapore/KK2768/2025_H1N1,0.001688,interpolated,0.001688,0.001688,interpolated,2.625,1,0,0.996,0.02814
human,plate11,flu-seqneut-2026-SCH-014,A/Singapore/MOH0547/2024_H1N1,plate11-A/Singapore/MOH0547/2024_H1N1,0.001413,interpolated,0.001413,0.001413,interpolated,5.278,1,0,1,0.001589
human,plate11,flu-seqneut-2026-SCH-014,A/Singapore/NTF0577/2025_H3N2,plate11-A/Singapore/NTF0577/2025_H3N2,0.002898,interpolated,0.002898,0.002898,interpolated,1.755,1,0,0.9657,0.07621
human,plate11,flu-seqneut-2026-SCH-014,A/Singapore/SAR8915/2025_H3N2,plate11-A/Singapore/SAR8915/2025_H3N2,0.003919,interpolated,0.003947,0.003947,interpolated,2.979,0.9893,0,0.9982,0.01764
human,plate11,flu-seqneut-2026-SCH-014,A/SouthAfrica/NHLS-SU-CERI-C075557/2026_H1N1,plate11-A/SouthAfrica/NHLS-SU-CERI-C075557/2026_H1N1,0.002146,interpolated,0.002146,0.002146,interpolated,4.576,1,0,0.9997,0.007921
human,plate11,flu-seqneut-2026-SCH-014,A/SouthAfrica/NICD-R01647/2026_H1N1,plate11-A/SouthAfrica/NICD-R01647/2026_H1N1,0.00343,interpolated,0.003485,0.003485,interpolated,6.796,0.9488,0,0.9797,0.06318
human,plate11,flu-seqneut-2026-SCH-014,A/SouthAfrica/NICD-R01668/2026_H1N1,plate11-A/SouthAfrica/NICD-R01668/2026_H1N1,0.002891,interpolated,0.002891,0.002891,interpolated,3.661,1,0,0.9999,0.005088
human,plate11,flu-seqneut-2026-SCH-014,A/SouthAfrica/PATH-CERI-C073358/2025_H1N1,plate11-A/SouthAfrica/PATH-CERI-C073358/2025_H1N1,0.001831,interpolated,0.001831,0.001831,interpolated,2.154,1,0,0.9944,0.03226
human,plate11,flu-seqneut-2026-SCH-014,A/SouthAfrica/PATH-CERI-C073366/2025_H1N1,plate11-A/SouthAfrica/PATH-CERI-C073366/2025_H1N1,0.001563,interpolated,0.001563,0.001563,interpolated,2.699,1,0,0.9949,0.03129
human,plate11,flu-seqneut-2026-SCH-014,A/SouthAfrica/PATH-CERI-C075119/2026_H1N1,plate11-A/SouthAfrica/PATH-CERI-C075119/2026_H1N1,0.00182,interpolated,0.00182,0.00182,interpolated,2.67,1,0,0.9998,0.006188
human,plate11,flu-seqneut-2026-SCH-014,A/SouthAustralia/2605715552/2026_H3N2,plate11-A/SouthAustralia/2605715552/2026_H3N2,0.002256,interpolated,0.002333,0.002333,interpolated,2.933,0.9532,0,0.9721,0.07011
human,plate11,flu-seqneut-2026-SCH-014,A/SouthCarolina/USAFSAM-17046/2026_H3N2,plate11-A/SouthCarolina/USAFSAM-17046/2026_H3N2,0.0007217,interpolated,0.0007217,0.0007217,interpolated,3.476,1,0,0.9985,0.01706
human,plate11,flu-seqneut-2026-SCH-014,A/South_Australia/2523812314/2025_H3N2,plate11-A/South_Australia/2523812314/2025_H3N2,0.001678,interpolated,0.001678,0.001678,interpolated,5.462,1,0,0.9975,0.02295
human,plate11,flu-seqneut-2026-SCH-014,A/South_Australia/2527213276/2025_H3N2,plate11-A/South_Australia/2527213276/2025_H3N2,0.00379,interpolated,0.003914,0.003914,interpolated,4.649,0.9305,0,0.9879,0.04514
human,plate11,flu-seqneut-2026-SCH-014,A/StPetersburg/RII-25-2042S/2025_H3N2,plate11-A/StPetersburg/RII-25-2042S/2025_H3N2,0.004813,interpolated,0.004817,0.004817,interpolated,3.869,0.9986,0,0.9999,0.004023
human,plate11,flu-seqneut-2026-SCH-014,A/StPetersburg/RII-25-2321S/2025_H3N2,plate11-A/StPetersburg/RII-25-2321S/2025_H3N2,0.0007104,interpolated,0.0007508,0.0007508,interpolated,1.047,0.9719,0,0.9544,0.07259
human,plate11,flu-seqneut-2026-SCH-014,A/StPetersburg/RII-25-2506S/2026_H3N2,plate11-A/StPetersburg/RII-25-2506S/2026_H3N2,0.004851,interpolated,0.004953,0.004953,interpolated,2.538,0.9743,0,0.9895,0.0402
human,plate11,flu-seqneut-2026-SCH-014,A/StPetersburg/RII-25-2600S/2026_H3N2,plate11-A/StPetersburg/RII-25-2600S/2026_H3N2,0.001673,interpolated,0.001821,0.001821,interpolated,1.572,0.9376,0,0.9425,0.09286
human,plate11,flu-seqneut-2026-SCH-014,A/Switzerland/UN-SNRCI-HUG-053/2025_H1N1,plate11-A/Switzerland/UN-SNRCI-HUG-053/2025_H1N1,0.001214,interpolated,0.001214,0.001214,interpolated,3.427,1,0,0.9997,0.008113
human,plate11,flu-seqneut-2026-SCH-014,A/Sydney/1359/2024_H3N2,plate11-A/Sydney/1359/2024_H3N2,0.0009751,interpolated,0.0009873,0.0009873,interpolated,4.083,0.9753,0,0.9953,0.03066
human,plate11,flu-seqneut-2026-SCH-014,A/Sydney/50/2026_H1N1,plate11-A/Sydney/50/2026_H1N1,0.005131,interpolated,0.005253,0.005253,interpolated,3.592,0.9596,0,0.9836,0.05022
human,plate11,flu-seqneut-2026-SCH-014,A/Texas/29/2026_H1N1,plate11-A/Texas/29/2026_H1N1,0.001494,interpolated,0.001494,0.001494,interpolated,2.039,1,0,0.992,0.0387
human,plate11,flu-seqneut-2026-SCH-014,A/Thailand/8/2022_H3N2,plate11-A/Thailand/8/2022_H3N2,7.343e-05,upper,0.0001194,0.0001194,interpolated,1.276,0.7189,0,0.9973,0.008401
human,plate11,flu-seqneut-2026-SCH-014,A/Thuringen/16/2026_H3N2,plate11-A/Thuringen/16/2026_H3N2,0.002276,interpolated,0.002276,0.002276,interpolated,2.093,1,0,0.9911,0.03988
human,plate11,flu-seqneut-2026-SCH-014,A/Thuringen/39/2026_H3N2,plate11-A/Thuringen/39/2026_H3N2,0.001535,interpolated,0.001535,0.001535,interpolated,1.423,1,0,0.984,0.05018
human,plate11,flu-seqneut-2026-SCH-014,A/Tokyo/EIS11-277/2024_H1N1,plate11-A/Tokyo/EIS11-277/2024_H1N1,0.001245,interpolated,0.00128,0.00128,interpolated,4.009,0.9476,0,0.9883,0.04763
human,plate11,flu-seqneut-2026-SCH-014,A/Trieste/257/2025_H3N2,plate11-A/Trieste/257/2025_H3N2,0.003364,interpolated,0.003364,0.003364,interpolated,1.992,1,0,0.9942,0.03078
human,plate11,flu-seqneut-2026-SCH-014,A/Trieste/380/2026_H3N2,plate11-A/Trieste/380/2026_H3N2,0.002307,interpolated,0.002307,0.002307,interpolated,2.916,1,0,0.9965,0.02596
human,plate11,flu-seqneut-2026-SCH-014,A/Ukraine/5214/2026_H1N1,plate11-A/Ukraine/5214/2026_H1N1,0.001814,interpolated,0.001814,0.001814,interpolated,4.301,1,0,0.989,0.04723
human,plate11,flu-seqneut-2026-SCH-014,A/Uppsala/SE26-01293/2026_H1N1,plate11-A/Uppsala/SE26-01293/2026_H1N1,0.001484,interpolated,0.001525,0.001525,interpolated,2.189,0.9711,0,0.9886,0.04469
human,plate11,flu-seqneut-2026-SCH-014,A/Valencia/VAHNSI_09_02564/2025_H1N1,plate11-A/Valencia/VAHNSI_09_02564/2025_H1N1,0.001818,interpolated,0.001818,0.001818,interpolated,7.112,1,0,0.9992,0.01284
human,plate11,flu-seqneut-2026-SCH-014,A/Victoria/2948/2025_H3N2,plate11-A/Victoria/2948/2025_H3N2,0.002928,interpolated,0.003329,0.003329,interpolated,1.983,0.8876,0,0.9,0.1216
human,plate11,flu-seqneut-2026-SCH-014,A/Victoria/4897/2022_IVR-238_H1N1,plate11-A/Victoria/4897/2022_IVR-238_H1N1,0.0002224,interpolated,0.0002224,0.0002224,interpolated,2.83,1,0,0.998,0.01634
human,plate11,flu-seqneut-2026-SCH-014,A/Vietnam/F7324/2024_H3N2,plate11-A/Vietnam/F7324/2024_H3N2,0.0003625,interpolated,0.0003659,0.0003659,interpolated,2.053,0.9905,0,0.9847,0.0469
human,plate11,flu-seqneut-2026-SCH-014,A/Vietnam/PF125413/2025_H1N1,plate11-A/Vietnam/PF125413/2025_H1N1,0.001735,interpolated,0.001735,0.001735,interpolated,8.158,1,0,0.9973,0.02426
human,plate11,flu-seqneut-2026-SCH-014,A/Vietnam/PF126009/2026_H1N1,plate11-A/Vietnam/PF126009/2026_H1N1,0.003743,interpolated,0.003743,0.003743,interpolated,10,1,0,1,0.0008703
human,plate11,flu-seqneut-2026-SCH-014,A/Virginia/82/2025_H1N1,plate11-A/Virginia/82/2025_H1N1,0.00341,interpolated,0.003456,0.003456,interpolated,4.787,0.9688,0,0.9918,0.03953
human,plate11,flu-seqneut-2026-SCH-014,A/Wisconsin/588/2019_H1N1,plate11-A/Wisconsin/588/2019_H1N1,0.0009743,interpolated,0.00101,0.00101,interpolated,8.295,0.8723,0,0.9976,0.02002
human,plate11,flu-seqneut-2026-SCH-014,A/Wisconsin/67/2022_H1N1,plate11-A/Wisconsin/67/2022_H1N1,0.001456,interpolated,0.001456,0.001456,interpolated,1.919,1,0,0.9893,0.04436
human,plate11,flu-seqneut-2026-SCH-014,A/Zacapa/FLU-012/2025_H1N1,plate11-A/Zacapa/FLU-012/2025_H1N1,0.000941,interpolated,0.000941,0.000941,interpolated,4.274,1,0,0.9996,0.00953
human,plate11,flu-seqneut-2026-SCH-014,A/Zambia/6-NIC-014/2026_H1N1,plate11-A/Zambia/6-NIC-014/2026_H1N1,0.002411,interpolated,0.002446,0.002446,interpolated,2.571,0.9817,0,0.9906,0.04151
human,plate11,flu-seqneut-2026-SCH-014,A/Zambia/7-NIC-313/2026_H1N1,plate11-A/Zambia/7-NIC-313/2026_H1N1,0.001614,interpolated,0.001626,0.001626,interpolated,2.445,0.9912,0,0.999,0.01396
human,plate11,flu-seqneut-2026-SCH-015,A/Andalucia/PMC-00977/2025_H1N1,plate11-A/Andalucia/PMC-00977/2025_H1N1,0.01978,interpolated,0.01978,0.01978,interpolated,1.418,1,0,0.8909,0.06869
human,plate11,flu-seqneut-2026-SCH-015,A/Andalucia/PMC-01217/2025_H1N1,plate11-A/Andalucia/PMC-01217/2025_H1N1,0.0144,interpolated,0.0144,0.0144,interpolated,2.364,1,0,0.988,0.02895
human,plate11,flu-seqneut-2026-SCH-015,A/Andalucia/PMC-01495/2025_H1N1,plate11-A/Andalucia/PMC-01495/2025_H1N1,0.01865,interpolated,0.01865,0.01865,interpolated,3.192,1,0,0.9996,0.004439
human,plate11,flu-seqneut-2026-SCH-015,A/Arizona/40/2026_H1N1,plate11-A/Arizona/40/2026_H1N1,0.01424,interpolated,0.01424,0.01424,interpolated,1.892,1,0,0.9485,0.05795
human,plate11,flu-seqneut-2026-SCH-015,A/Astrakhan/RII-MH273373S/2025_H3N2,plate11-A/Astrakhan/RII-MH273373S/2025_H3N2,0.01788,interpolated,0.01878,0.01878,interpolated,3.166,0.9276,0,0.9084,0.06833
human,plate11,flu-seqneut-2026-SCH-015,A/Asturias/232590913/2025_H1N1,plate11-A/Asturias/232590913/2025_H1N1,0.02046,interpolated,0.02046,0.02046,interpolated,2.375,1,0,0.9968,0.0115
human,plate11,flu-seqneut-2026-SCH-015,A/Badajoz/18738342/2026_H3N2,plate11-A/Badajoz/18738342/2026_H3N2,0.009284,interpolated,0.009906,0.009906,interpolated,1.341,0.9583,0,0.8422,0.1147
human,plate11,flu-seqneut-2026-SCH-015,A/Badajoz/18811358/2026_H3N2,plate11-A/Badajoz/18811358/2026_H3N2,0.006758,interpolated,0.006758,0.006758,interpolated,2.252,1,0,0.9875,0.03841
human,plate11,flu-seqneut-2026-SCH-015,A/Badajoz/18813527/2026_H3N2,plate11-A/Badajoz/18813527/2026_H3N2,0.00754,interpolated,0.008242,0.008242,interpolated,1.079,0.9542,0,0.9071,0.08548
human,plate11,flu-seqneut-2026-SCH-015,A/Bangkok/P2390/2025_H3N2,plate11-A/Bangkok/P2390/2025_H3N2,0.01539,interpolated,0.0161,0.0161,interpolated,3.109,0.9344,0,0.9037,0.08168
human,plate11,flu-seqneut-2026-SCH-015,A/Bangkok/P2391/2025_H3N2,plate11-A/Bangkok/P2391/2025_H3N2,0.01158,interpolated,0.01376,0.01376,interpolated,1.873,0.8615,0,0.6858,0.1452
human,plate11,flu-seqneut-2026-SCH-015,A/Blaenavon/6687/2026_H3N2,plate11-A/Blaenavon/6687/2026_H3N2,0.01949,interpolated,0.02033,0.02033,interpolated,1.696,0.9654,0,0.7939,0.09638
human,plate11,flu-seqneut-2026-SCH-015,A/Bolivia/OR5702/2025_H3N2,plate11-A/Bolivia/OR5702/2025_H3N2,0.01082,interpolated,0.01125,0.01125,interpolated,1.508,0.9718,0,0.9735,0.04279
human,plate11,flu-seqneut-2026-SCH-015,A/BritishColumbia/RV00022-26/2025_H1N1,plate11-A/BritishColumbia/RV00022-26/2025_H1N1,0.01775,interpolated,0.01775,0.01775,interpolated,3.501,1,0,0.9998,0.003426
human,plate11,flu-seqneut-2026-SCH-015,A/BritishColumbia/RV00279-26/2025_H3N2,plate11-A/BritishColumbia/RV00279-26/2025_H3N2,0.005216,interpolated,0.006127,0.006127,interpolated,0.8018,0.9395,0,0.8836,0.08849
human,plate11,flu-seqneut-2026-SCH-015,A/BritishColumbia/RV01350-26/2026_H1N1,plate11-A/BritishColumbia/RV01350-26/2026_H1N1,0.01343,interpolated,0.01343,0.01343,interpolated,1.839,1,0,0.9242,0.07239
human,plate11,flu-seqneut-2026-SCH-015,A/BritishColumbia/RV05508-25/2025_H1N1,plate11-A/BritishColumbia/RV05508-25/2025_H1N1,0.01228,interpolated,0.01228,0.01228,interpolated,2.335,1,0,0.9702,0.04906
human,plate11,flu-seqneut-2026-SCH-015,A/California/GKISBBBH79910/2026_H3N2,plate11-A/California/GKISBBBH79910/2026_H3N2,0.01528,interpolated,0.01528,0.01528,interpolated,1.681,1,0,0.9105,0.0716
human,plate11,flu-seqneut-2026-SCH-015,A/California/NIRC-IS-1019/2026_H1N1,plate11-A/California/NIRC-IS-1019/2026_H1N1,0.025,lower,0.02501,0.025,lower,1.8,1,0,0.9847,0.0207
human,plate11,flu-seqneut-2026-SCH-015,A/California/NIRC-IS-1059/2026_H3N2,plate11-A/California/NIRC-IS-1059/2026_H3N2,0.007582,interpolated,0.009412,0.009412,interpolated,1.681,0.8476,0,0.8145,0.1191
human,plate11,flu-seqneut-2026-SCH-015,A/California/NIRC-IS-1067/2026_H3N2,plate11-A/California/NIRC-IS-1067/2026_H3N2,0.009688,interpolated,0.009725,0.009725,interpolated,1.961,0.9963,0,0.9794,0.04268
human,plate11,flu-seqneut-2026-SCH-015,A/California/NIRC-IS-1356/2025_H1N1,plate11-A/California/NIRC-IS-1356/2025_H1N1,0.01283,interpolated,0.01283,0.01283,interpolated,2.883,1,0,0.9918,0.02636
human,plate11,flu-seqneut-2026-SCH-015,A/Castellon/VAHNSI_02_02400/2025_H3N2,plate11-A/Castellon/VAHNSI_02_02400/2025_H3N2,0.007722,interpolated,0.007722,0.007722,interpolated,1.51,1,0,0.9625,0.05997
human,plate11,flu-seqneut-2026-SCH-015,A/Colombia/1851/2024_H3N2,plate11-A/Colombia/1851/2024_H3N2,0.009146,interpolated,0.009341,0.009341,interpolated,1.624,0.9831,0,0.9752,0.04536
human,plate11,flu-seqneut-2026-SCH-015,A/Colorado/218/2024_H1N1,plate11-A/Colorado/218/2024_H1N1,0.01369,interpolated,0.01413,0.01413,interpolated,2.87,0.9566,0,0.9169,0.07956
human,plate11,flu-seqneut-2026-SCH-015,A/Connecticut/5/2026_H3N2,plate11-A/Connecticut/5/2026_H3N2,0.0196,interpolated,0.02027,0.02027,interpolated,3.546,0.9441,0,0.8393,0.09211
human,plate11,flu-seqneut-2026-SCH-015,A/Croatia/10136RV/2023_H3N2,plate11-A/Croatia/10136RV/2023_H3N2,0.01516,interpolated,0.01734,0.01734,interpolated,1.567,0.9049,0,0.7693,0.1095
human,plate11,flu-seqneut-2026-SCH-015,A/Darwin/1415/2025_H3N2,plate11-A/Darwin/1415/2025_H3N2,0.01005,interpolated,0.0101,0.0101,interpolated,2.975,0.9928,0,0.9327,0.0787
human,plate11,flu-seqneut-2026-SCH-015,A/Darwin/1454/2025_H3N2,plate11-A/Darwin/1454/2025_H3N2,0.007186,interpolated,0.007671,0.007671,interpolated,1.503,0.9533,0,0.8472,0.1233
human,plate11,flu-seqneut-2026-SCH-015,A/Denmark/3940/2025_H3N2,plate11-A/Denmark/3940/2025_H3N2,0.006846,interpolated,0.007008,0.007008,interpolated,2.02,0.977,0,0.9914,0.03051
human,plate11,flu-seqneut-2026-SCH-015,A/Denmark/4547/2025_H1N1,plate11-A/Denmark/4547/2025_H1N1,0.01728,interpolated,0.01728,0.01728,interpolated,2.218,1,0,0.9909,0.02213
human,plate11,flu-seqneut-2026-SCH-015,A/Denmark/4774/2025_H1N1,plate11-A/Denmark/4774/2025_H1N1,0.02278,interpolated,0.02278,0.02278,interpolated,1.558,1,0,0.9973,0.009889
human,plate11,flu-seqneut-2026-SCH-015,A/District_Of_Columbia/27/2023_H3N2,plate11-A/District_Of_Columbia/27/2023_H3N2,0.01283,interpolated,0.01632,0.01632,interpolated,0.8628,0.9062,0,0.7644,0.1018
human,plate11,flu-seqneut-2026-SCH-015,A/Distrito_Federal/250106000728/2025_H3N2,plate11-A/Distrito_Federal/250106000728/2025_H3N2,0.01021,interpolated,0.01021,0.01021,interpolated,2.229,1,0,0.9461,0.06943
human,plate11,flu-seqneut-2026-SCH-015,A/England/1893256/2026_H1N1,plate11-A/England/1893256/2026_H1N1,0.02066,interpolated,0.02066,0.02066,interpolated,2.992,1,0,0.9996,0.004325
human,plate11,flu-seqneut-2026-SCH-015,A/Florida/ISC-1069/2026_H3N2,plate11-A/Florida/ISC-1069/2026_H3N2,0.01209,interpolated,0.01209,0.01209,interpolated,1.799,1,0,0.9877,0.03004
human,plate11,flu-seqneut-2026-SCH-015,A/France/ARA-HCL025195259501/2025_H1N1,plate11-A/France/ARA-HCL025195259501/2025_H1N1,0.01374,interpolated,0.01374,0.01374,interpolated,2.084,1,0,0.9666,0.04825
human,plate11,flu-seqneut-2026-SCH-015,A/France/ARA-HCL026031894402/2026_H3N2,plate11-A/France/ARA-HCL026031894402/2026_H3N2,0.02117,interpolated,0.02345,0.02345,interpolated,0.8,0.9607,0,0.6167,0.126
human,plate11,flu-seqneut-2026-SCH-015,A/France/GES-IPP00659/2026_H1N1,plate11-A/France/GES-IPP00659/2026_H1N1,0.0112,interpolated,0.0112,0.0112,interpolated,1.844,1,0,0.9843,0.03509
human,plate11,flu-seqneut-2026-SCH-015,A/France/GES-IPP01077/2026_H3N2,plate11-A/France/GES-IPP01077/2026_H3N2,0.006283,interpolated,0.006498,0.006498,interpolated,2.328,0.9623,0,0.9597,0.07057
human,plate11,flu-seqneut-2026-SCH-015,A/France/HDF-IPP01550/2026_H3N2,plate11-A/France/HDF-IPP01550/2026_H3N2,0.0117,interpolated,0.0117,0.0117,interpolated,1.843,1,0,0.9554,0.05836
human,plate11,flu-seqneut-2026-SCH-015,A/France/HDF-RELAB-IPP00300/2026_H3N2,plate11-A/France/HDF-RELAB-IPP00300/2026_H3N2,0.01273,interpolated,0.01322,0.01322,interpolated,2.073,0.962,0,0.9605,0.05106
human,plate11,flu-seqneut-2026-SCH-015,A/France/HDF-RELAB-IPP00303/2026_H3N2,plate11-A/France/HDF-RELAB-IPP00303/2026_H3N2,0.01007,interpolated,0.01007,0.01007,interpolated,2.822,1,0,0.9388,0.07518
human,plate11,flu-seqneut-2026-SCH-015,A/France/HDF-RELAB-IPP07969/2025_H1N1,plate11-A/France/HDF-RELAB-IPP07969/2025_H1N1,0.02103,interpolated,0.0215,0.0215,interpolated,1.662,0.9818,0,0.9599,0.03718
human,plate11,flu-seqneut-2026-SCH-015,A/France/NAQ-HCL026010957001/2026_H3N2,plate11-A/France/NAQ-HCL026010957001/2026_H3N2,0.009913,interpolated,0.01003,0.01003,interpolated,1.515,0.9912,0,0.9539,0.06352
human,plate11,flu-seqneut-2026-SCH-015,A/France/NAQ-HCL026046169102/2025_H1N1,plate11-A/France/NAQ-HCL026046169102/2025_H1N1,0.01358,interpolated,0.01458,0.01458,interpolated,1.647,0.945,0,0.7975,0.1094
human,plate11,flu-seqneut-2026-SCH-015,A/France/OCC-HCL026013263701/2026_H3N2,plate11-A/France/OCC-HCL026013263701/2026_H3N2,0.006162,interpolated,0.006229,0.006229,interpolated,1.447,0.9922,0,0.9803,0.04564
human,plate11,flu-seqneut-2026-SCH-015,A/France/PAC-RELAB-HCL026021993801/2026_H3N2,plate11-A/France/PAC-RELAB-HCL026021993801/2026_H3N2,0.009638,interpolated,0.009638,0.009638,interpolated,4.732,1,0,0.9884,0.03653
human,plate11,flu-seqneut-2026-SCH-015,A/Galicia/GA-CHUAC-451/2025_H3N2,plate11-A/Galicia/GA-CHUAC-451/2025_H3N2,0.025,lower,0.02717,0.025,lower,0.8451,1,0,0.7734,0.08989
human,plate11,flu-seqneut-2026-SCH-015,A/Galicia/GA-CHUAC-612/2025_H1N1,plate11-A/Galicia/GA-CHUAC-612/2025_H1N1,0.02004,interpolated,0.02004,0.02004,interpolated,3.188,1,0,1,0.0002651
human,plate11,flu-seqneut-2026-SCH-015,A/Germany/LRMC_0104/2025_H3N2,plate11-A/Germany/LRMC_0104/2025_H3N2,0.02127,interpolated,0.02213,0.02213,interpolated,0.8,0.9843,0,0.7401,0.09701
human,plate11,flu-seqneut-2026-SCH-015,A/Germany/LRMC_0113/2025_H3N2,plate11-A/Germany/LRMC_0113/2025_H3N2,0.01472,interpolated,0.01624,0.01624,interpolated,3.395,0.8583,0,0.7556,0.1319
human,plate11,flu-seqneut-2026-SCH-015,A/Hawaii/70/2019_H1N1,plate11-A/Hawaii/70/2019_H1N1,0.0156,interpolated,0.0156,0.0156,interpolated,1.74,1,0,0.9384,0.05963
human,plate11,flu-seqneut-2026-SCH-015,A/Hawaii/ISC-1140/2025_H1N1,plate11-A/Hawaii/ISC-1140/2025_H1N1,0.007923,interpolated,0.00802,0.00802,interpolated,1.563,0.9905,0,0.9851,0.03749
human,plate11,flu-seqneut-2026-SCH-015,A/Hessen/18/2026_H1N1,plate11-A/Hessen/18/2026_H1N1,0.02197,interpolated,0.02197,0.02197,interpolated,2.563,1,0,0.9986,0.007115
human,plate11,flu-seqneut-2026-SCH-015,A/Ireland/91576/2025_H3N2,plate11-A/Ireland/91576/2025_H3N2,0.01724,interpolated,0.01724,0.01724,interpolated,1.543,1,0,0.987,0.0246
human,plate11,flu-seqneut-2026-SCH-015,A/Kentucky/80/2025_H1N1,plate11-A/Kentucky/80/2025_H1N1,0.01728,interpolated,0.01728,0.01728,interpolated,2.053,1,0,0.9844,0.02857
human,plate11,flu-seqneut-2026-SCH-015,A/Lisboa/216/2023_H3N2,plate11-A/Lisboa/216/2023_H3N2,0.009484,interpolated,0.01007,0.01007,interpolated,0.8,0.9766,0,0.7317,0.1304
human,plate11,flu-seqneut-2026-SCH-015,A/Luxembourg/LNS9132577/2026_H3N2,plate11-A/Luxembourg/LNS9132577/2026_H3N2,0.01115,interpolated,0.01137,0.01137,interpolated,2.49,0.9759,0,0.9344,0.07381
human,plate11,flu-seqneut-2026-SCH-015,A/Maine/25/2026_H1N1,plate11-A/Maine/25/2026_H1N1,0.01738,interpolated,0.01738,0.01738,interpolated,2.092,1,0,0.9866,0.02652
human,plate11,flu-seqneut-2026-SCH-015,A/Malaysia/IMR/SARI/2406/2025_H3N2,plate11-A/Malaysia/IMR/SARI/2406/2025_H3N2,0.01022,interpolated,0.01033,0.01033,interpolated,4.444,0.9775,0,0.9785,0.0479
human,plate11,flu-seqneut-2026-SCH-015,A/Massachusetts/18/2022_H3N2,plate11-A/Massachusetts/18/2022_H3N2,0.009524,interpolated,0.01034,0.01034,interpolated,1.757,0.933,0,0.8647,0.1051
human,plate11,flu-seqneut-2026-SCH-015,A/Massachusetts/ISC-1856/2025_H3N2,plate11-A/Massachusetts/ISC-1856/2025_H3N2,0.007988,interpolated,0.00852,0.00852,interpolated,2.048,0.9382,0,0.9738,0.0503
human,plate11,flu-seqneut-2026-SCH-015,A/Mauritius/26000203/2026_H1N1,plate11-A/Mauritius/26000203/2026_H1N1,0.0158,interpolated,0.0158,0.0158,interpolated,2.935,1,0,0.9984,0.01049
human,plate11,flu-seqneut-2026-SCH-015,A/Michigan/8/2026_H3N2,plate11-A/Michigan/8/2026_H3N2,0.01387,interpolated,0.01387,0.01387,interpolated,1.294,1,0,0.8214,0.1067
human,plate11,flu-seqneut-2026-SCH-015,A/Michigan/UM-10068071276/2025_H3N2,plate11-A/Michigan/UM-10068071276/2025_H3N2,0.01225,interpolated,0.01298,0.01298,interpolated,1.295,0.9642,0,0.8673,0.09006
human,plate11,flu-seqneut-2026-SCH-015,A/Michigan/UM-10068134090/2025_H3N2,plate11-A/Michigan/UM-10068134090/2025_H3N2,0.005545,interpolated,0.005776,0.005776,interpolated,3.644,0.9309,0,0.9531,0.07856
human,plate11,flu-seqneut-2026-SCH-015,A/Michigan/UM-10068449788/2025_H3N2,plate11-A/Michigan/UM-10068449788/2025_H3N2,0.01594,interpolated,0.01642,0.01642,interpolated,2.538,0.9644,0,0.9573,0.05068
human,plate11,flu-seqneut-2026-SCH-015,A/Michigan/UM-10068456988/2025_H3N2,plate11-A/Michigan/UM-10068456988/2025_H3N2,0.025,lower,0.02797,0.025,lower,1.466,0.9558,0,0.7265,0.08782
human,plate11,flu-seqneut-2026-SCH-015,A/Michigan/UM-10068747355/2026_H3N2,plate11-A/Michigan/UM-10068747355/2026_H3N2,0.01303,interpolated,0.01303,0.01303,interpolated,1.881,1,0,0.9243,0.07362
human,plate11,flu-seqneut-2026-SCH-015,A/MinasGerais/410/2026_H1N1,plate11-A/MinasGerais/410/2026_H1N1,0.0246,interpolated,0.0246,0.0246,interpolated,2.234,1,0,0.9968,0.00947
human,plate11,flu-seqneut-2026-SCH-015,A/MinasGerais/671/2026_H1N1,plate11-A/MinasGerais/671/2026_H1N1,0.02191,interpolated,0.02191,0.02191,interpolated,1.997,1,0,0.9902,0.01864
human,plate11,flu-seqneut-2026-SCH-015,A/Mississippi/20/2026_H1N1,plate11-A/Mississippi/20/2026_H1N1,0.0139,interpolated,0.0139,0.0139,interpolated,1.641,1,0,0.878,0.08992
human,plate11,flu-seqneut-2026-SCH-015,A/Missouri/11/2025_egg_H1N1,plate11-A/Missouri/11/2025_egg_H1N1,0.02258,interpolated,0.02258,0.02258,interpolated,10,1,0,1,0.0002363
human,plate11,flu-seqneut-2026-SCH-015,A/Missouri/NIRC-AV-1003/2025_H3N2,plate11-A/Missouri/NIRC-AV-1003/2025_H3N2,0.005982,interpolated,0.005982,0.005982,interpolated,1.043,1,0,0.9143,0.09214
human,plate11,flu-seqneut-2026-SCH-015,A/Montana/51/2025_H3N2,plate11-A/Montana/51/2025_H3N2,0.006151,interpolated,0.006151,0.006151,interpolated,1.113,1,0,0.8549,0.1196
human,plate11,flu-seqneut-2026-SCH-015,A/NakhonPhanom/P495/2026_H3N2,plate11-A/NakhonPhanom/P495/2026_H3N2,0.0236,interpolated,0.02424,0.02424,interpolated,10,0.8829,0,0.6812,0.1152
human,plate11,flu-seqneut-2026-SCH-015,A/Navarra/260009/2025_H3N2,plate11-A/Navarra/260009/2025_H3N2,0.01002,interpolated,0.01028,0.01028,interpolated,2.534,0.9687,0,0.8628,0.1094
human,plate11,flu-seqneut-2026-SCH-015,A/Nebraska/34/2026_H1N1,plate11-A/Nebraska/34/2026_H1N1,0.02225,interpolated,0.02229,0.02229,interpolated,10,0.992,0,0.9944,0.01861
human,plate11,flu-seqneut-2026-SCH-015,A/Netherlands/10008/2026_H1N1,plate11-A/Netherlands/10008/2026_H1N1,0.02078,interpolated,0.02108,0.02108,interpolated,2.771,0.9805,0,0.9561,0.04222
human,plate11,flu-seqneut-2026-SCH-015,A/Netherlands/2398/2025_H1N1,plate11-A/Netherlands/2398/2025_H1N1,0.02029,interpolated,0.02029,0.02029,interpolated,2.415,1,0,0.9971,0.01102
human,plate11,flu-seqneut-2026-SCH-015,A/Netherlands/543/2026_H1N1,plate11-A/Netherlands/543/2026_H1N1,0.01912,interpolated,0.01912,0.01912,interpolated,1.507,1,0,0.9168,0.06082
human,plate11,flu-seqneut-2026-SCH-015,A/Netherlands/864/2026_H1N1,plate11-A/Netherlands/864/2026_H1N1,0.01881,interpolated,0.01881,0.01881,interpolated,2.47,1,0,0.9969,0.01225
human,plate11,flu-seqneut-2026-SCH-015,A/Netherlands/888/2026_H3N2,plate11-A/Netherlands/888/2026_H3N2,0.025,lower,0.02818,0.025,lower,1.97,1,0,0.9936,0.01166
human,plate11,flu-seqneut-2026-SCH-015,A/Netherlands/968/2026_H3N2,plate11-A/Netherlands/968/2026_H3N2,0.01392,interpolated,0.01433,0.01433,interpolated,1.648,0.9766,0,0.8672,0.09711
human,plate11,flu-seqneut-2026-SCH-015,A/NewBrunswick/NBPHLFLUA10B-MM00057R/2026_H1N1,plate11-A/NewBrunswick/NBPHLFLUA10B-MM00057R/2026_H1N1,0.01635,interpolated,0.01635,0.01635,interpolated,1.864,1,0,0.9651,0.04385
human,plate11,flu-seqneut-2026-SCH-015,A/NewYork/NIRC-IS-1086/2026_H3N2,plate11-A/NewYork/NIRC-IS-1086/2026_H3N2,0.006174,interpolated,0.006174,0.006174,interpolated,1.01,1,0,0.8896,0.103
human,plate11,flu-seqneut-2026-SCH-015,A/NordrheinWestfalen/54/2026_H3N2,plate11-A/NordrheinWestfalen/54/2026_H3N2,0.01219,interpolated,0.01219,0.01219,interpolated,1.376,1,0,0.9674,0.04537
human,plate11,flu-seqneut-2026-SCH-015,A/NordrheinWestfalen/96/2026_H1N1,plate11-A/NordrheinWestfalen/96/2026_H1N1,0.0195,interpolated,0.0195,0.0195,interpolated,1.751,1,0,0.9682,0.03681
human,plate11,flu-seqneut-2026-SCH-015,A/Norway/9556/2025_H1N1,plate11-A/Norway/9556/2025_H1N1,0.02106,interpolated,0.02106,0.02106,interpolated,2.77,1,0,0.9992,0.005738
human,plate11,flu-seqneut-2026-SCH-015,A/NovaScotia/25-365-06099/2025_H3N2,plate11-A/NovaScotia/25-365-06099/2025_H3N2,0.01101,interpolated,0.01101,0.01101,interpolated,1.754,1,0,0.9943,0.02158
human,plate11,flu-seqneut-2026-SCH-015,A/Ohio/259/2024_H1N1,plate11-A/Ohio/259/2024_H1N1,0.02433,interpolated,0.02433,0.02433,interpolated,10,1,0,1,0.0001118
human,plate11,flu-seqneut-2026-SCH-015,A/Ontario/PHL202550193/2025_H3N2,plate11-A/Ontario/PHL202550193/2025_H3N2,0.01126,interpolated,0.01166,0.01166,interpolated,0.8,0.9865,0,0.8677,0.07939
human,plate11,flu-seqneut-2026-SCH-015,A/Oregon/81/2025_H3N2,plate11-A/Oregon/81/2025_H3N2,0.009575,interpolated,0.009615,0.009615,interpolated,2.94,0.9939,0,0.897,0.09646
human,plate11,flu-seqneut-2026-SCH-015,A/PaisVasco/70369726/2026_H1N1,plate11-A/PaisVasco/70369726/2026_H1N1,0.01257,interpolated,0.01257,0.01257,interpolated,2.259,1,0,0.9682,0.04956
human,plate11,flu-seqneut-2026-SCH-015,A/Parana/416133590/2026_H3N2,plate11-A/Parana/416133590/2026_H3N2,0.01958,interpolated,0.02049,0.02049,interpolated,3.263,0.9309,0,0.8967,0.06817
human,plate11,flu-seqneut-2026-SCH-015,A/Peru/ANC-INS-062/2026_H3N2,plate11-A/Peru/ANC-INS-062/2026_H3N2,0.01442,interpolated,0.01566,0.01566,interpolated,1.021,0.9597,0,0.611,0.1532
human,plate11,flu-seqneut-2026-SCH-015,A/Rhode_Island/11/2026_H1N1,plate11-A/Rhode_Island/11/2026_H1N1,0.01485,interpolated,0.01485,0.01485,interpolated,2.223,1,0,0.9842,0.03225
human,plate11,flu-seqneut-2026-SCH-015,A/RiodeJaneiro/331/2026_H3N2,plate11-A/RiodeJaneiro/331/2026_H3N2,0.009344,interpolated,0.009632,0.009632,interpolated,6.134,0.9149,0,0.9356,0.0791
human,plate11,flu-seqneut-2026-SCH-015,A/Romania/612042/2026_H3N2,plate11-A/Romania/612042/2026_H3N2,0.01257,interpolated,0.01257,0.01257,interpolated,1.779,1,0,0.9191,0.07641
human,plate11,flu-seqneut-2026-SCH-015,A/SantaCatarina/508/2026_H3N2,plate11-A/SantaCatarina/508/2026_H3N2,0.01421,interpolated,0.01421,0.01421,interpolated,1.748,1,0,0.9453,0.05859
human,plate11,flu-seqneut-2026-SCH-015,A/Saskatchewan/SKFLU477299/2025_H3N2,plate11-A/Saskatchewan/SKFLU477299/2025_H3N2,0.01509,interpolated,0.01509,0.01509,interpolated,1.031,1,0,0.9839,0.02755
human,plate11,flu-seqneut-2026-SCH-015,A/Saskatchewan/SKFLU477727/2025_H3N2,plate11-A/Saskatchewan/SKFLU477727/2025_H3N2,0.008243,interpolated,0.008424,0.008424,interpolated,2.352,0.9751,0,0.9732,0.05362
human,plate11,flu-seqneut-2026-SCH-015,A/Saskatchewan/SKFLU490586/2026_H1N1,plate11-A/Saskatchewan/SKFLU490586/2026_H1N1,0.01077,interpolated,0.01088,0.01088,interpolated,2.744,0.9859,0,0.9728,0.04965
human,plate11,flu-seqneut-2026-SCH-015,A/Singapore/GP20238/2024_H3N2,plate11-A/Singapore/GP20238/2024_H3N2,0.01274,interpolated,0.01286,0.01286,interpolated,1.603,0.9928,0,0.9786,0.03699
human,plate11,flu-seqneut-2026-SCH-015,A/Singapore/KK2768/2025_H1N1,plate11-A/Singapore/KK2768/2025_H1N1,0.01316,interpolated,0.01317,0.01317,interpolated,2.255,0.9987,0,0.9718,0.04568
human,plate11,flu-seqneut-2026-SCH-015,A/Singapore/MOH0547/2024_H1N1,plate11-A/Singapore/MOH0547/2024_H1N1,0.02296,interpolated,0.02296,0.02296,interpolated,10,1,0,1,0.0001998
human,plate11,flu-seqneut-2026-SCH-015,A/Singapore/NTF0577/2025_H3N2,plate11-A/Singapore/NTF0577/2025_H3N2,0.02144,interpolated,0.02161,0.02161,interpolated,10,0.9615,0,0.9431,0.06334
human,plate11,flu-seqneut-2026-SCH-015,A/Singapore/SAR8915/2025_H3N2,plate11-A/Singapore/SAR8915/2025_H3N2,0.01501,interpolated,0.01507,0.01507,interpolated,2.746,0.9945,0,0.9897,0.02677
human,plate11,flu-seqneut-2026-SCH-015,A/SouthAfrica/NHLS-SU-CERI-C075557/2026_H1N1,plate11-A/SouthAfrica/NHLS-SU-CERI-C075557/2026_H1N1,0.01551,interpolated,0.0157,0.0157,interpolated,3.841,0.9769,0,0.9691,0.04944
human,plate11,flu-seqneut-2026-SCH-015,A/SouthAfrica/NICD-R01647/2026_H1N1,plate11-A/SouthAfrica/NICD-R01647/2026_H1N1,0.0153,interpolated,0.0153,0.0153,interpolated,2.207,1,0,0.9853,0.03051
human,plate11,flu-seqneut-2026-SCH-015,A/SouthAfrica/NICD-R01668/2026_H1N1,plate11-A/SouthAfrica/NICD-R01668/2026_H1N1,0.01169,interpolated,0.01169,0.01169,interpolated,2.289,1,0,0.9551,0.06107
human,plate11,flu-seqneut-2026-SCH-015,A/SouthAfrica/PATH-CERI-C073358/2025_H1N1,plate11-A/SouthAfrica/PATH-CERI-C073358/2025_H1N1,0.01706,interpolated,0.01706,0.01706,interpolated,2.63,1,0,0.9973,0.01259
human,plate11,flu-seqneut-2026-SCH-015,A/SouthAfrica/PATH-CERI-C073366/2025_H1N1,plate11-A/SouthAfrica/PATH-CERI-C073366/2025_H1N1,0.025,lower,0.2463,0.025,lower,0.8,0.9892,0,0.1069,0.1184
human,plate11,flu-seqneut-2026-SCH-015,A/SouthAfrica/PATH-CERI-C075119/2026_H1N1,plate11-A/SouthAfrica/PATH-CERI-C075119/2026_H1N1,0.01204,interpolated,0.01204,0.01204,interpolated,2.438,1,0,0.9747,0.0457
human,plate11,flu-seqneut-2026-SCH-015,A/SouthAustralia/2605715552/2026_H3N2,plate11-A/SouthAustralia/2605715552/2026_H3N2,0.01234,interpolated,0.01244,0.01244,interpolated,1.691,0.9932,0,0.8869,0.09063
human,plate11,flu-seqneut-2026-SCH-015,A/SouthCarolina/USAFSAM-17046/2026_H3N2,plate11-A/SouthCarolina/USAFSAM-17046/2026_H3N2,0.005768,interpolated,0.005768,0.005768,interpolated,1.199,1,0,0.9762,0.04878
human,plate11,flu-seqneut-2026-SCH-015,A/South_Australia/2523812314/2025_H3N2,plate11-A/South_Australia/2523812314/2025_H3N2,0.009938,interpolated,0.01083,0.01083,interpolated,1.956,0.9228,0,0.9229,0.07594
human,plate11,flu-seqneut-2026-SCH-015,A/StPetersburg/RII-25-2042S/2025_H3N2,plate11-A/StPetersburg/RII-25-2042S/2025_H3N2,0.0117,interpolated,0.0117,0.0117,interpolated,1.698,1,0,0.976,0.04158
human,plate11,flu-seqneut-2026-SCH-015,A/StPetersburg/RII-25-2321S/2025_H3N2,plate11-A/StPetersburg/RII-25-2321S/2025_H3N2,0.004558,interpolated,0.004958,0.004958,interpolated,2.044,0.921,0,0.9067,0.103
human,plate11,flu-seqneut-2026-SCH-015,A/StPetersburg/RII-25-2506S/2026_H3N2,plate11-A/StPetersburg/RII-25-2506S/2026_H3N2,0.02488,interpolated,0.02522,0.025,lower,0.8,0.9947,0,0.9153,0.04923
human,plate11,flu-seqneut-2026-SCH-015,A/StPetersburg/RII-25-2600S/2026_H3N2,plate11-A/StPetersburg/RII-25-2600S/2026_H3N2,0.006638,interpolated,0.006638,0.006638,interpolated,1.04,1,0,0.9265,0.07804
human,plate11,flu-seqneut-2026-SCH-015,A/Switzerland/UN-SNRCI-HUG-053/2025_H1N1,plate11-A/Switzerland/UN-SNRCI-HUG-053/2025_H1N1,0.01739,interpolated,0.01739,0.01739,interpolated,2.753,1,0,0.9983,0.01007
human,plate11,flu-seqneut-2026-SCH-015,A/Sydney/1359/2024_H3N2,plate11-A/Sydney/1359/2024_H3N2,0.01175,interpolated,0.01228,0.01228,interpolated,1.769,0.9623,0,0.9294,0.0707
human,plate11,flu-seqneut-2026-SCH-015,A/Sydney/50/2026_H1N1,plate11-A/Sydney/50/2026_H1N1,0.02311,interpolated,0.02311,0.02311,interpolated,2.207,1,0,0.9936,0.01429
human,plate11,flu-seqneut-2026-SCH-015,A/Texas/29/2026_H1N1,plate11-A/Texas/29/2026_H1N1,0.01544,interpolated,0.01566,0.01566,interpolated,1.676,0.9879,0,0.9297,0.06164
human,plate11,flu-seqneut-2026-SCH-015,A/Thailand/8/2022_H3N2,plate11-A/Thailand/8/2022_H3N2,0.009825,interpolated,0.009926,0.009926,interpolated,1.598,0.9919,0,0.9555,0.06184
human,plate11,flu-seqneut-2026-SCH-015,A/Thuringen/16/2026_H3N2,plate11-A/Thuringen/16/2026_H3N2,0.0118,interpolated,0.01195,0.01195,interpolated,1.539,0.9904,0,0.9468,0.06007
human,plate11,flu-seqneut-2026-SCH-015,A/Thuringen/39/2026_H3N2,plate11-A/Thuringen/39/2026_H3N2,0.01912,interpolated,0.01912,0.01912,interpolated,0.9012,1,0,0.6954,0.1284
human,plate11,flu-seqneut-2026-SCH-015,A/Tokyo/EIS11-277/2024_H1N1,plate11-A/Tokyo/EIS11-277/2024_H1N1,0.01557,interpolated,0.01577,0.01577,interpolated,2.914,0.9812,0,0.9682,0.0462
human,plate11,flu-seqneut-2026-SCH-015,A/Trieste/257/2025_H3N2,plate11-A/Trieste/257/2025_H3N2,0.02053,interpolated,0.02053,0.02053,interpolated,1.634,1,0,0.9563,0.04158
human,plate11,flu-seqneut-2026-SCH-015,A/Trieste/380/2026_H3N2,plate11-A/Trieste/380/2026_H3N2,0.02332,interpolated,0.02332,0.02332,interpolated,0.8998,1,0,0.8127,0.08205
human,plate11,flu-seqneut-2026-SCH-015,A/Ukraine/5214/2026_H1N1,plate11-A/Ukraine/5214/2026_H1N1,0.025,lower,0.03684,0.025,lower,1.091,1,0,0.8137,0.06454
human,plate11,flu-seqneut-2026-SCH-015,A/Uppsala/SE26-01293/2026_H1N1,plate11-A/Uppsala/SE26-01293/2026_H1N1,0.02203,interpolated,0.02203,0.02203,interpolated,1.681,1,0,0.968,0.03345
human,plate11,flu-seqneut-2026-SCH-015,A/Valencia/VAHNSI_09_02564/2025_H1N1,plate11-A/Valencia/VAHNSI_09_02564/2025_H1N1,0.02393,interpolated,0.02393,0.02393,interpolated,1.699,1,0,0.9752,0.02758
human,plate11,flu-seqneut-2026-SCH-015,A/Victoria/2948/2025_H3N2,plate11-A/Victoria/2948/2025_H3N2,0.005347,interpolated,0.005365,0.005365,interpolated,1.148,0.9981,0,0.9694,0.05606
human,plate11,flu-seqneut-2026-SCH-015,A/Victoria/4897/2022_IVR-238_H1N1,plate11-A/Victoria/4897/2022_IVR-238_H1N1,0.02093,interpolated,0.02093,0.02093,interpolated,3.867,1,0,1,0.001114
human,plate11,flu-seqneut-2026-SCH-015,A/Vietnam/F7324/2024_H3N2,plate11-A/Vietnam/F7324/2024_H3N2,0.0104,interpolated,0.01043,0.01043,interpolated,1.761,0.9974,0,0.9903,0.02825
human,plate11,flu-seqneut-2026-SCH-015,A/Vietnam/PF125413/2025_H1N1,plate11-A/Vietnam/PF125413/2025_H1N1,0.01857,interpolated,0.01857,0.01857,interpolated,4.113,1,0,1,0.001263
human,plate11,flu-seqneut-2026-SCH-015,A/Vietnam/PF126009/2026_H1N1,plate11-A/Vietnam/PF126009/2026_H1N1,0.01612,interpolated,0.01612,0.01612,interpolated,2.191,1,0,0.9873,0.02734
human,plate11,flu-seqneut-2026-SCH-015,A/Virginia/82/2025_H1N1,plate11-A/Virginia/82/2025_H1N1,0.02008,interpolated,0.02015,0.02015,interpolated,2.932,0.9952,0,0.9969,0.01191
human,plate11,flu-seqneut-2026-SCH-015,A/Wisconsin/588/2019_H1N1,plate11-A/Wisconsin/588/2019_H1N1,0.02426,interpolated,0.02426,0.02426,interpolated,10,1,0,1,0.0001152
human,plate11,flu-seqneut-2026-SCH-015,A/Wisconsin/67/2022_H1N1,plate11-A/Wisconsin/67/2022_H1N1,0.02001,interpolated,0.02006,0.02006,interpolated,10,0.9881,0,0.9909,0.02812
human,plate11,flu-seqneut-2026-SCH-015,A/Zacapa/FLU-012/2025_H1N1,plate11-A/Zacapa/FLU-012/2025_H1N1,0.025,lower,0.02727,0.025,lower,9.967,1,0,1,3.692e-05
human,plate11,flu-seqneut-2026-SCH-015,A/Zambia/6-NIC-014/2026_H1N1,plate11-A/Zambia/6-NIC-014/2026_H1N1,0.01397,interpolated,0.01397,0.01397,interpolated,2.629,1,0,0.9933,0.02248
human,plate11,flu-seqneut-2026-SCH-015,A/Zambia/7-NIC-313/2026_H1N1,plate11-A/Zambia/7-NIC-313/2026_H1N1,0.01174,interpolated,0.01224,0.01224,interpolated,1.967,0.9606,0,0.8825,0.09263
human,plate11,flu-seqneut-2026-SCH-016,A/Andalucia/PMC-00977/2025_H1N1,plate11-A/Andalucia/PMC-00977/2025_H1N1,0.001114,interpolated,0.00118,0.00118,interpolated,1.873,0.9495,0,0.9909,0.03784
human,plate11,flu-seqneut-2026-SCH-016,A/Andalucia/PMC-01217/2025_H1N1,plate11-A/Andalucia/PMC-01217/2025_H1N1,0.0009985,interpolated,0.0009985,0.0009985,interpolated,2.643,1,0,0.9934,0.0361
human,plate11,flu-seqneut-2026-SCH-016,A/Andalucia/PMC-01495/2025_H1N1,plate11-A/Andalucia/PMC-01495/2025_H1N1,0.0009109,interpolated,0.0009109,0.0009109,interpolated,2.559,1,0,0.9894,0.04507
human,plate11,flu-seqneut-2026-SCH-016,A/Arizona/40/2026_H1N1,plate11-A/Arizona/40/2026_H1N1,0.001058,interpolated,0.001099,0.001099,interpolated,3.996,0.9302,0,0.9922,0.03783
human,plate11,flu-seqneut-2026-SCH-016,A/Astrakhan/RII-MH273373S/2025_H3N2,plate11-A/Astrakhan/RII-MH273373S/2025_H3N2,0.004853,interpolated,0.005592,0.005592,interpolated,2.122,0.8702,0,0.8895,0.1079
human,plate11,flu-seqneut-2026-SCH-016,A/Asturias/232590913/2025_H1N1,plate11-A/Asturias/232590913/2025_H1N1,0.001094,interpolated,0.001101,0.001101,interpolated,3.046,0.9902,0,0.9992,0.01286
human,plate11,flu-seqneut-2026-SCH-016,A/Badajoz/18738342/2026_H3N2,plate11-A/Badajoz/18738342/2026_H3N2,0.008107,interpolated,0.008335,0.008335,interpolated,4.597,0.9401,0,0.9236,0.09877
human,plate11,flu-seqneut-2026-SCH-016,A/Badajoz/18811358/2026_H3N2,plate11-A/Badajoz/18811358/2026_H3N2,0.004717,interpolated,0.004717,0.004717,interpolated,1.477,1,0,0.9365,0.08454
human,plate11,flu-seqneut-2026-SCH-016,A/Badajoz/18813527/2026_H3N2,plate11-A/Badajoz/18813527/2026_H3N2,0.004784,interpolated,0.004784,0.004784,interpolated,0.9596,1,0,0.9762,0.04564
human,plate11,flu-seqneut-2026-SCH-016,A/Bangkok/P2390/2025_H3N2,plate11-A/Bangkok/P2390/2025_H3N2,0.003219,interpolated,0.003219,0.003219,interpolated,0.8035,1,0,0.9038,0.09435
human,plate11,flu-seqneut-2026-SCH-016,A/Bangkok/P2391/2025_H3N2,plate11-A/Bangkok/P2391/2025_H3N2,0.004939,interpolated,0.005199,0.005199,interpolated,1.976,0.9517,0,0.8354,0.1416
human,plate11,flu-seqneut-2026-SCH-016,A/Blaenavon/6687/2026_H3N2,plate11-A/Blaenavon/6687/2026_H3N2,0.01027,interpolated,0.01027,0.01027,interpolated,0.8,1,0,0.7038,0.1389
human,plate11,flu-seqneut-2026-SCH-016,A/Bolivia/OR5702/2025_H3N2,plate11-A/Bolivia/OR5702/2025_H3N2,0.0087,interpolated,0.009115,0.009115,interpolated,2.993,0.9348,0,0.9767,0.04827
human,plate11,flu-seqneut-2026-SCH-016,A/BritishColumbia/RV00022-26/2025_H1N1,plate11-A/BritishColumbia/RV00022-26/2025_H1N1,0.001175,interpolated,0.001191,0.001191,interpolated,2.515,0.9826,0,0.9964,0.02594
human,plate11,flu-seqneut-2026-SCH-016,A/BritishColumbia/RV00279-26/2025_H3N2,plate11-A/BritishColumbia/RV00279-26/2025_H3N2,0.002181,interpolated,0.002493,0.002493,interpolated,0.8,0.9492,0,0.9112,0.07947
human,plate11,flu-seqneut-2026-SCH-016,A/BritishColumbia/RV01350-26/2026_H1N1,plate11-A/BritishColumbia/RV01350-26/2026_H1N1,0.0009763,interpolated,0.0009763,0.0009763,interpolated,1.508,1,0,0.9785,0.05931
human,plate11,flu-seqneut-2026-SCH-016,A/BritishColumbia/RV05508-25/2025_H1N1,plate11-A/BritishColumbia/RV05508-25/2025_H1N1,0.00256,interpolated,0.002595,0.002595,interpolated,3.565,0.9767,0,0.9975,0.02198
human,plate11,flu-seqneut-2026-SCH-016,A/California/GKISBBBH79910/2026_H3N2,plate11-A/California/GKISBBBH79910/2026_H3N2,0.006725,interpolated,0.006725,0.006725,interpolated,1.551,1,0,0.9451,0.07764
human,plate11,flu-seqneut-2026-SCH-016,A/California/NIRC-IS-1019/2026_H1N1,plate11-A/California/NIRC-IS-1019/2026_H1N1,0.001088,interpolated,0.001088,0.001088,interpolated,1.946,1,0,0.9861,0.05045
human,plate11,flu-seqneut-2026-SCH-016,A/California/NIRC-IS-1059/2026_H3N2,plate11-A/California/NIRC-IS-1059/2026_H3N2,0.003778,interpolated,0.003778,0.003778,interpolated,1.486,1,0,0.9452,0.08067
human,plate11,flu-seqneut-2026-SCH-016,A/California/NIRC-IS-1067/2026_H3N2,plate11-A/California/NIRC-IS-1067/2026_H3N2,0.003785,interpolated,0.003785,0.003785,interpolated,0.9617,1,0,0.9511,0.07095
human,plate11,flu-seqneut-2026-SCH-016,A/California/NIRC-IS-1356/2025_H1N1,plate11-A/California/NIRC-IS-1356/2025_H1N1,0.001222,interpolated,0.001222,0.001222,interpolated,2.588,1,0,0.9983,0.01817
human,plate11,flu-seqneut-2026-SCH-016,A/Castellon/VAHNSI_02_02400/2025_H3N2,plate11-A/Castellon/VAHNSI_02_02400/2025_H3N2,0.00252,interpolated,0.00252,0.00252,interpolated,1.222,1,0,0.9798,0.05148
human,plate11,flu-seqneut-2026-SCH-016,A/Colombia/1851/2024_H3N2,plate11-A/Colombia/1851/2024_H3N2,0.0044,interpolated,0.0044,0.0044,interpolated,1.04,1,0,0.934,0.0833
human,plate11,flu-seqneut-2026-SCH-016,A/Colorado/218/2024_H1N1,plate11-A/Colorado/218/2024_H1N1,0.0006031,interpolated,0.0006921,0.0006921,interpolated,1.984,0.8805,0,0.9531,0.07943
human,plate11,flu-seqneut-2026-SCH-016,A/Connecticut/5/2026_H3N2,plate11-A/Connecticut/5/2026_H3N2,0.005367,interpolated,0.005739,0.005739,interpolated,2.268,0.9294,0,0.9391,0.08308
human,plate11,flu-seqneut-2026-SCH-016,A/Darwin/1415/2025_H3N2,plate11-A/Darwin/1415/2025_H3N2,0.006633,interpolated,0.007254,0.007254,interpolated,0.8,0.9655,0,0.8249,0.1071
human,plate11,flu-seqneut-2026-SCH-016,A/Darwin/1454/2025_H3N2,plate11-A/Darwin/1454/2025_H3N2,0.00247,interpolated,0.00247,0.00247,interpolated,1.091,1,0,0.9612,0.07056
human,plate11,flu-seqneut-2026-SCH-016,A/Denmark/3940/2025_H3N2,plate11-A/Denmark/3940/2025_H3N2,0.004255,interpolated,0.004255,0.004255,interpolated,0.8987,1,0,0.9445,0.07195
human,plate11,flu-seqneut-2026-SCH-016,A/Denmark/4547/2025_H1N1,plate11-A/Denmark/4547/2025_H1N1,0.001033,interpolated,0.001033,0.001033,interpolated,2.69,1,0,0.9955,0.02972
human,plate11,flu-seqneut-2026-SCH-016,A/Denmark/4774/2025_H1N1,plate11-A/Denmark/4774/2025_H1N1,0.003733,interpolated,0.003733,0.003733,interpolated,7.841,1,0,1,0.001378
human,plate11,flu-seqneut-2026-SCH-016,A/District_Of_Columbia/27/2023_H3N2,plate11-A/District_Of_Columbia/27/2023_H3N2,0.003044,interpolated,0.003873,0.003873,interpolated,1.676,0.834,0,0.7479,0.1585
human,plate11,flu-seqneut-2026-SCH-016,A/Distrito_Federal/250106000728/2025_H3N2,plate11-A/Distrito_Federal/250106000728/2025_H3N2,0.003292,interpolated,0.003855,0.003855,interpolated,0.8019,0.9405,0,0.9066,0.0828
human,plate11,flu-seqneut-2026-SCH-016,A/England/1893256/2026_H1N1,plate11-A/England/1893256/2026_H1N1,0.001112,interpolated,0.001112,0.001112,interpolated,2.663,1,0,0.9966,0.02621
human,plate11,flu-seqneut-2026-SCH-016,A/Florida/ISC-1069/2026_H3N2,plate11-A/Florida/ISC-1069/2026_H3N2,0.004556,interpolated,0.004556,0.004556,interpolated,2.123,1,0,0.9416,0.08557
human,plate11,flu-seqneut-2026-SCH-016,A/France/ARA-HCL025195259501/2025_H1N1,plate11-A/France/ARA-HCL025195259501/2025_H1N1,0.001138,interpolated,0.001168,0.001168,interpolated,2.925,0.963,0,0.9904,0.04251
human,plate11,flu-seqneut-2026-SCH-016,A/France/ARA-HCL026031894402/2026_H3N2,plate11-A/France/ARA-HCL026031894402/2026_H3N2,0.00505,interpolated,0.005453,0.005453,interpolated,0.969,0.9642,0,0.8109,0.1241
human,plate11,flu-seqneut-2026-SCH-016,A/France/GES-IPP00659/2026_H1N1,plate11-A/France/GES-IPP00659/2026_H1N1,0.0009927,interpolated,0.001009,0.001009,interpolated,2.853,0.9769,0,0.9942,0.03329
human,plate11,flu-seqneut-2026-SCH-016,A/France/GES-IPP01077/2026_H3N2,plate11-A/France/GES-IPP01077/2026_H3N2,0.02053,interpolated,0.02118,0.02118,interpolated,10,0.8666,0,0.7361,0.1444
human,plate11,flu-seqneut-2026-SCH-016,A/France/HDF-IPP01550/2026_H3N2,plate11-A/France/HDF-IPP01550/2026_H3N2,0.007423,interpolated,0.007972,0.007972,interpolated,1.063,0.9635,0,0.9744,0.04156
human,plate11,flu-seqneut-2026-SCH-016,A/France/HDF-RELAB-IPP00300/2026_H3N2,plate11-A/France/HDF-RELAB-IPP00300/2026_H3N2,0.008343,interpolated,0.008343,0.008343,interpolated,0.9905,1,0,0.7577,0.1455
human,plate11,flu-seqneut-2026-SCH-016,A/France/HDF-RELAB-IPP00303/2026_H3N2,plate11-A/France/HDF-RELAB-IPP00303/2026_H3N2,0.005359,interpolated,0.005359,0.005359,interpolated,0.8,1,0,0.9044,0.08487
human,plate11,flu-seqneut-2026-SCH-016,A/France/HDF-RELAB-IPP07969/2025_H1N1,plate11-A/France/HDF-RELAB-IPP07969/2025_H1N1,0.002185,interpolated,0.002273,0.002273,interpolated,2.178,0.9587,0,0.9496,0.09515
human,plate11,flu-seqneut-2026-SCH-016,A/France/NAQ-HCL026010957001/2026_H3N2,plate11-A/France/NAQ-HCL026010957001/2026_H3N2,0.004536,interpolated,0.004536,0.004536,interpolated,1.037,1,0,0.8654,0.1199
human,plate11,flu-seqneut-2026-SCH-016,A/France/NAQ-HCL026046169102/2025_H1N1,plate11-A/France/NAQ-HCL026046169102/2025_H1N1,0.001109,interpolated,0.001109,0.001109,interpolated,1.715,1,0,0.9452,0.101
human,plate11,flu-seqneut-2026-SCH-016,A/France/OCC-HCL026013263701/2026_H3N2,plate11-A/France/OCC-HCL026013263701/2026_H3N2,0.00242,interpolated,0.003587,0.003587,interpolated,1.503,0.7767,0,0.8778,0.1003
human,plate11,flu-seqneut-2026-SCH-016,A/France/PAC-RELAB-HCL026021993801/2026_H3N2,plate11-A/France/PAC-RELAB-HCL026021993801/2026_H3N2,0.003985,interpolated,0.003985,0.003985,interpolated,1.135,1,0,0.9161,0.09912
human,plate11,flu-seqneut-2026-SCH-016,A/Galicia/GA-CHUAC-451/2025_H3N2,plate11-A/Galicia/GA-CHUAC-451/2025_H3N2,0.01261,interpolated,0.01331,0.01331,interpolated,1.677,0.9564,0,0.7538,0.14
human,plate11,flu-seqneut-2026-SCH-016,A/Galicia/GA-CHUAC-612/2025_H1N1,plate11-A/Galicia/GA-CHUAC-612/2025_H1N1,0.001046,interpolated,0.001079,0.001079,interpolated,2.361,0.9645,0,0.9806,0.05911
human,plate11,flu-seqneut-2026-SCH-016,A/Germany/LRMC_0104/2025_H3N2,plate11-A/Germany/LRMC_0104/2025_H3N2,0.004193,interpolated,0.004543,0.004543,interpolated,1.328,0.9495,0,0.9223,0.0886
human,plate11,flu-seqneut-2026-SCH-016,A/Germany/LRMC_0113/2025_H3N2,plate11-A/Germany/LRMC_0113/2025_H3N2,0.005423,interpolated,0.005423,0.005423,interpolated,0.8055,1,0,0.9371,0.06845
human,plate11,flu-seqneut-2026-SCH-016,A/Hawaii/70/2019_H1N1,plate11-A/Hawaii/70/2019_H1N1,0.005578,interpolated,0.005578,0.005578,interpolated,1.533,1,0,0.8471,0.1473
human,plate11,flu-seqneut-2026-SCH-016,A/Hawaii/ISC-1140/2025_H1N1,plate11-A/Hawaii/ISC-1140/2025_H1N1,0.0004864,interpolated,0.0004864,0.0004864,interpolated,1.314,1,0,0.9813,0.04871
human,plate11,flu-seqneut-2026-SCH-016,A/Hessen/18/2026_H1N1,plate11-A/Hessen/18/2026_H1N1,0.001239,interpolated,0.001239,0.001239,interpolated,2.624,1,0,0.9992,0.01237
human,plate11,flu-seqneut-2026-SCH-016,A/Ireland/91576/2025_H3N2,plate11-A/Ireland/91576/2025_H3N2,0.01188,interpolated,0.01314,0.01314,interpolated,1.789,0.9173,0,0.8133,0.1187
human,plate11,flu-seqneut-2026-SCH-016,A/Kentucky/80/2025_H1N1,plate11-A/Kentucky/80/2025_H1N1,0.001982,interpolated,0.001982,0.001982,interpolated,1.614,1,0,0.9797,0.0584
human,plate11,flu-seqneut-2026-SCH-016,A/Lisboa/216/2023_H3N2,plate11-A/Lisboa/216/2023_H3N2,0.004678,interpolated,0.007291,0.007291,interpolated,3.262,0.6175,0,0.5375,0.1844
human,plate11,flu-seqneut-2026-SCH-016,A/Luxembourg/LNS9132577/2026_H3N2,plate11-A/Luxembourg/LNS9132577/2026_H3N2,0.005486,interpolated,0.005486,0.005486,interpolated,1.025,1,0,0.9747,0.04686
human,plate11,flu-seqneut-2026-SCH-016,A/Maine/25/2026_H1N1,plate11-A/Maine/25/2026_H1N1,0.001047,interpolated,0.001047,0.001047,interpolated,2.568,1,0,0.9999,0.004086
human,plate11,flu-seqneut-2026-SCH-016,A/Malaysia/IMR/SARI/2406/2025_H3N2,plate11-A/Malaysia/IMR/SARI/2406/2025_H3N2,0.003088,interpolated,0.003088,0.003088,interpolated,1.459,1,0,0.9176,0.1068
human,plate11,flu-seqneut-2026-SCH-016,A/Massachusetts/18/2022_H3N2,plate11-A/Massachusetts/18/2022_H3N2,0.007673,interpolated,0.007766,0.007766,interpolated,1.401,0.9916,0,0.9162,0.09114
human,plate11,flu-seqneut-2026-SCH-016,A/Massachusetts/ISC-1856/2025_H3N2,plate11-A/Massachusetts/ISC-1856/2025_H3N2,0.004788,interpolated,0.005149,0.005149,interpolated,1.081,0.9623,0,0.9475,0.0686
human,plate11,flu-seqneut-2026-SCH-016,A/Mauritius/26000203/2026_H1N1,plate11-A/Mauritius/26000203/2026_H1N1,0.0007198,interpolated,0.0007352,0.0007352,interpolated,2.24,0.9769,0,0.9924,0.03618
human,plate11,flu-seqneut-2026-SCH-016,A/Michigan/8/2026_H3N2,plate11-A/Michigan/8/2026_H3N2,0.006558,interpolated,0.006558,0.006558,interpolated,0.8,1,0,0.9517,0.05683
human,plate11,flu-seqneut-2026-SCH-016,A/Michigan/UM-10068071276/2025_H3N2,plate11-A/Michigan/UM-10068071276/2025_H3N2,0.003127,interpolated,0.003464,0.003464,interpolated,1.121,0.9458,0,0.894,0.1027
human,plate11,flu-seqneut-2026-SCH-016,A/Michigan/UM-10068134090/2025_H3N2,plate11-A/Michigan/UM-10068134090/2025_H3N2,0.006799,interpolated,0.007214,0.007214,interpolated,4.281,0.888,0,0.644,0.2056
human,plate11,flu-seqneut-2026-SCH-016,A/Michigan/UM-10068449788/2025_H3N2,plate11-A/Michigan/UM-10068449788/2025_H3N2,0.007381,interpolated,0.007872,0.007872,interpolated,1.861,0.9436,0,0.8749,0.1112
human,plate11,flu-seqneut-2026-SCH-016,A/Michigan/UM-10068456988/2025_H3N2,plate11-A/Michigan/UM-10068456988/2025_H3N2,0.01565,interpolated,0.01808,0.01808,interpolated,0.8,0.9453,0,0.7737,0.09894
human,plate11,flu-seqneut-2026-SCH-016,A/Michigan/UM-10068747355/2026_H3N2,plate11-A/Michigan/UM-10068747355/2026_H3N2,0.01437,interpolated,0.01437,0.01437,interpolated,1.41,1,0,0.9702,0.0418
human,plate11,flu-seqneut-2026-SCH-016,A/MinasGerais/410/2026_H1N1,plate11-A/MinasGerais/410/2026_H1N1,0.001083,interpolated,0.001083,0.001083,interpolated,2.559,1,0,0.9949,0.03173
human,plate11,flu-seqneut-2026-SCH-016,A/MinasGerais/671/2026_H1N1,plate11-A/MinasGerais/671/2026_H1N1,0.001091,interpolated,0.001091,0.001091,interpolated,2.18,1,0,0.987,0.04985
human,plate11,flu-seqneut-2026-SCH-016,A/Mississippi/20/2026_H1N1,plate11-A/Mississippi/20/2026_H1N1,0.001259,interpolated,0.001286,0.001286,interpolated,4.707,0.9521,0,0.9909,0.04289
human,plate11,flu-seqneut-2026-SCH-016,A/Missouri/11/2025_cell_H1N1,plate11-A/Missouri/11/2025_cell_H1N1,0.0009519,interpolated,0.0009652,0.0009652,interpolated,2.572,0.9825,0,0.9935,0.03474
human,plate11,flu-seqneut-2026-SCH-016,A/Missouri/11/2025_egg_H1N1,plate11-A/Missouri/11/2025_egg_H1N1,0.0001165,interpolated,0.0001193,0.0001193,interpolated,2.301,0.9741,0,0.9995,0.00518
human,plate11,flu-seqneut-2026-SCH-016,A/Missouri/NIRC-AV-1003/2025_H3N2,plate11-A/Missouri/NIRC-AV-1003/2025_H3N2,0.003535,interpolated,0.00384,0.00384,interpolated,1.305,0.9489,0,0.9445,0.07694
human,plate11,flu-seqneut-2026-SCH-016,A/Montana/51/2025_H3N2,plate11-A/Montana/51/2025_H3N2,0.005722,interpolated,0.005722,0.005722,interpolated,0.8485,1,0,0.7818,0.1464
human,plate11,flu-seqneut-2026-SCH-016,A/NakhonPhanom/P495/2026_H3N2,plate11-A/NakhonPhanom/P495/2026_H3N2,0.00746,interpolated,0.00746,0.00746,interpolated,1.075,1,0,0.9891,0.02937
human,plate11,flu-seqneut-2026-SCH-016,A/Navarra/260009/2025_H3N2,plate11-A/Navarra/260009/2025_H3N2,0.004495,interpolated,0.004594,0.004594,interpolated,1.34,0.9857,0,0.9558,0.06807
human,plate11,flu-seqneut-2026-SCH-016,A/Nebraska/34/2026_H1N1,plate11-A/Nebraska/34/2026_H1N1,0.0008531,interpolated,0.0008697,0.0008697,interpolated,2.79,0.9737,0,0.9983,0.01768
human,plate11,flu-seqneut-2026-SCH-016,A/Netherlands/10008/2026_H1N1,plate11-A/Netherlands/10008/2026_H1N1,0.001265,interpolated,0.001265,0.001265,interpolated,1.944,1,0,0.9914,0.03967
human,plate11,flu-seqneut-2026-SCH-016,A/Netherlands/2398/2025_H1N1,plate11-A/Netherlands/2398/2025_H1N1,0.002195,interpolated,0.002195,0.002195,interpolated,2.015,1,0,0.9989,0.0138
human,plate11,flu-seqneut-2026-SCH-016,A/Netherlands/543/2026_H1N1,plate11-A/Netherlands/543/2026_H1N1,0.001839,interpolated,0.001864,0.001864,interpolated,10,0.936,0,0.9713,0.0752
human,plate11,flu-seqneut-2026-SCH-016,A/Netherlands/864/2026_H1N1,plate11-A/Netherlands/864/2026_H1N1,0.00141,interpolated,0.00146,0.00146,interpolated,4.523,0.9265,0,0.9784,0.06441
human,plate11,flu-seqneut-2026-SCH-016,A/Netherlands/888/2026_H3N2,plate11-A/Netherlands/888/2026_H3N2,0.01621,interpolated,0.01621,0.01621,interpolated,1.583,1,0,0.9059,0.07195
human,plate11,flu-seqneut-2026-SCH-016,A/Netherlands/968/2026_H3N2,plate11-A/Netherlands/968/2026_H3N2,0.005833,interpolated,0.005883,0.005883,interpolated,1.939,0.9918,0,0.9669,0.06429
human,plate11,flu-seqneut-2026-SCH-016,A/NewBrunswick/NBPHLFLUA10B-MM00057R/2026_H1N1,plate11-A/NewBrunswick/NBPHLFLUA10B-MM00057R/2026_H1N1,0.0009658,interpolated,0.0009713,0.0009713,interpolated,2.308,0.9935,0,0.9963,0.02615
human,plate11,flu-seqneut-2026-SCH-016,A/NewYork/NIRC-IS-1086/2026_H3N2,plate11-A/NewYork/NIRC-IS-1086/2026_H3N2,0.00211,interpolated,0.003323,0.003323,interpolated,0.8,0.8477,0,0.8201,0.1139
human,plate11,flu-seqneut-2026-SCH-016,A/NordrheinWestfalen/54/2026_H3N2,plate11-A/NordrheinWestfalen/54/2026_H3N2,0.009325,interpolated,0.009616,0.009616,interpolated,10,0.8677,0,0.8256,0.1328
human,plate11,flu-seqneut-2026-SCH-016,A/NordrheinWestfalen/96/2026_H1N1,plate11-A/NordrheinWestfalen/96/2026_H1N1,0.0009897,interpolated,0.0009897,0.0009897,interpolated,3.271,1,0,0.9994,0.01084
human,plate11,flu-seqneut-2026-SCH-016,A/Norway/9556/2025_H1N1,plate11-A/Norway/9556/2025_H1N1,0.002092,interpolated,0.002092,0.002092,interpolated,3.329,0.9993,0,0.9998,0.006652
human,plate11,flu-seqneut-2026-SCH-016,A/NovaScotia/25-365-06099/2025_H3N2,plate11-A/NovaScotia/25-365-06099/2025_H3N2,0.007539,interpolated,0.007613,0.007613,interpolated,1.399,0.9932,0,0.9316,0.07884
human,plate11,flu-seqneut-2026-SCH-016,A/Ohio/259/2024_H1N1,plate11-A/Ohio/259/2024_H1N1,0.000814,interpolated,0.000814,0.000814,interpolated,6.353,1,0,0.9993,0.01178
human,plate11,flu-seqneut-2026-SCH-016,A/Ontario/PHL202550193/2025_H3N2,plate11-A/Ontario/PHL202550193/2025_H3N2,0.003385,interpolated,0.003385,0.003385,interpolated,1.014,1,0,0.9301,0.0887
human,plate11,flu-seqneut-2026-SCH-016,A/Oregon/81/2025_H3N2,plate11-A/Oregon/81/2025_H3N2,0.007321,interpolated,0.008189,0.008189,interpolated,0.8,0.9571,0,0.9122,0.07081
human,plate11,flu-seqneut-2026-SCH-016,A/PaisVasco/70369726/2026_H1N1,plate11-A/PaisVasco/70369726/2026_H1N1,0.0007904,interpolated,0.0008426,0.0008426,interpolated,1.872,0.9435,0,0.9824,0.05233
human,plate11,flu-seqneut-2026-SCH-016,A/Parana/416133590/2026_H3N2,plate11-A/Parana/416133590/2026_H3N2,0.01008,interpolated,0.01105,0.01105,interpolated,0.8,0.9646,0,0.7024,0.1171
human,plate11,flu-seqneut-2026-SCH-016,A/Peru/ANC-INS-062/2026_H3N2,plate11-A/Peru/ANC-INS-062/2026_H3N2,0.006288,interpolated,0.006812,0.006812,interpolated,1.277,0.9514,0,0.8711,0.1038
human,plate11,flu-seqneut-2026-SCH-016,A/Rhode_Island/11/2026_H1N1,plate11-A/Rhode_Island/11/2026_H1N1,0.001072,interpolated,0.001072,0.001072,interpolated,1.466,1,0,0.9849,0.04939
human,plate11,flu-seqneut-2026-SCH-016,A/RiodeJaneiro/331/2026_H3N2,plate11-A/RiodeJaneiro/331/2026_H3N2,0.004115,interpolated,0.004753,0.004753,interpolated,1.084,0.9277,0,0.8895,0.09696
human,plate11,flu-seqneut-2026-SCH-016,A/Romania/612042/2026_H3N2,plate11-A/Romania/612042/2026_H3N2,0.005318,interpolated,0.005823,0.005823,interpolated,1.274,0.9455,0,0.9048,0.0953
human,plate11,flu-seqneut-2026-SCH-016,A/SantaCatarina/508/2026_H3N2,plate11-A/SantaCatarina/508/2026_H3N2,0.009265,interpolated,0.01008,0.01008,interpolated,0.8,0.9673,0,0.941,0.05427
human,plate11,flu-seqneut-2026-SCH-016,A/Saskatchewan/SKFLU477299/2025_H3N2,plate11-A/Saskatchewan/SKFLU477299/2025_H3N2,0.006005,interpolated,0.006005,0.006005,interpolated,1.27,1,0,0.9718,0.05448
human,plate11,flu-seqneut-2026-SCH-016,A/Saskatchewan/SKFLU477727/2025_H3N2,plate11-A/Saskatchewan/SKFLU477727/2025_H3N2,0.004009,interpolated,0.004142,0.004142,interpolated,1.153,0.9815,0,0.9513,0.0726
human,plate11,flu-seqneut-2026-SCH-016,A/Saskatchewan/SKFLU490586/2026_H1N1,plate11-A/Saskatchewan/SKFLU490586/2026_H1N1,0.0005338,interpolated,0.0007649,0.0007649,interpolated,1.68,0.7731,0,0.9932,0.02553
human,plate11,flu-seqneut-2026-SCH-016,A/Singapore/GP20238/2024_H3N2,plate11-A/Singapore/GP20238/2024_H3N2,0.004275,interpolated,0.004275,0.004275,interpolated,0.8935,1,0,0.9447,0.06935
human,plate11,flu-seqneut-2026-SCH-016,A/Singapore/KK2768/2025_H1N1,plate11-A/Singapore/KK2768/2025_H1N1,0.001355,interpolated,0.001355,0.001355,interpolated,2.158,1,0,0.9922,0.03863
human,plate11,flu-seqneut-2026-SCH-016,A/Singapore/MOH0547/2024_H1N1,plate11-A/Singapore/MOH0547/2024_H1N1,0.00105,interpolated,0.00105,0.00105,interpolated,4.363,1,0,0.9996,0.009332
human,plate11,flu-seqneut-2026-SCH-016,A/Singapore/NTF0577/2025_H3N2,plate11-A/Singapore/NTF0577/2025_H3N2,0.004708,interpolated,0.004708,0.004708,interpolated,0.9941,1,0,0.9713,0.05108
human,plate11,flu-seqneut-2026-SCH-016,A/Singapore/SAR8915/2025_H3N2,plate11-A/Singapore/SAR8915/2025_H3N2,0.005107,interpolated,0.005107,0.005107,interpolated,2.035,1,0,0.9372,0.08842
human,plate11,flu-seqneut-2026-SCH-016,A/SouthAfrica/NHLS-SU-CERI-C075557/2026_H1N1,plate11-A/SouthAfrica/NHLS-SU-CERI-C075557/2026_H1N1,0.0007662,interpolated,0.0007662,0.0007662,interpolated,5.163,1,0,0.9881,0.04905
human,plate11,flu-seqneut-2026-SCH-016,A/SouthAfrica/NICD-R01647/2026_H1N1,plate11-A/SouthAfrica/NICD-R01647/2026_H1N1,0.00112,interpolated,0.001192,0.001192,interpolated,3.174,0.9094,0,0.9885,0.04435
human,plate11,flu-seqneut-2026-SCH-016,A/SouthAfrica/NICD-R01668/2026_H1N1,plate11-A/SouthAfrica/NICD-R01668/2026_H1N1,0.001536,interpolated,0.001584,0.001584,interpolated,7.254,0.8993,0,0.9601,0.08794
human,plate11,flu-seqneut-2026-SCH-016,A/SouthAfrica/PATH-CERI-C073358/2025_H1N1,plate11-A/SouthAfrica/PATH-CERI-C073358/2025_H1N1,0.0008176,interpolated,0.0008214,0.0008214,interpolated,1.955,0.9955,0,0.9856,0.0501
human,plate11,flu-seqneut-2026-SCH-016,A/SouthAfrica/PATH-CERI-C073366/2025_H1N1,plate11-A/SouthAfrica/PATH-CERI-C073366/2025_H1N1,0.0008519,interpolated,0.0008519,0.0008519,interpolated,1.512,1,0,0.9811,0.05453
human,plate11,flu-seqneut-2026-SCH-016,A/SouthAfrica/PATH-CERI-C075119/2026_H1N1,plate11-A/SouthAfrica/PATH-CERI-C075119/2026_H1N1,0.0007136,interpolated,0.0007397,0.0007397,interpolated,1.917,0.9667,0,0.9796,0.05729
human,plate11,flu-seqneut-2026-SCH-016,A/SouthAustralia/2605715552/2026_H3N2,plate11-A/SouthAustralia/2605715552/2026_H3N2,0.006725,interpolated,0.006725,0.006725,interpolated,0.83,1,0,0.85,0.1082
human,plate11,flu-seqneut-2026-SCH-016,A/SouthCarolina/USAFSAM-17046/2026_H3N2,plate11-A/SouthCarolina/USAFSAM-17046/2026_H3N2,0.004293,interpolated,0.004293,0.004293,interpolated,0.8569,1,0,0.8599,0.1177
human,plate11,flu-seqneut-2026-SCH-016,A/South_Australia/2523812314/2025_H3N2,plate11-A/South_Australia/2523812314/2025_H3N2,0.003659,interpolated,0.003659,0.003659,interpolated,1.541,1,0,0.9819,0.04933
human,plate11,flu-seqneut-2026-SCH-016,A/South_Australia/2527213276/2025_H3N2,plate11-A/South_Australia/2527213276/2025_H3N2,0.005198,interpolated,0.005652,0.005652,interpolated,1.146,0.9543,0,0.7317,0.1797
human,plate11,flu-seqneut-2026-SCH-016,A/StPetersburg/RII-25-2042S/2025_H3N2,plate11-A/StPetersburg/RII-25-2042S/2025_H3N2,0.008824,interpolated,0.008824,0.008824,interpolated,1.337,1,0,0.9589,0.05788
human,plate11,flu-seqneut-2026-SCH-016,A/StPetersburg/RII-25-2321S/2025_H3N2,plate11-A/StPetersburg/RII-25-2321S/2025_H3N2,0.002641,interpolated,0.003279,0.003279,interpolated,1.05,0.8983,0,0.8482,0.1226
human,plate11,flu-seqneut-2026-SCH-016,A/StPetersburg/RII-25-2506S/2026_H3N2,plate11-A/StPetersburg/RII-25-2506S/2026_H3N2,0.006283,interpolated,0.006484,0.006484,interpolated,1.226,0.9811,0,0.9315,0.07615
human,plate11,flu-seqneut-2026-SCH-016,A/StPetersburg/RII-25-2600S/2026_H3N2,plate11-A/StPetersburg/RII-25-2600S/2026_H3N2,0.001494,interpolated,0.001494,0.001494,interpolated,0.8213,1,0,0.9076,0.101
human,plate11,flu-seqneut-2026-SCH-016,A/Switzerland/UN-SNRCI-HUG-053/2025_H1N1,plate11-A/Switzerland/UN-SNRCI-HUG-053/2025_H1N1,0.001525,interpolated,0.001525,0.001525,interpolated,2.668,1,0,0.9984,0.0181
human,plate11,flu-seqneut-2026-SCH-016,A/Sydney/1359/2024_H3N2,plate11-A/Sydney/1359/2024_H3N2,0.009324,interpolated,0.009324,0.009324,interpolated,1.185,1,0,0.8968,0.08914
human,plate11,flu-seqneut-2026-SCH-016,A/Sydney/50/2026_H1N1,plate11-A/Sydney/50/2026_H1N1,0.002885,interpolated,0.00303,0.00303,interpolated,2.87,0.9343,0,0.9496,0.09253
human,plate11,flu-seqneut-2026-SCH-016,A/Texas/29/2026_H1N1,plate11-A/Texas/29/2026_H1N1,0.000851,interpolated,0.0008948,0.0008948,interpolated,2.279,0.9459,0,0.994,0.0315
human,plate11,flu-seqneut-2026-SCH-016,A/Thailand/8/2022_H3N2,plate11-A/Thailand/8/2022_H3N2,0.006168,interpolated,0.006266,0.006266,interpolated,1.616,0.9873,0,0.9194,0.09132
human,plate11,flu-seqneut-2026-SCH-016,A/Thuringen/16/2026_H3N2,plate11-A/Thuringen/16/2026_H3N2,0.006005,interpolated,0.006322,0.006322,interpolated,1.238,0.9692,0,0.913,0.09354
human,plate11,flu-seqneut-2026-SCH-016,A/Thuringen/39/2026_H3N2,plate11-A/Thuringen/39/2026_H3N2,0.00828,interpolated,0.008539,0.008539,interpolated,1.418,0.9786,0,0.967,0.05386
human,plate11,flu-seqneut-2026-SCH-016,A/Tokyo/EIS11-277/2024_H1N1,plate11-A/Tokyo/EIS11-277/2024_H1N1,0.001053,interpolated,0.001062,0.001062,interpolated,3.952,0.9843,0,0.9977,0.02158
human,plate11,flu-seqneut-2026-SCH-016,A/Trieste/257/2025_H3N2,plate11-A/Trieste/257/2025_H3N2,0.01336,interpolated,0.01359,0.01359,interpolated,0.8,0.9933,0,0.7386,0.1176
human,plate11,flu-seqneut-2026-SCH-016,A/Trieste/380/2026_H3N2,plate11-A/Trieste/380/2026_H3N2,0.006948,interpolated,0.007322,0.007322,interpolated,0.8322,0.9787,0,0.8903,0.08528
human,plate11,flu-seqneut-2026-SCH-016,A/Ukraine/5214/2026_H1N1,plate11-A/Ukraine/5214/2026_H1N1,0.0007332,interpolated,0.0007332,0.0007332,interpolated,2.209,1,0,0.9986,0.01601
human,plate11,flu-seqneut-2026-SCH-016,A/Uppsala/SE26-01293/2026_H1N1,plate11-A/Uppsala/SE26-01293/2026_H1N1,0.001442,interpolated,0.001518,0.001518,interpolated,4.409,0.8981,0,0.9889,0.04434
human,plate11,flu-seqneut-2026-SCH-016,A/Valencia/VAHNSI_09_02564/2025_H1N1,plate11-A/Valencia/VAHNSI_09_02564/2025_H1N1,0.000862,interpolated,0.000862,0.000862,interpolated,1.758,1,0,0.9943,0.03089
human,plate11,flu-seqneut-2026-SCH-016,A/Victoria/2948/2025_H3N2,plate11-A/Victoria/2948/2025_H3N2,0.005103,interpolated,0.005403,0.005403,interpolated,2.563,0.932,0,0.8519,0.1303
human,plate11,flu-seqneut-2026-SCH-016,A/Victoria/4897/2022_IVR-238_H1N1,plate11-A/Victoria/4897/2022_IVR-238_H1N1,0.0003748,interpolated,0.000382,0.000382,interpolated,10,0.9129,0,0.9813,0.05264
human,plate11,flu-seqneut-2026-SCH-016,A/Vietnam/F7324/2024_H3N2,plate11-A/Vietnam/F7324/2024_H3N2,0.002407,interpolated,0.002407,0.002407,interpolated,0.8343,1,0,0.9359,0.07964
human,plate11,flu-seqneut-2026-SCH-016,A/Vietnam/PF125413/2025_H1N1,plate11-A/Vietnam/PF125413/2025_H1N1,0.001816,interpolated,0.001816,0.001816,interpolated,7.9,1,0,0.9996,0.009138
human,plate11,flu-seqneut-2026-SCH-016,A/Vietnam/PF126009/2026_H1N1,plate11-A/Vietnam/PF126009/2026_H1N1,0.001917,interpolated,0.001917,0.001917,interpolated,6.535,1,0,0.9998,0.006326
human,plate11,flu-seqneut-2026-SCH-016,A/Virginia/82/2025_H1N1,plate11-A/Virginia/82/2025_H1N1,0.001801,interpolated,0.001828,0.001828,interpolated,10,0.9291,0,0.9612,0.08778
human,plate11,flu-seqneut-2026-SCH-016,A/Wisconsin/588/2019_H1N1,plate11-A/Wisconsin/588/2019_H1N1,0.002668,interpolated,0.002717,0.002717,interpolated,6.563,0.9431,0,0.9749,0.07048
human,plate11,flu-seqneut-2026-SCH-016,A/Wisconsin/67/2022_H1N1,plate11-A/Wisconsin/67/2022_H1N1,0.0008575,interpolated,0.0008575,0.0008575,interpolated,4.875,1,0,0.999,0.01459
human,plate11,flu-seqneut-2026-SCH-016,A/Zacapa/FLU-012/2025_H1N1,plate11-A/Zacapa/FLU-012/2025_H1N1,0.0008361,interpolated,0.0008361,0.0008361,interpolated,1.996,1,0,0.9678,0.07637
human,plate11,flu-seqneut-2026-SCH-016,A/Zambia/6-NIC-014/2026_H1N1,plate11-A/Zambia/6-NIC-014/2026_H1N1,0.001081,interpolated,0.001081,0.001081,interpolated,2.112,1,0,0.9994,0.01065
human,plate11,flu-seqneut-2026-SCH-016,A/Zambia/7-NIC-313/2026_H1N1,plate11-A/Zambia/7-NIC-313/2026_H1N1,0.001691,interpolated,0.001696,0.001696,interpolated,1.752,0.9978,0,0.9856,0.04979
human,plate11,flu-seqneut-2026-SCH-017,A/Andalucia/PMC-00977/2025_H1N1,plate11-A/Andalucia/PMC-00977/2025_H1N1,0.001619,interpolated,0.001619,0.001619,interpolated,2.548,1,0,0.9975,0.02208
human,plate11,flu-seqneut-2026-SCH-017,A/Andalucia/PMC-01217/2025_H1N1,plate11-A/Andalucia/PMC-01217/2025_H1N1,0.001339,interpolated,0.001339,0.001339,interpolated,3.281,1,0,0.9998,0.006272
human,plate11,flu-seqneut-2026-SCH-017,A/Andalucia/PMC-01495/2025_H1N1,plate11-A/Andalucia/PMC-01495/2025_H1N1,0.002859,interpolated,0.00296,0.00296,interpolated,6.924,0.8924,0,0.9099,0.1325
human,plate11,flu-seqneut-2026-SCH-017,A/Arizona/40/2026_H1N1,plate11-A/Arizona/40/2026_H1N1,0.0015,interpolated,0.001595,0.001595,interpolated,2.46,0.9299,0,0.9703,0.07167
human,plate11,flu-seqneut-2026-SCH-017,A/Astrakhan/RII-MH273373S/2025_H3N2,plate11-A/Astrakhan/RII-MH273373S/2025_H3N2,0.0005185,interpolated,0.0005237,0.0005237,interpolated,2.87,0.9861,0,0.9993,0.0108
human,plate11,flu-seqneut-2026-SCH-017,A/Asturias/232590913/2025_H1N1,plate11-A/Asturias/232590913/2025_H1N1,0.001327,interpolated,0.001327,0.001327,interpolated,1.86,1,0,0.9757,0.06745
human,plate11,flu-seqneut-2026-SCH-017,A/Badajoz/18738342/2026_H3N2,plate11-A/Badajoz/18738342/2026_H3N2,0.0007412,interpolated,0.0007412,0.0007412,interpolated,7.908,1,0,0.9924,0.04
human,plate11,flu-seqneut-2026-SCH-017,A/Badajoz/18811358/2026_H3N2,plate11-A/Badajoz/18811358/2026_H3N2,0.0005426,interpolated,0.0005912,0.0005912,interpolated,1.712,0.9317,0,0.9884,0.03944
human,plate11,flu-seqneut-2026-SCH-017,A/Badajoz/18813527/2026_H3N2,plate11-A/Badajoz/18813527/2026_H3N2,0.0004858,interpolated,0.0004858,0.0004858,interpolated,2.315,1,0,0.992,0.03685
human,plate11,flu-seqneut-2026-SCH-017,A/Bangkok/P2390/2025_H3N2,plate11-A/Bangkok/P2390/2025_H3N2,0.0004699,interpolated,0.000496,0.000496,interpolated,1.809,0.9534,0,0.9697,0.06493
human,plate11,flu-seqneut-2026-SCH-017,A/Bangkok/P2391/2025_H3N2,plate11-A/Bangkok/P2391/2025_H3N2,0.0008844,interpolated,0.0008947,0.0008947,interpolated,1.74,0.9901,0,0.9909,0.03795
human,plate11,flu-seqneut-2026-SCH-017,A/Blaenavon/6687/2026_H3N2,plate11-A/Blaenavon/6687/2026_H3N2,0.003607,interpolated,0.004193,0.004193,interpolated,1.033,0.928,0,0.9042,0.09309
human,plate11,flu-seqneut-2026-SCH-017,A/Bolivia/OR5702/2025_H3N2,plate11-A/Bolivia/OR5702/2025_H3N2,0.002258,interpolated,0.002258,0.002258,interpolated,1.205,1,0,0.9524,0.08171
human,plate11,flu-seqneut-2026-SCH-017,A/BritishColumbia/RV00022-26/2025_H1N1,plate11-A/BritishColumbia/RV00022-26/2025_H1N1,0.001882,interpolated,0.001886,0.001886,interpolated,2.374,0.9977,0,0.9933,0.03582
human,plate11,flu-seqneut-2026-SCH-017,A/BritishColumbia/RV00279-26/2025_H3N2,plate11-A/BritishColumbia/RV00279-26/2025_H3N2,0.000633,interpolated,0.000633,0.000633,interpolated,4.235,1,0,0.9994,0.01069
human,plate11,flu-seqneut-2026-SCH-017,A/BritishColumbia/RV01350-26/2026_H1N1,plate11-A/BritishColumbia/RV01350-26/2026_H1N1,0.001815,interpolated,0.001815,0.001815,interpolated,2.18,1,0,0.9926,0.03707
human,plate11,flu-seqneut-2026-SCH-017,A/BritishColumbia/RV05508-25/2025_H1N1,plate11-A/BritishColumbia/RV05508-25/2025_H1N1,0.003708,interpolated,0.003741,0.003741,interpolated,10,0.9575,0,0.9773,0.06825
human,plate11,flu-seqneut-2026-SCH-017,A/California/GKISBBBH79910/2026_H3N2,plate11-A/California/GKISBBBH79910/2026_H3N2,0.00079,interpolated,0.0007964,0.0007964,interpolated,4.942,0.9802,0,0.9973,0.02287
human,plate11,flu-seqneut-2026-SCH-017,A/California/NIRC-IS-1019/2026_H1N1,plate11-A/California/NIRC-IS-1019/2026_H1N1,0.001175,interpolated,0.001175,0.001175,interpolated,1.796,1,0,0.9689,0.07564
human,plate11,flu-seqneut-2026-SCH-017,A/California/NIRC-IS-1059/2026_H3N2,plate11-A/California/NIRC-IS-1059/2026_H3N2,0.001468,interpolated,0.001585,0.001585,interpolated,10,0.7329,0,0.9063,0.1157
human,plate11,flu-seqneut-2026-SCH-017,A/California/NIRC-IS-1067/2026_H3N2,plate11-A/California/NIRC-IS-1067/2026_H3N2,0.0007284,interpolated,0.0007858,0.0007858,interpolated,2.051,0.9279,0,0.9701,0.06643
human,plate11,flu-seqneut-2026-SCH-017,A/California/NIRC-IS-1356/2025_H1N1,plate11-A/California/NIRC-IS-1356/2025_H1N1,0.001295,interpolated,0.001295,0.001295,interpolated,1.999,1,0,0.9859,0.05164
human,plate11,flu-seqneut-2026-SCH-017,A/Castellon/VAHNSI_02_02400/2025_H3N2,plate11-A/Castellon/VAHNSI_02_02400/2025_H3N2,0.0003997,interpolated,0.0005219,0.0005219,interpolated,2.135,0.783,0,0.9991,0.009513
human,plate11,flu-seqneut-2026-SCH-017,A/Colombia/1851/2024_H3N2,plate11-A/Colombia/1851/2024_H3N2,0.001137,interpolated,0.001137,0.001137,interpolated,1.497,1,0,0.9944,0.02986
human,plate11,flu-seqneut-2026-SCH-017,A/Colorado/218/2024_H1N1,plate11-A/Colorado/218/2024_H1N1,0.001012,interpolated,0.001012,0.001012,interpolated,3.107,1,0,0.9979,0.02041
human,plate11,flu-seqneut-2026-SCH-017,A/Connecticut/5/2026_H3N2,plate11-A/Connecticut/5/2026_H3N2,0.0006398,interpolated,0.0006669,0.0006669,interpolated,2.919,0.9429,0,0.9851,0.04916
human,plate11,flu-seqneut-2026-SCH-017,A/Croatia/10136RV/2023_H3N2,plate11-A/Croatia/10136RV/2023_H3N2,0.0002097,interpolated,0.0002097,0.0002097,interpolated,1.061,1,0,0.9805,0.03628
human,plate11,flu-seqneut-2026-SCH-017,A/Darwin/1415/2025_H3N2,plate11-A/Darwin/1415/2025_H3N2,0.0005534,interpolated,0.0005537,0.0005537,interpolated,1.474,0.9995,0,0.9697,0.06653
human,plate11,flu-seqneut-2026-SCH-017,A/Darwin/1454/2025_H3N2,plate11-A/Darwin/1454/2025_H3N2,0.0003553,interpolated,0.0003588,0.0003588,interpolated,10,0.9532,0,0.9955,0.02693
human,plate11,flu-seqneut-2026-SCH-017,A/Denmark/3940/2025_H3N2,plate11-A/Denmark/3940/2025_H3N2,0.0004714,interpolated,0.000478,0.000478,interpolated,1.756,0.9881,0,0.9584,0.07717
human,plate11,flu-seqneut-2026-SCH-017,A/Denmark/4547/2025_H1N1,plate11-A/Denmark/4547/2025_H1N1,0.001499,interpolated,0.001499,0.001499,interpolated,1.978,1,0,0.9855,0.05212
human,plate11,flu-seqneut-2026-SCH-017,A/Denmark/4774/2025_H1N1,plate11-A/Denmark/4774/2025_H1N1,0.003088,interpolated,0.003175,0.003175,interpolated,4.766,0.9378,0,0.9668,0.07888
human,plate11,flu-seqneut-2026-SCH-017,A/District_Of_Columbia/27/2023_H3N2,plate11-A/District_Of_Columbia/27/2023_H3N2,0.0008484,interpolated,0.0008567,0.0008567,interpolated,4.088,0.9804,0,0.9911,0.0414
human,plate11,flu-seqneut-2026-SCH-017,A/Distrito_Federal/250106000728/2025_H3N2,plate11-A/Distrito_Federal/250106000728/2025_H3N2,0.002207,interpolated,0.002416,0.002416,interpolated,2.059,0.9152,0,0.9559,0.07868
human,plate11,flu-seqneut-2026-SCH-017,A/England/1893256/2026_H1N1,plate11-A/England/1893256/2026_H1N1,0.001316,interpolated,0.001316,0.001316,interpolated,2.15,1,0,0.9931,0.03609
human,plate11,flu-seqneut-2026-SCH-017,A/Florida/ISC-1069/2026_H3N2,plate11-A/Florida/ISC-1069/2026_H3N2,0.0007819,interpolated,0.0007905,0.0007905,interpolated,10,0.948,0,0.9914,0.04036
human,plate11,flu-seqneut-2026-SCH-017,A/France/ARA-HCL025195259501/2025_H1N1,plate11-A/France/ARA-HCL025195259501/2025_H1N1,0.001632,interpolated,0.001632,0.001632,interpolated,2.011,1,0,0.9852,0.05266
human,plate11,flu-seqneut-2026-SCH-017,A/France/ARA-HCL026031894402/2026_H3N2,plate11-A/France/ARA-HCL026031894402/2026_H3N2,0.0003053,interpolated,0.0003673,0.0003673,interpolated,1.673,0.867,0,0.9824,0.04188
human,plate11,flu-seqneut-2026-SCH-017,A/France/GES-IPP00659/2026_H1N1,plate11-A/France/GES-IPP00659/2026_H1N1,0.001248,interpolated,0.001248,0.001248,interpolated,2.417,1,0,0.9962,0.02722
human,plate11,flu-seqneut-2026-SCH-017,A/France/GES-IPP01077/2026_H3N2,plate11-A/France/GES-IPP01077/2026_H3N2,0.001513,interpolated,0.00161,0.00161,interpolated,1.948,0.943,0,0.963,0.07888
human,plate11,flu-seqneut-2026-SCH-017,A/France/HDF-IPP01550/2026_H3N2,plate11-A/France/HDF-IPP01550/2026_H3N2,0.001693,interpolated,0.001757,0.001757,interpolated,1.857,0.9664,0,0.9561,0.08727
human,plate11,flu-seqneut-2026-SCH-017,A/France/HDF-RELAB-IPP00300/2026_H3N2,plate11-A/France/HDF-RELAB-IPP00300/2026_H3N2,0.0005527,interpolated,0.0006295,0.0006295,interpolated,2.695,0.8521,0,0.9538,0.07938
human,plate11,flu-seqneut-2026-SCH-017,A/France/HDF-RELAB-IPP00303/2026_H3N2,plate11-A/France/HDF-RELAB-IPP00303/2026_H3N2,0.0005664,interpolated,0.0005664,0.0005664,interpolated,2.963,1,0,0.9967,0.0244
human,plate11,flu-seqneut-2026-SCH-017,A/France/HDF-RELAB-IPP07969/2025_H1N1,plate11-A/France/HDF-RELAB-IPP07969/2025_H1N1,0.003129,interpolated,0.003344,0.003344,interpolated,2.897,0.9124,0,0.9888,0.04119
human,plate11,flu-seqneut-2026-SCH-017,A/France/NAQ-HCL026010957001/2026_H3N2,plate11-A/France/NAQ-HCL026010957001/2026_H3N2,0.0007314,interpolated,0.0007344,0.0007344,interpolated,3.074,0.9936,0,0.9998,0.006866
human,plate11,flu-seqneut-2026-SCH-017,A/France/NAQ-HCL026046169102/2025_H1N1,plate11-A/France/NAQ-HCL026046169102/2025_H1N1,0.0006268,interpolated,0.0006268,0.0006268,interpolated,1.124,1,0,0.9608,0.07036
human,plate11,flu-seqneut-2026-SCH-017,A/France/OCC-HCL026013263701/2026_H3N2,plate11-A/France/OCC-HCL026013263701/2026_H3N2,0.0005394,interpolated,0.0005817,0.0005817,interpolated,1.08,0.9609,0,0.9619,0.06467
human,plate11,flu-seqneut-2026-SCH-017,A/France/PAC-RELAB-HCL026021993801/2026_H3N2,plate11-A/France/PAC-RELAB-HCL026021993801/2026_H3N2,0.0007938,interpolated,0.0008053,0.0008053,interpolated,10,0.9334,0,0.9823,0.05817
human,plate11,flu-seqneut-2026-SCH-017,A/Galicia/GA-CHUAC-451/2025_H3N2,plate11-A/Galicia/GA-CHUAC-451/2025_H3N2,0.0007933,interpolated,0.0007933,0.0007933,interpolated,4.644,1,0,0.9869,0.05053
human,plate11,flu-seqneut-2026-SCH-017,A/Galicia/GA-CHUAC-612/2025_H1N1,plate11-A/Galicia/GA-CHUAC-612/2025_H1N1,0.002017,interpolated,0.002017,0.002017,interpolated,5.414,1,0,0.9997,0.007318
human,plate11,flu-seqneut-2026-SCH-017,A/Germany/LRMC_0104/2025_H3N2,plate11-A/Germany/LRMC_0104/2025_H3N2,0.0005117,interpolated,0.0005117,0.0005117,interpolated,1.895,1,0,0.9822,0.05363
human,plate11,flu-seqneut-2026-SCH-017,A/Germany/LRMC_0113/2025_H3N2,plate11-A/Germany/LRMC_0113/2025_H3N2,0.0006468,interpolated,0.0007077,0.0007077,interpolated,2.893,0.8854,0,0.9763,0.05975
human,plate11,flu-seqneut-2026-SCH-017,A/Hawaii/70/2019_H1N1,plate11-A/Hawaii/70/2019_H1N1,0.003952,interpolated,0.003952,0.003952,interpolated,2.431,1,0,0.9994,0.0102
human,plate11,flu-seqneut-2026-SCH-017,A/Hawaii/ISC-1140/2025_H1N1,plate11-A/Hawaii/ISC-1140/2025_H1N1,0.0009424,interpolated,0.001179,0.001179,interpolated,1.764,0.8367,0,0.9471,0.08177
human,plate11,flu-seqneut-2026-SCH-017,A/Hessen/18/2026_H1N1,plate11-A/Hessen/18/2026_H1N1,0.001178,interpolated,0.001178,0.001178,interpolated,2.012,1,0,0.9264,0.108
human,plate11,flu-seqneut-2026-SCH-017,A/Ireland/91576/2025_H3N2,plate11-A/Ireland/91576/2025_H3N2,0.0007329,interpolated,0.0008568,0.0008568,interpolated,2.448,0.8411,0,0.9519,0.08083
human,plate11,flu-seqneut-2026-SCH-017,A/Kentucky/80/2025_H1N1,plate11-A/Kentucky/80/2025_H1N1,0.005002,interpolated,0.005156,0.005156,interpolated,2.741,0.9601,0,0.9483,0.08645
human,plate11,flu-seqneut-2026-SCH-017,A/Lisboa/216/2023_H3N2,plate11-A/Lisboa/216/2023_H3N2,0.0004813,interpolated,0.0005582,0.0005582,interpolated,2.876,0.8264,0,0.9677,0.06225
human,plate11,flu-seqneut-2026-SCH-017,A/Luxembourg/LNS9132577/2026_H3N2,plate11-A/Luxembourg/LNS9132577/2026_H3N2,0.0006982,interpolated,0.0007174,0.0007174,interpolated,4.144,0.9467,0,0.9929,0.03545
human,plate11,flu-seqneut-2026-SCH-017,A/Maine/25/2026_H1N1,plate11-A/Maine/25/2026_H1N1,0.001288,interpolated,0.001288,0.001288,interpolated,1.77,1,0,0.9895,0.04298
human,plate11,flu-seqneut-2026-SCH-017,A/Malaysia/IMR/SARI/2406/2025_H3N2,plate11-A/Malaysia/IMR/SARI/2406/2025_H3N2,0.006021,interpolated,0.006594,0.006594,interpolated,1.454,0.9381,0,0.9542,0.06646
human,plate11,flu-seqneut-2026-SCH-017,A/Massachusetts/18/2022_H3N2,plate11-A/Massachusetts/18/2022_H3N2,0.0004606,interpolated,0.0004606,0.0004606,interpolated,1.679,1,0,0.9981,0.01642
human,plate11,flu-seqneut-2026-SCH-017,A/Massachusetts/ISC-1856/2025_H3N2,plate11-A/Massachusetts/ISC-1856/2025_H3N2,0.0005644,interpolated,0.0005644,0.0005644,interpolated,1.763,1,0,0.9871,0.04542
human,plate11,flu-seqneut-2026-SCH-017,A/Mauritius/26000203/2026_H1N1,plate11-A/Mauritius/26000203/2026_H1N1,0.000807,interpolated,0.0009152,0.0009152,interpolated,1.788,0.8992,0,0.9815,0.05075
human,plate11,flu-seqneut-2026-SCH-017,A/Michigan/8/2026_H3N2,plate11-A/Michigan/8/2026_H3N2,0.0006078,interpolated,0.0006078,0.0006078,interpolated,1.963,1,0,0.987,0.04723
human,plate11,flu-seqneut-2026-SCH-017,A/Michigan/UM-10068071276/2025_H3N2,plate11-A/Michigan/UM-10068071276/2025_H3N2,0.0008292,interpolated,0.0009424,0.0009424,interpolated,2.686,0.8546,0,0.9575,0.07403
human,plate11,flu-seqneut-2026-SCH-017,A/Michigan/UM-10068134090/2025_H3N2,plate11-A/Michigan/UM-10068134090/2025_H3N2,0.0008076,interpolated,0.0008214,0.0008214,interpolated,10,0.9221,0,0.9749,0.06817
human,plate11,flu-seqneut-2026-SCH-017,A/Michigan/UM-10068449788/2025_H3N2,plate11-A/Michigan/UM-10068449788/2025_H3N2,0.0005126,interpolated,0.0005812,0.0005812,interpolated,3.118,0.8379,0,0.995,0.02565
human,plate11,flu-seqneut-2026-SCH-017,A/Michigan/UM-10068456988/2025_H3N2,plate11-A/Michigan/UM-10068456988/2025_H3N2,0.0007959,interpolated,0.0008686,0.0008686,interpolated,3.523,0.8675,0,0.9708,0.0654
human,plate11,flu-seqneut-2026-SCH-017,A/Michigan/UM-10068747355/2026_H3N2,plate11-A/Michigan/UM-10068747355/2026_H3N2,0.0004542,interpolated,0.0004734,0.0004734,interpolated,2.504,0.9508,0,0.9919,0.03468
human,plate11,flu-seqneut-2026-SCH-017,A/MinasGerais/410/2026_H1N1,plate11-A/MinasGerais/410/2026_H1N1,0.001862,interpolated,0.001868,0.001868,interpolated,2.698,0.9957,0,0.9954,0.02997
human,plate11,flu-seqneut-2026-SCH-017,A/MinasGerais/671/2026_H1N1,plate11-A/MinasGerais/671/2026_H1N1,0.001547,interpolated,0.00155,0.00155,interpolated,1.798,0.998,0,0.986,0.04909
human,plate11,flu-seqneut-2026-SCH-017,A/Mississippi/20/2026_H1N1,plate11-A/Mississippi/20/2026_H1N1,0.001067,interpolated,0.00108,0.00108,interpolated,2.313,0.986,0,0.9825,0.05598
human,plate11,flu-seqneut-2026-SCH-017,A/Missouri/11/2025_cell_H1N1,plate11-A/Missouri/11/2025_cell_H1N1,0.002589,interpolated,0.002608,0.002608,interpolated,6.199,0.978,0,0.9962,0.02791
human,plate11,flu-seqneut-2026-SCH-017,A/Missouri/11/2025_egg_H1N1,plate11-A/Missouri/11/2025_egg_H1N1,0.0001534,interpolated,0.000207,0.000207,interpolated,2.798,0.7162,0,0.9989,0.007987
human,plate11,flu-seqneut-2026-SCH-017,A/Missouri/NIRC-AV-1003/2025_H3N2,plate11-A/Missouri/NIRC-AV-1003/2025_H3N2,0.0008327,interpolated,0.0008416,0.0008416,interpolated,10,0.9497,0,0.9875,0.04809
human,plate11,flu-seqneut-2026-SCH-017,A/Montana/51/2025_H3N2,plate11-A/Montana/51/2025_H3N2,0.0003843,interpolated,0.0003843,0.0003843,interpolated,1.663,1,0,0.9991,0.01059
human,plate11,flu-seqneut-2026-SCH-017,A/NakhonPhanom/P495/2026_H3N2,plate11-A/NakhonPhanom/P495/2026_H3N2,0.0006071,interpolated,0.0006818,0.0006818,interpolated,2.073,0.8931,0,0.9995,0.008535
human,plate11,flu-seqneut-2026-SCH-017,A/Navarra/260009/2025_H3N2,plate11-A/Navarra/260009/2025_H3N2,0.0005632,interpolated,0.0005795,0.0005795,interpolated,3.696,0.9499,0,0.9957,0.02741
human,plate11,flu-seqneut-2026-SCH-017,A/Nebraska/34/2026_H1N1,plate11-A/Nebraska/34/2026_H1N1,0.001599,interpolated,0.001599,0.001599,interpolated,1.561,1,0,0.9129,0.1277
human,plate11,flu-seqneut-2026-SCH-017,A/Netherlands/10008/2026_H1N1,plate11-A/Netherlands/10008/2026_H1N1,0.00216,interpolated,0.00216,0.00216,interpolated,3.416,1,0,0.9999,0.003937
human,plate11,flu-seqneut-2026-SCH-017,A/Netherlands/2398/2025_H1N1,plate11-A/Netherlands/2398/2025_H1N1,0.004272,interpolated,0.004318,0.004318,interpolated,5.356,0.9721,0,0.9731,0.06512
human,plate11,flu-seqneut-2026-SCH-017,A/Netherlands/543/2026_H1N1,plate11-A/Netherlands/543/2026_H1N1,0.001981,interpolated,0.00203,0.00203,interpolated,2.855,0.9662,0,0.9947,0.03127
human,plate11,flu-seqneut-2026-SCH-017,A/Netherlands/864/2026_H1N1,plate11-A/Netherlands/864/2026_H1N1,0.0013,interpolated,0.0013,0.0013,interpolated,2.075,1,0,0.9891,0.04546
human,plate11,flu-seqneut-2026-SCH-017,A/Netherlands/888/2026_H3N2,plate11-A/Netherlands/888/2026_H3N2,0.0009375,interpolated,0.0009375,0.0009375,interpolated,2.428,1,0,0.9827,0.05765
human,plate11,flu-seqneut-2026-SCH-017,A/Netherlands/968/2026_H3N2,plate11-A/Netherlands/968/2026_H3N2,0.001475,interpolated,0.001475,0.001475,interpolated,2.403,1,0,0.9965,0.02595
human,plate11,flu-seqneut-2026-SCH-017,A/NewBrunswick/NBPHLFLUA10B-MM00057R/2026_H1N1,plate11-A/NewBrunswick/NBPHLFLUA10B-MM00057R/2026_H1N1,0.001581,interpolated,0.001581,0.001581,interpolated,2.053,1,0,0.9846,0.05421
human,plate11,flu-seqneut-2026-SCH-017,A/NewYork/NIRC-IS-1086/2026_H3N2,plate11-A/NewYork/NIRC-IS-1086/2026_H3N2,0.0007323,interpolated,0.0007323,0.0007323,interpolated,1.194,1,0,0.9282,0.1027
human,plate11,flu-seqneut-2026-SCH-017,A/NordrheinWestfalen/54/2026_H3N2,plate11-A/NordrheinWestfalen/54/2026_H3N2,0.0006518,interpolated,0.0006518,0.0006518,interpolated,2.003,1,0,0.9928,0.03532
human,plate11,flu-seqneut-2026-SCH-017,A/NordrheinWestfalen/96/2026_H1N1,plate11-A/NordrheinWestfalen/96/2026_H1N1,0.002317,interpolated,0.002317,0.002317,interpolated,4.883,1,0,1,0.002358
human,plate11,flu-seqneut-2026-SCH-017,A/Norway/9556/2025_H1N1,plate11-A/Norway/9556/2025_H1N1,0.002837,interpolated,0.002852,0.002852,interpolated,2.885,0.9923,0,0.999,0.01385
human,plate11,flu-seqneut-2026-SCH-017,A/NovaScotia/25-365-06099/2025_H3N2,plate11-A/NovaScotia/25-365-06099/2025_H3N2,0.000604,interpolated,0.000621,0.000621,interpolated,2.623,0.965,0,0.9939,0.03173
human,plate11,flu-seqneut-2026-SCH-017,A/Ohio/259/2024_H1N1,plate11-A/Ohio/259/2024_H1N1,0.0008791,interpolated,0.0008791,0.0008791,interpolated,3.243,1,0,0.9999,0.003218
human,plate11,flu-seqneut-2026-SCH-017,A/Ontario/PHL202550193/2025_H3N2,plate11-A/Ontario/PHL202550193/2025_H3N2,0.001237,interpolated,0.00136,0.00136,interpolated,1.561,0.9312,0,0.9737,0.06176
human,plate11,flu-seqneut-2026-SCH-017,A/Oregon/81/2025_H3N2,plate11-A/Oregon/81/2025_H3N2,0.0004871,interpolated,0.0004871,0.0004871,interpolated,2.722,1,0,0.9973,0.02173
human,plate11,flu-seqneut-2026-SCH-017,A/PaisVasco/70369726/2026_H1N1,plate11-A/PaisVasco/70369726/2026_H1N1,0.001137,interpolated,0.001137,0.001137,interpolated,1.835,1,0,0.9928,0.03558
human,plate11,flu-seqneut-2026-SCH-017,A/Parana/416133590/2026_H3N2,plate11-A/Parana/416133590/2026_H3N2,0.003186,interpolated,0.003186,0.003186,interpolated,0.8873,1,0,0.9333,0.08052
human,plate11,flu-seqneut-2026-SCH-017,A/Peru/ANC-INS-062/2026_H3N2,plate11-A/Peru/ANC-INS-062/2026_H3N2,0.001548,interpolated,0.001775,0.001775,interpolated,10,0.6277,0,0.8465,0.1279
human,plate11,flu-seqneut-2026-SCH-017,A/Rhode_Island/11/2026_H1N1,plate11-A/Rhode_Island/11/2026_H1N1,0.002408,interpolated,0.002456,0.002456,interpolated,2.119,0.9796,0,0.9741,0.06751
human,plate11,flu-seqneut-2026-SCH-017,A/RiodeJaneiro/331/2026_H3N2,plate11-A/RiodeJaneiro/331/2026_H3N2,0.001678,interpolated,0.001678,0.001678,interpolated,1.21,1,0,0.9501,0.08353
human,plate11,flu-seqneut-2026-SCH-017,A/Romania/612042/2026_H3N2,plate11-A/Romania/612042/2026_H3N2,0.0005242,interpolated,0.0005263,0.0005263,interpolated,2.765,0.9946,0,0.9967,0.02362
human,plate11,flu-seqneut-2026-SCH-017,A/SantaCatarina/508/2026_H3N2,plate11-A/SantaCatarina/508/2026_H3N2,0.0005989,interpolated,0.0006356,0.0006356,interpolated,2.78,0.9237,0,0.9857,0.04715
human,plate11,flu-seqneut-2026-SCH-017,A/Saskatchewan/SKFLU477299/2025_H3N2,plate11-A/Saskatchewan/SKFLU477299/2025_H3N2,0.0006958,interpolated,0.0006958,0.0006958,interpolated,2.219,1,0,0.9964,0.02485
human,plate11,flu-seqneut-2026-SCH-017,A/Saskatchewan/SKFLU477727/2025_H3N2,plate11-A/Saskatchewan/SKFLU477727/2025_H3N2,0.0008686,interpolated,0.000921,0.000921,interpolated,2.472,0.9325,0,0.9473,0.09311
human,plate11,flu-seqneut-2026-SCH-017,A/Saskatchewan/SKFLU490586/2026_H1N1,plate11-A/Saskatchewan/SKFLU490586/2026_H1N1,0.001897,interpolated,0.00207,0.00207,interpolated,4.208,0.8463,0,0.9669,0.07139
human,plate11,flu-seqneut-2026-SCH-017,A/Singapore/GP20238/2024_H3N2,plate11-A/Singapore/GP20238/2024_H3N2,0.0001109,interpolated,0.0001287,0.0001287,interpolated,3.139,0.8133,0,0.999,0.007191
human,plate11,flu-seqneut-2026-SCH-017,A/Singapore/KK2768/2025_H1N1,plate11-A/Singapore/KK2768/2025_H1N1,0.001568,interpolated,0.001672,0.001672,interpolated,2.095,0.9374,0,0.9585,0.08414
human,plate11,flu-seqneut-2026-SCH-017,A/Singapore/MOH0547/2024_H1N1,plate11-A/Singapore/MOH0547/2024_H1N1,0.0008937,interpolated,0.0008937,0.0008937,interpolated,4.218,1,0,0.9997,0.007637
human,plate11,flu-seqneut-2026-SCH-017,A/Singapore/NTF0577/2025_H3N2,plate11-A/Singapore/NTF0577/2025_H3N2,0.00134,interpolated,0.001377,0.001377,interpolated,5.571,0.9301,0,0.995,0.03128
human,plate11,flu-seqneut-2026-SCH-017,A/Singapore/SAR8915/2025_H3N2,plate11-A/Singapore/SAR8915/2025_H3N2,0.0008133,interpolated,0.0008133,0.0008133,interpolated,6.442,1,0,0.9992,0.01306
human,plate11,flu-seqneut-2026-SCH-017,A/SouthAfrica/NHLS-SU-CERI-C075557/2026_H1N1,plate11-A/SouthAfrica/NHLS-SU-CERI-C075557/2026_H1N1,0.001846,interpolated,0.001846,0.001846,interpolated,2.094,0.9998,0,0.9847,0.05358
human,plate11,flu-seqneut-2026-SCH-017,A/SouthAfrica/NICD-R01647/2026_H1N1,plate11-A/SouthAfrica/NICD-R01647/2026_H1N1,0.001271,interpolated,0.001271,0.001271,interpolated,1.986,1,0,0.9853,0.05206
human,plate11,flu-seqneut-2026-SCH-017,A/SouthAfrica/NICD-R01668/2026_H1N1,plate11-A/SouthAfrica/NICD-R01668/2026_H1N1,0.002008,interpolated,0.002074,0.002074,interpolated,2.661,0.9589,0,0.9896,0.04344
human,plate11,flu-seqneut-2026-SCH-017,A/SouthAfrica/PATH-CERI-C073358/2025_H1N1,plate11-A/SouthAfrica/PATH-CERI-C073358/2025_H1N1,0.001419,interpolated,0.001431,0.001431,interpolated,2.295,0.9906,0,0.993,0.03588
human,plate11,flu-seqneut-2026-SCH-017,A/SouthAfrica/PATH-CERI-C073366/2025_H1N1,plate11-A/SouthAfrica/PATH-CERI-C073366/2025_H1N1,0.001517,interpolated,0.001521,0.001521,interpolated,1.994,0.9978,0,0.9841,0.05392
human,plate11,flu-seqneut-2026-SCH-017,A/SouthAfrica/PATH-CERI-C075119/2026_H1N1,plate11-A/SouthAfrica/PATH-CERI-C075119/2026_H1N1,0.001097,interpolated,0.001097,0.001097,interpolated,1.329,1,0,0.9624,0.07581
human,plate11,flu-seqneut-2026-SCH-017,A/SouthAustralia/2605715552/2026_H3N2,plate11-A/SouthAustralia/2605715552/2026_H3N2,0.0006122,interpolated,0.0006371,0.0006371,interpolated,3.976,0.9268,0,0.9912,0.0386
human,plate11,flu-seqneut-2026-SCH-017,A/SouthCarolina/USAFSAM-17046/2026_H3N2,plate11-A/SouthCarolina/USAFSAM-17046/2026_H3N2,0.0006046,interpolated,0.0007014,0.0007014,interpolated,2.697,0.8351,0,0.986,0.04305
human,plate11,flu-seqneut-2026-SCH-017,A/South_Australia/2523812314/2025_H3N2,plate11-A/South_Australia/2523812314/2025_H3N2,0.0005087,interpolated,0.0005315,0.0005315,interpolated,5.787,0.8883,0,0.981,0.0565
human,plate11,flu-seqneut-2026-SCH-017,A/South_Australia/2527213276/2025_H3N2,plate11-A/South_Australia/2527213276/2025_H3N2,0.0003715,interpolated,0.0003715,0.0003715,interpolated,3.047,1,0,0.9999,0.004448
human,plate11,flu-seqneut-2026-SCH-017,A/StPetersburg/RII-25-2042S/2025_H3N2,plate11-A/StPetersburg/RII-25-2042S/2025_H3N2,0.0006962,interpolated,0.0006962,0.0006962,interpolated,2.101,1,0,0.9993,0.01072
human,plate11,flu-seqneut-2026-SCH-017,A/StPetersburg/RII-25-2321S/2025_H3N2,plate11-A/StPetersburg/RII-25-2321S/2025_H3N2,0.0004245,interpolated,0.0005366,0.0005366,interpolated,2.806,0.759,0,0.9967,0.01828
human,plate11,flu-seqneut-2026-SCH-017,A/StPetersburg/RII-25-2506S/2026_H3N2,plate11-A/StPetersburg/RII-25-2506S/2026_H3N2,0.001586,interpolated,0.001686,0.001686,interpolated,1.924,0.9444,0,0.972,0.0671
human,plate11,flu-seqneut-2026-SCH-017,A/StPetersburg/RII-25-2600S/2026_H3N2,plate11-A/StPetersburg/RII-25-2600S/2026_H3N2,0.0008123,interpolated,0.0008842,0.0008842,interpolated,10,0.7142,0,0.9396,0.08029
human,plate11,flu-seqneut-2026-SCH-017,A/Switzerland/UN-SNRCI-HUG-053/2025_H1N1,plate11-A/Switzerland/UN-SNRCI-HUG-053/2025_H1N1,0.001624,interpolated,0.001624,0.001624,interpolated,2.018,1,0,0.9825,0.05763
human,plate11,flu-seqneut-2026-SCH-017,A/Sydney/1359/2024_H3N2,plate11-A/Sydney/1359/2024_H3N2,0.0001662,interpolated,0.0001662,0.0001662,interpolated,2.961,1,0,0.9909,0.03123
human,plate11,flu-seqneut-2026-SCH-017,A/Sydney/50/2026_H1N1,plate11-A/Sydney/50/2026_H1N1,0.005441,interpolated,0.005546,0.005546,interpolated,4.395,0.9599,0,0.9754,0.06189
human,plate11,flu-seqneut-2026-SCH-017,A/Texas/29/2026_H1N1,plate11-A/Texas/29/2026_H1N1,0.0009509,interpolated,0.0009509,0.0009509,interpolated,2.373,1,0,0.9876,0.04874
human,plate11,flu-seqneut-2026-SCH-017,A/Thailand/8/2022_H3N2,plate11-A/Thailand/8/2022_H3N2,0.0002873,interpolated,0.0002917,0.0002917,interpolated,2.322,0.9825,0,0.9901,0.03505
human,plate11,flu-seqneut-2026-SCH-017,A/Thuringen/16/2026_H3N2,plate11-A/Thuringen/16/2026_H3N2,0.0007199,interpolated,0.00076,0.00076,interpolated,4.58,0.89,0,0.9804,0.05691
human,plate11,flu-seqneut-2026-SCH-017,A/Thuringen/39/2026_H3N2,plate11-A/Thuringen/39/2026_H3N2,0.001906,interpolated,0.002153,0.002153,interpolated,4.083,0.8036,0,0.988,0.03996
human,plate11,flu-seqneut-2026-SCH-017,A/Tokyo/EIS11-277/2024_H1N1,plate11-A/Tokyo/EIS11-277/2024_H1N1,0.0008209,interpolated,0.0008398,0.0008398,interpolated,10,0.8984,0,0.9517,0.09171
human,plate11,flu-seqneut-2026-SCH-017,A/Trieste/257/2025_H3N2,plate11-A/Trieste/257/2025_H3N2,0.0006253,interpolated,0.0006253,0.0006253,interpolated,2.474,1,0,0.9982,0.01806
human,plate11,flu-seqneut-2026-SCH-017,A/Trieste/380/2026_H3N2,plate11-A/Trieste/380/2026_H3N2,0.001632,interpolated,0.001632,0.001632,interpolated,1.25,1,0,0.9832,0.04937
human,plate11,flu-seqneut-2026-SCH-017,A/Ukraine/5214/2026_H1N1,plate11-A/Ukraine/5214/2026_H1N1,0.001364,interpolated,0.001364,0.001364,interpolated,1.718,1,0,0.9589,0.08714
human,plate11,flu-seqneut-2026-SCH-017,A/Uppsala/SE26-01293/2026_H1N1,plate11-A/Uppsala/SE26-01293/2026_H1N1,0.003022,interpolated,0.003189,0.003189,interpolated,10,0.7914,0,0.8185,0.1797
human,plate11,flu-seqneut-2026-SCH-017,A/Valencia/VAHNSI_09_02564/2025_H1N1,plate11-A/Valencia/VAHNSI_09_02564/2025_H1N1,0.001615,interpolated,0.001615,0.001615,interpolated,2.162,1,0,0.9904,0.0427
human,plate11,flu-seqneut-2026-SCH-017,A/Victoria/2948/2025_H3N2,plate11-A/Victoria/2948/2025_H3N2,0.002126,interpolated,0.002282,0.002282,interpolated,2.411,0.9215,0,0.9547,0.08829
human,plate11,flu-seqneut-2026-SCH-017,A/Victoria/4897/2022_IVR-238_H1N1,plate11-A/Victoria/4897/2022_IVR-238_H1N1,0.0003455,interpolated,0.0003455,0.0003455,interpolated,3.427,1,0,1,0.002607
human,plate11,flu-seqneut-2026-SCH-017,A/Vietnam/F7324/2024_H3N2,plate11-A/Vietnam/F7324/2024_H3N2,0.0007249,interpolated,0.0007249,0.0007249,interpolated,1.93,1,0,0.9899,0.0419
human,plate11,flu-seqneut-2026-SCH-017,A/Vietnam/PF125413/2025_H1N1,plate11-A/Vietnam/PF125413/2025_H1N1,0.001985,interpolated,0.001985,0.001985,interpolated,5.79,1,0,0.9998,0.006288
human,plate11,flu-seqneut-2026-SCH-017,A/Vietnam/PF126009/2026_H1N1,plate11-A/Vietnam/PF126009/2026_H1N1,0.002386,interpolated,0.002386,0.002386,interpolated,6.074,1,0,1,0.001045
human,plate11,flu-seqneut-2026-SCH-017,A/Virginia/82/2025_H1N1,plate11-A/Virginia/82/2025_H1N1,0.001369,interpolated,0.001369,0.001369,interpolated,1.916,1,0,0.9881,0.04675
human,plate11,flu-seqneut-2026-SCH-017,A/Wisconsin/588/2019_H1N1,plate11-A/Wisconsin/588/2019_H1N1,0.0009529,interpolated,0.0009529,0.0009529,interpolated,2.747,1,0,0.9922,0.03916
human,plate11,flu-seqneut-2026-SCH-017,A/Wisconsin/67/2022_H1N1,plate11-A/Wisconsin/67/2022_H1N1,0.001017,interpolated,0.001025,0.001025,interpolated,3.099,0.988,0,0.9942,0.03328
human,plate11,flu-seqneut-2026-SCH-017,A/Zacapa/FLU-012/2025_H1N1,plate11-A/Zacapa/FLU-012/2025_H1N1,0.0009025,interpolated,0.0009026,0.0009026,interpolated,5.087,0.9999,0,0.9997,0.007996
human,plate11,flu-seqneut-2026-SCH-017,A/Zambia/6-NIC-014/2026_H1N1,plate11-A/Zambia/6-NIC-014/2026_H1N1,0.001917,interpolated,0.001929,0.001929,interpolated,2.176,0.9937,0,0.9813,0.0594
human,plate11,flu-seqneut-2026-SCH-017,A/Zambia/7-NIC-313/2026_H1N1,plate11-A/Zambia/7-NIC-313/2026_H1N1,0.002381,interpolated,0.002437,0.002437,interpolated,6.636,0.9293,0,0.9858,0.05186
human,plate11,flu-seqneut-2026-SCH-018,A/Andalucia/PMC-00977/2025_H1N1,plate11-A/Andalucia/PMC-00977/2025_H1N1,0.0007754,interpolated,0.0007754,0.0007754,interpolated,2.382,1,0,0.9978,0.01993
human,plate11,flu-seqneut-2026-SCH-018,A/Andalucia/PMC-01217/2025_H1N1,plate11-A/Andalucia/PMC-01217/2025_H1N1,0.0008092,interpolated,0.000876,0.000876,interpolated,3.026,0.8933,0,0.9819,0.05389
human,plate11,flu-seqneut-2026-SCH-018,A/Andalucia/PMC-01495/2025_H1N1,plate11-A/Andalucia/PMC-01495/2025_H1N1,0.0008545,interpolated,0.0008581,0.0008581,interpolated,2.774,0.9942,0,0.9979,0.02017
human,plate11,flu-seqneut-2026-SCH-018,A/Arizona/40/2026_H1N1,plate11-A/Arizona/40/2026_H1N1,0.0004955,interpolated,0.0004955,0.0004955,interpolated,2.517,1,0,0.9953,0.02878
human,plate11,flu-seqneut-2026-SCH-018,A/Astrakhan/RII-MH273373S/2025_H3N2,plate11-A/Astrakhan/RII-MH273373S/2025_H3N2,0.0006249,interpolated,0.0006249,0.0006249,interpolated,1.093,1,0,0.8808,0.1283
human,plate11,flu-seqneut-2026-SCH-018,A/Asturias/232590913/2025_H1N1,plate11-A/Asturias/232590913/2025_H1N1,0.0007462,interpolated,0.0007502,0.0007502,interpolated,2.962,0.9922,0,0.9994,0.01067
human,plate11,flu-seqneut-2026-SCH-018,A/Badajoz/18738342/2026_H3N2,plate11-A/Badajoz/18738342/2026_H3N2,0.002018,interpolated,0.002018,0.002018,interpolated,1.468,1,0,0.991,0.0371
human,plate11,flu-seqneut-2026-SCH-018,A/Badajoz/18811358/2026_H3N2,plate11-A/Badajoz/18811358/2026_H3N2,0.001361,interpolated,0.001373,0.001373,interpolated,1.419,0.9938,0,0.9844,0.04872
human,plate11,flu-seqneut-2026-SCH-018,A/Badajoz/18813527/2026_H3N2,plate11-A/Badajoz/18813527/2026_H3N2,0.001049,interpolated,0.001076,0.001076,interpolated,1.258,0.9839,0,0.979,0.05336
human,plate11,flu-seqneut-2026-SCH-018,A/Bangkok/P2390/2025_H3N2,plate11-A/Bangkok/P2390/2025_H3N2,0.001069,interpolated,0.001069,0.001069,interpolated,0.909,1,0,0.9268,0.09262
human,plate11,flu-seqneut-2026-SCH-018,A/Bangkok/P2391/2025_H3N2,plate11-A/Bangkok/P2391/2025_H3N2,0.001489,interpolated,0.001797,0.001797,interpolated,1.598,0.8699,0,0.9034,0.1159
human,plate11,flu-seqneut-2026-SCH-018,A/Blaenavon/6687/2026_H3N2,plate11-A/Blaenavon/6687/2026_H3N2,0.0006503,interpolated,0.0006503,0.0006503,interpolated,1.573,1,0,0.9949,0.02766
human,plate11,flu-seqneut-2026-SCH-018,A/Bolivia/OR5702/2025_H3N2,plate11-A/Bolivia/OR5702/2025_H3N2,0.00133,interpolated,0.00133,0.00133,interpolated,1.317,1,0,0.9804,0.0532
human,plate11,flu-seqneut-2026-SCH-018,A/BritishColumbia/RV00022-26/2025_H1N1,plate11-A/BritishColumbia/RV00022-26/2025_H1N1,0.001058,interpolated,0.001098,0.001098,interpolated,3.739,0.9358,0,0.9791,0.06297
human,plate11,flu-seqneut-2026-SCH-018,A/BritishColumbia/RV00279-26/2025_H3N2,plate11-A/BritishColumbia/RV00279-26/2025_H3N2,0.0009388,interpolated,0.0009945,0.0009945,interpolated,2.373,0.936,0,0.9669,0.07255
human,plate11,flu-seqneut-2026-SCH-018,A/BritishColumbia/RV01350-26/2026_H1N1,plate11-A/BritishColumbia/RV01350-26/2026_H1N1,0.0008563,interpolated,0.0008879,0.0008879,interpolated,1.902,0.9667,0,0.9888,0.04283
human,plate11,flu-seqneut-2026-SCH-018,A/BritishColumbia/RV05508-25/2025_H1N1,plate11-A/BritishColumbia/RV05508-25/2025_H1N1,0.0009853,interpolated,0.0009853,0.0009853,interpolated,3.063,1,0,0.9992,0.01289
human,plate11,flu-seqneut-2026-SCH-018,A/California/GKISBBBH79910/2026_H3N2,plate11-A/California/GKISBBBH79910/2026_H3N2,0.000927,interpolated,0.000927,0.000927,interpolated,1.265,1,0,0.9905,0.03662
human,plate11,flu-seqneut-2026-SCH-018,A/California/NIRC-IS-1019/2026_H1N1,plate11-A/California/NIRC-IS-1019/2026_H1N1,0.0006453,interpolated,0.0006453,0.0006453,interpolated,2.503,1,0,0.9988,0.01486
human,plate11,flu-seqneut-2026-SCH-018,A/California/NIRC-IS-1059/2026_H3N2,plate11-A/California/NIRC-IS-1059/2026_H3N2,0.0008557,interpolated,0.0009509,0.0009509,interpolated,1.533,0.9253,0,0.9605,0.07208
human,plate11,flu-seqneut-2026-SCH-018,A/California/NIRC-IS-1067/2026_H3N2,plate11-A/California/NIRC-IS-1067/2026_H3N2,0.001297,interpolated,0.001297,0.001297,interpolated,1.852,1,0,0.9903,0.041
human,plate11,flu-seqneut-2026-SCH-018,A/California/NIRC-IS-1356/2025_H1N1,plate11-A/California/NIRC-IS-1356/2025_H1N1,0.001011,interpolated,0.001011,0.001011,interpolated,2.664,1,0,0.9944,0.03318
human,plate11,flu-seqneut-2026-SCH-018,A/Castellon/VAHNSI_02_02400/2025_H3N2,plate11-A/Castellon/VAHNSI_02_02400/2025_H3N2,0.0009681,interpolated,0.0009816,0.0009816,interpolated,2.579,0.9825,0,0.9767,0.06333
human,plate11,flu-seqneut-2026-SCH-018,A/Colombia/1851/2024_H3N2,plate11-A/Colombia/1851/2024_H3N2,0.0004701,interpolated,0.0004947,0.0004947,interpolated,1.929,0.9532,0,0.9601,0.07386
human,plate11,flu-seqneut-2026-SCH-018,A/Colorado/218/2024_H1N1,plate11-A/Colorado/218/2024_H1N1,0.0004142,interpolated,0.0004142,0.0004142,interpolated,3.167,1,0,0.9944,0.02693
human,plate11,flu-seqneut-2026-SCH-018,A/Connecticut/5/2026_H3N2,plate11-A/Connecticut/5/2026_H3N2,0.0007367,interpolated,0.0007367,0.0007367,interpolated,1.034,1,0,0.954,0.07603
human,plate11,flu-seqneut-2026-SCH-018,A/Croatia/10136RV/2023_H3N2,plate11-A/Croatia/10136RV/2023_H3N2,7.343e-05,upper,5.769e-05,7.343e-05,upper,0.95,0.6,0,0.8239,0.04187
human,plate11,flu-seqneut-2026-SCH-018,A/Darwin/1415/2025_H3N2,plate11-A/Darwin/1415/2025_H3N2,0.0006244,interpolated,0.0006244,0.0006244,interpolated,0.9523,1,0,0.9581,0.06798
human,plate11,flu-seqneut-2026-SCH-018,A/Darwin/1454/2025_H3N2,plate11-A/Darwin/1454/2025_H3N2,0.000525,interpolated,0.000525,0.000525,interpolated,4.092,1,0,0.9999,0.003632
human,plate11,flu-seqneut-2026-SCH-018,A/Denmark/3940/2025_H3N2,plate11-A/Denmark/3940/2025_H3N2,0.001161,interpolated,0.001161,0.001161,interpolated,2.09,1,0,0.9871,0.04689
human,plate11,flu-seqneut-2026-SCH-018,A/Denmark/4547/2025_H1N1,plate11-A/Denmark/4547/2025_H1N1,0.0008224,interpolated,0.0008224,0.0008224,interpolated,3.437,1,0,0.9999,0.00383
human,plate11,flu-seqneut-2026-SCH-018,A/Denmark/4774/2025_H1N1,plate11-A/Denmark/4774/2025_H1N1,0.001664,interpolated,0.001679,0.001679,interpolated,10,0.9585,0,0.9878,0.05157
human,plate11,flu-seqneut-2026-SCH-018,A/District_Of_Columbia/27/2023_H3N2,plate11-A/District_Of_Columbia/27/2023_H3N2,0.000368,interpolated,0.0003817,0.0003817,interpolated,10,0.8475,0,0.9058,0.1069
human,plate11,flu-seqneut-2026-SCH-018,A/Distrito_Federal/250106000728/2025_H3N2,plate11-A/Distrito_Federal/250106000728/2025_H3N2,0.0007994,interpolated,0.001125,0.001125,interpolated,1.021,0.8526,0,0.9645,0.05504
human,plate11,flu-seqneut-2026-SCH-018,A/England/1893256/2026_H1N1,plate11-A/England/1893256/2026_H1N1,0.0007472,interpolated,0.0007472,0.0007472,interpolated,2.564,1,0,0.9981,0.01886
human,plate11,flu-seqneut-2026-SCH-018,A/Florida/ISC-1069/2026_H3N2,plate11-A/Florida/ISC-1069/2026_H3N2,0.001422,interpolated,0.001523,0.001523,interpolated,1.154,0.9618,0,0.9309,0.0958
human,plate11,flu-seqneut-2026-SCH-018,A/France/ARA-HCL025195259501/2025_H1N1,plate11-A/France/ARA-HCL025195259501/2025_H1N1,0.0006162,interpolated,0.0006162,0.0006162,interpolated,1.902,1,0,0.9885,0.04412
human,plate11,flu-seqneut-2026-SCH-018,A/France/ARA-HCL026031894402/2026_H3N2,plate11-A/France/ARA-HCL026031894402/2026_H3N2,0.001212,interpolated,0.001212,0.001212,interpolated,1.026,1,0,0.9453,0.08448
human,plate11,flu-seqneut-2026-SCH-018,A/France/GES-IPP00659/2026_H1N1,plate11-A/France/GES-IPP00659/2026_H1N1,0.0008566,interpolated,0.0008566,0.0008566,interpolated,2.892,1,0,0.9838,0.05652
human,plate11,flu-seqneut-2026-SCH-018,A/France/GES-IPP01077/2026_H3N2,plate11-A/France/GES-IPP01077/2026_H3N2,0.001602,interpolated,0.001602,0.001602,interpolated,1.905,1,0,0.9955,0.02814
human,plate11,flu-seqneut-2026-SCH-018,A/France/HDF-IPP01550/2026_H3N2,plate11-A/France/HDF-IPP01550/2026_H3N2,0.001772,interpolated,0.001772,0.001772,interpolated,1.241,1,0,0.9929,0.0314
human,plate11,flu-seqneut-2026-SCH-018,A/France/HDF-RELAB-IPP00300/2026_H3N2,plate11-A/France/HDF-RELAB-IPP00300/2026_H3N2,0.00148,interpolated,0.001927,0.001927,interpolated,2.871,0.734,0,0.9421,0.07911
human,plate11,flu-seqneut-2026-SCH-018,A/France/HDF-RELAB-IPP00303/2026_H3N2,plate11-A/France/HDF-RELAB-IPP00303/2026_H3N2,0.002434,interpolated,0.00248,0.00248,interpolated,3.09,0.9719,0,0.9936,0.03359
human,plate11,flu-seqneut-2026-SCH-018,A/France/HDF-RELAB-IPP07969/2025_H1N1,plate11-A/France/HDF-RELAB-IPP07969/2025_H1N1,0.000939,interpolated,0.000939,0.000939,interpolated,4.077,1,0,0.9993,0.01196
human,plate11,flu-seqneut-2026-SCH-018,A/France/NAQ-HCL026010957001/2026_H3N2,plate11-A/France/NAQ-HCL026010957001/2026_H3N2,0.004171,interpolated,0.004298,0.004298,interpolated,10,0.8704,0,0.9596,0.07936
human,plate11,flu-seqneut-2026-SCH-018,A/France/NAQ-HCL026046169102/2025_H1N1,plate11-A/France/NAQ-HCL026046169102/2025_H1N1,0.0005675,interpolated,0.0007887,0.0007887,interpolated,2.873,0.6942,0,0.9808,0.04233
human,plate11,flu-seqneut-2026-SCH-018,A/France/OCC-HCL026013263701/2026_H3N2,plate11-A/France/OCC-HCL026013263701/2026_H3N2,0.0008068,interpolated,0.001177,0.001177,interpolated,0.8693,0.8601,0,0.9538,0.05689
human,plate11,flu-seqneut-2026-SCH-018,A/France/PAC-RELAB-HCL026021993801/2026_H3N2,plate11-A/France/PAC-RELAB-HCL026021993801/2026_H3N2,0.001119,interpolated,0.001119,0.001119,interpolated,1.918,1,0,0.9791,0.06051
human,plate11,flu-seqneut-2026-SCH-018,A/Galicia/GA-CHUAC-451/2025_H3N2,plate11-A/Galicia/GA-CHUAC-451/2025_H3N2,0.0004641,interpolated,0.0004641,0.0004641,interpolated,4.451,1,0,0.9999,0.004001
human,plate11,flu-seqneut-2026-SCH-018,A/Galicia/GA-CHUAC-612/2025_H1N1,plate11-A/Galicia/GA-CHUAC-612/2025_H1N1,0.001388,interpolated,0.001388,0.001388,interpolated,2.152,1,0,0.9928,0.037
human,plate11,flu-seqneut-2026-SCH-018,A/Germany/LRMC_0104/2025_H3N2,plate11-A/Germany/LRMC_0104/2025_H3N2,0.001102,interpolated,0.001102,0.001102,interpolated,1.123,1,0,0.9282,0.1019
human,plate11,flu-seqneut-2026-SCH-018,A/Germany/LRMC_0113/2025_H3N2,plate11-A/Germany/LRMC_0113/2025_H3N2,0.0012,interpolated,0.001243,0.001243,interpolated,1.497,0.9743,0,0.9909,0.03607
human,plate11,flu-seqneut-2026-SCH-018,A/Hawaii/70/2019_H1N1,plate11-A/Hawaii/70/2019_H1N1,0.0002552,interpolated,0.000285,0.000285,interpolated,2.63,0.874,0,0.9988,0.01129
human,plate11,flu-seqneut-2026-SCH-018,A/Hawaii/ISC-1140/2025_H1N1,plate11-A/Hawaii/ISC-1140/2025_H1N1,0.0004833,interpolated,0.0005495,0.0005495,interpolated,2.429,0.8661,0,0.9468,0.08462
human,plate11,flu-seqneut-2026-SCH-018,A/Hessen/18/2026_H1N1,plate11-A/Hessen/18/2026_H1N1,0.0007073,interpolated,0.0007073,0.0007073,interpolated,2.648,1,0,0.999,0.01382
human,plate11,flu-seqneut-2026-SCH-018,A/Ireland/91576/2025_H3N2,plate11-A/Ireland/91576/2025_H3N2,0.001143,interpolated,0.001143,0.001143,interpolated,1.498,1,0,0.9954,0.02674
human,plate11,flu-seqneut-2026-SCH-018,A/Kentucky/80/2025_H1N1,plate11-A/Kentucky/80/2025_H1N1,0.0004031,interpolated,0.0004492,0.0004492,interpolated,1.879,0.9078,0,0.9965,0.0207
human,plate11,flu-seqneut-2026-SCH-018,A/Lisboa/216/2023_H3N2,plate11-A/Lisboa/216/2023_H3N2,9.724e-05,interpolated,0.0002595,0.0002595,interpolated,1.64,0.6,0,0.876,0.06698
human,plate11,flu-seqneut-2026-SCH-018,A/Luxembourg/LNS9132577/2026_H3N2,plate11-A/Luxembourg/LNS9132577/2026_H3N2,0.001175,interpolated,0.001175,0.001175,interpolated,1.272,1,0,0.9869,0.04357
human,plate11,flu-seqneut-2026-SCH-018,A/Maine/25/2026_H1N1,plate11-A/Maine/25/2026_H1N1,0.0006689,interpolated,0.0006689,0.0006689,interpolated,2.056,1,0,0.9893,0.04336
human,plate11,flu-seqneut-2026-SCH-018,A/Malaysia/IMR/SARI/2406/2025_H3N2,plate11-A/Malaysia/IMR/SARI/2406/2025_H3N2,0.002055,interpolated,0.002132,0.002132,interpolated,3.094,0.9465,0,0.9549,0.08934
human,plate11,flu-seqneut-2026-SCH-018,A/Massachusetts/18/2022_H3N2,plate11-A/Massachusetts/18/2022_H3N2,0.0001692,interpolated,0.0001963,0.0001963,interpolated,1.718,0.8874,0,0.9971,0.01454
human,plate11,flu-seqneut-2026-SCH-018,A/Massachusetts/ISC-1856/2025_H3N2,plate11-A/Massachusetts/ISC-1856/2025_H3N2,0.0009995,interpolated,0.001053,0.001053,interpolated,1.206,0.9697,0,0.981,0.0494
human,plate11,flu-seqneut-2026-SCH-018,A/Mauritius/26000203/2026_H1N1,plate11-A/Mauritius/26000203/2026_H1N1,0.0004369,interpolated,0.0004846,0.0004846,interpolated,2.332,0.8928,0,0.999,0.01138
human,plate11,flu-seqneut-2026-SCH-018,A/Michigan/8/2026_H3N2,plate11-A/Michigan/8/2026_H3N2,0.001045,interpolated,0.001045,0.001045,interpolated,1.339,1,0,0.99,0.03851
human,plate11,flu-seqneut-2026-SCH-018,A/Michigan/UM-10068071276/2025_H3N2,plate11-A/Michigan/UM-10068071276/2025_H3N2,0.001058,interpolated,0.001058,0.001058,interpolated,1.101,1,0,0.9635,0.06996
human,plate11,flu-seqneut-2026-SCH-018,A/Michigan/UM-10068134090/2025_H3N2,plate11-A/Michigan/UM-10068134090/2025_H3N2,0.0005468,interpolated,0.001002,0.001002,interpolated,1.675,0.6814,0,0.9329,0.07399
human,plate11,flu-seqneut-2026-SCH-018,A/Michigan/UM-10068449788/2025_H3N2,plate11-A/Michigan/UM-10068449788/2025_H3N2,0.001318,interpolated,0.001571,0.001571,interpolated,1.233,0.9028,0,0.8812,0.1245
human,plate11,flu-seqneut-2026-SCH-018,A/Michigan/UM-10068456988/2025_H3N2,plate11-A/Michigan/UM-10068456988/2025_H3N2,0.003279,interpolated,0.004075,0.004075,interpolated,1.444,0.8654,0,0.8975,0.1072
human,plate11,flu-seqneut-2026-SCH-018,A/Michigan/UM-10068747355/2026_H3N2,plate11-A/Michigan/UM-10068747355/2026_H3N2,0.001579,interpolated,0.001579,0.001579,interpolated,1.509,1,0,0.9947,0.02896
human,plate11,flu-seqneut-2026-SCH-018,A/MinasGerais/410/2026_H1N1,plate11-A/MinasGerais/410/2026_H1N1,0.0008245,interpolated,0.0008245,0.0008245,interpolated,5.311,1,0,0.9988,0.01594
human,plate11,flu-seqneut-2026-SCH-018,A/MinasGerais/671/2026_H1N1,plate11-A/MinasGerais/671/2026_H1N1,0.0007944,interpolated,0.0007944,0.0007944,interpolated,1.712,1,0,0.9916,0.03742
human,plate11,flu-seqneut-2026-SCH-018,A/Mississippi/20/2026_H1N1,plate11-A/Mississippi/20/2026_H1N1,0.001126,interpolated,0.001199,0.001199,interpolated,5.878,0.846,0,0.9453,0.09751
human,plate11,flu-seqneut-2026-SCH-018,A/Missouri/11/2025_cell_H1N1,plate11-A/Missouri/11/2025_cell_H1N1,0.0004937,interpolated,0.0004937,0.0004937,interpolated,1.806,1,0,0.9685,0.07161
human,plate11,flu-seqneut-2026-SCH-018,A/Missouri/11/2025_egg_H1N1,plate11-A/Missouri/11/2025_egg_H1N1,9.796e-05,interpolated,0.0001163,0.0001163,interpolated,3.153,0.791,0,0.9998,0.00276
human,plate11,flu-seqneut-2026-SCH-018,A/Missouri/NIRC-AV-1003/2025_H3N2,plate11-A/Missouri/NIRC-AV-1003/2025_H3N2,0.0008977,interpolated,0.001074,0.001074,interpolated,1.203,0.9028,0,0.9007,0.1079
human,plate11,flu-seqneut-2026-SCH-018,A/Montana/51/2025_H3N2,plate11-A/Montana/51/2025_H3N2,0.001322,interpolated,0.001581,0.001581,interpolated,1.862,0.8585,0,0.9625,0.07036
human,plate11,flu-seqneut-2026-SCH-018,A/NakhonPhanom/P495/2026_H3N2,plate11-A/NakhonPhanom/P495/2026_H3N2,0.0007559,interpolated,0.0007559,0.0007559,interpolated,1.311,1,0,0.9715,0.06476
human,plate11,flu-seqneut-2026-SCH-018,A/Navarra/260009/2025_H3N2,plate11-A/Navarra/260009/2025_H3N2,0.0008611,interpolated,0.001121,0.001121,interpolated,1.576,0.8301,0,0.9128,0.1011
human,plate11,flu-seqneut-2026-SCH-018,A/Nebraska/34/2026_H1N1,plate11-A/Nebraska/34/2026_H1N1,0.0007782,interpolated,0.0007782,0.0007782,interpolated,2.061,1,0,0.9972,0.02226
human,plate11,flu-seqneut-2026-SCH-018,A/Netherlands/10008/2026_H1N1,plate11-A/Netherlands/10008/2026_H1N1,0.0007714,interpolated,0.0007714,0.0007714,interpolated,1.918,1,0,0.997,0.02274
human,plate11,flu-seqneut-2026-SCH-018,A/Netherlands/2398/2025_H1N1,plate11-A/Netherlands/2398/2025_H1N1,0.0004598,interpolated,0.0004598,0.0004598,interpolated,2.855,1,0,0.9966,0.02422
human,plate11,flu-seqneut-2026-SCH-018,A/Netherlands/543/2026_H1N1,plate11-A/Netherlands/543/2026_H1N1,0.001582,interpolated,0.001582,0.001582,interpolated,2.293,1,0,0.9934,0.0357
human,plate11,flu-seqneut-2026-SCH-018,A/Netherlands/864/2026_H1N1,plate11-A/Netherlands/864/2026_H1N1,0.0006631,interpolated,0.0006631,0.0006631,interpolated,2.058,1,0,0.9921,0.03732
human,plate11,flu-seqneut-2026-SCH-018,A/Netherlands/888/2026_H3N2,plate11-A/Netherlands/888/2026_H3N2,0.002196,interpolated,0.002196,0.002196,interpolated,3.411,1,0,0.998,0.01987
human,plate11,flu-seqneut-2026-SCH-018,A/Netherlands/968/2026_H3N2,plate11-A/Netherlands/968/2026_H3N2,0.001195,interpolated,0.001195,0.001195,interpolated,1.403,1,0,0.9496,0.08677
human,plate11,flu-seqneut-2026-SCH-018,A/NewBrunswick/NBPHLFLUA10B-MM00057R/2026_H1N1,plate11-A/NewBrunswick/NBPHLFLUA10B-MM00057R/2026_H1N1,0.0007896,interpolated,0.0007896,0.0007896,interpolated,6.294,1,0,0.9983,0.01906
human,plate11,flu-seqneut-2026-SCH-018,A/NewYork/NIRC-IS-1086/2026_H3N2,plate11-A/NewYork/NIRC-IS-1086/2026_H3N2,0.001107,interpolated,0.001392,0.001392,interpolated,5.767,0.6334,0,0.9955,0.02045
human,plate11,flu-seqneut-2026-SCH-018,A/NordrheinWestfalen/54/2026_H3N2,plate11-A/NordrheinWestfalen/54/2026_H3N2,0.0008896,interpolated,0.0008896,0.0008896,interpolated,0.808,1,0,0.9259,0.08693
human,plate11,flu-seqneut-2026-SCH-018,A/NordrheinWestfalen/96/2026_H1N1,plate11-A/NordrheinWestfalen/96/2026_H1N1,0.0009332,interpolated,0.0009332,0.0009332,interpolated,2.602,1,0,0.9984,0.01757
human,plate11,flu-seqneut-2026-SCH-018,A/Norway/9556/2025_H1N1,plate11-A/Norway/9556/2025_H1N1,0.00202,interpolated,0.002055,0.002055,interpolated,10,0.9202,0,0.9519,0.09414
human,plate11,flu-seqneut-2026-SCH-018,A/NovaScotia/25-365-06099/2025_H3N2,plate11-A/NovaScotia/25-365-06099/2025_H3N2,0.001044,interpolated,0.001044,0.001044,interpolated,1.556,1,0,0.9786,0.05766
human,plate11,flu-seqneut-2026-SCH-018,A/Ohio/259/2024_H1N1,plate11-A/Ohio/259/2024_H1N1,0.0003446,interpolated,0.0003446,0.0003446,interpolated,5.597,1,0,0.9965,0.02473
human,plate11,flu-seqneut-2026-SCH-018,A/Ontario/PHL202550193/2025_H3N2,plate11-A/Ontario/PHL202550193/2025_H3N2,0.0008583,interpolated,0.0008583,0.0008583,interpolated,0.8,1,0,0.8902,0.1049
human,plate11,flu-seqneut-2026-SCH-018,A/Oregon/81/2025_H3N2,plate11-A/Oregon/81/2025_H3N2,0.000948,interpolated,0.000948,0.000948,interpolated,1.279,1,0,0.9605,0.07677
human,plate11,flu-seqneut-2026-SCH-018,A/PaisVasco/70369726/2026_H1N1,plate11-A/PaisVasco/70369726/2026_H1N1,0.0006918,interpolated,0.000728,0.000728,interpolated,2.125,0.9487,0,0.9875,0.04467
human,plate11,flu-seqneut-2026-SCH-018,A/Parana/416133590/2026_H3N2,plate11-A/Parana/416133590/2026_H3N2,0.0006377,interpolated,0.0006377,0.0006377,interpolated,1.243,1,0,0.9305,0.09985
human,plate11,flu-seqneut-2026-SCH-018,A/Peru/ANC-INS-062/2026_H3N2,plate11-A/Peru/ANC-INS-062/2026_H3N2,0.0003516,interpolated,0.0003516,0.0003516,interpolated,10,1,0,1,0.001324
human,plate11,flu-seqneut-2026-SCH-018,A/Rhode_Island/11/2026_H1N1,plate11-A/Rhode_Island/11/2026_H1N1,0.0005111,interpolated,0.0005111,0.0005111,interpolated,2.298,1,0,0.9941,0.03186
human,plate11,flu-seqneut-2026-SCH-018,A/RiodeJaneiro/331/2026_H3N2,plate11-A/RiodeJaneiro/331/2026_H3N2,0.001432,interpolated,0.001549,0.001549,interpolated,1.508,0.9441,0,0.9314,0.09665
human,plate11,flu-seqneut-2026-SCH-018,A/Romania/612042/2026_H3N2,plate11-A/Romania/612042/2026_H3N2,0.0007923,interpolated,0.0008913,0.0008913,interpolated,1.509,0.9186,0,0.9879,0.0387
human,plate11,flu-seqneut-2026-SCH-018,A/SantaCatarina/508/2026_H3N2,plate11-A/SantaCatarina/508/2026_H3N2,0.0008619,interpolated,0.0008619,0.0008619,interpolated,1.239,1,0,0.9745,0.06004
human,plate11,flu-seqneut-2026-SCH-018,A/Saskatchewan/SKFLU477299/2025_H3N2,plate11-A/Saskatchewan/SKFLU477299/2025_H3N2,0.001569,interpolated,0.001569,0.001569,interpolated,1.75,1,0,0.9916,0.03815
human,plate11,flu-seqneut-2026-SCH-018,A/Saskatchewan/SKFLU477727/2025_H3N2,plate11-A/Saskatchewan/SKFLU477727/2025_H3N2,0.001207,interpolated,0.001207,0.001207,interpolated,1.122,1,0,0.9805,0.05083
human,plate11,flu-seqneut-2026-SCH-018,A/Saskatchewan/SKFLU490586/2026_H1N1,plate11-A/Saskatchewan/SKFLU490586/2026_H1N1,0.0005875,interpolated,0.0005875,0.0005875,interpolated,1.749,1,0,0.9601,0.08225
human,plate11,flu-seqneut-2026-SCH-018,A/Singapore/GP20238/2024_H3N2,plate11-A/Singapore/GP20238/2024_H3N2,0.0003605,interpolated,0.000362,0.000362,interpolated,3.946,0.9919,0,0.9996,0.008502
human,plate11,flu-seqneut-2026-SCH-018,A/Singapore/KK2768/2025_H1N1,plate11-A/Singapore/KK2768/2025_H1N1,0.0007203,interpolated,0.0007203,0.0007203,interpolated,3.447,1,0,0.9999,0.004238
human,plate11,flu-seqneut-2026-SCH-018,A/Singapore/MOH0547/2024_H1N1,plate11-A/Singapore/MOH0547/2024_H1N1,0.0009714,interpolated,0.001001,0.001001,interpolated,3.806,0.9467,0,0.9842,0.05534
human,plate11,flu-seqneut-2026-SCH-018,A/Singapore/NTF0577/2025_H3N2,plate11-A/Singapore/NTF0577/2025_H3N2,0.001511,interpolated,0.001511,0.001511,interpolated,1.141,1,0,0.99,0.03647
human,plate11,flu-seqneut-2026-SCH-018,A/Singapore/SAR8915/2025_H3N2,plate11-A/Singapore/SAR8915/2025_H3N2,0.0008859,interpolated,0.0008859,0.0008859,interpolated,0.8721,1,0,0.9089,0.1018
human,plate11,flu-seqneut-2026-SCH-018,A/SouthAfrica/NHLS-SU-CERI-C075557/2026_H1N1,plate11-A/SouthAfrica/NHLS-SU-CERI-C075557/2026_H1N1,0.0005696,interpolated,0.0005696,0.0005696,interpolated,2.492,1,0,0.9973,0.02199
human,plate11,flu-seqneut-2026-SCH-018,A/SouthAfrica/NICD-R01647/2026_H1N1,plate11-A/SouthAfrica/NICD-R01647/2026_H1N1,0.000629,interpolated,0.0006493,0.0006493,interpolated,2.201,0.9664,0,0.989,0.04238
human,plate11,flu-seqneut-2026-SCH-018,A/SouthAfrica/NICD-R01668/2026_H1N1,plate11-A/SouthAfrica/NICD-R01668/2026_H1N1,0.0006399,interpolated,0.0006477,0.0006477,interpolated,2.103,0.9874,0,0.9939,0.03163
human,plate11,flu-seqneut-2026-SCH-018,A/SouthAfrica/PATH-CERI-C073358/2025_H1N1,plate11-A/SouthAfrica/PATH-CERI-C073358/2025_H1N1,0.0006082,interpolated,0.0006082,0.0006082,interpolated,3.748,1,0,0.9999,0.003348
human,plate11,flu-seqneut-2026-SCH-018,A/SouthAfrica/PATH-CERI-C073366/2025_H1N1,plate11-A/SouthAfrica/PATH-CERI-C073366/2025_H1N1,0.0006254,interpolated,0.0006658,0.0006658,interpolated,3.784,0.8946,0,0.9785,0.05866
human,plate11,flu-seqneut-2026-SCH-018,A/SouthAfrica/PATH-CERI-C075119/2026_H1N1,plate11-A/SouthAfrica/PATH-CERI-C075119/2026_H1N1,0.0004388,interpolated,0.0004627,0.0004627,interpolated,2.06,0.9483,0,0.9897,0.03788
human,plate11,flu-seqneut-2026-SCH-018,A/SouthAustralia/2605715552/2026_H3N2,plate11-A/SouthAustralia/2605715552/2026_H3N2,0.001406,interpolated,0.00141,0.00141,interpolated,1.227,0.9984,0,0.9644,0.07172
human,plate11,flu-seqneut-2026-SCH-018,A/SouthCarolina/USAFSAM-17046/2026_H3N2,plate11-A/SouthCarolina/USAFSAM-17046/2026_H3N2,7.343e-05,upper,7.15e-05,7.343e-05,upper,3.108,0.6001,0,0.9999,0.001113
human,plate11,flu-seqneut-2026-SCH-018,A/South_Australia/2523812314/2025_H3N2,plate11-A/South_Australia/2523812314/2025_H3N2,0.0005348,interpolated,0.0008032,0.0008032,interpolated,1.184,0.809,0,0.9147,0.08853
human,plate11,flu-seqneut-2026-SCH-018,A/South_Australia/2527213276/2025_H3N2,plate11-A/South_Australia/2527213276/2025_H3N2,0.001159,interpolated,0.001159,0.001159,interpolated,1.101,1,0,0.9143,0.1081
human,plate11,flu-seqneut-2026-SCH-018,A/StPetersburg/RII-25-2042S/2025_H3N2,plate11-A/StPetersburg/RII-25-2042S/2025_H3N2,0.001571,interpolated,0.001573,0.001573,interpolated,1.837,0.9987,0,0.9937,0.03211
human,plate11,flu-seqneut-2026-SCH-018,A/StPetersburg/RII-25-2321S/2025_H3N2,plate11-A/StPetersburg/RII-25-2321S/2025_H3N2,0.0003547,interpolated,0.001691,0.001691,interpolated,1.031,0.6,0,0.8372,0.09306
human,plate11,flu-seqneut-2026-SCH-018,A/StPetersburg/RII-25-2506S/2026_H3N2,plate11-A/StPetersburg/RII-25-2506S/2026_H3N2,0.002426,interpolated,0.002426,0.002426,interpolated,1.513,1,0,0.9931,0.03195
human,plate11,flu-seqneut-2026-SCH-018,A/StPetersburg/RII-25-2600S/2026_H3N2,plate11-A/StPetersburg/RII-25-2600S/2026_H3N2,0.0008031,interpolated,0.0008031,0.0008031,interpolated,1.306,1,0,0.9743,0.06139
human,plate11,flu-seqneut-2026-SCH-018,A/Switzerland/UN-SNRCI-HUG-053/2025_H1N1,plate11-A/Switzerland/UN-SNRCI-HUG-053/2025_H1N1,0.0008434,interpolated,0.0008451,0.0008451,interpolated,4.097,0.9959,0,0.9993,0.01164
human,plate11,flu-seqneut-2026-SCH-018,A/Sydney/1359/2024_H3N2,plate11-A/Sydney/1359/2024_H3N2,0.0009039,interpolated,0.0009039,0.0009039,interpolated,1.171,1,0,0.9514,0.08338
human,plate11,flu-seqneut-2026-SCH-018,A/Sydney/50/2026_H1N1,plate11-A/Sydney/50/2026_H1N1,0.001394,interpolated,0.001394,0.001394,interpolated,1.799,1,0,0.9969,0.02314
human,plate11,flu-seqneut-2026-SCH-018,A/Texas/29/2026_H1N1,plate11-A/Texas/29/2026_H1N1,0.0005658,interpolated,0.000588,0.000588,interpolated,2.184,0.9597,0,0.983,0.05186
human,plate11,flu-seqneut-2026-SCH-018,A/Thailand/8/2022_H3N2,plate11-A/Thailand/8/2022_H3N2,7.343e-05,upper,5.61e-05,7.343e-05,upper,1.988,1,0,0.9998,0.001595
human,plate11,flu-seqneut-2026-SCH-018,A/Thuringen/16/2026_H3N2,plate11-A/Thuringen/16/2026_H3N2,0.001128,interpolated,0.001128,0.001128,interpolated,1.064,1,0,0.9497,0.08272
human,plate11,flu-seqneut-2026-SCH-018,A/Thuringen/39/2026_H3N2,plate11-A/Thuringen/39/2026_H3N2,0.001137,interpolated,0.001137,0.001137,interpolated,1.083,1,0,0.9128,0.1066
human,plate11,flu-seqneut-2026-SCH-018,A/Tokyo/EIS11-277/2024_H1N1,plate11-A/Tokyo/EIS11-277/2024_H1N1,0.0004161,interpolated,0.0004205,0.0004205,interpolated,2.475,0.9873,0,0.9976,0.01949
human,plate11,flu-seqneut-2026-SCH-018,A/Trieste/257/2025_H3N2,plate11-A/Trieste/257/2025_H3N2,0.001257,interpolated,0.001257,0.001257,interpolated,1.258,1,0,0.9751,0.06023
human,plate11,flu-seqneut-2026-SCH-018,A/Trieste/380/2026_H3N2,plate11-A/Trieste/380/2026_H3N2,0.001279,interpolated,0.001368,0.001368,interpolated,1.541,0.9508,0,0.9377,0.09554
human,plate11,flu-seqneut-2026-SCH-018,A/Ukraine/5214/2026_H1N1,plate11-A/Ukraine/5214/2026_H1N1,0.0008489,interpolated,0.0008523,0.0008523,interpolated,2.863,0.9944,0,0.9982,0.01861
human,plate11,flu-seqneut-2026-SCH-018,A/Uppsala/SE26-01293/2026_H1N1,plate11-A/Uppsala/SE26-01293/2026_H1N1,0.0005459,interpolated,0.0005459,0.0005459,interpolated,2.179,1,0,0.9995,0.009084
human,plate11,flu-seqneut-2026-SCH-018,A/Valencia/VAHNSI_09_02564/2025_H1N1,plate11-A/Valencia/VAHNSI_09_02564/2025_H1N1,0.001155,interpolated,0.001172,0.001172,interpolated,3.674,0.9736,0,0.9967,0.02578
human,plate11,flu-seqneut-2026-SCH-018,A/Victoria/2948/2025_H3N2,plate11-A/Victoria/2948/2025_H3N2,0.0009304,interpolated,0.001091,0.001091,interpolated,1.559,0.8901,0,0.9601,0.07147
human,plate11,flu-seqneut-2026-SCH-018,A/Victoria/4897/2022_IVR-238_H1N1,plate11-A/Victoria/4897/2022_IVR-238_H1N1,0.0001528,interpolated,0.0001528,0.0001528,interpolated,6.469,1,0,0.9988,0.01143
human,plate11,flu-seqneut-2026-SCH-018,A/Vietnam/F7324/2024_H3N2,plate11-A/Vietnam/F7324/2024_H3N2,0.0002873,interpolated,0.0004027,0.0004027,interpolated,2.494,0.7153,0,0.9803,0.04076
human,plate11,flu-seqneut-2026-SCH-018,A/Vietnam/PF125413/2025_H1N1,plate11-A/Vietnam/PF125413/2025_H1N1,0.0008041,interpolated,0.0008041,0.0008041,interpolated,8.043,1,0,0.9999,0.005588
human,plate11,flu-seqneut-2026-SCH-018,A/Vietnam/PF126009/2026_H1N1,plate11-A/Vietnam/PF126009/2026_H1N1,0.0005608,interpolated,0.0005608,0.0005608,interpolated,2.064,1,0,0.9867,0.04818
human,plate11,flu-seqneut-2026-SCH-018,A/Virginia/82/2025_H1N1,plate11-A/Virginia/82/2025_H1N1,0.0006495,interpolated,0.0006495,0.0006495,interpolated,1.887,1,0,0.9934,0.03348
human,plate11,flu-seqneut-2026-SCH-018,A/Wisconsin/588/2019_H1N1,plate11-A/Wisconsin/588/2019_H1N1,0.0003293,interpolated,0.0003363,0.0003363,interpolated,10,0.9052,0,0.9851,0.04698
human,plate11,flu-seqneut-2026-SCH-018,A/Wisconsin/67/2022_H1N1,plate11-A/Wisconsin/67/2022_H1N1,0.0004625,interpolated,0.0004625,0.0004625,interpolated,2.563,1,0,0.9955,0.02786
human,plate11,flu-seqneut-2026-SCH-018,A/Zacapa/FLU-012/2025_H1N1,plate11-A/Zacapa/FLU-012/2025_H1N1,0.0005152,interpolated,0.0005152,0.0005152,interpolated,4.011,1,0,0.9999,0.004071
human,plate11,flu-seqneut-2026-SCH-018,A/Zambia/6-NIC-014/2026_H1N1,plate11-A/Zambia/6-NIC-014/2026_H1N1,0.0007003,interpolated,0.0007003,0.0007003,interpolated,1.944,1,0,0.9942,0.03147
human,plate11,flu-seqneut-2026-SCH-018,A/Zambia/7-NIC-313/2026_H1N1,plate11-A/Zambia/7-NIC-313/2026_H1N1,0.0006525,interpolated,0.0006612,0.0006612,interpolated,2.431,0.9841,0,0.9959,0.02679
human,plate11,flu-seqneut-2026-SCH-019,A/Andalucia/PMC-00977/2025_H1N1,plate11-A/Andalucia/PMC-00977/2025_H1N1,0.002228,interpolated,0.002257,0.002257,interpolated,3.348,0.9787,0,0.993,0.03705
human,plate11,flu-seqneut-2026-SCH-019,A/Andalucia/PMC-01217/2025_H1N1,plate11-A/Andalucia/PMC-01217/2025_H1N1,0.002054,interpolated,0.002054,0.002054,interpolated,3.505,1,0,0.9997,0.007616
human,plate11,flu-seqneut-2026-SCH-019,A/Andalucia/PMC-01495/2025_H1N1,plate11-A/Andalucia/PMC-01495/2025_H1N1,0.002112,interpolated,0.002122,0.002122,interpolated,4.096,0.9902,0,0.9987,0.01664
human,plate11,flu-seqneut-2026-SCH-019,A/Arizona/40/2026_H1N1,plate11-A/Arizona/40/2026_H1N1,0.002214,interpolated,0.00223,0.00223,interpolated,4.509,0.9848,0,0.9977,0.02187
human,plate11,flu-seqneut-2026-SCH-019,A/Astrakhan/RII-MH273373S/2025_H3N2,plate11-A/Astrakhan/RII-MH273373S/2025_H3N2,0.001623,interpolated,0.001833,0.001833,interpolated,10,0.6479,0,0.7495,0.1773
human,plate11,flu-seqneut-2026-SCH-019,A/Asturias/232590913/2025_H1N1,plate11-A/Asturias/232590913/2025_H1N1,0.002206,interpolated,0.002216,0.002216,interpolated,4.007,0.9909,0,0.999,0.01444
human,plate11,flu-seqneut-2026-SCH-019,A/Badajoz/18738342/2026_H3N2,plate11-A/Badajoz/18738342/2026_H3N2,0.0006823,interpolated,0.0006823,0.0006823,interpolated,1.611,1,0,0.9829,0.05243
human,plate11,flu-seqneut-2026-SCH-019,A/Badajoz/18811358/2026_H3N2,plate11-A/Badajoz/18811358/2026_H3N2,0.0009218,interpolated,0.0009571,0.0009571,interpolated,1.834,0.9667,0,0.9462,0.09626
human,plate11,flu-seqneut-2026-SCH-019,A/Badajoz/18813527/2026_H3N2,plate11-A/Badajoz/18813527/2026_H3N2,0.0007289,interpolated,0.0007708,0.0007708,interpolated,2.007,0.947,0,0.9891,0.04105
human,plate11,flu-seqneut-2026-SCH-019,A/Bangkok/P2390/2025_H3N2,plate11-A/Bangkok/P2390/2025_H3N2,0.0006468,interpolated,0.0006468,0.0006468,interpolated,1.692,1,0,0.9777,0.06048
human,plate11,flu-seqneut-2026-SCH-019,A/Bangkok/P2391/2025_H3N2,plate11-A/Bangkok/P2391/2025_H3N2,0.0005674,interpolated,0.0006937,0.0006937,interpolated,1.516,0.8687,0,0.9907,0.03207
human,plate11,flu-seqneut-2026-SCH-019,A/Blaenavon/6687/2026_H3N2,plate11-A/Blaenavon/6687/2026_H3N2,0.003035,interpolated,0.003679,0.003679,interpolated,2.181,0.8286,0,0.8868,0.1205
human,plate11,flu-seqneut-2026-SCH-019,A/Bolivia/OR5702/2025_H3N2,plate11-A/Bolivia/OR5702/2025_H3N2,0.001675,interpolated,0.00194,0.00194,interpolated,1.121,0.9241,0,0.9614,0.06571
human,plate11,flu-seqneut-2026-SCH-019,A/BritishColumbia/RV00022-26/2025_H1N1,plate11-A/BritishColumbia/RV00022-26/2025_H1N1,0.002234,interpolated,0.00225,0.00225,interpolated,3.603,0.9876,0,0.9977,0.02131
human,plate11,flu-seqneut-2026-SCH-019,A/BritishColumbia/RV00279-26/2025_H3N2,plate11-A/BritishColumbia/RV00279-26/2025_H3N2,0.0003732,interpolated,0.0003732,0.0003732,interpolated,1.239,1,0,0.9513,0.07553
human,plate11,flu-seqneut-2026-SCH-019,A/BritishColumbia/RV01350-26/2026_H1N1,plate11-A/BritishColumbia/RV01350-26/2026_H1N1,0.001989,interpolated,0.00202,0.00202,interpolated,2.922,0.978,0,0.9978,0.02027
human,plate11,flu-seqneut-2026-SCH-019,A/BritishColumbia/RV05508-25/2025_H1N1,plate11-A/BritishColumbia/RV05508-25/2025_H1N1,0.002947,interpolated,0.002947,0.002947,interpolated,3.284,1,0,0.9997,0.007704
human,plate11,flu-seqneut-2026-SCH-019,A/California/GKISBBBH79910/2026_H3N2,plate11-A/California/GKISBBBH79910/2026_H3N2,0.001648,interpolated,0.001718,0.001718,interpolated,6.647,0.8793,0,0.9686,0.07408
human,plate11,flu-seqneut-2026-SCH-019,A/California/NIRC-IS-1019/2026_H1N1,plate11-A/California/NIRC-IS-1019/2026_H1N1,0.004097,interpolated,0.004097,0.004097,interpolated,7.884,1,0,0.9997,0.007221
human,plate11,flu-seqneut-2026-SCH-019,A/California/NIRC-IS-1059/2026_H3N2,plate11-A/California/NIRC-IS-1059/2026_H3N2,0.0006604,interpolated,0.0008187,0.0008187,interpolated,1.989,0.8261,0,0.9923,0.03043
human,plate11,flu-seqneut-2026-SCH-019,A/California/NIRC-IS-1067/2026_H3N2,plate11-A/California/NIRC-IS-1067/2026_H3N2,0.0008489,interpolated,0.0008489,0.0008489,interpolated,1.548,1,0,0.9853,0.04889
human,plate11,flu-seqneut-2026-SCH-019,A/California/NIRC-IS-1356/2025_H1N1,plate11-A/California/NIRC-IS-1356/2025_H1N1,0.001714,interpolated,0.001767,0.001767,interpolated,2.424,0.9648,0,0.9912,0.0399
human,plate11,flu-seqneut-2026-SCH-019,A/Castellon/VAHNSI_02_02400/2025_H3N2,plate11-A/Castellon/VAHNSI_02_02400/2025_H3N2,0.0008206,interpolated,0.0008206,0.0008206,interpolated,1.867,1,0,0.9932,0.03419
human,plate11,flu-seqneut-2026-SCH-019,A/Colombia/1851/2024_H3N2,plate11-A/Colombia/1851/2024_H3N2,0.001735,interpolated,0.002059,0.002059,interpolated,1.831,0.8654,0,0.9753,0.05573
human,plate11,flu-seqneut-2026-SCH-019,A/Colorado/218/2024_H1N1,plate11-A/Colorado/218/2024_H1N1,0.001728,interpolated,0.001978,0.001978,interpolated,3.627,0.8063,0,0.9433,0.08917
human,plate11,flu-seqneut-2026-SCH-019,A/Connecticut/5/2026_H3N2,plate11-A/Connecticut/5/2026_H3N2,0.0009553,interpolated,0.0009553,0.0009553,interpolated,1.82,1,0,0.9968,0.02356
human,plate11,flu-seqneut-2026-SCH-019,A/Croatia/10136RV/2023_H3N2,plate11-A/Croatia/10136RV/2023_H3N2,7.343e-05,upper,0.0001706,0.0001706,interpolated,1.892,0.6,0,0.9938,0.01358
human,plate11,flu-seqneut-2026-SCH-019,A/Darwin/1415/2025_H3N2,plate11-A/Darwin/1415/2025_H3N2,0.0004288,interpolated,0.0004288,0.0004288,interpolated,1.728,1,0,0.9932,0.03115
human,plate11,flu-seqneut-2026-SCH-019,A/Darwin/1454/2025_H3N2,plate11-A/Darwin/1454/2025_H3N2,0.0005005,interpolated,0.0005005,0.0005005,interpolated,1.316,1,0,0.95,0.08301
human,plate11,flu-seqneut-2026-SCH-019,A/Denmark/3940/2025_H3N2,plate11-A/Denmark/3940/2025_H3N2,0.0006842,interpolated,0.0008234,0.0008234,interpolated,1.316,0.8919,0,0.9904,0.03272
human,plate11,flu-seqneut-2026-SCH-019,A/Denmark/4547/2025_H1N1,plate11-A/Denmark/4547/2025_H1N1,0.002298,interpolated,0.002298,0.002298,interpolated,4.428,0.9997,0,0.9999,0.004283
human,plate11,flu-seqneut-2026-SCH-019,A/Denmark/4774/2025_H1N1,plate11-A/Denmark/4774/2025_H1N1,0.002928,interpolated,0.002928,0.002928,interpolated,3.678,1,0,0.9999,0.005059
human,plate11,flu-seqneut-2026-SCH-019,A/District_Of_Columbia/27/2023_H3N2,plate11-A/District_Of_Columbia/27/2023_H3N2,0.001603,interpolated,0.001956,0.001956,interpolated,3.043,0.7728,0,0.9549,0.07387
human,plate11,flu-seqneut-2026-SCH-019,A/Distrito_Federal/250106000728/2025_H3N2,plate11-A/Distrito_Federal/250106000728/2025_H3N2,0.001605,interpolated,0.001609,0.001609,interpolated,1.027,0.9987,0,0.8992,0.1165
human,plate11,flu-seqneut-2026-SCH-019,A/England/1893256/2026_H1N1,plate11-A/England/1893256/2026_H1N1,0.002846,interpolated,0.002888,0.002888,interpolated,7.565,0.948,0,0.9919,0.04055
human,plate11,flu-seqneut-2026-SCH-019,A/Florida/ISC-1069/2026_H3N2,plate11-A/Florida/ISC-1069/2026_H3N2,0.0008682,interpolated,0.0008682,0.0008682,interpolated,1.385,1,0,0.9831,0.05103
human,plate11,flu-seqneut-2026-SCH-019,A/France/ARA-HCL025195259501/2025_H1N1,plate11-A/France/ARA-HCL025195259501/2025_H1N1,0.001729,interpolated,0.001779,0.001779,interpolated,2.015,0.9721,0,0.9892,0.04329
human,plate11,flu-seqneut-2026-SCH-019,A/France/ARA-HCL026031894402/2026_H3N2,plate11-A/France/ARA-HCL026031894402/2026_H3N2,0.0005868,interpolated,0.0005868,0.0005868,interpolated,1.866,1,0,0.9712,0.06859
human,plate11,flu-seqneut-2026-SCH-019,A/France/GES-IPP00659/2026_H1N1,plate11-A/France/GES-IPP00659/2026_H1N1,0.001575,interpolated,0.001575,0.001575,interpolated,2.016,1,0,0.9841,0.05489
human,plate11,flu-seqneut-2026-SCH-019,A/France/GES-IPP01077/2026_H3N2,plate11-A/France/GES-IPP01077/2026_H3N2,0.0008268,interpolated,0.0008268,0.0008268,interpolated,1.839,1,0,0.975,0.06617
human,plate11,flu-seqneut-2026-SCH-019,A/France/HDF-IPP01550/2026_H3N2,plate11-A/France/HDF-IPP01550/2026_H3N2,0.001161,interpolated,0.001252,0.001252,interpolated,2.127,0.9257,0,0.9849,0.04869
human,plate11,flu-seqneut-2026-SCH-019,A/France/HDF-RELAB-IPP00300/2026_H3N2,plate11-A/France/HDF-RELAB-IPP00300/2026_H3N2,0.0009121,interpolated,0.0009468,0.0009468,interpolated,2.337,0.9582,0,0.9571,0.08504
human,plate11,flu-seqneut-2026-SCH-019,A/France/HDF-RELAB-IPP00303/2026_H3N2,plate11-A/France/HDF-RELAB-IPP00303/2026_H3N2,0.0008882,interpolated,0.001002,0.001002,interpolated,1.506,0.9172,0,0.9733,0.06012
human,plate11,flu-seqneut-2026-SCH-019,A/France/HDF-RELAB-IPP07969/2025_H1N1,plate11-A/France/HDF-RELAB-IPP07969/2025_H1N1,0.003038,interpolated,0.003174,0.003174,interpolated,4.021,0.9193,0,0.9749,0.06545
human,plate11,flu-seqneut-2026-SCH-019,A/France/NAQ-HCL026010957001/2026_H3N2,plate11-A/France/NAQ-HCL026010957001/2026_H3N2,0.001023,interpolated,0.001023,0.001023,interpolated,1.641,1,0,0.9859,0.04873
human,plate11,flu-seqneut-2026-SCH-019,A/France/NAQ-HCL026046169102/2025_H1N1,plate11-A/France/NAQ-HCL026046169102/2025_H1N1,0.001356,interpolated,0.00145,0.00145,interpolated,2.076,0.9355,0,0.9679,0.07282
human,plate11,flu-seqneut-2026-SCH-019,A/France/OCC-HCL026013263701/2026_H3N2,plate11-A/France/OCC-HCL026013263701/2026_H3N2,0.0005157,interpolated,0.0008497,0.0008497,interpolated,1.407,0.7477,0,0.8978,0.0976
human,plate11,flu-seqneut-2026-SCH-019,A/France/PAC-RELAB-HCL026021993801/2026_H3N2,plate11-A/France/PAC-RELAB-HCL026021993801/2026_H3N2,0.0009805,interpolated,0.000998,0.000998,interpolated,3.686,0.9685,0,0.9917,0.03979
human,plate11,flu-seqneut-2026-SCH-019,A/Galicia/GA-CHUAC-451/2025_H3N2,plate11-A/Galicia/GA-CHUAC-451/2025_H3N2,0.002354,interpolated,0.00253,0.00253,interpolated,1.542,0.9473,0,0.9818,0.05102
human,plate11,flu-seqneut-2026-SCH-019,A/Galicia/GA-CHUAC-612/2025_H1N1,plate11-A/Galicia/GA-CHUAC-612/2025_H1N1,0.002782,interpolated,0.002782,0.002782,interpolated,4.077,1,0,0.9997,0.007116
human,plate11,flu-seqneut-2026-SCH-019,A/Germany/LRMC_0104/2025_H3N2,plate11-A/Germany/LRMC_0104/2025_H3N2,0.0009414,interpolated,0.0009414,0.0009414,interpolated,3.139,1,0,0.9962,0.02768
human,plate11,flu-seqneut-2026-SCH-019,A/Germany/LRMC_0113/2025_H3N2,plate11-A/Germany/LRMC_0113/2025_H3N2,0.0006318,interpolated,0.0006356,0.0006356,interpolated,1.594,0.9953,0,0.9929,0.03259
human,plate11,flu-seqneut-2026-SCH-019,A/Hawaii/70/2019_H1N1,plate11-A/Hawaii/70/2019_H1N1,0.001496,interpolated,0.001496,0.001496,interpolated,2.563,1,0,0.9974,0.02258
human,plate11,flu-seqneut-2026-SCH-019,A/Hawaii/ISC-1140/2025_H1N1,plate11-A/Hawaii/ISC-1140/2025_H1N1,0.0007636,interpolated,0.0008949,0.0008949,interpolated,1.146,0.9169,0,0.9128,0.1037
human,plate11,flu-seqneut-2026-SCH-019,A/Hessen/18/2026_H1N1,plate11-A/Hessen/18/2026_H1N1,0.002048,interpolated,0.002082,0.002082,interpolated,2.705,0.9786,0,0.9819,0.05951
human,plate11,flu-seqneut-2026-SCH-019,A/Ireland/91576/2025_H3N2,plate11-A/Ireland/91576/2025_H3N2,0.0009067,interpolated,0.001046,0.001046,interpolated,2.685,0.8405,0,0.9886,0.03937
human,plate11,flu-seqneut-2026-SCH-019,A/Kentucky/80/2025_H1N1,plate11-A/Kentucky/80/2025_H1N1,0.002464,interpolated,0.002536,0.002536,interpolated,1.852,0.9738,0,0.9937,0.0316
human,plate11,flu-seqneut-2026-SCH-019,A/Lisboa/216/2023_H3N2,plate11-A/Lisboa/216/2023_H3N2,0.0008638,interpolated,0.0008638,0.0008638,interpolated,1.274,1,0,0.9667,0.06972
human,plate11,flu-seqneut-2026-SCH-019,A/Luxembourg/LNS9132577/2026_H3N2,plate11-A/Luxembourg/LNS9132577/2026_H3N2,0.0006853,interpolated,0.0007135,0.0007135,interpolated,1.528,0.9701,0,0.9932,0.03097
human,plate11,flu-seqneut-2026-SCH-019,A/Maine/25/2026_H1N1,plate11-A/Maine/25/2026_H1N1,0.002252,interpolated,0.002373,0.002373,interpolated,4.107,0.9036,0,0.9705,0.07189
human,plate11,flu-seqneut-2026-SCH-019,A/Malaysia/IMR/SARI/2406/2025_H3N2,plate11-A/Malaysia/IMR/SARI/2406/2025_H3N2,0.001763,interpolated,0.00187,0.00187,interpolated,1.445,0.959,0,0.9834,0.04809
human,plate11,flu-seqneut-2026-SCH-019,A/Massachusetts/18/2022_H3N2,plate11-A/Massachusetts/18/2022_H3N2,0.0008798,interpolated,0.0008798,0.0008798,interpolated,1.462,1,0,0.9922,0.03444
human,plate11,flu-seqneut-2026-SCH-019,A/Massachusetts/ISC-1856/2025_H3N2,plate11-A/Massachusetts/ISC-1856/2025_H3N2,0.0006724,interpolated,0.0006724,0.0006724,interpolated,1.592,1,0,0.9808,0.05555
human,plate11,flu-seqneut-2026-SCH-019,A/Mauritius/26000203/2026_H1N1,plate11-A/Mauritius/26000203/2026_H1N1,0.002196,interpolated,0.002253,0.002253,interpolated,4.302,0.9484,0,0.9917,0.03928
human,plate11,flu-seqneut-2026-SCH-019,A/Michigan/8/2026_H3N2,plate11-A/Michigan/8/2026_H3N2,0.0008001,interpolated,0.0008001,0.0008001,interpolated,1.878,1,0,0.9973,0.02168
human,plate11,flu-seqneut-2026-SCH-019,A/Michigan/UM-10068071276/2025_H3N2,plate11-A/Michigan/UM-10068071276/2025_H3N2,0.0008906,interpolated,0.002254,0.002254,interpolated,1.545,0.6191,0,0.8706,0.09433
human,plate11,flu-seqneut-2026-SCH-019,A/Michigan/UM-10068134090/2025_H3N2,plate11-A/Michigan/UM-10068134090/2025_H3N2,0.0009895,interpolated,0.0009983,0.0009983,interpolated,1.712,0.9925,0,0.972,0.06932
human,plate11,flu-seqneut-2026-SCH-019,A/Michigan/UM-10068449788/2025_H3N2,plate11-A/Michigan/UM-10068449788/2025_H3N2,0.0006424,interpolated,0.0006424,0.0006424,interpolated,1.715,1,0,0.9867,0.04641
human,plate11,flu-seqneut-2026-SCH-019,A/Michigan/UM-10068456988/2025_H3N2,plate11-A/Michigan/UM-10068456988/2025_H3N2,0.0016,interpolated,0.001784,0.001784,interpolated,2.525,0.8797,0,0.9768,0.05938
human,plate11,flu-seqneut-2026-SCH-019,A/Michigan/UM-10068747355/2026_H3N2,plate11-A/Michigan/UM-10068747355/2026_H3N2,0.0005141,interpolated,0.0005646,0.0005646,interpolated,1.697,0.9265,0,0.9835,0.04672
human,plate11,flu-seqneut-2026-SCH-019,A/MinasGerais/410/2026_H1N1,plate11-A/MinasGerais/410/2026_H1N1,0.002347,interpolated,0.002371,0.002371,interpolated,5.778,0.9719,0,0.9936,0.03575
human,plate11,flu-seqneut-2026-SCH-019,A/MinasGerais/671/2026_H1N1,plate11-A/MinasGerais/671/2026_H1N1,0.002192,interpolated,0.002236,0.002236,interpolated,3.97,0.9622,0,0.9835,0.05581
human,plate11,flu-seqneut-2026-SCH-019,A/Mississippi/20/2026_H1N1,plate11-A/Mississippi/20/2026_H1N1,0.001231,interpolated,0.001231,0.001231,interpolated,1.627,1,0,0.9711,0.07137
human,plate11,flu-seqneut-2026-SCH-019,A/Missouri/11/2025_cell_H1N1,plate11-A/Missouri/11/2025_cell_H1N1,0.003287,interpolated,0.003292,0.003292,interpolated,10,0.9917,0,0.9987,0.01719
human,plate11,flu-seqneut-2026-SCH-019,A/Missouri/11/2025_egg_H1N1,plate11-A/Missouri/11/2025_egg_H1N1,0.0002341,interpolated,0.0002341,0.0002341,interpolated,3.136,1,0,0.9987,0.0132
human,plate11,flu-seqneut-2026-SCH-019,A/Missouri/NIRC-AV-1003/2025_H3N2,plate11-A/Missouri/NIRC-AV-1003/2025_H3N2,0.0005266,interpolated,0.0007423,0.0007423,interpolated,1.971,0.7542,0,0.9836,0.03947
human,plate11,flu-seqneut-2026-SCH-019,A/Montana/51/2025_H3N2,plate11-A/Montana/51/2025_H3N2,0.0005502,interpolated,0.000558,0.000558,interpolated,1.805,0.9875,0,0.9776,0.05814
human,plate11,flu-seqneut-2026-SCH-019,A/NakhonPhanom/P495/2026_H3N2,plate11-A/NakhonPhanom/P495/2026_H3N2,0.001063,interpolated,0.001255,0.001255,interpolated,1.999,0.8587,0,0.9547,0.07959
human,plate11,flu-seqneut-2026-SCH-019,A/Navarra/260009/2025_H3N2,plate11-A/Navarra/260009/2025_H3N2,0.0004428,interpolated,0.0004428,0.0004428,interpolated,1.371,1,0,0.9679,0.06397
human,plate11,flu-seqneut-2026-SCH-019,A/Nebraska/34/2026_H1N1,plate11-A/Nebraska/34/2026_H1N1,0.002028,interpolated,0.002059,0.002059,interpolated,10,0.93,0,0.9857,0.05146
human,plate11,flu-seqneut-2026-SCH-019,A/Netherlands/10008/2026_H1N1,plate11-A/Netherlands/10008/2026_H1N1,0.00233,interpolated,0.00233,0.00233,interpolated,3.349,1,0,0.9987,0.01591
human,plate11,flu-seqneut-2026-SCH-019,A/Netherlands/2398/2025_H1N1,plate11-A/Netherlands/2398/2025_H1N1,0.003717,interpolated,0.00375,0.00375,interpolated,2.929,0.9871,0,0.9971,0.02216
human,plate11,flu-seqneut-2026-SCH-019,A/Netherlands/543/2026_H1N1,plate11-A/Netherlands/543/2026_H1N1,0.002243,interpolated,0.002454,0.002454,interpolated,1.988,0.9181,0,0.9428,0.09511
human,plate11,flu-seqneut-2026-SCH-019,A/Netherlands/864/2026_H1N1,plate11-A/Netherlands/864/2026_H1N1,0.002041,interpolated,0.002143,0.002143,interpolated,2.82,0.936,0,0.9841,0.05297
human,plate11,flu-seqneut-2026-SCH-019,A/Netherlands/888/2026_H3N2,plate11-A/Netherlands/888/2026_H3N2,0.001653,interpolated,0.001653,0.001653,interpolated,3.228,1,0,0.9997,0.007353
human,plate11,flu-seqneut-2026-SCH-019,A/Netherlands/968/2026_H3N2,plate11-A/Netherlands/968/2026_H3N2,0.0008292,interpolated,0.0008292,0.0008292,interpolated,1.649,1,0,0.9885,0.04376
human,plate11,flu-seqneut-2026-SCH-019,A/NewBrunswick/NBPHLFLUA10B-MM00057R/2026_H1N1,plate11-A/NewBrunswick/NBPHLFLUA10B-MM00057R/2026_H1N1,0.002427,interpolated,0.002431,0.002431,interpolated,4.637,0.9962,0,0.9999,0.005331
human,plate11,flu-seqneut-2026-SCH-019,A/NewYork/NIRC-IS-1086/2026_H3N2,plate11-A/NewYork/NIRC-IS-1086/2026_H3N2,0.0007914,interpolated,0.001949,0.001949,interpolated,1.113,0.6834,0,0.8326,0.1073
human,plate11,flu-seqneut-2026-SCH-019,A/NordrheinWestfalen/54/2026_H3N2,plate11-A/NordrheinWestfalen/54/2026_H3N2,0.0009811,interpolated,0.0009811,0.0009811,interpolated,2.544,1,0,0.99,0.04328
human,plate11,flu-seqneut-2026-SCH-019,A/NordrheinWestfalen/96/2026_H1N1,plate11-A/NordrheinWestfalen/96/2026_H1N1,0.002153,interpolated,0.002153,0.002153,interpolated,3.996,1,0,0.9992,0.01273
human,plate11,flu-seqneut-2026-SCH-019,A/Norway/9556/2025_H1N1,plate11-A/Norway/9556/2025_H1N1,0.002364,interpolated,0.002373,0.002373,interpolated,3.456,0.9939,0,0.9973,0.02284
human,plate11,flu-seqneut-2026-SCH-019,A/NovaScotia/25-365-06099/2025_H3N2,plate11-A/NovaScotia/25-365-06099/2025_H3N2,0.001194,interpolated,0.001287,0.001287,interpolated,4.769,0.8498,0,0.9657,0.07524
human,plate11,flu-seqneut-2026-SCH-019,A/Ohio/259/2024_H1N1,plate11-A/Ohio/259/2024_H1N1,0.002601,interpolated,0.002601,0.002601,interpolated,5.673,1,0,1,0.001309
human,plate11,flu-seqneut-2026-SCH-019,A/Ontario/PHL202550193/2025_H3N2,plate11-A/Ontario/PHL202550193/2025_H3N2,0.0008828,interpolated,0.0009411,0.0009411,interpolated,1.429,0.9563,0,0.9716,0.06393
human,plate11,flu-seqneut-2026-SCH-019,A/Oregon/81/2025_H3N2,plate11-A/Oregon/81/2025_H3N2,0.001208,interpolated,0.001319,0.001319,interpolated,4.061,0.8503,0,0.9619,0.078
human,plate11,flu-seqneut-2026-SCH-019,A/PaisVasco/70369726/2026_H1N1,plate11-A/PaisVasco/70369726/2026_H1N1,0.001581,interpolated,0.001581,0.001581,interpolated,3.486,1,0,0.9999,0.00395
human,plate11,flu-seqneut-2026-SCH-019,A/Parana/416133590/2026_H3N2,plate11-A/Parana/416133590/2026_H3N2,0.001883,interpolated,0.001883,0.001883,interpolated,1.261,1,0,0.9877,0.04108
human,plate11,flu-seqneut-2026-SCH-019,A/Peru/ANC-INS-062/2026_H3N2,plate11-A/Peru/ANC-INS-062/2026_H3N2,0.001601,interpolated,0.001625,0.001625,interpolated,3.795,0.9731,0,0.979,0.06211
human,plate11,flu-seqneut-2026-SCH-019,A/Rhode_Island/11/2026_H1N1,plate11-A/Rhode_Island/11/2026_H1N1,0.002749,interpolated,0.00284,0.00284,interpolated,4.647,0.9297,0,0.9826,0.056
human,plate11,flu-seqneut-2026-SCH-019,A/RiodeJaneiro/331/2026_H3N2,plate11-A/RiodeJaneiro/331/2026_H3N2,0.002026,interpolated,0.002097,0.002097,interpolated,1.256,0.9787,0,0.9807,0.05074
human,plate11,flu-seqneut-2026-SCH-019,A/Romania/612042/2026_H3N2,plate11-A/Romania/612042/2026_H3N2,0.0008432,interpolated,0.0008646,0.0008646,interpolated,1.561,0.9808,0,0.9931,0.03236
human,plate11,flu-seqneut-2026-SCH-019,A/SantaCatarina/508/2026_H3N2,plate11-A/SantaCatarina/508/2026_H3N2,0.0007389,interpolated,0.0007389,0.0007389,interpolated,1.515,1,0,0.9827,0.05247
human,plate11,flu-seqneut-2026-SCH-019,A/Saskatchewan/SKFLU477299/2025_H3N2,plate11-A/Saskatchewan/SKFLU477299/2025_H3N2,0.001073,interpolated,0.001073,0.001073,interpolated,1.362,1,0,0.9643,0.07535
human,plate11,flu-seqneut-2026-SCH-019,A/Saskatchewan/SKFLU477727/2025_H3N2,plate11-A/Saskatchewan/SKFLU477727/2025_H3N2,0.0007758,interpolated,0.0007758,0.0007758,interpolated,3.017,1,0,0.9995,0.01025
human,plate11,flu-seqneut-2026-SCH-019,A/Saskatchewan/SKFLU490586/2026_H1N1,plate11-A/Saskatchewan/SKFLU490586/2026_H1N1,0.0009152,interpolated,0.0009599,0.0009599,interpolated,1.486,0.9658,0,0.9811,0.05308
human,plate11,flu-seqneut-2026-SCH-019,A/Singapore/GP20238/2024_H3N2,plate11-A/Singapore/GP20238/2024_H3N2,0.0004063,interpolated,0.0004077,0.0004077,interpolated,4.283,0.9928,0,0.9986,0.01588
human,plate11,flu-seqneut-2026-SCH-019,A/Singapore/KK2768/2025_H1N1,plate11-A/Singapore/KK2768/2025_H1N1,0.002995,interpolated,0.003002,0.003002,interpolated,4.763,0.9942,0,0.9997,0.008352
human,plate11,flu-seqneut-2026-SCH-019,A/Singapore/MOH0547/2024_H1N1,plate11-A/Singapore/MOH0547/2024_H1N1,0.002692,interpolated,0.002776,0.002776,interpolated,5.172,0.9263,0,0.9704,0.07478
human,plate11,flu-seqneut-2026-SCH-019,A/Singapore/NTF0577/2025_H3N2,plate11-A/Singapore/NTF0577/2025_H3N2,0.001149,interpolated,0.001194,0.001194,interpolated,2.074,0.962,0,0.9715,0.07021
human,plate11,flu-seqneut-2026-SCH-019,A/Singapore/SAR8915/2025_H3N2,plate11-A/Singapore/SAR8915/2025_H3N2,0.001206,interpolated,0.001386,0.001386,interpolated,2.062,0.8753,0,0.9897,0.03805
human,plate11,flu-seqneut-2026-SCH-019,A/SouthAfrica/NHLS-SU-CERI-C075557/2026_H1N1,plate11-A/SouthAfrica/NHLS-SU-CERI-C075557/2026_H1N1,0.001788,interpolated,0.001798,0.001798,interpolated,3.516,0.9901,0,0.9996,0.009099
human,plate11,flu-seqneut-2026-SCH-019,A/SouthAfrica/NICD-R01647/2026_H1N1,plate11-A/SouthAfrica/NICD-R01647/2026_H1N1,0.002451,interpolated,0.002451,0.002451,interpolated,6.937,0.9988,0,1,0.002072
human,plate11,flu-seqneut-2026-SCH-019,A/SouthAfrica/NICD-R01668/2026_H1N1,plate11-A/SouthAfrica/NICD-R01668/2026_H1N1,0.001976,interpolated,0.001976,0.001976,interpolated,5.56,1,0,0.9997,0.007828
human,plate11,flu-seqneut-2026-SCH-019,A/SouthAfrica/PATH-CERI-C073358/2025_H1N1,plate11-A/SouthAfrica/PATH-CERI-C073358/2025_H1N1,0.00194,interpolated,0.00194,0.00194,interpolated,7.382,1,0,0.9999,0.003931
human,plate11,flu-seqneut-2026-SCH-019,A/SouthAfrica/PATH-CERI-C073366/2025_H1N1,plate11-A/SouthAfrica/PATH-CERI-C073366/2025_H1N1,0.00233,interpolated,0.002395,0.002395,interpolated,3.727,0.9511,0,0.9877,0.04813
human,plate11,flu-seqneut-2026-SCH-019,A/SouthAfrica/PATH-CERI-C075119/2026_H1N1,plate11-A/SouthAfrica/PATH-CERI-C075119/2026_H1N1,0.001637,interpolated,0.001662,0.001662,interpolated,2.47,0.9816,0,0.9956,0.02874
human,plate11,flu-seqneut-2026-SCH-019,A/SouthAustralia/2605715552/2026_H3N2,plate11-A/SouthAustralia/2605715552/2026_H3N2,0.0003935,interpolated,0.0003935,0.0003935,interpolated,1.471,1,0,0.9813,0.04952
human,plate11,flu-seqneut-2026-SCH-019,A/SouthCarolina/USAFSAM-17046/2026_H3N2,plate11-A/SouthCarolina/USAFSAM-17046/2026_H3N2,0.0005736,interpolated,0.0005888,0.0005888,interpolated,4.674,0.9425,0,0.9952,0.02963
human,plate11,flu-seqneut-2026-SCH-019,A/South_Australia/2523812314/2025_H3N2,plate11-A/South_Australia/2523812314/2025_H3N2,0.0009155,interpolated,0.0009155,0.0009155,interpolated,1.738,1,0,0.9693,0.07159
human,plate11,flu-seqneut-2026-SCH-019,A/South_Australia/2527213276/2025_H3N2,plate11-A/South_Australia/2527213276/2025_H3N2,0.00165,interpolated,0.001663,0.001663,interpolated,10,0.962,0,0.9899,0.04733
human,plate11,flu-seqneut-2026-SCH-019,A/StPetersburg/RII-25-2042S/2025_H3N2,plate11-A/StPetersburg/RII-25-2042S/2025_H3N2,0.001483,interpolated,0.001506,0.001506,interpolated,3.749,0.9723,0,0.9952,0.03015
human,plate11,flu-seqneut-2026-SCH-019,A/StPetersburg/RII-25-2321S/2025_H3N2,plate11-A/StPetersburg/RII-25-2321S/2025_H3N2,0.0003299,interpolated,0.0003299,0.0003299,interpolated,1.157,1,0,0.9644,0.05971
human,plate11,flu-seqneut-2026-SCH-019,A/StPetersburg/RII-25-2506S/2026_H3N2,plate11-A/StPetersburg/RII-25-2506S/2026_H3N2,0.001053,interpolated,0.001053,0.001053,interpolated,1.477,1,0,0.9878,0.04412
human,plate11,flu-seqneut-2026-SCH-019,A/StPetersburg/RII-25-2600S/2026_H3N2,plate11-A/StPetersburg/RII-25-2600S/2026_H3N2,0.0007827,interpolated,0.000856,0.000856,interpolated,2.347,0.9052,0,0.9804,0.05417
human,plate11,flu-seqneut-2026-SCH-019,A/Switzerland/UN-SNRCI-HUG-053/2025_H1N1,plate11-A/Switzerland/UN-SNRCI-HUG-053/2025_H1N1,0.003012,interpolated,0.003012,0.003012,interpolated,4.38,1,0,1,0.002024
human,plate11,flu-seqneut-2026-SCH-019,A/Sydney/1359/2024_H3N2,plate11-A/Sydney/1359/2024_H3N2,0.0006499,interpolated,0.000682,0.000682,interpolated,1.781,0.9588,0,0.9887,0.04116
human,plate11,flu-seqneut-2026-SCH-019,A/Sydney/50/2026_H1N1,plate11-A/Sydney/50/2026_H1N1,0.003271,interpolated,0.003316,0.003316,interpolated,2.618,0.9825,0,0.9983,0.01677
human,plate11,flu-seqneut-2026-SCH-019,A/Texas/29/2026_H1N1,plate11-A/Texas/29/2026_H1N1,0.001456,interpolated,0.001482,0.001482,interpolated,1.987,0.9833,0,0.9906,0.04102
human,plate11,flu-seqneut-2026-SCH-019,A/Thailand/8/2022_H3N2,plate11-A/Thailand/8/2022_H3N2,0.0005555,interpolated,0.0005555,0.0005555,interpolated,1.544,1,0,0.9913,0.03477
human,plate11,flu-seqneut-2026-SCH-019,A/Thuringen/16/2026_H3N2,plate11-A/Thuringen/16/2026_H3N2,0.0006887,interpolated,0.0006887,0.0006887,interpolated,1.62,1,0,0.9972,0.02054
human,plate11,flu-seqneut-2026-SCH-019,A/Thuringen/39/2026_H3N2,plate11-A/Thuringen/39/2026_H3N2,0.001603,interpolated,0.001603,0.001603,interpolated,3.801,1,0,0.9986,0.01681
human,plate11,flu-seqneut-2026-SCH-019,A/Tokyo/EIS11-277/2024_H1N1,plate11-A/Tokyo/EIS11-277/2024_H1N1,0.00225,interpolated,0.002316,0.002316,interpolated,4.588,0.9382,0,0.9659,0.07969
human,plate11,flu-seqneut-2026-SCH-019,A/Trieste/257/2025_H3N2,plate11-A/Trieste/257/2025_H3N2,0.001307,interpolated,0.001307,0.001307,interpolated,2.082,1,0,0.9979,0.01977
human,plate11,flu-seqneut-2026-SCH-019,A/Trieste/380/2026_H3N2,plate11-A/Trieste/380/2026_H3N2,0.000822,interpolated,0.001072,0.001072,interpolated,1.316,0.8525,0,0.9795,0.0471
human,plate11,flu-seqneut-2026-SCH-019,A/Ukraine/5214/2026_H1N1,plate11-A/Ukraine/5214/2026_H1N1,0.002551,interpolated,0.002587,0.002587,interpolated,7.57,0.9502,0,0.9816,0.06121
human,plate11,flu-seqneut-2026-SCH-019,A/Uppsala/SE26-01293/2026_H1N1,plate11-A/Uppsala/SE26-01293/2026_H1N1,0.002258,interpolated,0.002258,0.002258,interpolated,5.931,1,0,1,0.001531
human,plate11,flu-seqneut-2026-SCH-019,A/Valencia/VAHNSI_09_02564/2025_H1N1,plate11-A/Valencia/VAHNSI_09_02564/2025_H1N1,0.002114,interpolated,0.002164,0.002164,interpolated,3.501,0.9607,0,0.9971,0.02331
human,plate11,flu-seqneut-2026-SCH-019,A/Victoria/2948/2025_H3N2,plate11-A/Victoria/2948/2025_H3N2,0.001626,interpolated,0.001672,0.001672,interpolated,10,0.879,0,0.9393,0.1086
human,plate11,flu-seqneut-2026-SCH-019,A/Victoria/4897/2022_IVR-238_H1N1,plate11-A/Victoria/4897/2022_IVR-238_H1N1,0.0007458,interpolated,0.0007458,0.0007458,interpolated,2.284,1,0,0.9932,0.03529
human,plate11,flu-seqneut-2026-SCH-019,A/Vietnam/F7324/2024_H3N2,plate11-A/Vietnam/F7324/2024_H3N2,0.00129,interpolated,0.00129,0.00129,interpolated,1.036,1,0,0.8544,0.1472
human,plate11,flu-seqneut-2026-SCH-019,A/Vietnam/PF125413/2025_H1N1,plate11-A/Vietnam/PF125413/2025_H1N1,0.002699,interpolated,0.002699,0.002699,interpolated,2.191,1,0,0.9887,0.04541
human,plate11,flu-seqneut-2026-SCH-019,A/Vietnam/PF126009/2026_H1N1,plate11-A/Vietnam/PF126009/2026_H1N1,0.00361,interpolated,0.00361,0.00361,interpolated,8.459,1,0,1,0.001335
human,plate11,flu-seqneut-2026-SCH-019,A/Virginia/82/2025_H1N1,plate11-A/Virginia/82/2025_H1N1,0.001938,interpolated,0.001938,0.001938,interpolated,3.403,1,0,1,0.003031
human,plate11,flu-seqneut-2026-SCH-019,A/Wisconsin/588/2019_H1N1,plate11-A/Wisconsin/588/2019_H1N1,0.0017,interpolated,0.001703,0.001703,interpolated,10,0.9935,0,0.9997,0.008712
human,plate11,flu-seqneut-2026-SCH-019,A/Wisconsin/67/2022_H1N1,plate11-A/Wisconsin/67/2022_H1N1,0.001217,interpolated,0.001217,0.001217,interpolated,2.85,1,0,0.9988,0.01555
human,plate11,flu-seqneut-2026-SCH-019,A/Zacapa/FLU-012/2025_H1N1,plate11-A/Zacapa/FLU-012/2025_H1N1,0.002593,interpolated,0.002616,0.002616,interpolated,5.794,0.9756,0,0.9955,0.03037
human,plate11,flu-seqneut-2026-SCH-019,A/Zambia/6-NIC-014/2026_H1N1,plate11-A/Zambia/6-NIC-014/2026_H1N1,0.002056,interpolated,0.002063,0.002063,interpolated,2.516,0.9959,0,0.9975,0.02175
human,plate11,flu-seqneut-2026-SCH-019,A/Zambia/7-NIC-313/2026_H1N1,plate11-A/Zambia/7-NIC-313/2026_H1N1,0.002403,interpolated,0.002465,0.002465,interpolated,4.525,0.9455,0,0.9847,0.05402
human,plate11,flu-seqneut-2026-SCH-020,A/Andalucia/PMC-00977/2025_H1N1,plate11-A/Andalucia/PMC-00977/2025_H1N1,0.006101,interpolated,0.006101,0.006101,interpolated,3.558,1,0,0.9996,0.007557
human,plate11,flu-seqneut-2026-SCH-020,A/Andalucia/PMC-01217/2025_H1N1,plate11-A/Andalucia/PMC-01217/2025_H1N1,0.006519,interpolated,0.006519,0.006519,interpolated,4.24,1,0,0.9999,0.004106
human,plate11,flu-seqneut-2026-SCH-020,A/Andalucia/PMC-01495/2025_H1N1,plate11-A/Andalucia/PMC-01495/2025_H1N1,0.005931,interpolated,0.005931,0.005931,interpolated,2.754,1,0,0.997,0.02112
human,plate11,flu-seqneut-2026-SCH-020,A/Arizona/40/2026_H1N1,plate11-A/Arizona/40/2026_H1N1,0.01117,interpolated,0.01122,0.01122,interpolated,3.025,0.9929,0,0.9926,0.02813
human,plate11,flu-seqneut-2026-SCH-020,A/Astrakhan/RII-MH273373S/2025_H3N2,plate11-A/Astrakhan/RII-MH273373S/2025_H3N2,0.001506,interpolated,0.002287,0.002287,interpolated,2.167,0.7023,0,0.9573,0.06268
human,plate11,flu-seqneut-2026-SCH-020,A/Asturias/232590913/2025_H1N1,plate11-A/Asturias/232590913/2025_H1N1,0.005998,interpolated,0.005998,0.005998,interpolated,3.749,1,0,0.9993,0.0107
human,plate11,flu-seqneut-2026-SCH-020,A/Badajoz/18738342/2026_H3N2,plate11-A/Badajoz/18738342/2026_H3N2,0.0008471,interpolated,0.0008471,0.0008471,interpolated,2.166,1,0,0.9989,0.01395
human,plate11,flu-seqneut-2026-SCH-020,A/Badajoz/18811358/2026_H3N2,plate11-A/Badajoz/18811358/2026_H3N2,0.0006265,interpolated,0.0006265,0.0006265,interpolated,1.301,1,0,0.9776,0.05569
human,plate11,flu-seqneut-2026-SCH-020,A/Badajoz/18813527/2026_H3N2,plate11-A/Badajoz/18813527/2026_H3N2,0.0007512,interpolated,0.0007512,0.0007512,interpolated,1.567,1,0,0.9813,0.054
human,plate11,flu-seqneut-2026-SCH-020,A/Bangkok/P2390/2025_H3N2,plate11-A/Bangkok/P2390/2025_H3N2,0.0008709,interpolated,0.0009259,0.0009259,interpolated,1.554,0.9546,0,0.914,0.1175
human,plate11,flu-seqneut-2026-SCH-020,A/Bangkok/P2391/2025_H3N2,plate11-A/Bangkok/P2391/2025_H3N2,0.0006603,interpolated,0.0006603,0.0006603,interpolated,1.523,1,0,0.9949,0.02774
human,plate11,flu-seqneut-2026-SCH-020,A/Blaenavon/6687/2026_H3N2,plate11-A/Blaenavon/6687/2026_H3N2,0.001929,interpolated,0.002063,0.002063,interpolated,10,0.7555,0,0.896,0.1186
human,plate11,flu-seqneut-2026-SCH-020,A/Bolivia/OR5702/2025_H3N2,plate11-A/Bolivia/OR5702/2025_H3N2,0.000632,interpolated,0.0008137,0.0008137,interpolated,1.441,0.8474,0,0.9657,0.0621
human,plate11,flu-seqneut-2026-SCH-020,A/BritishColumbia/RV00022-26/2025_H1N1,plate11-A/BritishColumbia/RV00022-26/2025_H1N1,0.00354,interpolated,0.00354,0.00354,interpolated,3.138,1,0,0.9997,0.007748
human,plate11,flu-seqneut-2026-SCH-020,A/BritishColumbia/RV00279-26/2025_H3N2,plate11-A/BritishColumbia/RV00279-26/2025_H3N2,0.0004481,interpolated,0.0004684,0.0004684,interpolated,1.138,0.9754,0,0.9858,0.03875
human,plate11,flu-seqneut-2026-SCH-020,A/BritishColumbia/RV01350-26/2026_H1N1,plate11-A/BritishColumbia/RV01350-26/2026_H1N1,0.006313,interpolated,0.006313,0.006313,interpolated,3.67,1,0,0.9997,0.006738
human,plate11,flu-seqneut-2026-SCH-020,A/BritishColumbia/RV05508-25/2025_H1N1,plate11-A/BritishColumbia/RV05508-25/2025_H1N1,0.005004,interpolated,0.005032,0.005032,interpolated,4.089,0.9888,0,0.9969,0.02297
human,plate11,flu-seqneut-2026-SCH-020,A/California/GKISBBBH79910/2026_H3N2,plate11-A/California/GKISBBBH79910/2026_H3N2,0.000808,interpolated,0.000808,0.000808,interpolated,1.434,1,0,0.955,0.08512
human,plate11,flu-seqneut-2026-SCH-020,A/California/NIRC-IS-1019/2026_H1N1,plate11-A/California/NIRC-IS-1019/2026_H1N1,0.002417,interpolated,0.002417,0.002417,interpolated,3.561,1,0,0.9998,0.006984
human,plate11,flu-seqneut-2026-SCH-020,A/California/NIRC-IS-1059/2026_H3N2,plate11-A/California/NIRC-IS-1059/2026_H3N2,0.0007191,interpolated,0.0008057,0.0008057,interpolated,2.155,0.8913,0,0.9952,0.02587
human,plate11,flu-seqneut-2026-SCH-020,A/California/NIRC-IS-1067/2026_H3N2,plate11-A/California/NIRC-IS-1067/2026_H3N2,0.0007025,interpolated,0.0007025,0.0007025,interpolated,1.158,1,0,0.9482,0.08388
human,plate11,flu-seqneut-2026-SCH-020,A/California/NIRC-IS-1356/2025_H1N1,plate11-A/California/NIRC-IS-1356/2025_H1N1,0.005334,interpolated,0.005334,0.005334,interpolated,2.88,1,0,0.9954,0.02686
human,plate11,flu-seqneut-2026-SCH-020,A/Castellon/VAHNSI_02_02400/2025_H3N2,plate11-A/Castellon/VAHNSI_02_02400/2025_H3N2,0.001077,interpolated,0.001132,0.001132,interpolated,1.727,0.9595,0,0.9769,0.06083
human,plate11,flu-seqneut-2026-SCH-020,A/Colombia/1851/2024_H3N2,plate11-A/Colombia/1851/2024_H3N2,0.0002029,interpolated,0.0002556,0.0002556,interpolated,2.686,0.7689,0,1,0.001652
human,plate11,flu-seqneut-2026-SCH-020,A/Colorado/218/2024_H1N1,plate11-A/Colorado/218/2024_H1N1,0.004238,interpolated,0.004701,0.004701,interpolated,1.991,0.9066,0,0.8937,0.1244
human,plate11,flu-seqneut-2026-SCH-020,A/Connecticut/5/2026_H3N2,plate11-A/Connecticut/5/2026_H3N2,0.001851,interpolated,0.001904,0.001904,interpolated,10,0.8779,0,0.9072,0.1311
human,plate11,flu-seqneut-2026-SCH-020,A/Croatia/10136RV/2023_H3N2,plate11-A/Croatia/10136RV/2023_H3N2,7.343e-05,upper,0.000158,0.000158,interpolated,0.9357,0.6,0,0.9763,0.02189
human,plate11,flu-seqneut-2026-SCH-020,A/Darwin/1415/2025_H3N2,plate11-A/Darwin/1415/2025_H3N2,0.0007289,interpolated,0.0007289,0.0007289,interpolated,1.46,1,0,0.9741,0.064
human,plate11,flu-seqneut-2026-SCH-020,A/Darwin/1454/2025_H3N2,plate11-A/Darwin/1454/2025_H3N2,0.0006497,interpolated,0.001108,0.001108,interpolated,2.892,0.6068,0,0.8898,0.09629
human,plate11,flu-seqneut-2026-SCH-020,A/Denmark/3940/2025_H3N2,plate11-A/Denmark/3940/2025_H3N2,0.0005326,interpolated,0.0005432,0.0005432,interpolated,1.306,0.9872,0,0.9936,0.0281
human,plate11,flu-seqneut-2026-SCH-020,A/Denmark/4547/2025_H1N1,plate11-A/Denmark/4547/2025_H1N1,0.006669,interpolated,0.006669,0.006669,interpolated,2.932,1,0,0.9991,0.01167
human,plate11,flu-seqneut-2026-SCH-020,A/Denmark/4774/2025_H1N1,plate11-A/Denmark/4774/2025_H1N1,0.008869,interpolated,0.008881,0.008881,interpolated,10,0.9932,0,0.9988,0.01381
human,plate11,flu-seqneut-2026-SCH-020,A/District_Of_Columbia/27/2023_H3N2,plate11-A/District_Of_Columbia/27/2023_H3N2,0.0004459,interpolated,0.0004459,0.0004459,interpolated,1.365,1,0,0.9751,0.0575
human,plate11,flu-seqneut-2026-SCH-020,A/Distrito_Federal/250106000728/2025_H3N2,plate11-A/Distrito_Federal/250106000728/2025_H3N2,0.0004024,interpolated,0.0004024,0.0004024,interpolated,1.367,1,0,0.9662,0.06606
human,plate11,flu-seqneut-2026-SCH-020,A/England/1893256/2026_H1N1,plate11-A/England/1893256/2026_H1N1,0.009583,interpolated,0.009583,0.009583,interpolated,9.859,1,0,0.9999,0.00385
human,plate11,flu-seqneut-2026-SCH-020,A/Florida/ISC-1069/2026_H3N2,plate11-A/Florida/ISC-1069/2026_H3N2,0.0009995,interpolated,0.00105,0.00105,interpolated,1.805,0.9576,0,0.994,0.03076
human,plate11,flu-seqneut-2026-SCH-020,A/France/ARA-HCL025195259501/2025_H1N1,plate11-A/France/ARA-HCL025195259501/2025_H1N1,0.006094,interpolated,0.006094,0.006094,interpolated,2.556,1,0,0.9951,0.02679
human,plate11,flu-seqneut-2026-SCH-020,A/France/ARA-HCL026031894402/2026_H3N2,plate11-A/France/ARA-HCL026031894402/2026_H3N2,0.0004314,interpolated,0.0004314,0.0004314,interpolated,1.028,1,0,0.9756,0.05019
human,plate11,flu-seqneut-2026-SCH-020,A/France/GES-IPP00659/2026_H1N1,plate11-A/France/GES-IPP00659/2026_H1N1,0.005232,interpolated,0.005268,0.005268,interpolated,2.985,0.99,0,0.9883,0.04213
human,plate11,flu-seqneut-2026-SCH-020,A/France/GES-IPP01077/2026_H3N2,plate11-A/France/GES-IPP01077/2026_H3N2,0.003309,interpolated,0.003309,0.003309,interpolated,1.608,1,0,0.9273,0.1109
human,plate11,flu-seqneut-2026-SCH-020,A/France/HDF-IPP01550/2026_H3N2,plate11-A/France/HDF-IPP01550/2026_H3N2,0.001417,interpolated,0.001417,0.001417,interpolated,1.126,1,0,0.9765,0.0565
human,plate11,flu-seqneut-2026-SCH-020,A/France/HDF-RELAB-IPP00300/2026_H3N2,plate11-A/France/HDF-RELAB-IPP00300/2026_H3N2,0.0009519,interpolated,0.0009633,0.0009633,interpolated,2.482,0.9854,0,0.9938,0.03343
human,plate11,flu-seqneut-2026-SCH-020,A/France/HDF-RELAB-IPP00303/2026_H3N2,plate11-A/France/HDF-RELAB-IPP00303/2026_H3N2,0.0009142,interpolated,0.0009297,0.0009297,interpolated,1.286,0.9893,0,0.9556,0.07858
human,plate11,flu-seqneut-2026-SCH-020,A/France/HDF-RELAB-IPP07969/2025_H1N1,plate11-A/France/HDF-RELAB-IPP07969/2025_H1N1,0.009208,interpolated,0.009208,0.009208,interpolated,1.112,1,0,0.7667,0.1375
human,plate11,flu-seqneut-2026-SCH-020,A/France/NAQ-HCL026010957001/2026_H3N2,plate11-A/France/NAQ-HCL026010957001/2026_H3N2,0.0008905,interpolated,0.0008905,0.0008905,interpolated,1.714,1,0,0.9523,0.09158
human,plate11,flu-seqneut-2026-SCH-020,A/France/NAQ-HCL026046169102/2025_H1N1,plate11-A/France/NAQ-HCL026046169102/2025_H1N1,0.00278,interpolated,0.002939,0.002939,interpolated,1.071,0.9712,0,0.929,0.09284
human,plate11,flu-seqneut-2026-SCH-020,A/France/OCC-HCL026013263701/2026_H3N2,plate11-A/France/OCC-HCL026013263701/2026_H3N2,0.0003348,interpolated,0.0003348,0.0003348,interpolated,0.8,1,0,0.7896,0.1179
human,plate11,flu-seqneut-2026-SCH-020,A/France/PAC-RELAB-HCL026021993801/2026_H3N2,plate11-A/France/PAC-RELAB-HCL026021993801/2026_H3N2,0.0007409,interpolated,0.0007409,0.0007409,interpolated,1.782,1,0,0.9899,0.04139
human,plate11,flu-seqneut-2026-SCH-020,A/Galicia/GA-CHUAC-451/2025_H3N2,plate11-A/Galicia/GA-CHUAC-451/2025_H3N2,0.0002172,interpolated,0.0002172,0.0002172,interpolated,3.426,1,0,0.9994,0.009317
human,plate11,flu-seqneut-2026-SCH-020,A/Galicia/GA-CHUAC-612/2025_H1N1,plate11-A/Galicia/GA-CHUAC-612/2025_H1N1,0.006036,interpolated,0.006036,0.006036,interpolated,3.059,1,0,0.9987,0.0138
human,plate11,flu-seqneut-2026-SCH-020,A/Germany/LRMC_0104/2025_H3N2,plate11-A/Germany/LRMC_0104/2025_H3N2,0.0007492,interpolated,0.0007507,0.0007507,interpolated,1.498,0.9984,0,0.9938,0.03042
human,plate11,flu-seqneut-2026-SCH-020,A/Germany/LRMC_0113/2025_H3N2,plate11-A/Germany/LRMC_0113/2025_H3N2,0.0009239,interpolated,0.0009364,0.0009364,interpolated,1.897,0.9874,0,0.9986,0.01494
human,plate11,flu-seqneut-2026-SCH-020,A/Hawaii/70/2019_H1N1,plate11-A/Hawaii/70/2019_H1N1,0.0009922,interpolated,0.0009922,0.0009922,interpolated,4.116,1,0,0.9997,0.008179
human,plate11,flu-seqneut-2026-SCH-020,A/Hawaii/ISC-1140/2025_H1N1,plate11-A/Hawaii/ISC-1140/2025_H1N1,0.001452,interpolated,0.001452,0.001452,interpolated,1.929,1,0,0.9942,0.0321
human,plate11,flu-seqneut-2026-SCH-020,A/Hessen/18/2026_H1N1,plate11-A/Hessen/18/2026_H1N1,0.007476,interpolated,0.007529,0.007529,interpolated,2.828,0.9901,0,0.9972,0.01906
human,plate11,flu-seqneut-2026-SCH-020,A/Ireland/91576/2025_H3N2,plate11-A/Ireland/91576/2025_H3N2,0.0008695,interpolated,0.00104,0.00104,interpolated,1.293,0.8968,0,0.935,0.0909
human,plate11,flu-seqneut-2026-SCH-020,A/Kentucky/80/2025_H1N1,plate11-A/Kentucky/80/2025_H1N1,0.002784,interpolated,0.002823,0.002823,interpolated,2.9,0.9807,0,0.9926,0.03666
human,plate11,flu-seqneut-2026-SCH-020,A/Lisboa/216/2023_H3N2,plate11-A/Lisboa/216/2023_H3N2,0.0002669,interpolated,0.0002782,0.0002782,interpolated,9.934,0.8313,0,0.966,0.06718
human,plate11,flu-seqneut-2026-SCH-020,A/Luxembourg/LNS9132577/2026_H3N2,plate11-A/Luxembourg/LNS9132577/2026_H3N2,0.0008078,interpolated,0.0008078,0.0008078,interpolated,1.588,1,0,0.9874,0.04528
human,plate11,flu-seqneut-2026-SCH-020,A/Maine/25/2026_H1N1,plate11-A/Maine/25/2026_H1N1,0.007117,interpolated,0.007117,0.007117,interpolated,3.151,1,0,0.9955,0.02454
human,plate11,flu-seqneut-2026-SCH-020,A/Malaysia/IMR/SARI/2406/2025_H3N2,plate11-A/Malaysia/IMR/SARI/2406/2025_H3N2,0.00148,interpolated,0.001495,0.001495,interpolated,1.137,0.9942,0,0.9261,0.1036
human,plate11,flu-seqneut-2026-SCH-020,A/Massachusetts/18/2022_H3N2,plate11-A/Massachusetts/18/2022_H3N2,0.0001306,interpolated,0.0001365,0.0001365,interpolated,3.084,0.9363,0,1,0.001109
human,plate11,flu-seqneut-2026-SCH-020,A/Massachusetts/ISC-1856/2025_H3N2,plate11-A/Massachusetts/ISC-1856/2025_H3N2,0.0007756,interpolated,0.0008261,0.0008261,interpolated,1.267,0.9615,0,0.9706,0.06147
human,plate11,flu-seqneut-2026-SCH-020,A/Mauritius/26000203/2026_H1N1,plate11-A/Mauritius/26000203/2026_H1N1,0.002346,interpolated,0.002418,0.002418,interpolated,4.375,0.9377,0,0.9857,0.05137
human,plate11,flu-seqneut-2026-SCH-020,A/Michigan/8/2026_H3N2,plate11-A/Michigan/8/2026_H3N2,0.00112,interpolated,0.001135,0.001135,interpolated,1.865,0.9874,0,0.9871,0.04717
human,plate11,flu-seqneut-2026-SCH-020,A/Michigan/UM-10068071276/2025_H3N2,plate11-A/Michigan/UM-10068071276/2025_H3N2,0.00173,interpolated,0.00173,0.00173,interpolated,1.103,1,0,0.9675,0.06545
human,plate11,flu-seqneut-2026-SCH-020,A/Michigan/UM-10068134090/2025_H3N2,plate11-A/Michigan/UM-10068134090/2025_H3N2,0.001527,interpolated,0.001643,0.001643,interpolated,10,0.7397,0,0.9286,0.09997
human,plate11,flu-seqneut-2026-SCH-020,A/Michigan/UM-10068449788/2025_H3N2,plate11-A/Michigan/UM-10068449788/2025_H3N2,0.0006565,interpolated,0.0006726,0.0006726,interpolated,2.025,0.9761,0,0.9956,0.02638
human,plate11,flu-seqneut-2026-SCH-020,A/Michigan/UM-10068456988/2025_H3N2,plate11-A/Michigan/UM-10068456988/2025_H3N2,0.001991,interpolated,0.002126,0.002126,interpolated,10,0.7596,0,0.9282,0.09469
human,plate11,flu-seqneut-2026-SCH-020,A/Michigan/UM-10068747355/2026_H3N2,plate11-A/Michigan/UM-10068747355/2026_H3N2,0.002365,interpolated,0.002406,0.002406,interpolated,2.464,0.9793,0,0.9831,0.0541
human,plate11,flu-seqneut-2026-SCH-020,A/MinasGerais/410/2026_H1N1,plate11-A/MinasGerais/410/2026_H1N1,0.008753,interpolated,0.008753,0.008753,interpolated,2.809,1,0,0.9977,0.01703
human,plate11,flu-seqneut-2026-SCH-020,A/MinasGerais/671/2026_H1N1,plate11-A/MinasGerais/671/2026_H1N1,0.007287,interpolated,0.007287,0.007287,interpolated,2.158,1,0,0.9933,0.02892
human,plate11,flu-seqneut-2026-SCH-020,A/Mississippi/20/2026_H1N1,plate11-A/Mississippi/20/2026_H1N1,0.00864,interpolated,0.00864,0.00864,interpolated,10,1,0,1,0.001225
human,plate11,flu-seqneut-2026-SCH-020,A/Missouri/11/2025_cell_H1N1,plate11-A/Missouri/11/2025_cell_H1N1,0.004774,interpolated,0.00487,0.00487,interpolated,1.813,0.9823,0,0.8672,0.1497
human,plate11,flu-seqneut-2026-SCH-020,A/Missouri/11/2025_egg_H1N1,plate11-A/Missouri/11/2025_egg_H1N1,0.0002167,interpolated,0.0002606,0.0002606,interpolated,3.547,0.76,0,0.9999,0.00257
human,plate11,flu-seqneut-2026-SCH-020,A/Missouri/NIRC-AV-1003/2025_H3N2,plate11-A/Missouri/NIRC-AV-1003/2025_H3N2,0.0008619,interpolated,0.0009457,0.0009457,interpolated,3.306,0.868,0,0.9936,0.0308
human,plate11,flu-seqneut-2026-SCH-020,A/Montana/51/2025_H3N2,plate11-A/Montana/51/2025_H3N2,0.00141,interpolated,0.001543,0.001543,interpolated,4.2,0.8418,0,0.9272,0.1089
human,plate11,flu-seqneut-2026-SCH-020,A/NakhonPhanom/P495/2026_H3N2,plate11-A/NakhonPhanom/P495/2026_H3N2,0.0006542,interpolated,0.0008027,0.0008027,interpolated,1.762,0.8487,0,0.9972,0.01831
human,plate11,flu-seqneut-2026-SCH-020,A/Navarra/260009/2025_H3N2,plate11-A/Navarra/260009/2025_H3N2,0.0007044,interpolated,0.0007044,0.0007044,interpolated,1.241,1,0,0.9411,0.09231
human,plate11,flu-seqneut-2026-SCH-020,A/Nebraska/34/2026_H1N1,plate11-A/Nebraska/34/2026_H1N1,0.009113,interpolated,0.009113,0.009113,interpolated,10,1,0,1,0.002486
human,plate11,flu-seqneut-2026-SCH-020,A/Netherlands/10008/2026_H1N1,plate11-A/Netherlands/10008/2026_H1N1,0.004885,interpolated,0.004885,0.004885,interpolated,3.335,1,0,0.9961,0.02531
human,plate11,flu-seqneut-2026-SCH-020,A/Netherlands/2398/2025_H1N1,plate11-A/Netherlands/2398/2025_H1N1,0.006286,interpolated,0.006286,0.006286,interpolated,2.484,1,0,0.9956,0.02466
human,plate11,flu-seqneut-2026-SCH-020,A/Netherlands/543/2026_H1N1,plate11-A/Netherlands/543/2026_H1N1,0.009574,interpolated,0.009621,0.009621,interpolated,10,0.9763,0,0.9845,0.0452
human,plate11,flu-seqneut-2026-SCH-020,A/Netherlands/864/2026_H1N1,plate11-A/Netherlands/864/2026_H1N1,0.003772,interpolated,0.003786,0.003786,interpolated,2.642,0.9952,0,0.9975,0.02096
human,plate11,flu-seqneut-2026-SCH-020,A/Netherlands/888/2026_H3N2,plate11-A/Netherlands/888/2026_H3N2,0.00134,interpolated,0.00134,0.00134,interpolated,2.174,1,0,0.9959,0.02781
human,plate11,flu-seqneut-2026-SCH-020,A/Netherlands/968/2026_H3N2,plate11-A/Netherlands/968/2026_H3N2,0.001862,interpolated,0.001907,0.001907,interpolated,2.24,0.9741,0,0.9872,0.04592
human,plate11,flu-seqneut-2026-SCH-020,A/NewBrunswick/NBPHLFLUA10B-MM00057R/2026_H1N1,plate11-A/NewBrunswick/NBPHLFLUA10B-MM00057R/2026_H1N1,0.00447,interpolated,0.00447,0.00447,interpolated,5.598,1,0,0.9995,0.009362
human,plate11,flu-seqneut-2026-SCH-020,A/NewYork/NIRC-IS-1086/2026_H3N2,plate11-A/NewYork/NIRC-IS-1086/2026_H3N2,0.0001401,interpolated,0.0001401,0.0001401,interpolated,1.629,1,0,0.9979,0.01186
human,plate11,flu-seqneut-2026-SCH-020,A/NordrheinWestfalen/54/2026_H3N2,plate11-A/NordrheinWestfalen/54/2026_H3N2,0.0006292,interpolated,0.0006292,0.0006292,interpolated,1.457,1,0,0.956,0.08171
human,plate11,flu-seqneut-2026-SCH-020,A/NordrheinWestfalen/96/2026_H1N1,plate11-A/NordrheinWestfalen/96/2026_H1N1,0.006947,interpolated,0.006947,0.006947,interpolated,3.731,1,0,0.9999,0.003974
human,plate11,flu-seqneut-2026-SCH-020,A/Norway/9556/2025_H1N1,plate11-A/Norway/9556/2025_H1N1,0.00571,interpolated,0.00571,0.00571,interpolated,3.432,1,0,0.9992,0.01141
human,plate11,flu-seqneut-2026-SCH-020,A/NovaScotia/25-365-06099/2025_H3N2,plate11-A/NovaScotia/25-365-06099/2025_H3N2,0.001153,interpolated,0.001153,0.001153,interpolated,2.169,1,0,0.9892,0.0442
human,plate11,flu-seqneut-2026-SCH-020,A/Ohio/259/2024_H1N1,plate11-A/Ohio/259/2024_H1N1,0.001189,interpolated,0.001189,0.001189,interpolated,2.613,1,0,0.9973,0.02304
human,plate11,flu-seqneut-2026-SCH-020,A/Ontario/PHL202550193/2025_H3N2,plate11-A/Ontario/PHL202550193/2025_H3N2,0.001357,interpolated,0.001671,0.001671,interpolated,0.991,0.9067,0,0.9428,0.07502
human,plate11,flu-seqneut-2026-SCH-020,A/Oregon/81/2025_H3N2,plate11-A/Oregon/81/2025_H3N2,0.0007391,interpolated,0.0007391,0.0007391,interpolated,1.192,1,0,0.9452,0.0889
human,plate11,flu-seqneut-2026-SCH-020,A/PaisVasco/70369726/2026_H1N1,plate11-A/PaisVasco/70369726/2026_H1N1,0.004376,interpolated,0.004376,0.004376,interpolated,3.668,1,0,0.9896,0.04143
human,plate11,flu-seqneut-2026-SCH-020,A/Parana/416133590/2026_H3N2,plate11-A/Parana/416133590/2026_H3N2,0.001179,interpolated,0.001417,0.001417,interpolated,1.87,0.8546,0,0.9563,0.07679
human,plate11,flu-seqneut-2026-SCH-020,A/Peru/ANC-INS-062/2026_H3N2,plate11-A/Peru/ANC-INS-062/2026_H3N2,0.000207,interpolated,0.000207,0.000207,interpolated,5.44,1,0,1,0.002131
human,plate11,flu-seqneut-2026-SCH-020,A/Rhode_Island/11/2026_H1N1,plate11-A/Rhode_Island/11/2026_H1N1,0.002806,interpolated,0.002833,0.002833,interpolated,2.279,0.9893,0,0.9891,0.04337
human,plate11,flu-seqneut-2026-SCH-020,A/RiodeJaneiro/331/2026_H3N2,plate11-A/RiodeJaneiro/331/2026_H3N2,0.0007995,interpolated,0.00101,0.00101,interpolated,2.224,0.7972,0,0.9927,0.0291
human,plate11,flu-seqneut-2026-SCH-020,A/Romania/612042/2026_H3N2,plate11-A/Romania/612042/2026_H3N2,0.000689,interpolated,0.000689,0.000689,interpolated,1.36,1,0,0.9585,0.07962
human,plate11,flu-seqneut-2026-SCH-020,A/SantaCatarina/508/2026_H3N2,plate11-A/SantaCatarina/508/2026_H3N2,0.000895,interpolated,0.001093,0.001093,interpolated,2.188,0.8231,0,0.9383,0.0913
human,plate11,flu-seqneut-2026-SCH-020,A/Saskatchewan/SKFLU477299/2025_H3N2,plate11-A/Saskatchewan/SKFLU477299/2025_H3N2,0.001208,interpolated,0.001247,0.001247,interpolated,1.362,0.9791,0,0.9647,0.07319
human,plate11,flu-seqneut-2026-SCH-020,A/Saskatchewan/SKFLU477727/2025_H3N2,plate11-A/Saskatchewan/SKFLU477727/2025_H3N2,0.0007514,interpolated,0.0007514,0.0007514,interpolated,1.376,1,0,0.9656,0.0732
human,plate11,flu-seqneut-2026-SCH-020,A/Saskatchewan/SKFLU490586/2026_H1N1,plate11-A/Saskatchewan/SKFLU490586/2026_H1N1,0.003902,interpolated,0.004006,0.004006,interpolated,10,0.8842,0,0.9588,0.08423
human,plate11,flu-seqneut-2026-SCH-020,A/Singapore/GP20238/2024_H3N2,plate11-A/Singapore/GP20238/2024_H3N2,0.0005568,interpolated,0.0005776,0.0005776,interpolated,3.378,0.9416,0,0.9939,0.0323
human,plate11,flu-seqneut-2026-SCH-020,A/Singapore/KK2768/2025_H1N1,plate11-A/Singapore/KK2768/2025_H1N1,0.001387,interpolated,0.001419,0.001419,interpolated,2.592,0.9714,0,0.9916,0.03967
human,plate11,flu-seqneut-2026-SCH-020,A/Singapore/MOH0547/2024_H1N1,plate11-A/Singapore/MOH0547/2024_H1N1,0.004516,interpolated,0.004516,0.004516,interpolated,5.013,1,0,0.9992,0.01231
human,plate11,flu-seqneut-2026-SCH-020,A/Singapore/NTF0577/2025_H3N2,plate11-A/Singapore/NTF0577/2025_H3N2,0.001729,interpolated,0.001751,0.001751,interpolated,10,0.9411,0,0.9722,0.07526
human,plate11,flu-seqneut-2026-SCH-020,A/Singapore/SAR8915/2025_H3N2,plate11-A/Singapore/SAR8915/2025_H3N2,0.001318,interpolated,0.001384,0.001384,interpolated,1.98,0.9536,0,0.9687,0.07341
human,plate11,flu-seqneut-2026-SCH-020,A/SouthAfrica/NHLS-SU-CERI-C075557/2026_H1N1,plate11-A/SouthAfrica/NHLS-SU-CERI-C075557/2026_H1N1,0.003925,interpolated,0.003925,0.003925,interpolated,4.142,1,0,1,0.001127
human,plate11,flu-seqneut-2026-SCH-020,A/SouthAfrica/NICD-R01647/2026_H1N1,plate11-A/SouthAfrica/NICD-R01647/2026_H1N1,0.002991,interpolated,0.002991,0.002991,interpolated,2.936,1,0,0.9992,0.012
human,plate11,flu-seqneut-2026-SCH-020,A/SouthAfrica/NICD-R01668/2026_H1N1,plate11-A/SouthAfrica/NICD-R01668/2026_H1N1,0.00438,interpolated,0.00438,0.00438,interpolated,8.753,1,0,1,0.002739
human,plate11,flu-seqneut-2026-SCH-020,A/SouthAfrica/PATH-CERI-C073358/2025_H1N1,plate11-A/SouthAfrica/PATH-CERI-C073358/2025_H1N1,0.002695,interpolated,0.002695,0.002695,interpolated,3.432,1,0,0.9996,0.008675
human,plate11,flu-seqneut-2026-SCH-020,A/SouthAfrica/PATH-CERI-C073366/2025_H1N1,plate11-A/SouthAfrica/PATH-CERI-C073366/2025_H1N1,0.003177,interpolated,0.00319,0.00319,interpolated,4.492,0.9913,0,0.9993,0.01211
human,plate11,flu-seqneut-2026-SCH-020,A/SouthAfrica/PATH-CERI-C075119/2026_H1N1,plate11-A/SouthAfrica/PATH-CERI-C075119/2026_H1N1,0.004009,interpolated,0.004025,0.004025,interpolated,10,0.9803,0,0.9988,0.01555
human,plate11,flu-seqneut-2026-SCH-020,A/SouthAustralia/2605715552/2026_H3N2,plate11-A/SouthAustralia/2605715552/2026_H3N2,0.001557,interpolated,0.001557,0.001557,interpolated,1.028,1,0,0.9425,0.08648
human,plate11,flu-seqneut-2026-SCH-020,A/SouthCarolina/USAFSAM-17046/2026_H3N2,plate11-A/SouthCarolina/USAFSAM-17046/2026_H3N2,8.611e-05,interpolated,0.0001521,0.0001521,interpolated,2.829,0.6,0,0.9993,0.004649
human,plate11,flu-seqneut-2026-SCH-020,A/South_Australia/2523812314/2025_H3N2,plate11-A/South_Australia/2523812314/2025_H3N2,0.0005865,interpolated,0.0005865,0.0005865,interpolated,1.709,1,0,0.9802,0.0567
human,plate11,flu-seqneut-2026-SCH-020,A/South_Australia/2527213276/2025_H3N2,plate11-A/South_Australia/2527213276/2025_H3N2,0.0002927,interpolated,0.001136,0.001136,interpolated,1.187,0.6,0,0.9099,0.06945
human,plate11,flu-seqneut-2026-SCH-020,A/StPetersburg/RII-25-2042S/2025_H3N2,plate11-A/StPetersburg/RII-25-2042S/2025_H3N2,0.001111,interpolated,0.001111,0.001111,interpolated,1.373,1,0,0.9577,0.08224
human,plate11,flu-seqneut-2026-SCH-020,A/StPetersburg/RII-25-2321S/2025_H3N2,plate11-A/StPetersburg/RII-25-2321S/2025_H3N2,0.000566,interpolated,0.0006022,0.0006022,interpolated,1.522,0.955,0,0.9484,0.08412
human,plate11,flu-seqneut-2026-SCH-020,A/StPetersburg/RII-25-2506S/2026_H3N2,plate11-A/StPetersburg/RII-25-2506S/2026_H3N2,0.002332,interpolated,0.002384,0.002384,interpolated,1.266,0.9862,0,0.9781,0.05414
human,plate11,flu-seqneut-2026-SCH-020,A/StPetersburg/RII-25-2600S/2026_H3N2,plate11-A/StPetersburg/RII-25-2600S/2026_H3N2,0.0008216,interpolated,0.0008704,0.0008704,interpolated,2.457,0.9339,0,0.9772,0.06005
human,plate11,flu-seqneut-2026-SCH-020,A/Switzerland/UN-SNRCI-HUG-053/2025_H1N1,plate11-A/Switzerland/UN-SNRCI-HUG-053/2025_H1N1,0.001565,interpolated,0.001565,0.001565,interpolated,4.266,1,0,1,0.002312
human,plate11,flu-seqneut-2026-SCH-020,A/Sydney/1359/2024_H3N2,plate11-A/Sydney/1359/2024_H3N2,0.0008578,interpolated,0.0008666,0.0008666,interpolated,5.311,0.9734,0,0.9949,0.03156
human,plate11,flu-seqneut-2026-SCH-020,A/Sydney/50/2026_H1N1,plate11-A/Sydney/50/2026_H1N1,0.006935,interpolated,0.006935,0.006935,interpolated,2.386,1,0,0.9949,0.02616
human,plate11,flu-seqneut-2026-SCH-020,A/Texas/29/2026_H1N1,plate11-A/Texas/29/2026_H1N1,0.00484,interpolated,0.00484,0.00484,interpolated,3.105,1,0,0.9927,0.03389
human,plate11,flu-seqneut-2026-SCH-020,A/Thailand/8/2022_H3N2,plate11-A/Thailand/8/2022_H3N2,7.343e-05,upper,4.815e-05,7.343e-05,upper,2.298,0.9999,0,0.9997,0.001567
human,plate11,flu-seqneut-2026-SCH-020,A/Thuringen/16/2026_H3N2,plate11-A/Thuringen/16/2026_H3N2,0.0008837,interpolated,0.0009072,0.0009072,interpolated,1.83,0.9765,0,0.9954,0.0274
human,plate11,flu-seqneut-2026-SCH-020,A/Thuringen/39/2026_H3N2,plate11-A/Thuringen/39/2026_H3N2,0.00088,interpolated,0.00088,0.00088,interpolated,1.519,1,0,0.9867,0.04635
human,plate11,flu-seqneut-2026-SCH-020,A/Tokyo/EIS11-277/2024_H1N1,plate11-A/Tokyo/EIS11-277/2024_H1N1,0.002051,interpolated,0.002124,0.002124,interpolated,10,0.8528,0,0.9649,0.07485
human,plate11,flu-seqneut-2026-SCH-020,A/Trieste/257/2025_H3N2,plate11-A/Trieste/257/2025_H3N2,0.001472,interpolated,0.001507,0.001507,interpolated,3.768,0.9576,0,0.9955,0.02919
human,plate11,flu-seqneut-2026-SCH-020,A/Trieste/380/2026_H3N2,plate11-A/Trieste/380/2026_H3N2,0.005165,interpolated,0.005655,0.005655,interpolated,4.017,0.8476,0,0.9152,0.1068
human,plate11,flu-seqneut-2026-SCH-020,A/Ukraine/5214/2026_H1N1,plate11-A/Ukraine/5214/2026_H1N1,0.006647,interpolated,0.006647,0.006647,interpolated,4.197,1,0,1,0.002557
human,plate11,flu-seqneut-2026-SCH-020,A/Uppsala/SE26-01293/2026_H1N1,plate11-A/Uppsala/SE26-01293/2026_H1N1,0.004959,interpolated,0.005113,0.005113,interpolated,3.921,0.9434,0,0.9348,0.09899
human,plate11,flu-seqneut-2026-SCH-020,A/Valencia/VAHNSI_09_02564/2025_H1N1,plate11-A/Valencia/VAHNSI_09_02564/2025_H1N1,0.004537,interpolated,0.004537,0.004537,interpolated,3.889,1,0,0.9959,0.0264
human,plate11,flu-seqneut-2026-SCH-020,A/Victoria/2948/2025_H3N2,plate11-A/Victoria/2948/2025_H3N2,0.002254,interpolated,0.002603,0.002603,interpolated,1.977,0.8764,0,0.9178,0.1064
human,plate11,flu-seqneut-2026-SCH-020,A/Victoria/4897/2022_IVR-238_H1N1,plate11-A/Victoria/4897/2022_IVR-238_H1N1,0.0001664,interpolated,0.0001942,0.0001942,interpolated,2.841,0.8225,0,0.9924,0.02383
human,plate11,flu-seqneut-2026-SCH-020,A/Vietnam/F7324/2024_H3N2,plate11-A/Vietnam/F7324/2024_H3N2,0.0001454,interpolated,0.0002211,0.0002211,interpolated,3.842,0.6,0,0.974,0.03295
human,plate11,flu-seqneut-2026-SCH-020,A/Vietnam/PF125413/2025_H1N1,plate11-A/Vietnam/PF125413/2025_H1N1,0.001342,interpolated,0.001355,0.001355,interpolated,2.016,0.9904,0,0.9935,0.03418
human,plate11,flu-seqneut-2026-SCH-020,A/Vietnam/PF126009/2026_H1N1,plate11-A/Vietnam/PF126009/2026_H1N1,0.001747,interpolated,0.001749,0.001749,interpolated,2.908,0.9985,0,0.9975,0.02267
human,plate11,flu-seqneut-2026-SCH-020,A/Virginia/82/2025_H1N1,plate11-A/Virginia/82/2025_H1N1,0.005183,interpolated,0.005183,0.005183,interpolated,2.752,1,0,0.9925,0.0341
human,plate11,flu-seqneut-2026-SCH-020,A/Wisconsin/588/2019_H1N1,plate11-A/Wisconsin/588/2019_H1N1,0.0007598,interpolated,0.0007598,0.0007598,interpolated,2.183,1,0,0.9855,0.05152
human,plate11,flu-seqneut-2026-SCH-020,A/Wisconsin/67/2022_H1N1,plate11-A/Wisconsin/67/2022_H1N1,0.002855,interpolated,0.002861,0.002861,interpolated,6.11,0.9935,0,0.9997,0.008067
human,plate11,flu-seqneut-2026-SCH-020,A/Zacapa/FLU-012/2025_H1N1,plate11-A/Zacapa/FLU-012/2025_H1N1,0.003276,interpolated,0.003331,0.003331,interpolated,9.999,0.9231,0,0.9659,0.08368
human,plate11,flu-seqneut-2026-SCH-020,A/Zambia/6-NIC-014/2026_H1N1,plate11-A/Zambia/6-NIC-014/2026_H1N1,0.006728,interpolated,0.006728,0.006728,interpolated,1.992,1,0,0.987,0.03996
human,plate11,flu-seqneut-2026-SCH-020,A/Zambia/7-NIC-313/2026_H1N1,plate11-A/Zambia/7-NIC-313/2026_H1N1,0.009378,interpolated,0.009802,0.009802,interpolated,4.055,0.9179,0,0.9437,0.07886
human,plate11,flu-seqneut-2026-SCH-021,A/Andalucia/PMC-00977/2025_H1N1,plate11-A/Andalucia/PMC-00977/2025_H1N1,0.004032,interpolated,0.004032,0.004032,interpolated,2.122,1,0,0.9879,0.04472
human,plate11,flu-seqneut-2026-SCH-021,A/Andalucia/PMC-01217/2025_H1N1,plate11-A/Andalucia/PMC-01217/2025_H1N1,0.004359,interpolated,0.004463,0.004463,interpolated,3.59,0.9593,0,0.9918,0.03656
human,plate11,flu-seqneut-2026-SCH-021,A/Andalucia/PMC-01495/2025_H1N1,plate11-A/Andalucia/PMC-01495/2025_H1N1,0.005646,interpolated,0.005664,0.005664,interpolated,4.677,0.9925,0,0.999,0.01274
human,plate11,flu-seqneut-2026-SCH-021,A/Arizona/40/2026_H1N1,plate11-A/Arizona/40/2026_H1N1,0.00416,interpolated,0.004186,0.004186,interpolated,2.394,0.9925,0,0.9908,0.03922
human,plate11,flu-seqneut-2026-SCH-021,A/Astrakhan/RII-MH273373S/2025_H3N2,plate11-A/Astrakhan/RII-MH273373S/2025_H3N2,0.002522,interpolated,0.00338,0.00338,interpolated,2.445,0.7444,0,0.9126,0.09397
human,plate11,flu-seqneut-2026-SCH-021,A/Asturias/232590913/2025_H1N1,plate11-A/Asturias/232590913/2025_H1N1,0.004467,interpolated,0.004479,0.004479,interpolated,7.25,0.9903,0,0.9978,0.0197
human,plate11,flu-seqneut-2026-SCH-021,A/Badajoz/18738342/2026_H3N2,plate11-A/Badajoz/18738342/2026_H3N2,0.002928,interpolated,0.002928,0.002928,interpolated,2.352,1,0,0.9967,0.02405
human,plate11,flu-seqneut-2026-SCH-021,A/Badajoz/18811358/2026_H3N2,plate11-A/Badajoz/18811358/2026_H3N2,0.001956,interpolated,0.002274,0.002274,interpolated,1.294,0.9114,0,0.9623,0.06684
human,plate11,flu-seqneut-2026-SCH-021,A/Badajoz/18813527/2026_H3N2,plate11-A/Badajoz/18813527/2026_H3N2,0.004346,interpolated,0.004487,0.004487,interpolated,10,0.8635,0,0.8961,0.121
human,plate11,flu-seqneut-2026-SCH-021,A/Bangkok/P2390/2025_H3N2,plate11-A/Bangkok/P2390/2025_H3N2,0.002847,interpolated,0.002938,0.002938,interpolated,1.511,0.9769,0,0.9822,0.04933
human,plate11,flu-seqneut-2026-SCH-021,A/Bangkok/P2391/2025_H3N2,plate11-A/Bangkok/P2391/2025_H3N2,0.003399,interpolated,0.003399,0.003399,interpolated,0.8,1,0,0.864,0.1114
human,plate11,flu-seqneut-2026-SCH-021,A/Blaenavon/6687/2026_H3N2,plate11-A/Blaenavon/6687/2026_H3N2,0.002614,interpolated,0.002806,0.002806,interpolated,1.743,0.9417,0,0.9697,0.06567
human,plate11,flu-seqneut-2026-SCH-021,A/Bolivia/OR5702/2025_H3N2,plate11-A/Bolivia/OR5702/2025_H3N2,0.003402,interpolated,0.003402,0.003402,interpolated,1.181,1,0,0.9601,0.06809
human,plate11,flu-seqneut-2026-SCH-021,A/BritishColumbia/RV00022-26/2025_H1N1,plate11-A/BritishColumbia/RV00022-26/2025_H1N1,0.003944,interpolated,0.00395,0.00395,interpolated,1.95,0.9985,0,0.9766,0.06098
human,plate11,flu-seqneut-2026-SCH-021,A/BritishColumbia/RV00279-26/2025_H3N2,plate11-A/BritishColumbia/RV00279-26/2025_H3N2,0.001833,interpolated,0.001833,0.001833,interpolated,1.067,1,0,0.9591,0.07292
human,plate11,flu-seqneut-2026-SCH-021,A/BritishColumbia/RV01350-26/2026_H1N1,plate11-A/BritishColumbia/RV01350-26/2026_H1N1,0.004116,interpolated,0.004318,0.004318,interpolated,3.011,0.9328,0,0.9688,0.06867
human,plate11,flu-seqneut-2026-SCH-021,A/BritishColumbia/RV05508-25/2025_H1N1,plate11-A/BritishColumbia/RV05508-25/2025_H1N1,0.005122,interpolated,0.005122,0.005122,interpolated,3.874,1,0,0.9992,0.01164
human,plate11,flu-seqneut-2026-SCH-021,A/California/GKISBBBH79910/2026_H3N2,plate11-A/California/GKISBBBH79910/2026_H3N2,0.004135,interpolated,0.004571,0.004571,interpolated,2.764,0.8792,0,0.8543,0.1457
human,plate11,flu-seqneut-2026-SCH-021,A/California/NIRC-IS-1019/2026_H1N1,plate11-A/California/NIRC-IS-1019/2026_H1N1,0.004895,interpolated,0.004911,0.004911,interpolated,2.254,0.9965,0,0.9979,0.01784
human,plate11,flu-seqneut-2026-SCH-021,A/California/NIRC-IS-1059/2026_H3N2,plate11-A/California/NIRC-IS-1059/2026_H3N2,0.001061,interpolated,0.00172,0.00172,interpolated,0.9693,0.8132,0,0.8708,0.1046
human,plate11,flu-seqneut-2026-SCH-021,A/California/NIRC-IS-1067/2026_H3N2,plate11-A/California/NIRC-IS-1067/2026_H3N2,0.001991,interpolated,0.001991,0.001991,interpolated,1.151,1,0,0.9725,0.06083
human,plate11,flu-seqneut-2026-SCH-021,A/California/NIRC-IS-1356/2025_H1N1,plate11-A/California/NIRC-IS-1356/2025_H1N1,0.00412,interpolated,0.00412,0.00412,interpolated,3.553,1,0,1,0.002713
human,plate11,flu-seqneut-2026-SCH-021,A/Castellon/VAHNSI_02_02400/2025_H3N2,plate11-A/Castellon/VAHNSI_02_02400/2025_H3N2,0.00239,interpolated,0.002879,0.002879,interpolated,1.66,0.8671,0,0.9227,0.09974
human,plate11,flu-seqneut-2026-SCH-021,A/Colombia/1851/2024_H3N2,plate11-A/Colombia/1851/2024_H3N2,0.005126,interpolated,0.005198,0.005198,interpolated,2.907,0.98,0,0.9868,0.04312
human,plate11,flu-seqneut-2026-SCH-021,A/Colorado/218/2024_H1N1,plate11-A/Colorado/218/2024_H1N1,0.004263,interpolated,0.004282,0.004282,interpolated,10,0.9778,0,0.9934,0.03544
human,plate11,flu-seqneut-2026-SCH-021,A/Connecticut/5/2026_H3N2,plate11-A/Connecticut/5/2026_H3N2,0.004015,interpolated,0.00427,0.00427,interpolated,2.131,0.9384,0,0.9762,0.05726
human,plate11,flu-seqneut-2026-SCH-021,A/Croatia/10136RV/2023_H3N2,plate11-A/Croatia/10136RV/2023_H3N2,0.00167,interpolated,0.002245,0.002245,interpolated,1.334,0.8369,0,0.8463,0.13
human,plate11,flu-seqneut-2026-SCH-021,A/Darwin/1415/2025_H3N2,plate11-A/Darwin/1415/2025_H3N2,0.002334,interpolated,0.002334,0.002334,interpolated,1.087,1,0,0.9386,0.08676
human,plate11,flu-seqneut-2026-SCH-021,A/Darwin/1454/2025_H3N2,plate11-A/Darwin/1454/2025_H3N2,0.001606,interpolated,0.001877,0.001877,interpolated,1.747,0.8809,0,0.9472,0.08616
human,plate11,flu-seqneut-2026-SCH-021,A/Denmark/3940/2025_H3N2,plate11-A/Denmark/3940/2025_H3N2,0.002502,interpolated,0.00288,0.00288,interpolated,1.311,0.9156,0,0.971,0.05741
human,plate11,flu-seqneut-2026-SCH-021,A/Denmark/4547/2025_H1N1,plate11-A/Denmark/4547/2025_H1N1,0.004822,interpolated,0.004823,0.004823,interpolated,3.142,0.9996,0,0.9998,0.005866
human,plate11,flu-seqneut-2026-SCH-021,A/District_Of_Columbia/27/2023_H3N2,plate11-A/District_Of_Columbia/27/2023_H3N2,0.002933,interpolated,0.003082,0.003082,interpolated,0.9383,0.9772,0,0.9134,0.0919
human,plate11,flu-seqneut-2026-SCH-021,A/Distrito_Federal/250106000728/2025_H3N2,plate11-A/Distrito_Federal/250106000728/2025_H3N2,0.002293,interpolated,0.003065,0.003065,interpolated,0.8851,0.8868,0,0.9137,0.08185
human,plate11,flu-seqneut-2026-SCH-021,A/England/1893256/2026_H1N1,plate11-A/England/1893256/2026_H1N1,0.004875,interpolated,0.00493,0.00493,interpolated,2.828,0.9844,0,0.9848,0.05024
human,plate11,flu-seqneut-2026-SCH-021,A/Florida/ISC-1069/2026_H3N2,plate11-A/Florida/ISC-1069/2026_H3N2,0.002829,interpolated,0.002829,0.002829,interpolated,2.304,1,0,0.9938,0.0325
human,plate11,flu-seqneut-2026-SCH-021,A/France/ARA-HCL025195259501/2025_H1N1,plate11-A/France/ARA-HCL025195259501/2025_H1N1,0.007678,interpolated,0.007796,0.007796,interpolated,9.357,0.9335,0,0.9333,0.1053
human,plate11,flu-seqneut-2026-SCH-021,A/France/ARA-HCL026031894402/2026_H3N2,plate11-A/France/ARA-HCL026031894402/2026_H3N2,0.003351,interpolated,0.004165,0.004165,interpolated,1.342,0.8735,0,0.8958,0.1077
human,plate11,flu-seqneut-2026-SCH-021,A/France/GES-IPP00659/2026_H1N1,plate11-A/France/GES-IPP00659/2026_H1N1,0.003541,interpolated,0.003712,0.003712,interpolated,2.275,0.9491,0,0.9689,0.07001
human,plate11,flu-seqneut-2026-SCH-021,A/France/GES-IPP01077/2026_H3N2,plate11-A/France/GES-IPP01077/2026_H3N2,0.007404,interpolated,0.007631,0.007631,interpolated,3.715,0.9468,0,0.9454,0.08577
human,plate11,flu-seqneut-2026-SCH-021,A/France/HDF-IPP01550/2026_H3N2,plate11-A/France/HDF-IPP01550/2026_H3N2,0.006097,interpolated,0.00639,0.00639,interpolated,2.055,0.9541,0,0.9448,0.08009
human,plate11,flu-seqneut-2026-SCH-021,A/France/HDF-RELAB-IPP00300/2026_H3N2,plate11-A/France/HDF-RELAB-IPP00300/2026_H3N2,0.001955,interpolated,0.001955,0.001955,interpolated,0.8481,1,0,0.8361,0.1394
human,plate11,flu-seqneut-2026-SCH-021,A/France/HDF-RELAB-IPP00303/2026_H3N2,plate11-A/France/HDF-RELAB-IPP00303/2026_H3N2,0.002322,interpolated,0.002322,0.002322,interpolated,1.073,1,0,0.9447,0.08467
human,plate11,flu-seqneut-2026-SCH-021,A/France/HDF-RELAB-IPP07969/2025_H1N1,plate11-A/France/HDF-RELAB-IPP07969/2025_H1N1,0.00706,interpolated,0.00706,0.00706,interpolated,1.291,1,0,0.8146,0.1487
human,plate11,flu-seqneut-2026-SCH-021,A/France/NAQ-HCL026010957001/2026_H3N2,plate11-A/France/NAQ-HCL026010957001/2026_H3N2,0.003263,interpolated,0.003408,0.003408,interpolated,1.839,0.9615,0,0.991,0.03606
human,plate11,flu-seqneut-2026-SCH-021,A/France/NAQ-HCL026046169102/2025_H1N1,plate11-A/France/NAQ-HCL026046169102/2025_H1N1,0.0037,interpolated,0.00393,0.00393,interpolated,2.561,0.9286,0,0.9775,0.05775
human,plate11,flu-seqneut-2026-SCH-021,A/France/OCC-HCL026013263701/2026_H3N2,plate11-A/France/OCC-HCL026013263701/2026_H3N2,0.001522,interpolated,0.002312,0.002312,interpolated,1.288,0.7919,0,0.8949,0.09445
human,plate11,flu-seqneut-2026-SCH-021,A/France/PAC-RELAB-HCL026021993801/2026_H3N2,plate11-A/France/PAC-RELAB-HCL026021993801/2026_H3N2,0.002627,interpolated,0.002912,0.002912,interpolated,1.847,0.9134,0,0.9594,0.07552
human,plate11,flu-seqneut-2026-SCH-021,A/Galicia/GA-CHUAC-451/2025_H3N2,plate11-A/Galicia/GA-CHUAC-451/2025_H3N2,0.003728,interpolated,0.003728,0.003728,interpolated,1.642,1,0,0.9872,0.04317
human,plate11,flu-seqneut-2026-SCH-021,A/Galicia/GA-CHUAC-612/2025_H1N1,plate11-A/Galicia/GA-CHUAC-612/2025_H1N1,0.004903,interpolated,0.004903,0.004903,interpolated,3.932,1,0,0.9988,0.0144
human,plate11,flu-seqneut-2026-SCH-021,A/Germany/LRMC_0104/2025_H3N2,plate11-A/Germany/LRMC_0104/2025_H3N2,0.004591,interpolated,0.004686,0.004686,interpolated,4.251,0.9585,0,0.9933,0.03318
human,plate11,flu-seqneut-2026-SCH-021,A/Germany/LRMC_0113/2025_H3N2,plate11-A/Germany/LRMC_0113/2025_H3N2,0.002821,interpolated,0.002824,0.002824,interpolated,1.681,0.9992,0,0.9983,0.01572
human,plate11,flu-seqneut-2026-SCH-021,A/Hawaii/70/2019_H1N1,plate11-A/Hawaii/70/2019_H1N1,0.007723,interpolated,0.007723,0.007723,interpolated,3.681,1,0,0.9999,0.002746
human,plate11,flu-seqneut-2026-SCH-021,A/Hawaii/ISC-1140/2025_H1N1,plate11-A/Hawaii/ISC-1140/2025_H1N1,0.003103,interpolated,0.003794,0.003794,interpolated,1.897,0.8415,0,0.8863,0.1196
human,plate11,flu-seqneut-2026-SCH-021,A/Hessen/18/2026_H1N1,plate11-A/Hessen/18/2026_H1N1,0.004167,interpolated,0.004444,0.004444,interpolated,3.224,0.9063,0,0.9697,0.06728
human,plate11,flu-seqneut-2026-SCH-021,A/Ireland/91576/2025_H3N2,plate11-A/Ireland/91576/2025_H3N2,0.002915,interpolated,0.003005,0.003005,interpolated,1.411,0.9789,0,0.9445,0.0856
human,plate11,flu-seqneut-2026-SCH-021,A/Kentucky/80/2025_H1N1,plate11-A/Kentucky/80/2025_H1N1,0.005239,interpolated,0.005239,0.005239,interpolated,1.714,1,0,0.9963,0.02166
human,plate11,flu-seqneut-2026-SCH-021,A/Lisboa/216/2023_H3N2,plate11-A/Lisboa/216/2023_H3N2,0.001239,interpolated,0.001239,0.001239,interpolated,0.8057,1,0,0.8774,0.1152
human,plate11,flu-seqneut-2026-SCH-021,A/Luxembourg/LNS9132577/2026_H3N2,plate11-A/Luxembourg/LNS9132577/2026_H3N2,0.002775,interpolated,0.003134,0.003134,interpolated,1.24,0.9301,0,0.9184,0.09955
human,plate11,flu-seqneut-2026-SCH-021,A/Maine/25/2026_H1N1,plate11-A/Maine/25/2026_H1N1,0.004748,interpolated,0.004775,0.004775,interpolated,5.601,0.9842,0,0.995,0.02936
human,plate11,flu-seqneut-2026-SCH-021,A/Malaysia/IMR/SARI/2406/2025_H3N2,plate11-A/Malaysia/IMR/SARI/2406/2025_H3N2,0.003459,interpolated,0.004288,0.004288,interpolated,1.401,0.8702,0,0.9373,0.07622
human,plate11,flu-seqneut-2026-SCH-021,A/Massachusetts/18/2022_H3N2,plate11-A/Massachusetts/18/2022_H3N2,0.003088,interpolated,0.003297,0.003297,interpolated,2.02,0.9381,0,0.985,0.04694
human,plate11,flu-seqneut-2026-SCH-021,A/Massachusetts/ISC-1856/2025_H3N2,plate11-A/Massachusetts/ISC-1856/2025_H3N2,0.002809,interpolated,0.002904,0.002904,interpolated,3.183,0.9501,0,0.9935,0.03321
human,plate11,flu-seqneut-2026-SCH-021,A/Mauritius/26000203/2026_H1N1,plate11-A/Mauritius/26000203/2026_H1N1,0.001896,interpolated,0.001909,0.001909,interpolated,2.029,0.9933,0,0.9906,0.0412
human,plate11,flu-seqneut-2026-SCH-021,A/Michigan/8/2026_H3N2,plate11-A/Michigan/8/2026_H3N2,0.003453,interpolated,0.003843,0.003843,interpolated,2.218,0.8944,0,0.9488,0.08245
human,plate11,flu-seqneut-2026-SCH-021,A/Michigan/UM-10068071276/2025_H3N2,plate11-A/Michigan/UM-10068071276/2025_H3N2,0.002715,interpolated,0.003322,0.003322,interpolated,2.204,0.8206,0,0.885,0.1184
human,plate11,flu-seqneut-2026-SCH-021,A/Michigan/UM-10068134090/2025_H3N2,plate11-A/Michigan/UM-10068134090/2025_H3N2,0.002578,interpolated,0.003126,0.003126,interpolated,2.929,0.7842,0,0.8842,0.1202
human,plate11,flu-seqneut-2026-SCH-021,A/Michigan/UM-10068449788/2025_H3N2,plate11-A/Michigan/UM-10068449788/2025_H3N2,0.002148,interpolated,0.002196,0.002196,interpolated,1.155,0.9872,0,0.9357,0.09323
human,plate11,flu-seqneut-2026-SCH-021,A/Michigan/UM-10068456988/2025_H3N2,plate11-A/Michigan/UM-10068456988/2025_H3N2,0.003439,interpolated,0.003439,0.003439,interpolated,1.034,1,0,0.9639,0.0628
human,plate11,flu-seqneut-2026-SCH-021,A/Michigan/UM-10068747355/2026_H3N2,plate11-A/Michigan/UM-10068747355/2026_H3N2,0.003243,interpolated,0.003574,0.003574,interpolated,3.514,0.8556,0,0.9344,0.09668
human,plate11,flu-seqneut-2026-SCH-021,A/MinasGerais/410/2026_H1N1,plate11-A/MinasGerais/410/2026_H1N1,0.00489,interpolated,0.00489,0.00489,interpolated,5.822,1,0,1,0.002746
human,plate11,flu-seqneut-2026-SCH-021,A/MinasGerais/671/2026_H1N1,plate11-A/MinasGerais/671/2026_H1N1,0.003806,interpolated,0.003841,0.003841,interpolated,2.008,0.9908,0,0.9951,0.02749
human,plate11,flu-seqneut-2026-SCH-021,A/Mississippi/20/2026_H1N1,plate11-A/Mississippi/20/2026_H1N1,0.003451,interpolated,0.003706,0.003706,interpolated,1.847,0.9384,0,0.9201,0.11
human,plate11,flu-seqneut-2026-SCH-021,A/Missouri/11/2025_cell_H1N1,plate11-A/Missouri/11/2025_cell_H1N1,0.004561,interpolated,0.004586,0.004586,interpolated,10,0.9729,0,0.9894,0.04326
human,plate11,flu-seqneut-2026-SCH-021,A/Missouri/11/2025_egg_H1N1,plate11-A/Missouri/11/2025_egg_H1N1,0.0006471,interpolated,0.0006471,0.0006471,interpolated,2.175,1,0,0.9973,0.02183
human,plate11,flu-seqneut-2026-SCH-021,A/Missouri/NIRC-AV-1003/2025_H3N2,plate11-A/Missouri/NIRC-AV-1003/2025_H3N2,0.001308,interpolated,0.001308,0.001308,interpolated,1.261,1,0,0.9612,0.07567
human,plate11,flu-seqneut-2026-SCH-021,A/Montana/51/2025_H3N2,plate11-A/Montana/51/2025_H3N2,0.001931,interpolated,0.001931,0.001931,interpolated,0.9732,1,0,0.92,0.101
human,plate11,flu-seqneut-2026-SCH-021,A/NakhonPhanom/P495/2026_H3N2,plate11-A/NakhonPhanom/P495/2026_H3N2,0.004523,interpolated,0.004966,0.004966,interpolated,1.684,0.9272,0,0.9141,0.106
human,plate11,flu-seqneut-2026-SCH-021,A/Navarra/260009/2025_H3N2,plate11-A/Navarra/260009/2025_H3N2,0.002835,interpolated,0.002886,0.002886,interpolated,2.047,0.9823,0,0.9903,0.03946
human,plate11,flu-seqneut-2026-SCH-021,A/Nebraska/34/2026_H1N1,plate11-A/Nebraska/34/2026_H1N1,0.003612,interpolated,0.003612,0.003612,interpolated,2.412,1,0,0.9972,0.02221
human,plate11,flu-seqneut-2026-SCH-021,A/Netherlands/10008/2026_H1N1,plate11-A/Netherlands/10008/2026_H1N1,0.003948,interpolated,0.003948,0.003948,interpolated,2.144,1,0,0.9968,0.02227
human,plate11,flu-seqneut-2026-SCH-021,A/Netherlands/2398/2025_H1N1,plate11-A/Netherlands/2398/2025_H1N1,0.007868,interpolated,0.007868,0.007868,interpolated,2.213,1,0,0.9967,0.01949
human,plate11,flu-seqneut-2026-SCH-021,A/Netherlands/543/2026_H1N1,plate11-A/Netherlands/543/2026_H1N1,0.005255,interpolated,0.005302,0.005302,interpolated,3.19,0.9862,0,0.9961,0.02471
human,plate11,flu-seqneut-2026-SCH-021,A/Netherlands/864/2026_H1N1,plate11-A/Netherlands/864/2026_H1N1,0.003304,interpolated,0.003304,0.003304,interpolated,2.128,1,0,0.9935,0.03325
human,plate11,flu-seqneut-2026-SCH-021,A/Netherlands/888/2026_H3N2,plate11-A/Netherlands/888/2026_H3N2,0.005916,interpolated,0.00604,0.00604,interpolated,3.512,0.9648,0,0.9684,0.06655
human,plate11,flu-seqneut-2026-SCH-021,A/Netherlands/968/2026_H3N2,plate11-A/Netherlands/968/2026_H3N2,0.004703,interpolated,0.004765,0.004765,interpolated,1.541,0.99,0,0.9773,0.05413
human,plate11,flu-seqneut-2026-SCH-021,A/NewBrunswick/NBPHLFLUA10B-MM00057R/2026_H1N1,plate11-A/NewBrunswick/NBPHLFLUA10B-MM00057R/2026_H1N1,0.005352,interpolated,0.005387,0.005387,interpolated,3.636,0.9882,0,0.9965,0.02395
human,plate11,flu-seqneut-2026-SCH-021,A/NewYork/NIRC-IS-1086/2026_H3N2,plate11-A/NewYork/NIRC-IS-1086/2026_H3N2,0.002869,interpolated,0.004079,0.004079,interpolated,1.582,0.7866,0,0.7972,0.1462
human,plate11,flu-seqneut-2026-SCH-021,A/NordrheinWestfalen/54/2026_H3N2,plate11-A/NordrheinWestfalen/54/2026_H3N2,0.004632,interpolated,0.006042,0.006042,interpolated,0.9531,0.8881,0,0.6987,0.1719
human,plate11,flu-seqneut-2026-SCH-021,A/NordrheinWestfalen/96/2026_H1N1,plate11-A/NordrheinWestfalen/96/2026_H1N1,0.004904,interpolated,0.004904,0.004904,interpolated,4.216,1,0,0.9993,0.01116
human,plate11,flu-seqneut-2026-SCH-021,A/Norway/9556/2025_H1N1,plate11-A/Norway/9556/2025_H1N1,0.005768,interpolated,0.005768,0.005768,interpolated,3.683,1,0,0.9996,0.008117
human,plate11,flu-seqneut-2026-SCH-021,A/NovaScotia/25-365-06099/2025_H3N2,plate11-A/NovaScotia/25-365-06099/2025_H3N2,0.003364,interpolated,0.003364,0.003364,interpolated,1.824,1,0,0.9976,0.01927
human,plate11,flu-seqneut-2026-SCH-021,A/Ohio/259/2024_H1N1,plate11-A/Ohio/259/2024_H1N1,0.002956,interpolated,0.002956,0.002956,interpolated,5.88,1,0,1,0.001931
human,plate11,flu-seqneut-2026-SCH-021,A/Ontario/PHL202550193/2025_H3N2,plate11-A/Ontario/PHL202550193/2025_H3N2,0.001993,interpolated,0.003151,0.003151,interpolated,1.17,0.7926,0,0.95,0.06062
human,plate11,flu-seqneut-2026-SCH-021,A/Oregon/81/2025_H3N2,plate11-A/Oregon/81/2025_H3N2,0.003333,interpolated,0.003743,0.003743,interpolated,2.161,0.8893,0,0.9272,0.09905
human,plate11,flu-seqneut-2026-SCH-021,A/PaisVasco/70369726/2026_H1N1,plate11-A/PaisVasco/70369726/2026_H1N1,0.003505,interpolated,0.003575,0.003575,interpolated,2.546,0.9752,0,0.99,0.04029
human,plate11,flu-seqneut-2026-SCH-021,A/Parana/416133590/2026_H3N2,plate11-A/Parana/416133590/2026_H3N2,0.007366,interpolated,0.007366,0.007366,interpolated,0.8731,1,0,0.9603,0.05214
human,plate11,flu-seqneut-2026-SCH-021,A/Peru/ANC-INS-062/2026_H3N2,plate11-A/Peru/ANC-INS-062/2026_H3N2,0.004201,interpolated,0.004938,0.004938,interpolated,2.565,0.8304,0,0.9535,0.07176
human,plate11,flu-seqneut-2026-SCH-021,A/Rhode_Island/11/2026_H1N1,plate11-A/Rhode_Island/11/2026_H1N1,0.004897,interpolated,0.004977,0.004977,interpolated,3.207,0.9748,0,0.9969,0.02187
human,plate11,flu-seqneut-2026-SCH-021,A/RiodeJaneiro/331/2026_H3N2,plate11-A/RiodeJaneiro/331/2026_H3N2,0.005911,interpolated,0.005911,0.005911,interpolated,0.8,1,0,0.9202,0.07364
human,plate11,flu-seqneut-2026-SCH-021,A/Romania/612042/2026_H3N2,plate11-A/Romania/612042/2026_H3N2,0.003094,interpolated,0.003346,0.003346,interpolated,0.9431,0.9645,0,0.9431,0.07215
human,plate11,flu-seqneut-2026-SCH-021,A/SantaCatarina/508/2026_H3N2,plate11-A/SantaCatarina/508/2026_H3N2,0.003611,interpolated,0.004779,0.004779,interpolated,2.161,0.7729,0,0.9066,0.09752
human,plate11,flu-seqneut-2026-SCH-021,A/Saskatchewan/SKFLU477299/2025_H3N2,plate11-A/Saskatchewan/SKFLU477299/2025_H3N2,0.003607,interpolated,0.003607,0.003607,interpolated,1.165,1,0,0.9165,0.09867
human,plate11,flu-seqneut-2026-SCH-021,A/Saskatchewan/SKFLU477727/2025_H3N2,plate11-A/Saskatchewan/SKFLU477727/2025_H3N2,0.003047,interpolated,0.003913,0.003913,interpolated,1.666,0.8296,0,0.9838,0.03871
human,plate11,flu-seqneut-2026-SCH-021,A/Saskatchewan/SKFLU490586/2026_H1N1,plate11-A/Saskatchewan/SKFLU490586/2026_H1N1,0.003832,interpolated,0.004066,0.004066,interpolated,6.4,0.8425,0,0.8786,0.1337
human,plate11,flu-seqneut-2026-SCH-021,A/Singapore/GP20238/2024_H3N2,plate11-A/Singapore/GP20238/2024_H3N2,0.001792,interpolated,0.001843,0.001843,interpolated,10,0.8778,0,0.9786,0.0615
human,plate11,flu-seqneut-2026-SCH-021,A/Singapore/KK2768/2025_H1N1,plate11-A/Singapore/KK2768/2025_H1N1,0.004044,interpolated,0.004044,0.004044,interpolated,10,1,0,1,0.002515
human,plate11,flu-seqneut-2026-SCH-021,A/Singapore/MOH0547/2024_H1N1,plate11-A/Singapore/MOH0547/2024_H1N1,0.003647,interpolated,0.003647,0.003647,interpolated,10,1,0,1,0.001985
human,plate11,flu-seqneut-2026-SCH-021,A/Singapore/NTF0577/2025_H3N2,plate11-A/Singapore/NTF0577/2025_H3N2,0.004671,interpolated,0.005042,0.005042,interpolated,2.889,0.9011,0,0.9605,0.07357
human,plate11,flu-seqneut-2026-SCH-021,A/Singapore/SAR8915/2025_H3N2,plate11-A/Singapore/SAR8915/2025_H3N2,0.002376,interpolated,0.002488,0.002488,interpolated,1.014,0.9772,0,0.9266,0.09423
human,plate11,flu-seqneut-2026-SCH-021,A/SouthAfrica/NHLS-SU-CERI-C075557/2026_H1N1,plate11-A/SouthAfrica/NHLS-SU-CERI-C075557/2026_H1N1,0.003876,interpolated,0.003876,0.003876,interpolated,2.182,1,0,0.9977,0.01911
human,plate11,flu-seqneut-2026-SCH-021,A/SouthAfrica/NICD-R01647/2026_H1N1,plate11-A/SouthAfrica/NICD-R01647/2026_H1N1,0.004431,interpolated,0.004431,0.004431,interpolated,3.704,1,0,0.9996,0.00854
human,plate11,flu-seqneut-2026-SCH-021,A/SouthAfrica/NICD-R01668/2026_H1N1,plate11-A/SouthAfrica/NICD-R01668/2026_H1N1,0.004559,interpolated,0.004581,0.004581,interpolated,2.347,0.9943,0,0.987,0.04592
human,plate11,flu-seqneut-2026-SCH-021,A/SouthAfrica/PATH-CERI-C073358/2025_H1N1,plate11-A/SouthAfrica/PATH-CERI-C073358/2025_H1N1,0.004564,interpolated,0.004564,0.004564,interpolated,5.438,1,0,0.9996,0.008166
human,plate11,flu-seqneut-2026-SCH-021,A/SouthAfrica/PATH-CERI-C073366/2025_H1N1,plate11-A/SouthAfrica/PATH-CERI-C073366/2025_H1N1,0.003905,interpolated,0.003905,0.003905,interpolated,3.185,1,0,0.9997,0.006994
human,plate11,flu-seqneut-2026-SCH-021,A/SouthAfrica/PATH-CERI-C075119/2026_H1N1,plate11-A/SouthAfrica/PATH-CERI-C075119/2026_H1N1,0.005698,interpolated,0.005845,0.005845,interpolated,4.219,0.949,0,0.9522,0.08812
human,plate11,flu-seqneut-2026-SCH-021,A/SouthAustralia/2605715552/2026_H3N2,plate11-A/SouthAustralia/2605715552/2026_H3N2,0.003022,interpolated,0.003403,0.003403,interpolated,2.859,0.8561,0,0.9455,0.08653
human,plate11,flu-seqneut-2026-SCH-021,A/SouthCarolina/USAFSAM-17046/2026_H3N2,plate11-A/SouthCarolina/USAFSAM-17046/2026_H3N2,0.001257,interpolated,0.00132,0.00132,interpolated,5.333,0.886,0,0.9651,0.08009
human,plate11,flu-seqneut-2026-SCH-021,A/South_Australia/2523812314/2025_H3N2,plate11-A/South_Australia/2523812314/2025_H3N2,0.002099,interpolated,0.002173,0.002173,interpolated,1.17,0.9801,0,0.9332,0.09623
human,plate11,flu-seqneut-2026-SCH-021,A/South_Australia/2527213276/2025_H3N2,plate11-A/South_Australia/2527213276/2025_H3N2,0.00316,interpolated,0.00377,0.00377,interpolated,1.418,0.8893,0,0.8067,0.1603
human,plate11,flu-seqneut-2026-SCH-021,A/StPetersburg/RII-25-2042S/2025_H3N2,plate11-A/StPetersburg/RII-25-2042S/2025_H3N2,0.005286,interpolated,0.006296,0.006296,interpolated,2.109,0.8457,0,0.9455,0.07275
human,plate11,flu-seqneut-2026-SCH-021,A/StPetersburg/RII-25-2321S/2025_H3N2,plate11-A/StPetersburg/RII-25-2321S/2025_H3N2,0.001456,interpolated,0.002677,0.002677,interpolated,1.355,0.7191,0,0.8639,0.107
human,plate11,flu-seqneut-2026-SCH-021,A/StPetersburg/RII-25-2506S/2026_H3N2,plate11-A/StPetersburg/RII-25-2506S/2026_H3N2,0.006098,interpolated,0.006948,0.006948,interpolated,1.456,0.9135,0,0.9023,0.09509
human,plate11,flu-seqneut-2026-SCH-021,A/StPetersburg/RII-25-2600S/2026_H3N2,plate11-A/StPetersburg/RII-25-2600S/2026_H3N2,0.002862,interpolated,0.00317,0.00317,interpolated,3.786,0.8392,0,0.9175,0.1058
human,plate11,flu-seqneut-2026-SCH-021,A/Switzerland/UN-SNRCI-HUG-053/2025_H1N1,plate11-A/Switzerland/UN-SNRCI-HUG-053/2025_H1N1,0.004488,interpolated,0.00451,0.00451,interpolated,10,0.9758,0,0.9916,0.03884
human,plate11,flu-seqneut-2026-SCH-021,A/Sydney/1359/2024_H3N2,plate11-A/Sydney/1359/2024_H3N2,0.00392,interpolated,0.003994,0.003994,interpolated,10,0.9143,0,0.9283,0.1155
human,plate11,flu-seqneut-2026-SCH-021,A/Sydney/50/2026_H1N1,plate11-A/Sydney/50/2026_H1N1,0.007445,interpolated,0.007461,0.007461,interpolated,2.293,0.9975,0,0.9992,0.009731
human,plate11,flu-seqneut-2026-SCH-021,A/Texas/29/2026_H1N1,plate11-A/Texas/29/2026_H1N1,0.004012,interpolated,0.004192,0.004192,interpolated,2.027,0.9574,0,0.9756,0.06076
human,plate11,flu-seqneut-2026-SCH-021,A/Thailand/8/2022_H3N2,plate11-A/Thailand/8/2022_H3N2,0.001404,interpolated,0.00145,0.00145,interpolated,1.452,0.9772,0,0.9758,0.06
human,plate11,flu-seqneut-2026-SCH-021,A/Thuringen/16/2026_H3N2,plate11-A/Thuringen/16/2026_H3N2,0.002271,interpolated,0.002271,0.002271,interpolated,1.208,1,0,0.9614,0.07381
human,plate11,flu-seqneut-2026-SCH-021,A/Thuringen/39/2026_H3N2,plate11-A/Thuringen/39/2026_H3N2,0.003671,interpolated,0.003759,0.003759,interpolated,2.199,0.9745,0,0.9837,0.05014
human,plate11,flu-seqneut-2026-SCH-021,A/Tokyo/EIS11-277/2024_H1N1,plate11-A/Tokyo/EIS11-277/2024_H1N1,0.001974,interpolated,0.001974,0.001974,interpolated,3.891,1,0,0.9966,0.02627
human,plate11,flu-seqneut-2026-SCH-021,A/Trieste/257/2025_H3N2,plate11-A/Trieste/257/2025_H3N2,0.004911,interpolated,0.005074,0.005074,interpolated,3.185,0.9508,0,0.968,0.0673
human,plate11,flu-seqneut-2026-SCH-021,A/Trieste/380/2026_H3N2,plate11-A/Trieste/380/2026_H3N2,0.003571,interpolated,0.003571,0.003571,interpolated,0.8,1,0,0.8698,0.112
human,plate11,flu-seqneut-2026-SCH-021,A/Ukraine/5214/2026_H1N1,plate11-A/Ukraine/5214/2026_H1N1,0.003955,interpolated,0.003979,0.003979,interpolated,2.073,0.9939,0,0.9797,0.05763
human,plate11,flu-seqneut-2026-SCH-021,A/Uppsala/SE26-01293/2026_H1N1,plate11-A/Uppsala/SE26-01293/2026_H1N1,0.005252,interpolated,0.005351,0.005351,interpolated,6.582,0.9421,0,0.9773,0.05991
human,plate11,flu-seqneut-2026-SCH-021,A/Valencia/VAHNSI_09_02564/2025_H1N1,plate11-A/Valencia/VAHNSI_09_02564/2025_H1N1,0.004702,interpolated,0.004781,0.004781,interpolated,2.197,0.9821,0,0.9767,0.05969
human,plate11,flu-seqneut-2026-SCH-021,A/Victoria/2948/2025_H3N2,plate11-A/Victoria/2948/2025_H3N2,0.006042,interpolated,0.006559,0.006559,interpolated,2.006,0.924,0,0.9059,0.0996
human,plate11,flu-seqneut-2026-SCH-021,A/Victoria/4897/2022_IVR-238_H1N1,plate11-A/Victoria/4897/2022_IVR-238_H1N1,0.00142,interpolated,0.001472,0.001472,interpolated,4.714,0.9212,0,0.9894,0.04483
human,plate11,flu-seqneut-2026-SCH-021,A/Vietnam/F7324/2024_H3N2,plate11-A/Vietnam/F7324/2024_H3N2,0.003193,interpolated,0.003544,0.003544,interpolated,3.773,0.8375,0,0.8975,0.1184
human,plate11,flu-seqneut-2026-SCH-021,A/Vietnam/PF125413/2025_H1N1,plate11-A/Vietnam/PF125413/2025_H1N1,0.004057,interpolated,0.004057,0.004057,interpolated,2.549,0.9997,0,0.9948,0.02997
human,plate11,flu-seqneut-2026-SCH-021,A/Vietnam/PF126009/2026_H1N1,plate11-A/Vietnam/PF126009/2026_H1N1,0.003772,interpolated,0.003809,0.003809,interpolated,4.266,0.9793,0,0.9964,0.02562
human,plate11,flu-seqneut-2026-SCH-021,A/Virginia/82/2025_H1N1,plate11-A/Virginia/82/2025_H1N1,0.003851,interpolated,0.003851,0.003851,interpolated,1.916,1,0,0.9929,0.03334
human,plate11,flu-seqneut-2026-SCH-021,A/Wisconsin/588/2019_H1N1,plate11-A/Wisconsin/588/2019_H1N1,0.00409,interpolated,0.00409,0.00409,interpolated,10,1,0,1,0.002659
human,plate11,flu-seqneut-2026-SCH-021,A/Wisconsin/67/2022_H1N1,plate11-A/Wisconsin/67/2022_H1N1,0.004186,interpolated,0.004186,0.004186,interpolated,10,1,0,1,0.002037
human,plate11,flu-seqneut-2026-SCH-021,A/Zacapa/FLU-012/2025_H1N1,plate11-A/Zacapa/FLU-012/2025_H1N1,0.002035,interpolated,0.002092,0.002092,interpolated,2.635,0.9651,0,0.9931,0.03552
human,plate11,flu-seqneut-2026-SCH-021,A/Zambia/6-NIC-014/2026_H1N1,plate11-A/Zambia/6-NIC-014/2026_H1N1,0.005142,interpolated,0.005195,0.005195,interpolated,3.939,0.9803,0,0.9984,0.01631
human,plate11,flu-seqneut-2026-SCH-021,A/Zambia/7-NIC-313/2026_H1N1,plate11-A/Zambia/7-NIC-313/2026_H1N1,0.003085,interpolated,0.003085,0.003085,interpolated,1.651,1,0,0.975,0.06345
human,plate11,flu-seqneut-2026-SCH-021,A/Denmark/4774/2025_H1N1,plate11-A/Denmark/4774/2025_H1N1,0.005252,interpolated,0.005274,0.005274,interpolated,4.324,0.9909,0,0.9978,0.01977
human,plate11,flu-seqneut-2026-SCH-022,A/Andalucia/PMC-00977/2025_H1N1,plate11-A/Andalucia/PMC-00977/2025_H1N1,0.01952,interpolated,0.01961,0.01961,interpolated,2.341,0.9947,0,0.9858,0.02491
human,plate11,flu-seqneut-2026-SCH-022,A/Andalucia/PMC-01217/2025_H1N1,plate11-A/Andalucia/PMC-01217/2025_H1N1,0.025,lower,0.06165,0.025,lower,1.097,1,0,0.8779,0.03425
human,plate11,flu-seqneut-2026-SCH-022,A/Andalucia/PMC-01495/2025_H1N1,plate11-A/Andalucia/PMC-01495/2025_H1N1,0.025,lower,0.115,0.025,lower,1.399,1,0,0.978,0.00526
human,plate11,flu-seqneut-2026-SCH-022,A/Arizona/40/2026_H1N1,plate11-A/Arizona/40/2026_H1N1,0.0188,interpolated,0.0188,0.0188,interpolated,1.418,1,0,0.87,0.0763
human,plate11,flu-seqneut-2026-SCH-022,A/Astrakhan/RII-MH273373S/2025_H3N2,plate11-A/Astrakhan/RII-MH273373S/2025_H3N2,0.003408,interpolated,0.00432,0.00432,interpolated,1.526,0.8482,0,0.8119,0.1405
human,plate11,flu-seqneut-2026-SCH-022,A/Asturias/232590913/2025_H1N1,plate11-A/Asturias/232590913/2025_H1N1,0.025,lower,0.02656,0.025,lower,1.51,1,0,0.9582,0.03339
human,plate11,flu-seqneut-2026-SCH-022,A/Badajoz/18738342/2026_H3N2,plate11-A/Badajoz/18738342/2026_H3N2,0.004741,interpolated,0.004779,0.004779,interpolated,2.878,0.9886,0,0.9746,0.06215
human,plate11,flu-seqneut-2026-SCH-022,A/Badajoz/18811358/2026_H3N2,plate11-A/Badajoz/18811358/2026_H3N2,0.005042,interpolated,0.005042,0.005042,interpolated,2.249,1,0,0.9703,0.06599
human,plate11,flu-seqneut-2026-SCH-022,A/Badajoz/18813527/2026_H3N2,plate11-A/Badajoz/18813527/2026_H3N2,0.003499,interpolated,0.003867,0.003867,interpolated,1.924,0.9126,0,0.9604,0.07012
human,plate11,flu-seqneut-2026-SCH-022,A/Bangkok/P2390/2025_H3N2,plate11-A/Bangkok/P2390/2025_H3N2,0.004887,interpolated,0.005122,0.005122,interpolated,2.701,0.9404,0,0.9512,0.0794
human,plate11,flu-seqneut-2026-SCH-022,A/Bangkok/P2391/2025_H3N2,plate11-A/Bangkok/P2391/2025_H3N2,0.003442,interpolated,0.004495,0.004495,interpolated,1.663,0.8207,0,0.7501,0.1717
human,plate11,flu-seqneut-2026-SCH-022,A/Blaenavon/6687/2026_H3N2,plate11-A/Blaenavon/6687/2026_H3N2,0.009748,interpolated,0.01006,0.01006,interpolated,10,0.8664,0,0.8379,0.1113
human,plate11,flu-seqneut-2026-SCH-022,A/Bolivia/OR5702/2025_H3N2,plate11-A/Bolivia/OR5702/2025_H3N2,0.005202,interpolated,0.005832,0.005832,interpolated,1.705,0.9115,0,0.875,0.1188
human,plate11,flu-seqneut-2026-SCH-022,A/BritishColumbia/RV00022-26/2025_H1N1,plate11-A/BritishColumbia/RV00022-26/2025_H1N1,0.025,lower,0.03454,0.025,lower,1.334,1,0,0.9333,0.03516
human,plate11,flu-seqneut-2026-SCH-022,A/BritishColumbia/RV00279-26/2025_H3N2,plate11-A/BritishColumbia/RV00279-26/2025_H3N2,0.001673,interpolated,0.001673,0.001673,interpolated,0.8331,1,0,0.8525,0.1325
human,plate11,flu-seqneut-2026-SCH-022,A/BritishColumbia/RV01350-26/2026_H1N1,plate11-A/BritishColumbia/RV01350-26/2026_H1N1,0.02127,interpolated,0.02198,0.02198,interpolated,2.113,0.9664,0,0.8501,0.07497
human,plate11,flu-seqneut-2026-SCH-022,A/BritishColumbia/RV05508-25/2025_H1N1,plate11-A/BritishColumbia/RV05508-25/2025_H1N1,0.01616,interpolated,0.01616,0.01616,interpolated,1.597,1,0,0.9061,0.07119
human,plate11,flu-seqneut-2026-SCH-022,A/California/GKISBBBH79910/2026_H3N2,plate11-A/California/GKISBBBH79910/2026_H3N2,0.005558,interpolated,0.006064,0.006064,interpolated,2.738,0.8939,0,0.9213,0.09794
human,plate11,flu-seqneut-2026-SCH-022,A/California/NIRC-IS-1019/2026_H1N1,plate11-A/California/NIRC-IS-1019/2026_H1N1,0.025,lower,0.03834,0.025,lower,0.8119,1,0,0.783,0.07516
human,plate11,flu-seqneut-2026-SCH-022,A/California/NIRC-IS-1059/2026_H3N2,plate11-A/California/NIRC-IS-1059/2026_H3N2,0.004073,interpolated,0.004369,0.004369,interpolated,1.14,0.9615,0,0.9188,0.09345
human,plate11,flu-seqneut-2026-SCH-022,A/California/NIRC-IS-1067/2026_H3N2,plate11-A/California/NIRC-IS-1067/2026_H3N2,0.00435,interpolated,0.004569,0.004569,interpolated,2.233,0.948,0,0.9566,0.0746
human,plate11,flu-seqneut-2026-SCH-022,A/California/NIRC-IS-1356/2025_H1N1,plate11-A/California/NIRC-IS-1356/2025_H1N1,0.02382,interpolated,0.02382,0.02382,interpolated,1.529,1,0,0.9508,0.03961
human,plate11,flu-seqneut-2026-SCH-022,A/Castellon/VAHNSI_02_02400/2025_H3N2,plate11-A/Castellon/VAHNSI_02_02400/2025_H3N2,0.004506,interpolated,0.00465,0.00465,interpolated,2.528,0.9618,0,0.9679,0.06655
human,plate11,flu-seqneut-2026-SCH-022,A/Colombia/1851/2024_H3N2,plate11-A/Colombia/1851/2024_H3N2,0.003999,interpolated,0.004092,0.004092,interpolated,1.548,0.9825,0,0.958,0.07065
human,plate11,flu-seqneut-2026-SCH-022,A/Colorado/218/2024_H1N1,plate11-A/Colorado/218/2024_H1N1,0.01,interpolated,0.01032,0.01032,interpolated,3.732,0.9455,0,0.8908,0.0982
human,plate11,flu-seqneut-2026-SCH-022,A/Connecticut/5/2026_H3N2,plate11-A/Connecticut/5/2026_H3N2,0.006468,interpolated,0.006681,0.006681,interpolated,2.775,0.9571,0,0.9779,0.05303
human,plate11,flu-seqneut-2026-SCH-022,A/Croatia/10136RV/2023_H3N2,plate11-A/Croatia/10136RV/2023_H3N2,0.003224,interpolated,0.003512,0.003512,interpolated,6.6,0.7842,0,0.9377,0.09318
human,plate11,flu-seqneut-2026-SCH-022,A/Darwin/1415/2025_H3N2,plate11-A/Darwin/1415/2025_H3N2,0.02209,interpolated,0.02257,0.02257,interpolated,5.035,0.9481,0,0.8977,0.06592
human,plate11,flu-seqneut-2026-SCH-022,A/Darwin/1454/2025_H3N2,plate11-A/Darwin/1454/2025_H3N2,0.00317,interpolated,0.003204,0.003204,interpolated,2.541,0.9869,0,0.9945,0.03064
human,plate11,flu-seqneut-2026-SCH-022,A/Denmark/3940/2025_H3N2,plate11-A/Denmark/3940/2025_H3N2,0.002715,interpolated,0.002729,0.002729,interpolated,0.8,0.9979,0,0.8568,0.1221
human,plate11,flu-seqneut-2026-SCH-022,A/Denmark/4547/2025_H1N1,plate11-A/Denmark/4547/2025_H1N1,0.025,lower,0.1564,0.025,lower,0.8009,1,0,0.6537,0.04714
human,plate11,flu-seqneut-2026-SCH-022,A/District_Of_Columbia/27/2023_H3N2,plate11-A/District_Of_Columbia/27/2023_H3N2,0.001957,interpolated,0.002613,0.002613,interpolated,1.025,0.8717,0,0.7866,0.1576
human,plate11,flu-seqneut-2026-SCH-022,A/Distrito_Federal/250106000728/2025_H3N2,plate11-A/Distrito_Federal/250106000728/2025_H3N2,0.005811,interpolated,0.006348,0.006348,interpolated,1.904,0.9225,0,0.9721,0.05504
human,plate11,flu-seqneut-2026-SCH-022,A/England/1893256/2026_H1N1,plate11-A/England/1893256/2026_H1N1,0.01806,interpolated,0.01806,0.01806,interpolated,1.749,1,0,0.961,0.04309
human,plate11,flu-seqneut-2026-SCH-022,A/Florida/ISC-1069/2026_H3N2,plate11-A/Florida/ISC-1069/2026_H3N2,0.005439,interpolated,0.005614,0.005614,interpolated,2.088,0.968,0,0.9233,0.09972
human,plate11,flu-seqneut-2026-SCH-022,A/France/ARA-HCL025195259501/2025_H1N1,plate11-A/France/ARA-HCL025195259501/2025_H1N1,0.01596,interpolated,0.01596,0.01596,interpolated,1.779,1,0,0.9983,0.009687
human,plate11,flu-seqneut-2026-SCH-022,A/France/ARA-HCL026031894402/2026_H3N2,plate11-A/France/ARA-HCL026031894402/2026_H3N2,0.007029,interpolated,0.008649,0.008649,interpolated,2.947,0.7714,0,0.9765,0.04274
human,plate11,flu-seqneut-2026-SCH-022,A/France/GES-IPP00659/2026_H1N1,plate11-A/France/GES-IPP00659/2026_H1N1,0.01513,interpolated,0.01513,0.01513,interpolated,1.899,1,0,0.9596,0.04959
human,plate11,flu-seqneut-2026-SCH-022,A/France/GES-IPP01077/2026_H3N2,plate11-A/France/GES-IPP01077/2026_H3N2,0.009147,interpolated,0.009741,0.009741,interpolated,2.188,0.9357,0,0.8682,0.1016
human,plate11,flu-seqneut-2026-SCH-022,A/France/HDF-IPP01550/2026_H3N2,plate11-A/France/HDF-IPP01550/2026_H3N2,0.005503,interpolated,0.005923,0.005923,interpolated,3.278,0.893,0,0.9117,0.1058
human,plate11,flu-seqneut-2026-SCH-022,A/France/HDF-RELAB-IPP00300/2026_H3N2,plate11-A/France/HDF-RELAB-IPP00300/2026_H3N2,0.006005,interpolated,0.0061,0.0061,interpolated,3.1,0.9762,0,0.9843,0.04647
human,plate11,flu-seqneut-2026-SCH-022,A/France/HDF-RELAB-IPP00303/2026_H3N2,plate11-A/France/HDF-RELAB-IPP00303/2026_H3N2,0.005293,interpolated,0.005293,0.005293,interpolated,1.922,1,0,0.9507,0.07932
human,plate11,flu-seqneut-2026-SCH-022,A/France/HDF-RELAB-IPP07969/2025_H1N1,plate11-A/France/HDF-RELAB-IPP07969/2025_H1N1,0.02034,interpolated,0.02034,0.02034,interpolated,1.144,1,0,0.9404,0.04798
human,plate11,flu-seqneut-2026-SCH-022,A/France/NAQ-HCL026010957001/2026_H3N2,plate11-A/France/NAQ-HCL026010957001/2026_H3N2,0.003572,interpolated,0.004018,0.004018,interpolated,1.695,0.9095,0,0.938,0.08899
human,plate11,flu-seqneut-2026-SCH-022,A/France/NAQ-HCL026046169102/2025_H1N1,plate11-A/France/NAQ-HCL026046169102/2025_H1N1,0.007833,interpolated,0.01,0.01,interpolated,1.947,0.8106,0,0.7162,0.1421
human,plate11,flu-seqneut-2026-SCH-022,A/France/OCC-HCL026013263701/2026_H3N2,plate11-A/France/OCC-HCL026013263701/2026_H3N2,0.002056,interpolated,0.002056,0.002056,interpolated,0.8,1,0,0.8771,0.1149
human,plate11,flu-seqneut-2026-SCH-022,A/France/PAC-RELAB-HCL026021993801/2026_H3N2,plate11-A/France/PAC-RELAB-HCL026021993801/2026_H3N2,0.005274,interpolated,0.005977,0.005977,interpolated,2.564,0.8627,0,0.8006,0.1513
human,plate11,flu-seqneut-2026-SCH-022,A/Galicia/GA-CHUAC-451/2025_H3N2,plate11-A/Galicia/GA-CHUAC-451/2025_H3N2,0.007954,interpolated,0.0081,0.0081,interpolated,3.727,0.9673,0,0.9785,0.05319
human,plate11,flu-seqneut-2026-SCH-022,A/Galicia/GA-CHUAC-612/2025_H1N1,plate11-A/Galicia/GA-CHUAC-612/2025_H1N1,0.025,lower,0.1555,0.025,lower,0.8,1,0,0.8563,0.02779
human,plate11,flu-seqneut-2026-SCH-022,A/Germany/LRMC_0104/2025_H3N2,plate11-A/Germany/LRMC_0104/2025_H3N2,0.01001,interpolated,0.0101,0.0101,interpolated,10,0.9558,0,0.9633,0.06415
human,plate11,flu-seqneut-2026-SCH-022,A/Germany/LRMC_0113/2025_H3N2,plate11-A/Germany/LRMC_0113/2025_H3N2,0.004237,interpolated,0.004574,0.004574,interpolated,2.203,0.9223,0,0.9681,0.06426
human,plate11,flu-seqneut-2026-SCH-022,A/Hawaii/70/2019_H1N1,plate11-A/Hawaii/70/2019_H1N1,0.025,lower,0.0425,0.025,lower,1.313,1,0,0.9505,0.02671
human,plate11,flu-seqneut-2026-SCH-022,A/Hawaii/ISC-1140/2025_H1N1,plate11-A/Hawaii/ISC-1140/2025_H1N1,0.008625,interpolated,0.008647,0.008647,interpolated,1.561,0.998,0,0.9773,0.04473
human,plate11,flu-seqneut-2026-SCH-022,A/Hessen/18/2026_H1N1,plate11-A/Hessen/18/2026_H1N1,0.025,lower,0.03099,0.025,lower,1.436,0.9884,0,0.8729,0.0521
human,plate11,flu-seqneut-2026-SCH-022,A/Ireland/91576/2025_H3N2,plate11-A/Ireland/91576/2025_H3N2,0.007917,interpolated,0.008443,0.008443,interpolated,1.79,0.9457,0,0.8636,0.1218
human,plate11,flu-seqneut-2026-SCH-022,A/Kentucky/80/2025_H1N1,plate11-A/Kentucky/80/2025_H1N1,0.01507,interpolated,0.01527,0.01527,interpolated,1.595,0.9895,0,0.9205,0.06573
human,plate11,flu-seqneut-2026-SCH-022,A/Lisboa/216/2023_H3N2,plate11-A/Lisboa/216/2023_H3N2,0.004337,interpolated,0.004513,0.004513,interpolated,10,0.8353,0,0.8263,0.1651
human,plate11,flu-seqneut-2026-SCH-022,A/Luxembourg/LNS9132577/2026_H3N2,plate11-A/Luxembourg/LNS9132577/2026_H3N2,0.006538,interpolated,0.007583,0.007583,interpolated,2.214,0.8601,0,0.8403,0.1308
human,plate11,flu-seqneut-2026-SCH-022,A/Maine/25/2026_H1N1,plate11-A/Maine/25/2026_H1N1,0.01816,interpolated,0.01816,0.01816,interpolated,1.393,1,0,0.9865,0.024
human,plate11,flu-seqneut-2026-SCH-022,A/Malaysia/IMR/SARI/2406/2025_H3N2,plate11-A/Malaysia/IMR/SARI/2406/2025_H3N2,0.002805,interpolated,0.002965,0.002965,interpolated,0.9398,0.9746,0,0.9252,0.08883
human,plate11,flu-seqneut-2026-SCH-022,A/Massachusetts/18/2022_H3N2,plate11-A/Massachusetts/18/2022_H3N2,0.003272,interpolated,0.003417,0.003417,interpolated,2.271,0.9531,0,0.9675,0.07141
human,plate11,flu-seqneut-2026-SCH-022,A/Massachusetts/ISC-1856/2025_H3N2,plate11-A/Massachusetts/ISC-1856/2025_H3N2,0.0045,interpolated,0.004837,0.004837,interpolated,3.488,0.8885,0,0.9119,0.1089
human,plate11,flu-seqneut-2026-SCH-022,A/Mauritius/26000203/2026_H1N1,plate11-A/Mauritius/26000203/2026_H1N1,0.01332,interpolated,0.01332,0.01332,interpolated,1.95,1,0,0.9434,0.06318
human,plate11,flu-seqneut-2026-SCH-022,A/Michigan/8/2026_H3N2,plate11-A/Michigan/8/2026_H3N2,0.005158,interpolated,0.005722,0.005722,interpolated,1.815,0.9142,0,0.9349,0.08635
human,plate11,flu-seqneut-2026-SCH-022,A/Michigan/UM-10068071276/2025_H3N2,plate11-A/Michigan/UM-10068071276/2025_H3N2,0.005735,interpolated,0.005735,0.005735,interpolated,1.796,1,0,0.9862,0.04061
human,plate11,flu-seqneut-2026-SCH-022,A/Michigan/UM-10068134090/2025_H3N2,plate11-A/Michigan/UM-10068134090/2025_H3N2,0.003808,interpolated,0.004004,0.004004,interpolated,2.268,0.9462,0,0.9597,0.07647
human,plate11,flu-seqneut-2026-SCH-022,A/Michigan/UM-10068449788/2025_H3N2,plate11-A/Michigan/UM-10068449788/2025_H3N2,0.004716,interpolated,0.005315,0.005315,interpolated,2.243,0.8825,0,0.8985,0.1108
human,plate11,flu-seqneut-2026-SCH-022,A/Michigan/UM-10068456988/2025_H3N2,plate11-A/Michigan/UM-10068456988/2025_H3N2,0.009197,interpolated,0.01111,0.01111,interpolated,1.935,0.847,0,0.6993,0.1534
human,plate11,flu-seqneut-2026-SCH-022,A/Michigan/UM-10068747355/2026_H3N2,plate11-A/Michigan/UM-10068747355/2026_H3N2,0.005494,interpolated,0.005568,0.005568,interpolated,2.322,0.9847,0,0.966,0.06896
human,plate11,flu-seqneut-2026-SCH-022,A/MinasGerais/410/2026_H1N1,plate11-A/MinasGerais/410/2026_H1N1,0.025,lower,0.02515,0.025,lower,2.102,1,0,0.9997,0.002909
human,plate11,flu-seqneut-2026-SCH-022,A/MinasGerais/671/2026_H1N1,plate11-A/MinasGerais/671/2026_H1N1,0.025,lower,0.04449,0.025,lower,0.8,0.9877,0,0.7715,0.06733
human,plate11,flu-seqneut-2026-SCH-022,A/Mississippi/20/2026_H1N1,plate11-A/Mississippi/20/2026_H1N1,0.025,lower,0.08931,0.025,lower,0.8,1,0,0.5746,0.07641
human,plate11,flu-seqneut-2026-SCH-022,A/Missouri/11/2025_cell_H1N1,plate11-A/Missouri/11/2025_cell_H1N1,0.025,lower,0.02728,0.025,lower,10,0.9683,0,0.787,0.04908
human,plate11,flu-seqneut-2026-SCH-022,A/Missouri/11/2025_egg_H1N1,plate11-A/Missouri/11/2025_egg_H1N1,0.005952,interpolated,0.005952,0.005952,interpolated,3.833,1,0,0.9995,0.008888
human,plate11,flu-seqneut-2026-SCH-022,A/Missouri/NIRC-AV-1003/2025_H3N2,plate11-A/Missouri/NIRC-AV-1003/2025_H3N2,0.004295,interpolated,0.004364,0.004364,interpolated,10,0.926,0,0.9384,0.1004
human,plate11,flu-seqneut-2026-SCH-022,A/Montana/51/2025_H3N2,plate11-A/Montana/51/2025_H3N2,0.009093,interpolated,0.009271,0.009271,interpolated,10,0.9119,0,0.954,0.07895
human,plate11,flu-seqneut-2026-SCH-022,A/NakhonPhanom/P495/2026_H3N2,plate11-A/NakhonPhanom/P495/2026_H3N2,0.005403,interpolated,0.006047,0.006047,interpolated,1.47,0.9238,0,0.8369,0.1299
human,plate11,flu-seqneut-2026-SCH-022,A/Navarra/260009/2025_H3N2,plate11-A/Navarra/260009/2025_H3N2,0.005705,interpolated,0.006369,0.006369,interpolated,2.24,0.8907,0,0.8606,0.1294
human,plate11,flu-seqneut-2026-SCH-022,A/Nebraska/34/2026_H1N1,plate11-A/Nebraska/34/2026_H1N1,0.02155,interpolated,0.02161,0.02161,interpolated,1.331,0.9983,0,0.842,0.07728
human,plate11,flu-seqneut-2026-SCH-022,A/Netherlands/10008/2026_H1N1,plate11-A/Netherlands/10008/2026_H1N1,0.01652,interpolated,0.01652,0.01652,interpolated,1.544,1,0,0.8973,0.07441
human,plate11,flu-seqneut-2026-SCH-022,A/Netherlands/2398/2025_H1N1,plate11-A/Netherlands/2398/2025_H1N1,0.025,lower,0.02869,0.025,lower,1.251,1,0,0.8799,0.05718
human,plate11,flu-seqneut-2026-SCH-022,A/Netherlands/543/2026_H1N1,plate11-A/Netherlands/543/2026_H1N1,0.01885,interpolated,0.01903,0.01903,interpolated,1.909,0.991,0,0.9494,0.04699
human,plate11,flu-seqneut-2026-SCH-022,A/Netherlands/864/2026_H1N1,plate11-A/Netherlands/864/2026_H1N1,0.02254,interpolated,0.02254,0.02254,interpolated,1.442,1,0,0.9954,0.01236
human,plate11,flu-seqneut-2026-SCH-022,A/Netherlands/888/2026_H3N2,plate11-A/Netherlands/888/2026_H3N2,0.008188,interpolated,0.008188,0.008188,interpolated,2.722,1,0,0.9756,0.05167
human,plate11,flu-seqneut-2026-SCH-022,A/Netherlands/968/2026_H3N2,plate11-A/Netherlands/968/2026_H3N2,0.006718,interpolated,0.006969,0.006969,interpolated,2.56,0.9552,0,0.9646,0.06349
human,plate11,flu-seqneut-2026-SCH-022,A/NewBrunswick/NBPHLFLUA10B-MM00057R/2026_H1N1,plate11-A/NewBrunswick/NBPHLFLUA10B-MM00057R/2026_H1N1,0.02276,interpolated,0.02276,0.02276,interpolated,3.391,1,0,1,0.0001711
human,plate11,flu-seqneut-2026-SCH-022,A/NewYork/NIRC-IS-1086/2026_H3N2,plate11-A/NewYork/NIRC-IS-1086/2026_H3N2,0.004779,interpolated,0.005164,0.005164,interpolated,3.487,0.8817,0,0.88,0.1215
human,plate11,flu-seqneut-2026-SCH-022,A/NordrheinWestfalen/54/2026_H3N2,plate11-A/NordrheinWestfalen/54/2026_H3N2,0.004329,interpolated,0.004329,0.004329,interpolated,3.653,1,0,0.9873,0.04565
human,plate11,flu-seqneut-2026-SCH-022,A/NordrheinWestfalen/96/2026_H1N1,plate11-A/NordrheinWestfalen/96/2026_H1N1,0.025,lower,0.02754,0.025,lower,2.056,0.9957,0,0.9829,0.0193
human,plate11,flu-seqneut-2026-SCH-022,A/Norway/9556/2025_H1N1,plate11-A/Norway/9556/2025_H1N1,0.01754,interpolated,0.01754,0.01754,interpolated,3.299,1,0,0.9997,0.004072
human,plate11,flu-seqneut-2026-SCH-022,A/NovaScotia/25-365-06099/2025_H3N2,plate11-A/NovaScotia/25-365-06099/2025_H3N2,0.00656,interpolated,0.006674,0.006674,interpolated,5.126,0.9577,0,0.9885,0.04194
human,plate11,flu-seqneut-2026-SCH-022,A/Ohio/259/2024_H1N1,plate11-A/Ohio/259/2024_H1N1,0.025,lower,0.3893,0.025,lower,0.8,0.9904,0,0.1024,0.0897
human,plate11,flu-seqneut-2026-SCH-022,A/Ontario/PHL202550193/2025_H3N2,plate11-A/Ontario/PHL202550193/2025_H3N2,0.005998,interpolated,0.007152,0.007152,interpolated,1.619,0.8761,0,0.8,0.1363
human,plate11,flu-seqneut-2026-SCH-022,A/Oregon/81/2025_H3N2,plate11-A/Oregon/81/2025_H3N2,0.004509,interpolated,0.004642,0.004642,interpolated,10,0.8743,0,0.9034,0.1049
human,plate11,flu-seqneut-2026-SCH-022,A/PaisVasco/70369726/2026_H1N1,plate11-A/PaisVasco/70369726/2026_H1N1,0.02116,interpolated,0.02116,0.02116,interpolated,2.313,1,0,0.9964,0.01173
human,plate11,flu-seqneut-2026-SCH-022,A/Parana/416133590/2026_H3N2,plate11-A/Parana/416133590/2026_H3N2,0.006026,interpolated,0.006163,0.006163,interpolated,2.245,0.9755,0,0.982,0.0461
human,plate11,flu-seqneut-2026-SCH-022,A/Peru/ANC-INS-062/2026_H3N2,plate11-A/Peru/ANC-INS-062/2026_H3N2,0.004971,interpolated,0.005646,0.005646,interpolated,3.836,0.8068,0,0.8643,0.1273
human,plate11,flu-seqneut-2026-SCH-022,A/Rhode_Island/11/2026_H1N1,plate11-A/Rhode_Island/11/2026_H1N1,0.01681,interpolated,0.01705,0.01705,interpolated,1.883,0.987,0,0.9774,0.03353
human,plate11,flu-seqneut-2026-SCH-022,A/RiodeJaneiro/331/2026_H3N2,plate11-A/RiodeJaneiro/331/2026_H3N2,0.01071,interpolated,0.01176,0.01176,interpolated,1.918,0.918,0,0.778,0.1447
human,plate11,flu-seqneut-2026-SCH-022,A/Romania/612042/2026_H3N2,plate11-A/Romania/612042/2026_H3N2,0.004233,interpolated,0.004233,0.004233,interpolated,4.007,1,0,0.973,0.06367
human,plate11,flu-seqneut-2026-SCH-022,A/SantaCatarina/508/2026_H3N2,plate11-A/SantaCatarina/508/2026_H3N2,0.005472,interpolated,0.005863,0.005863,interpolated,3.299,0.8981,0,0.9125,0.1084
human,plate11,flu-seqneut-2026-SCH-022,A/Saskatchewan/SKFLU477299/2025_H3N2,plate11-A/Saskatchewan/SKFLU477299/2025_H3N2,0.00315,interpolated,0.00315,0.00315,interpolated,0.9897,1,0,0.943,0.07985
human,plate11,flu-seqneut-2026-SCH-022,A/Saskatchewan/SKFLU477727/2025_H3N2,plate11-A/Saskatchewan/SKFLU477727/2025_H3N2,0.004054,interpolated,0.004218,0.004218,interpolated,2.406,0.9545,0,0.9518,0.08237
human,plate11,flu-seqneut-2026-SCH-022,A/Saskatchewan/SKFLU490586/2026_H1N1,plate11-A/Saskatchewan/SKFLU490586/2026_H1N1,0.0114,interpolated,0.0119,0.0119,interpolated,2.646,0.9462,0,0.8952,0.09005
human,plate11,flu-seqneut-2026-SCH-022,A/Singapore/GP20238/2024_H3N2,plate11-A/Singapore/GP20238/2024_H3N2,0.003008,interpolated,0.003081,0.003081,interpolated,1.892,0.9778,0,0.9951,0.02766
human,plate11,flu-seqneut-2026-SCH-022,A/Singapore/KK2768/2025_H1N1,plate11-A/Singapore/KK2768/2025_H1N1,0.0147,interpolated,0.0147,0.0147,interpolated,2.181,1,0,0.9812,0.03518
human,plate11,flu-seqneut-2026-SCH-022,A/Singapore/MOH0547/2024_H1N1,plate11-A/Singapore/MOH0547/2024_H1N1,0.025,lower,0.02836,0.025,lower,10,1,0,1,2.587e-05
human,plate11,flu-seqneut-2026-SCH-022,A/Singapore/NTF0577/2025_H3N2,plate11-A/Singapore/NTF0577/2025_H3N2,0.005744,interpolated,0.005981,0.005981,interpolated,2.717,0.948,0,0.9245,0.09924
human,plate11,flu-seqneut-2026-SCH-022,A/Singapore/SAR8915/2025_H3N2,plate11-A/Singapore/SAR8915/2025_H3N2,0.00596,interpolated,0.00614,0.00614,interpolated,2.952,0.958,0,0.9561,0.07839
human,plate11,flu-seqneut-2026-SCH-022,A/SouthAfrica/NHLS-SU-CERI-C075557/2026_H1N1,plate11-A/SouthAfrica/NHLS-SU-CERI-C075557/2026_H1N1,0.01851,interpolated,0.01851,0.01851,interpolated,1.58,1,0,0.996,0.01311
human,plate11,flu-seqneut-2026-SCH-022,A/SouthAfrica/NICD-R01647/2026_H1N1,plate11-A/SouthAfrica/NICD-R01647/2026_H1N1,0.023,interpolated,0.023,0.023,interpolated,2.244,1,0,0.9964,0.01085
human,plate11,flu-seqneut-2026-SCH-022,A/SouthAfrica/NICD-R01668/2026_H1N1,plate11-A/SouthAfrica/NICD-R01668/2026_H1N1,0.02019,interpolated,0.02019,0.02019,interpolated,1.484,1,0,0.9188,0.05792
human,plate11,flu-seqneut-2026-SCH-022,A/SouthAfrica/PATH-CERI-C073358/2025_H1N1,plate11-A/SouthAfrica/PATH-CERI-C073358/2025_H1N1,0.01645,interpolated,0.01645,0.01645,interpolated,2.408,1,0,0.994,0.01896
human,plate11,flu-seqneut-2026-SCH-022,A/SouthAfrica/PATH-CERI-C073366/2025_H1N1,plate11-A/SouthAfrica/PATH-CERI-C073366/2025_H1N1,0.02439,interpolated,0.02439,0.02439,interpolated,1.466,1,0,0.9389,0.04365
human,plate11,flu-seqneut-2026-SCH-022,A/SouthAfrica/PATH-CERI-C075119/2026_H1N1,plate11-A/SouthAfrica/PATH-CERI-C075119/2026_H1N1,0.01822,interpolated,0.01822,0.01822,interpolated,2.26,1,0,0.9933,0.01825
human,plate11,flu-seqneut-2026-SCH-022,A/SouthAustralia/2605715552/2026_H3N2,plate11-A/SouthAustralia/2605715552/2026_H3N2,0.005897,interpolated,0.006194,0.006194,interpolated,2.901,0.9335,0,0.9579,0.07417
human,plate11,flu-seqneut-2026-SCH-022,A/SouthCarolina/USAFSAM-17046/2026_H3N2,plate11-A/SouthCarolina/USAFSAM-17046/2026_H3N2,0.006048,interpolated,0.006338,0.006338,interpolated,2.534,0.944,0,0.9856,0.04316
human,plate11,flu-seqneut-2026-SCH-022,A/South_Australia/2523812314/2025_H3N2,plate11-A/South_Australia/2523812314/2025_H3N2,0.004227,interpolated,0.004477,0.004477,interpolated,1.398,0.9613,0,0.8959,0.1128
human,plate11,flu-seqneut-2026-SCH-022,A/South_Australia/2527213276/2025_H3N2,plate11-A/South_Australia/2527213276/2025_H3N2,0.003375,interpolated,0.003538,0.003538,interpolated,1.783,0.9595,0,0.9763,0.05631
human,plate11,flu-seqneut-2026-SCH-022,A/StPetersburg/RII-25-2042S/2025_H3N2,plate11-A/StPetersburg/RII-25-2042S/2025_H3N2,0.007915,interpolated,0.007915,0.007915,interpolated,1.398,1,0,0.9857,0.03585
human,plate11,flu-seqneut-2026-SCH-022,A/StPetersburg/RII-25-2321S/2025_H3N2,plate11-A/StPetersburg/RII-25-2321S/2025_H3N2,0.002181,interpolated,0.002236,0.002236,interpolated,0.8,0.99,0,0.8441,0.1271
human,plate11,flu-seqneut-2026-SCH-022,A/StPetersburg/RII-25-2506S/2026_H3N2,plate11-A/StPetersburg/RII-25-2506S/2026_H3N2,0.007024,interpolated,0.007024,0.007024,interpolated,1.253,1,0,0.9878,0.03281
human,plate11,flu-seqneut-2026-SCH-022,A/StPetersburg/RII-25-2600S/2026_H3N2,plate11-A/StPetersburg/RII-25-2600S/2026_H3N2,0.00294,interpolated,0.003165,0.003165,interpolated,3.151,0.8967,0,0.9551,0.08007
human,plate11,flu-seqneut-2026-SCH-022,A/Switzerland/UN-SNRCI-HUG-053/2025_H1N1,plate11-A/Switzerland/UN-SNRCI-HUG-053/2025_H1N1,0.02149,interpolated,0.02149,0.02149,interpolated,1.649,1,0,0.9626,0.03712
human,plate11,flu-seqneut-2026-SCH-022,A/Sydney/1359/2024_H3N2,plate11-A/Sydney/1359/2024_H3N2,0.003575,interpolated,0.003575,0.003575,interpolated,1.462,1,0,0.9617,0.07511
human,plate11,flu-seqneut-2026-SCH-022,A/Sydney/50/2026_H1N1,plate11-A/Sydney/50/2026_H1N1,0.01822,interpolated,0.01822,0.01822,interpolated,1.672,1,0,0.9496,0.04867
human,plate11,flu-seqneut-2026-SCH-022,A/Texas/29/2026_H1N1,plate11-A/Texas/29/2026_H1N1,0.01715,interpolated,0.01715,0.01715,interpolated,1.715,1,0,0.963,0.04316
human,plate11,flu-seqneut-2026-SCH-022,A/Thailand/8/2022_H3N2,plate11-A/Thailand/8/2022_H3N2,0.001364,interpolated,0.001364,0.001364,interpolated,1.443,1,0,0.9913,0.03687
human,plate11,flu-seqneut-2026-SCH-022,A/Thuringen/16/2026_H3N2,plate11-A/Thuringen/16/2026_H3N2,0.007181,interpolated,0.008271,0.008271,interpolated,1.74,0.8911,0,0.7992,0.1457
human,plate11,flu-seqneut-2026-SCH-022,A/Thuringen/39/2026_H3N2,plate11-A/Thuringen/39/2026_H3N2,0.004454,interpolated,0.004503,0.004503,interpolated,3.353,0.9818,0,0.968,0.06918
human,plate11,flu-seqneut-2026-SCH-022,A/Tokyo/EIS11-277/2024_H1N1,plate11-A/Tokyo/EIS11-277/2024_H1N1,0.01216,interpolated,0.01228,0.01228,interpolated,1.826,0.9912,0,0.9063,0.08147
human,plate11,flu-seqneut-2026-SCH-022,A/Trieste/257/2025_H3N2,plate11-A/Trieste/257/2025_H3N2,0.008288,interpolated,0.008288,0.008288,interpolated,1.521,1,0,0.9729,0.05188
human,plate11,flu-seqneut-2026-SCH-022,A/Trieste/380/2026_H3N2,plate11-A/Trieste/380/2026_H3N2,0.007403,interpolated,0.008009,0.008009,interpolated,2.922,0.8972,0,0.9314,0.08528
human,plate11,flu-seqneut-2026-SCH-022,A/Ukraine/5214/2026_H1N1,plate11-A/Ukraine/5214/2026_H1N1,0.025,lower,0.0264,0.025,lower,2.111,1,0,0.9957,0.01015
human,plate11,flu-seqneut-2026-SCH-022,A/Uppsala/SE26-01293/2026_H1N1,plate11-A/Uppsala/SE26-01293/2026_H1N1,0.025,lower,0.03007,0.025,lower,2.568,0.9539,0,0.8034,0.05892
human,plate11,flu-seqneut-2026-SCH-022,A/Valencia/VAHNSI_09_02564/2025_H1N1,plate11-A/Valencia/VAHNSI_09_02564/2025_H1N1,0.02028,interpolated,0.02028,0.02028,interpolated,2.77,1,0,0.9999,0.002044
human,plate11,flu-seqneut-2026-SCH-022,A/Victoria/2948/2025_H3N2,plate11-A/Victoria/2948/2025_H3N2,0.003195,interpolated,0.00344,0.00344,interpolated,1.406,0.9506,0,0.9001,0.1153
human,plate11,flu-seqneut-2026-SCH-022,A/Victoria/4897/2022_IVR-238_H1N1,plate11-A/Victoria/4897/2022_IVR-238_H1N1,0.01214,interpolated,0.01216,0.01216,interpolated,4.052,0.9979,0,0.9997,0.005292
human,plate11,flu-seqneut-2026-SCH-022,A/Vietnam/F7324/2024_H3N2,plate11-A/Vietnam/F7324/2024_H3N2,0.003889,interpolated,0.004672,0.004672,interpolated,2.777,0.8004,0,0.8288,0.1479
human,plate11,flu-seqneut-2026-SCH-022,A/Vietnam/PF126009/2026_H1N1,plate11-A/Vietnam/PF126009/2026_H1N1,0.025,lower,0.02559,0.025,lower,1.809,1,0,0.9836,0.02083
human,plate11,flu-seqneut-2026-SCH-022,A/Virginia/82/2025_H1N1,plate11-A/Virginia/82/2025_H1N1,0.02181,interpolated,0.02182,0.02182,interpolated,2.033,0.9995,0,0.9981,0.00807
human,plate11,flu-seqneut-2026-SCH-022,A/Wisconsin/588/2019_H1N1,plate11-A/Wisconsin/588/2019_H1N1,0.025,lower,0.03171,0.025,lower,1.141,1,0,0.8267,0.06738
human,plate11,flu-seqneut-2026-SCH-022,A/Wisconsin/67/2022_H1N1,plate11-A/Wisconsin/67/2022_H1N1,0.0167,interpolated,0.0167,0.0167,interpolated,2.552,1,0,0.9963,0.01487
human,plate11,flu-seqneut-2026-SCH-022,A/Zacapa/FLU-012/2025_H1N1,plate11-A/Zacapa/FLU-012/2025_H1N1,0.02244,interpolated,0.0225,0.0225,interpolated,3.081,0.9956,0,0.9963,0.01143
human,plate11,flu-seqneut-2026-SCH-022,A/Zambia/6-NIC-014/2026_H1N1,plate11-A/Zambia/6-NIC-014/2026_H1N1,0.01704,interpolated,0.01704,0.01704,interpolated,1.68,1,0,0.9416,0.05482
human,plate11,flu-seqneut-2026-SCH-022,A/Zambia/7-NIC-313/2026_H1N1,plate11-A/Zambia/7-NIC-313/2026_H1N1,0.025,lower,0.03803,0.025,lower,1.3,0.9652,0,0.6211,0.08975
human,plate11,flu-seqneut-2026-SCH-022,A/Vietnam/PF125413/2025_H1N1,plate11-A/Vietnam/PF125413/2025_H1N1,0.01855,interpolated,0.01855,0.01855,interpolated,1.547,1,0,0.9212,0.06292
