group,plate,serum,virus,replicate,ic50,ic50_bound,midpoint,midpoint_bound,midpoint_bound_type,slope,top,bottom,r2,rmsd
human,plate17,flu-seqneut-2026-UWMC-071,A/Andalucia/PMC-00977/2025_H1N1,plate17-A/Andalucia/PMC-00977/2025_H1N1,0.0009675,interpolated,0.0009987,0.0009987,interpolated,1.731,0.9733,0,0.933,0.1081
human,plate17,flu-seqneut-2026-UWMC-071,A/Andalucia/PMC-01217/2025_H1N1,plate17-A/Andalucia/PMC-01217/2025_H1N1,0.0009035,interpolated,0.0009035,0.0009035,interpolated,1.397,1,0,0.927,0.11
human,plate17,flu-seqneut-2026-UWMC-071,A/Andalucia/PMC-01495/2025_H1N1,plate17-A/Andalucia/PMC-01495/2025_H1N1,0.0006003,interpolated,0.0006003,0.0006003,interpolated,1.378,1,0,0.9811,0.05163
human,plate17,flu-seqneut-2026-UWMC-071,A/Arizona/40/2026_H1N1,plate17-A/Arizona/40/2026_H1N1,0.0007321,interpolated,0.0007321,0.0007321,interpolated,1.601,1,0,0.9387,0.1026
human,plate17,flu-seqneut-2026-UWMC-071,A/Astrakhan/RII-MH273373S/2025_H3N2,plate17-A/Astrakhan/RII-MH273373S/2025_H3N2,0.005343,interpolated,0.005808,0.005808,interpolated,2.068,0.9208,0,0.8664,0.1244
human,plate17,flu-seqneut-2026-UWMC-071,A/Asturias/232590913/2025_H1N1,plate17-A/Asturias/232590913/2025_H1N1,0.001114,interpolated,0.001176,0.001176,interpolated,1.654,0.9568,0,0.9272,0.1107
human,plate17,flu-seqneut-2026-UWMC-071,A/Badajoz/18738342/2026_H3N2,plate17-A/Badajoz/18738342/2026_H3N2,0.003906,interpolated,0.003942,0.003942,interpolated,1.549,0.9929,0,0.9715,0.05929
human,plate17,flu-seqneut-2026-UWMC-071,A/Badajoz/18811358/2026_H3N2,plate17-A/Badajoz/18811358/2026_H3N2,0.004715,interpolated,0.005671,0.005671,interpolated,1.399,0.8862,0,0.9231,0.08395
human,plate17,flu-seqneut-2026-UWMC-071,A/Badajoz/18813527/2026_H3N2,plate17-A/Badajoz/18813527/2026_H3N2,0.0062,interpolated,0.00631,0.00631,interpolated,2.229,0.9808,0,0.9743,0.05527
human,plate17,flu-seqneut-2026-UWMC-071,A/Bangkok/P2391/2025_H3N2,plate17-A/Bangkok/P2391/2025_H3N2,0.002969,interpolated,0.003321,0.003321,interpolated,1.064,0.9438,0,0.9701,0.05491
human,plate17,flu-seqneut-2026-UWMC-071,A/Blaenavon/6687/2026_H3N2,plate17-A/Blaenavon/6687/2026_H3N2,0.002421,interpolated,0.002522,0.002522,interpolated,3.422,0.9351,0,0.9942,0.03154
human,plate17,flu-seqneut-2026-UWMC-071,A/Bolivia/OR5702/2025_H3N2,plate17-A/Bolivia/OR5702/2025_H3N2,0.000751,interpolated,0.000751,0.000751,interpolated,1.516,1,0,0.9694,0.07047
human,plate17,flu-seqneut-2026-UWMC-071,A/BritishColumbia/RV00022-26/2025_H1N1,plate17-A/BritishColumbia/RV00022-26/2025_H1N1,0.0008046,interpolated,0.0008046,0.0008046,interpolated,1.439,1,0,0.9413,0.09802
human,plate17,flu-seqneut-2026-UWMC-071,A/BritishColumbia/RV00279-26/2025_H3N2,plate17-A/BritishColumbia/RV00279-26/2025_H3N2,0.001826,interpolated,0.002505,0.002505,interpolated,0.8,0.8884,0,0.8409,0.1025
human,plate17,flu-seqneut-2026-UWMC-071,A/BritishColumbia/RV01350-26/2026_H1N1,plate17-A/BritishColumbia/RV01350-26/2026_H1N1,0.0008372,interpolated,0.0008658,0.0008658,interpolated,1.477,0.9757,0,0.9144,0.1179
human,plate17,flu-seqneut-2026-UWMC-071,A/BritishColumbia/RV05508-25/2025_H1N1,plate17-A/BritishColumbia/RV05508-25/2025_H1N1,0.00282,interpolated,0.00282,0.00282,interpolated,2.741,1,0,0.9983,0.01809
human,plate17,flu-seqneut-2026-UWMC-071,A/California/NIRC-IS-1019/2026_H1N1,plate17-A/California/NIRC-IS-1019/2026_H1N1,0.0005286,interpolated,0.0006723,0.0006723,interpolated,1.511,0.8476,0,0.9837,0.04193
human,plate17,flu-seqneut-2026-UWMC-071,A/California/NIRC-IS-1059/2026_H3N2,plate17-A/California/NIRC-IS-1059/2026_H3N2,0.006278,interpolated,0.006352,0.006352,interpolated,1.627,0.9906,0,0.9501,0.0724
human,plate17,flu-seqneut-2026-UWMC-071,A/California/NIRC-IS-1067/2026_H3N2,plate17-A/California/NIRC-IS-1067/2026_H3N2,0.003518,interpolated,0.003518,0.003518,interpolated,0.959,1,0,0.9196,0.09133
human,plate17,flu-seqneut-2026-UWMC-071,A/California/NIRC-IS-1356/2025_H1N1,plate17-A/California/NIRC-IS-1356/2025_H1N1,0.001957,interpolated,0.001962,0.001962,interpolated,2.264,0.9972,0,0.9924,0.03773
human,plate17,flu-seqneut-2026-UWMC-071,A/Castellon/VAHNSI_02_02400/2025_H3N2,plate17-A/Castellon/VAHNSI_02_02400/2025_H3N2,0.005036,interpolated,0.005036,0.005036,interpolated,0.9786,1,0,0.9741,0.04724
human,plate17,flu-seqneut-2026-UWMC-071,A/Colombia/1851/2024_H3N2,plate17-A/Colombia/1851/2024_H3N2,0.0005083,interpolated,0.0005083,0.0005083,interpolated,1.898,1,0,0.9796,0.05807
human,plate17,flu-seqneut-2026-UWMC-071,A/Colorado/218/2024_H1N1,plate17-A/Colorado/218/2024_H1N1,0.0007495,interpolated,0.0008321,0.0008321,interpolated,1.569,0.9243,0,0.9381,0.09531
human,plate17,flu-seqneut-2026-UWMC-071,A/Connecticut/5/2026_H3N2,plate17-A/Connecticut/5/2026_H3N2,0.003486,interpolated,0.003651,0.003651,interpolated,0.8,0.9818,0,0.887,0.09427
human,plate17,flu-seqneut-2026-UWMC-071,A/Croatia/10136RV/2023_H3N2,plate17-A/Croatia/10136RV/2023_H3N2,0.002822,interpolated,0.002996,0.002996,interpolated,2.688,0.9257,0,0.9749,0.06187
human,plate17,flu-seqneut-2026-UWMC-071,A/Darwin/1415/2025_H3N2,plate17-A/Darwin/1415/2025_H3N2,0.004553,interpolated,0.004553,0.004553,interpolated,1.865,1,0,0.8685,0.128
human,plate17,flu-seqneut-2026-UWMC-071,A/Darwin/1454/2025_H3N2,plate17-A/Darwin/1454/2025_H3N2,0.003722,interpolated,0.003722,0.003722,interpolated,1.018,1,0,0.9031,0.1035
human,plate17,flu-seqneut-2026-UWMC-071,A/Denmark/3940/2025_H3N2,plate17-A/Denmark/3940/2025_H3N2,0.003859,interpolated,0.003937,0.003937,interpolated,0.8,0.9921,0,0.9041,0.08367
human,plate17,flu-seqneut-2026-UWMC-071,A/Denmark/4547/2025_H1N1,plate17-A/Denmark/4547/2025_H1N1,0.001719,interpolated,0.00177,0.00177,interpolated,10,0.8732,0,0.9501,0.09577
human,plate17,flu-seqneut-2026-UWMC-071,A/Denmark/4774/2025_H1N1,plate17-A/Denmark/4774/2025_H1N1,0.003423,interpolated,0.003464,0.003464,interpolated,5.521,0.9684,0,0.9924,0.03875
human,plate17,flu-seqneut-2026-UWMC-071,A/District_Of_Columbia/27/2023_H3N2,plate17-A/District_Of_Columbia/27/2023_H3N2,0.002965,interpolated,0.002965,0.002965,interpolated,0.8765,1,0,0.926,0.08796
human,plate17,flu-seqneut-2026-UWMC-071,A/Distrito_Federal/250106000728/2025_H3N2,plate17-A/Distrito_Federal/250106000728/2025_H3N2,0.0007273,interpolated,0.0007273,0.0007273,interpolated,1.464,1,0,0.976,0.06156
human,plate17,flu-seqneut-2026-UWMC-071,A/England/1893256/2026_H1N1,plate17-A/England/1893256/2026_H1N1,0.0007359,interpolated,0.0007359,0.0007359,interpolated,1.475,1,0,0.949,0.09073
human,plate17,flu-seqneut-2026-UWMC-071,A/Florida/ISC-1069/2026_H3N2,plate17-A/Florida/ISC-1069/2026_H3N2,0.002736,interpolated,0.002736,0.002736,interpolated,0.9798,1,0,0.9356,0.0824
human,plate17,flu-seqneut-2026-UWMC-071,A/France/ARA-HCL025195259501/2025_H1N1,plate17-A/France/ARA-HCL025195259501/2025_H1N1,0.000902,interpolated,0.000902,0.000902,interpolated,1.594,1,0,0.9447,0.0971
human,plate17,flu-seqneut-2026-UWMC-071,A/France/ARA-HCL026031894402/2026_H3N2,plate17-A/France/ARA-HCL026031894402/2026_H3N2,0.00346,interpolated,0.003497,0.003497,interpolated,1.043,0.9945,0,0.8941,0.1073
human,plate17,flu-seqneut-2026-UWMC-071,A/France/GES-IPP00659/2026_H1N1,plate17-A/France/GES-IPP00659/2026_H1N1,0.001948,interpolated,0.001951,0.001951,interpolated,6.585,0.9965,0,0.9996,0.009438
human,plate17,flu-seqneut-2026-UWMC-071,A/France/GES-IPP01077/2026_H3N2,plate17-A/France/GES-IPP01077/2026_H3N2,0.006073,interpolated,0.006318,0.006318,interpolated,0.8,0.9844,0,0.727,0.1516
human,plate17,flu-seqneut-2026-UWMC-071,A/France/HDF-IPP01550/2026_H3N2,plate17-A/France/HDF-IPP01550/2026_H3N2,0.006487,interpolated,0.00747,0.00747,interpolated,0.8,0.9466,0,0.8219,0.108
human,plate17,flu-seqneut-2026-UWMC-071,A/France/HDF-RELAB-IPP00303/2026_H3N2,plate17-A/France/HDF-RELAB-IPP00303/2026_H3N2,0.004192,interpolated,0.00433,0.00433,interpolated,1.167,0.9813,0,0.9525,0.06926
human,plate17,flu-seqneut-2026-UWMC-071,A/France/HDF-RELAB-IPP07969/2025_H1N1,plate17-A/France/HDF-RELAB-IPP07969/2025_H1N1,0.0006681,interpolated,0.0006865,0.0006865,interpolated,1.744,0.9769,0,0.9742,0.06343
human,plate17,flu-seqneut-2026-UWMC-071,A/France/NAQ-HCL026010957001/2026_H3N2,plate17-A/France/NAQ-HCL026010957001/2026_H3N2,0.00232,interpolated,0.00232,0.00232,interpolated,1.097,1,0,0.9296,0.0928
human,plate17,flu-seqneut-2026-UWMC-071,A/France/NAQ-HCL026046169102/2025_H1N1,plate17-A/France/NAQ-HCL026046169102/2025_H1N1,0.001803,interpolated,0.001883,0.001883,interpolated,10,0.8253,0,0.9152,0.1183
human,plate17,flu-seqneut-2026-UWMC-071,A/France/OCC-HCL026013263701/2026_H3N2,plate17-A/France/OCC-HCL026013263701/2026_H3N2,0.005192,interpolated,0.005192,0.005192,interpolated,0.8964,1,0,0.8111,0.1319
human,plate17,flu-seqneut-2026-UWMC-071,A/France/PAC-RELAB-HCL026021993801/2026_H3N2,plate17-A/France/PAC-RELAB-HCL026021993801/2026_H3N2,0.007293,interpolated,0.007293,0.007293,interpolated,0.9371,1,0,0.8729,0.09791
human,plate17,flu-seqneut-2026-UWMC-071,A/Galicia/GA-CHUAC-451/2025_H3N2,plate17-A/Galicia/GA-CHUAC-451/2025_H3N2,0.00349,interpolated,0.003723,0.003723,interpolated,1.275,0.9604,0,0.9147,0.1027
human,plate17,flu-seqneut-2026-UWMC-071,A/Galicia/GA-CHUAC-612/2025_H1N1,plate17-A/Galicia/GA-CHUAC-612/2025_H1N1,0.0005292,interpolated,0.0005292,0.0005292,interpolated,1.177,1,0,0.9663,0.06473
human,plate17,flu-seqneut-2026-UWMC-071,A/Germany/LRMC_0104/2025_H3N2,plate17-A/Germany/LRMC_0104/2025_H3N2,0.009058,interpolated,0.009972,0.009972,interpolated,1.84,0.919,0,0.9715,0.04612
human,plate17,flu-seqneut-2026-UWMC-071,A/Germany/LRMC_0113/2025_H3N2,plate17-A/Germany/LRMC_0113/2025_H3N2,0.004815,interpolated,0.004815,0.004815,interpolated,0.8253,1,0,0.8203,0.1238
human,plate17,flu-seqneut-2026-UWMC-071,A/Hawaii/70/2019_H1N1,plate17-A/Hawaii/70/2019_H1N1,0.0003745,interpolated,0.0003745,0.0003745,interpolated,2.348,1,0,0.9993,0.01014
human,plate17,flu-seqneut-2026-UWMC-071,A/Hawaii/ISC-1140/2025_H1N1,plate17-A/Hawaii/ISC-1140/2025_H1N1,0.0009044,interpolated,0.001089,0.001089,interpolated,1.957,0.848,0,0.952,0.08098
human,plate17,flu-seqneut-2026-UWMC-071,A/Hessen/18/2026_H1N1,plate17-A/Hessen/18/2026_H1N1,0.001016,interpolated,0.00105,0.00105,interpolated,2.425,0.9618,0,0.9789,0.06208
human,plate17,flu-seqneut-2026-UWMC-071,A/Ireland/91576/2025_H3N2,plate17-A/Ireland/91576/2025_H3N2,0.005112,interpolated,0.005112,0.005112,interpolated,1.04,1,0,0.9342,0.07835
human,plate17,flu-seqneut-2026-UWMC-071,A/Kentucky/80/2025_H1N1,plate17-A/Kentucky/80/2025_H1N1,0.0006611,interpolated,0.0006611,0.0006611,interpolated,1.452,1,0,0.9593,0.08015
human,plate17,flu-seqneut-2026-UWMC-071,A/Lisboa/216/2023_H3N2,plate17-A/Lisboa/216/2023_H3N2,0.001986,interpolated,0.002238,0.002238,interpolated,1.79,0.9039,0,0.866,0.1386
human,plate17,flu-seqneut-2026-UWMC-071,A/Luxembourg/LNS9132577/2026_H3N2,plate17-A/Luxembourg/LNS9132577/2026_H3N2,0.006647,interpolated,0.007027,0.007027,interpolated,2.08,0.9454,0,0.9621,0.06262
human,plate17,flu-seqneut-2026-UWMC-071,A/Maine/25/2026_H1N1,plate17-A/Maine/25/2026_H1N1,0.001428,interpolated,0.001477,0.001477,interpolated,5.727,0.9121,0,0.9694,0.07723
human,plate17,flu-seqneut-2026-UWMC-071,A/Malaysia/IMR/SARI/2406/2025_H3N2,plate17-A/Malaysia/IMR/SARI/2406/2025_H3N2,0.006401,interpolated,0.00649,0.00649,interpolated,1.288,0.9912,0,0.9859,0.03657
human,plate17,flu-seqneut-2026-UWMC-071,A/Massachusetts/18/2022_H3N2,plate17-A/Massachusetts/18/2022_H3N2,0.0009718,interpolated,0.0009718,0.0009718,interpolated,1.209,1,0,0.9788,0.05428
human,plate17,flu-seqneut-2026-UWMC-071,A/Massachusetts/ISC-1856/2025_H3N2,plate17-A/Massachusetts/ISC-1856/2025_H3N2,0.0025,interpolated,0.002992,0.002992,interpolated,0.8,0.933,0,0.8592,0.09574
human,plate17,flu-seqneut-2026-UWMC-071,A/Mauritius/26000203/2026_H1N1,plate17-A/Mauritius/26000203/2026_H1N1,0.0007936,interpolated,0.0007936,0.0007936,interpolated,1.875,1,0,0.991,0.03953
human,plate17,flu-seqneut-2026-UWMC-071,A/Michigan/UM-10068071276/2025_H3N2,plate17-A/Michigan/UM-10068071276/2025_H3N2,0.001804,interpolated,0.001871,0.001871,interpolated,1.997,0.965,0,0.9877,0.04519
human,plate17,flu-seqneut-2026-UWMC-071,A/Michigan/UM-10068134090/2025_H3N2,plate17-A/Michigan/UM-10068134090/2025_H3N2,0.01144,interpolated,0.01456,0.01456,interpolated,2.686,0.7612,0,0.5834,0.1771
human,plate17,flu-seqneut-2026-UWMC-071,A/Michigan/UM-10068449788/2025_H3N2,plate17-A/Michigan/UM-10068449788/2025_H3N2,0.003264,interpolated,0.003595,0.003595,interpolated,0.8,0.9628,0,0.7842,0.1209
human,plate17,flu-seqneut-2026-UWMC-071,A/Michigan/UM-10068456988/2025_H3N2,plate17-A/Michigan/UM-10068456988/2025_H3N2,0.006725,interpolated,0.006725,0.006725,interpolated,0.8011,1,0,0.8256,0.1161
human,plate17,flu-seqneut-2026-UWMC-071,A/Michigan/UM-10068747355/2026_H3N2,plate17-A/Michigan/UM-10068747355/2026_H3N2,0.006234,interpolated,0.006813,0.006813,interpolated,2.453,0.9022,0,0.8344,0.1339
human,plate17,flu-seqneut-2026-UWMC-071,A/MinasGerais/410/2026_H1N1,plate17-A/MinasGerais/410/2026_H1N1,0.001216,interpolated,0.001297,0.001297,interpolated,5.458,0.8514,0,0.9527,0.09077
human,plate17,flu-seqneut-2026-UWMC-071,A/MinasGerais/671/2026_H1N1,plate17-A/MinasGerais/671/2026_H1N1,0.001125,interpolated,0.001156,0.001156,interpolated,1.956,0.974,0,0.9792,0.06017
human,plate17,flu-seqneut-2026-UWMC-071,A/Mississippi/20/2026_H1N1,plate17-A/Mississippi/20/2026_H1N1,0.001822,interpolated,0.00184,0.00184,interpolated,10,0.9539,0,0.9845,0.05669
human,plate17,flu-seqneut-2026-UWMC-071,A/Missouri/11/2025_cell_H1N1,plate17-A/Missouri/11/2025_cell_H1N1,0.001357,interpolated,0.001524,0.001524,interpolated,3.793,0.8215,0,0.9463,0.0901
human,plate17,flu-seqneut-2026-UWMC-071,A/Missouri/11/2025_egg_H1N1,plate17-A/Missouri/11/2025_egg_H1N1,7.343e-05,upper,0.0001301,0.0001301,interpolated,1.804,0.6,0,0.999,0.004628
human,plate17,flu-seqneut-2026-UWMC-071,A/Missouri/NIRC-AV-1003/2025_H3N2,plate17-A/Missouri/NIRC-AV-1003/2025_H3N2,0.004749,interpolated,0.004749,0.004749,interpolated,1.222,1,0,0.9346,0.08796
human,plate17,flu-seqneut-2026-UWMC-071,A/Montana/51/2025_H3N2,plate17-A/Montana/51/2025_H3N2,0.005868,interpolated,0.007237,0.007237,interpolated,1.268,0.8832,0,0.9075,0.084
human,plate17,flu-seqneut-2026-UWMC-071,A/NakhonPhanom/P495/2026_H3N2,plate17-A/NakhonPhanom/P495/2026_H3N2,0.002778,interpolated,0.002855,0.002855,interpolated,0.8,0.9893,0,0.9282,0.07682
human,plate17,flu-seqneut-2026-UWMC-071,A/Navarra/260009/2025_H3N2,plate17-A/Navarra/260009/2025_H3N2,0.005897,interpolated,0.005897,0.005897,interpolated,1.554,1,0,0.9153,0.09581
human,plate17,flu-seqneut-2026-UWMC-071,A/Nebraska/34/2026_H1N1,plate17-A/Nebraska/34/2026_H1N1,0.0015,interpolated,0.00155,0.00155,interpolated,7.386,0.8935,0,0.9564,0.09251
human,plate17,flu-seqneut-2026-UWMC-071,A/Netherlands/10008/2026_H1N1,plate17-A/Netherlands/10008/2026_H1N1,0.0008837,interpolated,0.0008837,0.0008837,interpolated,1.135,1,0,0.9144,0.1125
human,plate17,flu-seqneut-2026-UWMC-071,A/Netherlands/2398/2025_H1N1,plate17-A/Netherlands/2398/2025_H1N1,0.0008924,interpolated,0.0009295,0.0009295,interpolated,1.598,0.9685,0,0.9842,0.04935
human,plate17,flu-seqneut-2026-UWMC-071,A/Netherlands/543/2026_H1N1,plate17-A/Netherlands/543/2026_H1N1,0.0009518,interpolated,0.0009518,0.0009518,interpolated,1.442,1,0,0.9776,0.05998
human,plate17,flu-seqneut-2026-UWMC-071,A/Netherlands/864/2026_H1N1,plate17-A/Netherlands/864/2026_H1N1,0.001365,interpolated,0.001448,0.001448,interpolated,4.979,0.8728,0,0.9638,0.07996
human,plate17,flu-seqneut-2026-UWMC-071,A/Netherlands/888/2026_H3N2,plate17-A/Netherlands/888/2026_H3N2,0.006153,interpolated,0.006443,0.006443,interpolated,0.8411,0.981,0,0.9052,0.08202
human,plate17,flu-seqneut-2026-UWMC-071,A/Netherlands/968/2026_H3N2,plate17-A/Netherlands/968/2026_H3N2,0.004762,interpolated,0.004762,0.004762,interpolated,1.394,1,0,0.9674,0.05992
human,plate17,flu-seqneut-2026-UWMC-071,A/NewBrunswick/NBPHLFLUA10B-MM00057R/2026_H1N1,plate17-A/NewBrunswick/NBPHLFLUA10B-MM00057R/2026_H1N1,0.001236,interpolated,0.001339,0.001339,interpolated,3.545,0.8766,0,0.9437,0.09845
human,plate17,flu-seqneut-2026-UWMC-071,A/NewYork/NIRC-IS-1086/2026_H3N2,plate17-A/NewYork/NIRC-IS-1086/2026_H3N2,0.0007036,interpolated,0.0007226,0.0007226,interpolated,2.137,0.9722,0,0.9973,0.02122
human,plate17,flu-seqneut-2026-UWMC-071,A/NordrheinWestfalen/54/2026_H3N2,plate17-A/NordrheinWestfalen/54/2026_H3N2,0.006204,interpolated,0.006204,0.006204,interpolated,0.965,1,0,0.9114,0.08536
human,plate17,flu-seqneut-2026-UWMC-071,A/NordrheinWestfalen/96/2026_H1N1,plate17-A/NordrheinWestfalen/96/2026_H1N1,0.0009015,interpolated,0.0009015,0.0009015,interpolated,1.841,1,0,0.9828,0.05493
human,plate17,flu-seqneut-2026-UWMC-071,A/Norway/9556/2025_H1N1,plate17-A/Norway/9556/2025_H1N1,0.003159,interpolated,0.003216,0.003216,interpolated,3.615,0.9691,0,0.9908,0.04082
human,plate17,flu-seqneut-2026-UWMC-071,A/NovaScotia/25-365-06099/2025_H3N2,plate17-A/NovaScotia/25-365-06099/2025_H3N2,0.005842,interpolated,0.01917,0.01917,interpolated,0.8,0.6933,0,0.3294,0.1395
human,plate17,flu-seqneut-2026-UWMC-071,A/Ohio/259/2024_H1N1,plate17-A/Ohio/259/2024_H1N1,0.001289,interpolated,0.001339,0.001339,interpolated,3.437,0.9395,0,0.9832,0.05597
human,plate17,flu-seqneut-2026-UWMC-071,A/Ontario/PHL202550193/2025_H3N2,plate17-A/Ontario/PHL202550193/2025_H3N2,0.003868,interpolated,0.003868,0.003868,interpolated,0.8878,1,0,0.8646,0.114
human,plate17,flu-seqneut-2026-UWMC-071,A/Oregon/81/2025_H3N2,plate17-A/Oregon/81/2025_H3N2,0.003032,interpolated,0.003032,0.003032,interpolated,0.8443,1,0,0.9757,0.04673
human,plate17,flu-seqneut-2026-UWMC-071,A/PaisVasco/70369726/2026_H1N1,plate17-A/PaisVasco/70369726/2026_H1N1,0.0008711,interpolated,0.0008711,0.0008711,interpolated,1.503,1,0,0.9364,0.1037
human,plate17,flu-seqneut-2026-UWMC-071,A/Parana/416133590/2026_H3N2,plate17-A/Parana/416133590/2026_H3N2,0.003773,interpolated,0.003773,0.003773,interpolated,0.8837,1,0,0.8567,0.118
human,plate17,flu-seqneut-2026-UWMC-071,A/Peru/ANC-INS-062/2026_H3N2,plate17-A/Peru/ANC-INS-062/2026_H3N2,0.005273,interpolated,0.006374,0.006374,interpolated,2.086,0.8367,0,0.8199,0.1401
human,plate17,flu-seqneut-2026-UWMC-071,A/Rhode_Island/11/2026_H1N1,plate17-A/Rhode_Island/11/2026_H1N1,0.0006475,interpolated,0.0006475,0.0006475,interpolated,1.55,1,0,0.9755,0.06255
human,plate17,flu-seqneut-2026-UWMC-071,A/RiodeJaneiro/331/2026_H3N2,plate17-A/RiodeJaneiro/331/2026_H3N2,0.0005848,interpolated,0.0005848,0.0005848,interpolated,1.578,1,0,0.9918,0.03502
human,plate17,flu-seqneut-2026-UWMC-071,A/Romania/612042/2026_H3N2,plate17-A/Romania/612042/2026_H3N2,0.00722,interpolated,0.01062,0.01062,interpolated,0.8,0.8673,0,0.7145,0.1243
human,plate17,flu-seqneut-2026-UWMC-071,A/SantaCatarina/508/2026_H3N2,plate17-A/SantaCatarina/508/2026_H3N2,0.007156,interpolated,0.007444,0.007444,interpolated,1.753,0.9666,0,0.9443,0.07389
human,plate17,flu-seqneut-2026-UWMC-071,A/Saskatchewan/SKFLU477299/2025_H3N2,plate17-A/Saskatchewan/SKFLU477299/2025_H3N2,0.004247,interpolated,0.004277,0.004277,interpolated,1.016,0.9964,0,0.9205,0.08697
human,plate17,flu-seqneut-2026-UWMC-071,A/Saskatchewan/SKFLU477727/2025_H3N2,plate17-A/Saskatchewan/SKFLU477727/2025_H3N2,0.004608,interpolated,0.005256,0.005256,interpolated,1.205,0.9267,0,0.8742,0.1111
human,plate17,flu-seqneut-2026-UWMC-071,A/Saskatchewan/SKFLU490586/2026_H1N1,plate17-A/Saskatchewan/SKFLU490586/2026_H1N1,0.00162,interpolated,0.00166,0.00166,interpolated,10,0.891,0,0.9334,0.1156
human,plate17,flu-seqneut-2026-UWMC-071,A/Singapore/GP20238/2024_H3N2,plate17-A/Singapore/GP20238/2024_H3N2,0.002285,interpolated,0.002285,0.002285,interpolated,1.387,1,0,0.9941,0.02961
human,plate17,flu-seqneut-2026-UWMC-071,A/Singapore/KK2768/2025_H1N1,plate17-A/Singapore/KK2768/2025_H1N1,0.002082,interpolated,0.00214,0.00214,interpolated,6.044,0.9239,0,0.9761,0.06545
human,plate17,flu-seqneut-2026-UWMC-071,A/Singapore/MOH0547/2024_H1N1,plate17-A/Singapore/MOH0547/2024_H1N1,0.001417,interpolated,0.001439,0.001439,interpolated,6.259,0.9542,0,0.9926,0.03973
human,plate17,flu-seqneut-2026-UWMC-071,A/Singapore/NTF0577/2025_H3N2,plate17-A/Singapore/NTF0577/2025_H3N2,0.003876,interpolated,0.004006,0.004006,interpolated,1.179,0.9809,0,0.9229,0.09129
human,plate17,flu-seqneut-2026-UWMC-071,A/Singapore/SAR8915/2025_H3N2,plate17-A/Singapore/SAR8915/2025_H3N2,0.004526,interpolated,0.004526,0.004526,interpolated,1.167,1,0,0.9669,0.05928
human,plate17,flu-seqneut-2026-UWMC-071,A/SouthAfrica/NHLS-SU-CERI-C075557/2026_H1N1,plate17-A/SouthAfrica/NHLS-SU-CERI-C075557/2026_H1N1,0.0008126,interpolated,0.0008971,0.0008971,interpolated,1.636,0.9252,0,0.9573,0.07918
human,plate17,flu-seqneut-2026-UWMC-071,A/SouthAfrica/NICD-R01647/2026_H1N1,plate17-A/SouthAfrica/NICD-R01647/2026_H1N1,0.0006425,interpolated,0.0007247,0.0007247,interpolated,1.391,0.9229,0,0.9649,0.06654
human,plate17,flu-seqneut-2026-UWMC-071,A/SouthAfrica/NICD-R01668/2026_H1N1,plate17-A/SouthAfrica/NICD-R01668/2026_H1N1,0.0007668,interpolated,0.0007693,0.0007693,interpolated,1.399,0.9977,0,0.9057,0.1236
human,plate17,flu-seqneut-2026-UWMC-071,A/SouthAfrica/PATH-CERI-C073358/2025_H1N1,plate17-A/SouthAfrica/PATH-CERI-C073358/2025_H1N1,0.001256,interpolated,0.001326,0.001326,interpolated,4.347,0.8955,0,0.9511,0.09473
human,plate17,flu-seqneut-2026-UWMC-071,A/SouthAfrica/PATH-CERI-C073366/2025_H1N1,plate17-A/SouthAfrica/PATH-CERI-C073366/2025_H1N1,0.001198,interpolated,0.001242,0.001242,interpolated,3.817,0.9364,0,0.9894,0.04457
human,plate17,flu-seqneut-2026-UWMC-071,A/SouthAfrica/PATH-CERI-C075119/2026_H1N1,plate17-A/SouthAfrica/PATH-CERI-C075119/2026_H1N1,0.0009916,interpolated,0.00102,0.00102,interpolated,1.847,0.9744,0,0.9576,0.0859
human,plate17,flu-seqneut-2026-UWMC-071,A/SouthAustralia/2605715552/2026_H3N2,plate17-A/SouthAustralia/2605715552/2026_H3N2,0.007457,interpolated,0.008477,0.008477,interpolated,1.091,0.9347,0,0.7704,0.1331
human,plate17,flu-seqneut-2026-UWMC-071,A/SouthCarolina/USAFSAM-17046/2026_H3N2,plate17-A/SouthCarolina/USAFSAM-17046/2026_H3N2,0.004455,interpolated,0.005411,0.005411,interpolated,1.43,0.8786,0,0.8374,0.1275
human,plate17,flu-seqneut-2026-UWMC-071,A/South_Australia/2523812314/2025_H3N2,plate17-A/South_Australia/2523812314/2025_H3N2,0.003614,interpolated,0.003614,0.003614,interpolated,0.937,1,0,0.9845,0.03805
human,plate17,flu-seqneut-2026-UWMC-071,A/South_Australia/2527213276/2025_H3N2,plate17-A/South_Australia/2527213276/2025_H3N2,0.009061,interpolated,0.009364,0.009364,interpolated,10,0.8599,0,0.8468,0.1376
human,plate17,flu-seqneut-2026-UWMC-071,A/StPetersburg/RII-25-2042S/2025_H3N2,plate17-A/StPetersburg/RII-25-2042S/2025_H3N2,0.005637,interpolated,0.0059,0.0059,interpolated,1.549,0.9659,0,0.9462,0.07533
human,plate17,flu-seqneut-2026-UWMC-071,A/StPetersburg/RII-25-2321S/2025_H3N2,plate17-A/StPetersburg/RII-25-2321S/2025_H3N2,0.004075,interpolated,0.00427,0.00427,interpolated,0.9953,0.9773,0,0.9066,0.09255
human,plate17,flu-seqneut-2026-UWMC-071,A/StPetersburg/RII-25-2506S/2026_H3N2,plate17-A/StPetersburg/RII-25-2506S/2026_H3N2,0.005359,interpolated,0.005768,0.005768,interpolated,0.8,0.9714,0,0.8517,0.1025
human,plate17,flu-seqneut-2026-UWMC-071,A/StPetersburg/RII-25-2600S/2026_H3N2,plate17-A/StPetersburg/RII-25-2600S/2026_H3N2,0.003213,interpolated,0.003398,0.003398,interpolated,0.8,0.9781,0,0.8242,0.1155
human,plate17,flu-seqneut-2026-UWMC-071,A/Switzerland/UN-SNRCI-HUG-053/2025_H1N1,plate17-A/Switzerland/UN-SNRCI-HUG-053/2025_H1N1,0.003601,interpolated,0.003608,0.003608,interpolated,10,0.9903,0,0.9991,0.01427
human,plate17,flu-seqneut-2026-UWMC-071,A/Sydney/1359/2024_H3N2,plate17-A/Sydney/1359/2024_H3N2,0.004218,interpolated,0.004504,0.004504,interpolated,1.649,0.9488,0,0.9714,0.05895
human,plate17,flu-seqneut-2026-UWMC-071,A/Sydney/50/2026_H1N1,plate17-A/Sydney/50/2026_H1N1,0.001905,interpolated,0.001929,0.001929,interpolated,5.631,0.965,0,0.9879,0.04829
human,plate17,flu-seqneut-2026-UWMC-071,A/Texas/29/2026_H1N1,plate17-A/Texas/29/2026_H1N1,0.001221,interpolated,0.001256,0.001256,interpolated,3.968,0.947,0,0.9886,0.04715
human,plate17,flu-seqneut-2026-UWMC-071,A/Thailand/8/2022_H3N2,plate17-A/Thailand/8/2022_H3N2,0.001782,interpolated,0.001865,0.001865,interpolated,10,0.8166,0,0.978,0.05589
human,plate17,flu-seqneut-2026-UWMC-071,A/Thuringen/16/2026_H3N2,plate17-A/Thuringen/16/2026_H3N2,0.003883,interpolated,0.004181,0.004181,interpolated,0.94,0.9664,0,0.8801,0.1063
human,plate17,flu-seqneut-2026-UWMC-071,A/Thuringen/39/2026_H3N2,plate17-A/Thuringen/39/2026_H3N2,0.007256,interpolated,0.007477,0.007477,interpolated,2.154,0.9687,0,0.9561,0.06728
human,plate17,flu-seqneut-2026-UWMC-071,A/Tokyo/EIS11-277/2024_H1N1,plate17-A/Tokyo/EIS11-277/2024_H1N1,0.001125,interpolated,0.001225,0.001225,interpolated,4.542,0.8391,0,0.9497,0.09076
human,plate17,flu-seqneut-2026-UWMC-071,A/Trieste/257/2025_H3N2,plate17-A/Trieste/257/2025_H3N2,0.005912,interpolated,0.006379,0.006379,interpolated,1.21,0.9561,0,0.823,0.1274
human,plate17,flu-seqneut-2026-UWMC-071,A/Trieste/380/2026_H3N2,plate17-A/Trieste/380/2026_H3N2,0.008833,interpolated,0.01057,0.01057,interpolated,1.243,0.8998,0,0.7738,0.1197
human,plate17,flu-seqneut-2026-UWMC-071,A/Ukraine/5214/2026_H1N1,plate17-A/Ukraine/5214/2026_H1N1,0.0009882,interpolated,0.001036,0.001036,interpolated,1.825,0.9585,0,0.983,0.05243
human,plate17,flu-seqneut-2026-UWMC-071,A/Uppsala/SE26-01293/2026_H1N1,plate17-A/Uppsala/SE26-01293/2026_H1N1,0.001967,interpolated,0.001985,0.001985,interpolated,10,0.9575,0,0.9865,0.05213
human,plate17,flu-seqneut-2026-UWMC-071,A/Valencia/VAHNSI_09_02564/2025_H1N1,plate17-A/Valencia/VAHNSI_09_02564/2025_H1N1,0.0008978,interpolated,0.0009409,0.0009409,interpolated,1.546,0.965,0,0.9333,0.1034
human,plate17,flu-seqneut-2026-UWMC-071,A/Victoria/2948/2025_H3N2,plate17-A/Victoria/2948/2025_H3N2,0.01292,interpolated,0.01533,0.01533,interpolated,2.339,0.8352,0,0.6919,0.1439
human,plate17,flu-seqneut-2026-UWMC-071,A/Victoria/4897/2022_IVR-238_H1N1,plate17-A/Victoria/4897/2022_IVR-238_H1N1,0.0003073,interpolated,0.0003073,0.0003073,interpolated,10,1,0,0.9996,0.008419
human,plate17,flu-seqneut-2026-UWMC-071,A/Vietnam/F7324/2024_H3N2,plate17-A/Vietnam/F7324/2024_H3N2,0.003818,interpolated,0.004093,0.004093,interpolated,1.718,0.9437,0,0.9716,0.05985
human,plate17,flu-seqneut-2026-UWMC-071,A/Vietnam/PF125413/2025_H1N1,plate17-A/Vietnam/PF125413/2025_H1N1,0.002324,interpolated,0.002324,0.002324,interpolated,3.686,1,0,0.9994,0.01145
human,plate17,flu-seqneut-2026-UWMC-071,A/Vietnam/PF126009/2026_H1N1,plate17-A/Vietnam/PF126009/2026_H1N1,0.002559,interpolated,0.002559,0.002559,interpolated,4.601,1,0,1,0.00289
human,plate17,flu-seqneut-2026-UWMC-071,A/Virginia/82/2025_H1N1,plate17-A/Virginia/82/2025_H1N1,0.000639,interpolated,0.000639,0.000639,interpolated,1.266,1,0,0.9193,0.1094
human,plate17,flu-seqneut-2026-UWMC-071,A/Wisconsin/588/2019_H1N1,plate17-A/Wisconsin/588/2019_H1N1,0.0004975,interpolated,0.0004975,0.0004975,interpolated,2.15,1,0,0.986,0.04906
human,plate17,flu-seqneut-2026-UWMC-071,A/Wisconsin/67/2022_H1N1,plate17-A/Wisconsin/67/2022_H1N1,0.0006854,interpolated,0.0007663,0.0007663,interpolated,1.845,0.9069,0,0.9293,0.1032
human,plate17,flu-seqneut-2026-UWMC-071,A/Zacapa/FLU-012/2025_H1N1,plate17-A/Zacapa/FLU-012/2025_H1N1,0.001057,interpolated,0.001096,0.001096,interpolated,4.405,0.9266,0,0.976,0.06781
human,plate17,flu-seqneut-2026-UWMC-071,A/Zambia/6-NIC-014/2026_H1N1,plate17-A/Zambia/6-NIC-014/2026_H1N1,0.001473,interpolated,0.001629,0.001629,interpolated,3.886,0.8384,0,0.9502,0.08817
human,plate17,flu-seqneut-2026-UWMC-071,A/Zambia/7-NIC-313/2026_H1N1,plate17-A/Zambia/7-NIC-313/2026_H1N1,0.0009195,interpolated,0.0009385,0.0009385,interpolated,2.412,0.9759,0,0.9848,0.05308
human,plate17,flu-seqneut-2026-UWMC-072,A/Andalucia/PMC-00977/2025_H1N1,plate17-A/Andalucia/PMC-00977/2025_H1N1,0.007609,interpolated,0.008397,0.008397,interpolated,1.236,0.9427,0,0.7152,0.1748
human,plate17,flu-seqneut-2026-UWMC-072,A/Andalucia/PMC-01217/2025_H1N1,plate17-A/Andalucia/PMC-01217/2025_H1N1,0.0027,interpolated,0.002918,0.002918,interpolated,1.139,0.9575,0,0.9319,0.09039
human,plate17,flu-seqneut-2026-UWMC-072,A/Andalucia/PMC-01495/2025_H1N1,plate17-A/Andalucia/PMC-01495/2025_H1N1,0.001865,interpolated,0.00215,0.00215,interpolated,0.8,0.9464,0,0.8875,0.1014
human,plate17,flu-seqneut-2026-UWMC-072,A/Arizona/40/2026_H1N1,plate17-A/Arizona/40/2026_H1N1,0.003944,interpolated,0.004029,0.004029,interpolated,1.674,0.9824,0,0.955,0.07747
human,plate17,flu-seqneut-2026-UWMC-072,A/Astrakhan/RII-MH273373S/2025_H3N2,plate17-A/Astrakhan/RII-MH273373S/2025_H3N2,0.001015,interpolated,0.002119,0.002119,interpolated,2.186,0.6,0,0.8147,0.1082
human,plate17,flu-seqneut-2026-UWMC-072,A/Asturias/232590913/2025_H1N1,plate17-A/Asturias/232590913/2025_H1N1,0.004331,interpolated,0.004569,0.004569,interpolated,2.967,0.9268,0,0.8968,0.1164
human,plate17,flu-seqneut-2026-UWMC-072,A/Badajoz/18738342/2026_H3N2,plate17-A/Badajoz/18738342/2026_H3N2,0.001216,interpolated,0.001434,0.001434,interpolated,1.04,0.9211,0,0.8703,0.1258
human,plate17,flu-seqneut-2026-UWMC-072,A/Badajoz/18811358/2026_H3N2,plate17-A/Badajoz/18811358/2026_H3N2,0.0006438,interpolated,0.0008615,0.0008615,interpolated,0.9125,0.8833,0,0.9803,0.04007
human,plate17,flu-seqneut-2026-UWMC-072,A/Badajoz/18813527/2026_H3N2,plate17-A/Badajoz/18813527/2026_H3N2,0.0009268,interpolated,0.0009268,0.0009268,interpolated,1.14,1,0,0.9409,0.09129
human,plate17,flu-seqneut-2026-UWMC-072,A/Bangkok/P2390/2025_H3N2,plate17-A/Bangkok/P2390/2025_H3N2,0.003276,interpolated,0.004587,0.004587,interpolated,2.173,0.7406,0,0.8557,0.122
human,plate17,flu-seqneut-2026-UWMC-072,A/Bangkok/P2391/2025_H3N2,plate17-A/Bangkok/P2391/2025_H3N2,0.0003954,interpolated,0.002144,0.002144,interpolated,0.9521,0.6,0,0.9607,0.0376
human,plate17,flu-seqneut-2026-UWMC-072,A/Blaenavon/6687/2026_H3N2,plate17-A/Blaenavon/6687/2026_H3N2,0.002026,interpolated,0.00218,0.00218,interpolated,1.334,0.9535,0,0.93,0.09737
human,plate17,flu-seqneut-2026-UWMC-072,A/Bolivia/OR5702/2025_H3N2,plate17-A/Bolivia/OR5702/2025_H3N2,0.001788,interpolated,0.002108,0.002108,interpolated,1.231,0.9083,0,0.8766,0.1227
human,plate17,flu-seqneut-2026-UWMC-072,A/BritishColumbia/RV00022-26/2025_H1N1,plate17-A/BritishColumbia/RV00022-26/2025_H1N1,0.003761,interpolated,0.004082,0.004082,interpolated,1.743,0.9335,0,0.9899,0.03552
human,plate17,flu-seqneut-2026-UWMC-072,A/BritishColumbia/RV00279-26/2025_H3N2,plate17-A/BritishColumbia/RV00279-26/2025_H3N2,0.001565,interpolated,0.002287,0.002287,interpolated,1.616,0.7708,0,0.8339,0.1348
human,plate17,flu-seqneut-2026-UWMC-072,A/BritishColumbia/RV01350-26/2026_H1N1,plate17-A/BritishColumbia/RV01350-26/2026_H1N1,0.004324,interpolated,0.004687,0.004687,interpolated,2.026,0.9248,0,0.9354,0.09083
human,plate17,flu-seqneut-2026-UWMC-072,A/BritishColumbia/RV05508-25/2025_H1N1,plate17-A/BritishColumbia/RV05508-25/2025_H1N1,0.003958,interpolated,0.004585,0.004585,interpolated,2.178,0.8629,0,0.958,0.0693
human,plate17,flu-seqneut-2026-UWMC-072,A/California/GKISBBBH79910/2026_H3N2,plate17-A/California/GKISBBBH79910/2026_H3N2,0.0009022,interpolated,0.0009022,0.0009022,interpolated,0.8,1,0,0.8254,0.1411
human,plate17,flu-seqneut-2026-UWMC-072,A/California/NIRC-IS-1019/2026_H1N1,plate17-A/California/NIRC-IS-1019/2026_H1N1,0.002074,interpolated,0.0031,0.0031,interpolated,1.637,0.759,0,0.8919,0.1031
human,plate17,flu-seqneut-2026-UWMC-072,A/California/NIRC-IS-1059/2026_H3N2,plate17-A/California/NIRC-IS-1059/2026_H3N2,0.0008851,interpolated,0.001362,0.001362,interpolated,0.8455,0.8472,0,0.9059,0.08717
human,plate17,flu-seqneut-2026-UWMC-072,A/California/NIRC-IS-1067/2026_H3N2,plate17-A/California/NIRC-IS-1067/2026_H3N2,0.004001,interpolated,0.004328,0.004328,interpolated,10,0.7279,0,0.908,0.1011
human,plate17,flu-seqneut-2026-UWMC-072,A/California/NIRC-IS-1356/2025_H1N1,plate17-A/California/NIRC-IS-1356/2025_H1N1,0.004373,interpolated,0.004758,0.004758,interpolated,1.487,0.941,0,0.9506,0.07296
human,plate17,flu-seqneut-2026-UWMC-072,A/Castellon/VAHNSI_02_02400/2025_H3N2,plate17-A/Castellon/VAHNSI_02_02400/2025_H3N2,0.0007301,interpolated,0.0009538,0.0009538,interpolated,0.8,0.9037,0,0.8375,0.1195
human,plate17,flu-seqneut-2026-UWMC-072,A/Colombia/1851/2024_H3N2,plate17-A/Colombia/1851/2024_H3N2,0.00138,interpolated,0.001696,0.001696,interpolated,1.775,0.8469,0,0.9353,0.09046
human,plate17,flu-seqneut-2026-UWMC-072,A/Colorado/218/2024_H1N1,plate17-A/Colorado/218/2024_H1N1,0.004861,interpolated,0.005212,0.005212,interpolated,3.819,0.8834,0,0.9129,0.1083
human,plate17,flu-seqneut-2026-UWMC-072,A/Connecticut/5/2026_H3N2,plate17-A/Connecticut/5/2026_H3N2,0.001372,interpolated,0.001549,0.001549,interpolated,0.9983,0.943,0,0.9432,0.07973
human,plate17,flu-seqneut-2026-UWMC-072,A/Croatia/10136RV/2023_H3N2,plate17-A/Croatia/10136RV/2023_H3N2,0.003104,interpolated,0.003671,0.003671,interpolated,4.407,0.7389,0,0.9913,0.03004
human,plate17,flu-seqneut-2026-UWMC-072,A/Darwin/1415/2025_H3N2,plate17-A/Darwin/1415/2025_H3N2,0.0008746,interpolated,0.001591,0.001591,interpolated,1.097,0.7594,0,0.944,0.06654
human,plate17,flu-seqneut-2026-UWMC-072,A/Darwin/1454/2025_H3N2,plate17-A/Darwin/1454/2025_H3N2,0.001094,interpolated,0.001686,0.001686,interpolated,3.468,0.6117,0,0.9435,0.06697
human,plate17,flu-seqneut-2026-UWMC-072,A/Denmark/3940/2025_H3N2,plate17-A/Denmark/3940/2025_H3N2,0.00195,interpolated,0.002503,0.002503,interpolated,0.8485,0.9046,0,0.7285,0.165
human,plate17,flu-seqneut-2026-UWMC-072,A/Denmark/4547/2025_H1N1,plate17-A/Denmark/4547/2025_H1N1,0.004277,interpolated,0.004692,0.004692,interpolated,2.62,0.8923,0,0.9248,0.09893
human,plate17,flu-seqneut-2026-UWMC-072,A/Denmark/4774/2025_H1N1,plate17-A/Denmark/4774/2025_H1N1,0.01713,interpolated,0.01761,0.01761,interpolated,9.997,0.8777,0,0.8822,0.105
human,plate17,flu-seqneut-2026-UWMC-072,A/District_Of_Columbia/27/2023_H3N2,plate17-A/District_Of_Columbia/27/2023_H3N2,0.0009677,interpolated,0.001062,0.001062,interpolated,0.8,0.9642,0,0.8393,0.1263
human,plate17,flu-seqneut-2026-UWMC-072,A/Distrito_Federal/250106000728/2025_H3N2,plate17-A/Distrito_Federal/250106000728/2025_H3N2,0.001928,interpolated,0.001928,0.001928,interpolated,0.9428,1,0,0.965,0.06147
human,plate17,flu-seqneut-2026-UWMC-072,A/England/1893256/2026_H1N1,plate17-A/England/1893256/2026_H1N1,0.004346,interpolated,0.004435,0.004435,interpolated,10,0.9079,0,0.9414,0.0903
human,plate17,flu-seqneut-2026-UWMC-072,A/Florida/ISC-1069/2026_H3N2,plate17-A/Florida/ISC-1069/2026_H3N2,0.001638,interpolated,0.002641,0.002641,interpolated,2.767,0.6332,0,0.8588,0.1084
human,plate17,flu-seqneut-2026-UWMC-072,A/France/ARA-HCL025195259501/2025_H1N1,plate17-A/France/ARA-HCL025195259501/2025_H1N1,0.002937,interpolated,0.003459,0.003459,interpolated,1.255,0.9071,0,0.9687,0.0567
human,plate17,flu-seqneut-2026-UWMC-072,A/France/ARA-HCL026031894402/2026_H3N2,plate17-A/France/ARA-HCL026031894402/2026_H3N2,0.0006558,interpolated,0.0006558,0.0006558,interpolated,0.9527,1,0,0.8122,0.1567
human,plate17,flu-seqneut-2026-UWMC-072,A/France/GES-IPP00659/2026_H1N1,plate17-A/France/GES-IPP00659/2026_H1N1,0.004447,interpolated,0.004487,0.004487,interpolated,1.986,0.9911,0,0.9786,0.05435
human,plate17,flu-seqneut-2026-UWMC-072,A/France/GES-IPP01077/2026_H3N2,plate17-A/France/GES-IPP01077/2026_H3N2,0.01589,interpolated,0.01743,0.01743,interpolated,9.997,0.6992,0,0.6657,0.1632
human,plate17,flu-seqneut-2026-UWMC-072,A/France/HDF-IPP01550/2026_H3N2,plate17-A/France/HDF-IPP01550/2026_H3N2,0.001385,interpolated,0.002207,0.002207,interpolated,0.8,0.8445,0,0.7013,0.1555
human,plate17,flu-seqneut-2026-UWMC-072,A/France/HDF-RELAB-IPP00300/2026_H3N2,plate17-A/France/HDF-RELAB-IPP00300/2026_H3N2,0.001678,interpolated,0.00222,0.00222,interpolated,1.006,0.8774,0,0.835,0.1292
human,plate17,flu-seqneut-2026-UWMC-072,A/France/HDF-RELAB-IPP00303/2026_H3N2,plate17-A/France/HDF-RELAB-IPP00303/2026_H3N2,0.001636,interpolated,0.002568,0.002568,interpolated,1.542,0.7496,0,0.9513,0.0646
human,plate17,flu-seqneut-2026-UWMC-072,A/France/HDF-RELAB-IPP07969/2025_H1N1,plate17-A/France/HDF-RELAB-IPP07969/2025_H1N1,0.002891,interpolated,0.003172,0.003172,interpolated,1.446,0.9373,0,0.9679,0.06209
human,plate17,flu-seqneut-2026-UWMC-072,A/France/NAQ-HCL026010957001/2026_H3N2,plate17-A/France/NAQ-HCL026010957001/2026_H3N2,0.0006452,interpolated,0.0006452,0.0006452,interpolated,0.8,1,0,0.8721,0.1151
human,plate17,flu-seqneut-2026-UWMC-072,A/France/NAQ-HCL026046169102/2025_H1N1,plate17-A/France/NAQ-HCL026046169102/2025_H1N1,0.004265,interpolated,0.004442,0.004442,interpolated,10,0.8332,0,0.8465,0.1408
human,plate17,flu-seqneut-2026-UWMC-072,A/France/OCC-HCL026013263701/2026_H3N2,plate17-A/France/OCC-HCL026013263701/2026_H3N2,0.001717,interpolated,0.003024,0.003024,interpolated,0.9921,0.7851,0,0.8955,0.0864
human,plate17,flu-seqneut-2026-UWMC-072,A/France/PAC-RELAB-HCL026021993801/2026_H3N2,plate17-A/France/PAC-RELAB-HCL026021993801/2026_H3N2,0.0008716,interpolated,0.0008716,0.0008716,interpolated,0.8761,1,0,0.9544,0.07001
human,plate17,flu-seqneut-2026-UWMC-072,A/Galicia/GA-CHUAC-451/2025_H3N2,plate17-A/Galicia/GA-CHUAC-451/2025_H3N2,0.0004455,interpolated,0.0004455,0.0004455,interpolated,0.8,1,0,0.8178,0.13
human,plate17,flu-seqneut-2026-UWMC-072,A/Galicia/GA-CHUAC-612/2025_H1N1,plate17-A/Galicia/GA-CHUAC-612/2025_H1N1,0.004364,interpolated,0.004377,0.004377,interpolated,3.066,0.9954,0,0.9739,0.06315
human,plate17,flu-seqneut-2026-UWMC-072,A/Germany/LRMC_0104/2025_H3N2,plate17-A/Germany/LRMC_0104/2025_H3N2,0.001897,interpolated,0.002405,0.002405,interpolated,4.04,0.6918,0,0.7783,0.1549
human,plate17,flu-seqneut-2026-UWMC-072,A/Germany/LRMC_0113/2025_H3N2,plate17-A/Germany/LRMC_0113/2025_H3N2,0.001102,interpolated,0.001367,0.001367,interpolated,0.8799,0.9136,0,0.8661,0.1175
human,plate17,flu-seqneut-2026-UWMC-072,A/Hawaii/70/2019_H1N1,plate17-A/Hawaii/70/2019_H1N1,0.002477,interpolated,0.002477,0.002477,interpolated,2.292,1,0,0.9902,0.04217
human,plate17,flu-seqneut-2026-UWMC-072,A/Hawaii/ISC-1140/2025_H1N1,plate17-A/Hawaii/ISC-1140/2025_H1N1,0.003443,interpolated,0.003622,0.003622,interpolated,4.192,0.9042,0,0.9776,0.05781
human,plate17,flu-seqneut-2026-UWMC-072,A/Hessen/18/2026_H1N1,plate17-A/Hessen/18/2026_H1N1,0.004007,interpolated,0.004356,0.004356,interpolated,1.503,0.9411,0,0.9121,0.1023
human,plate17,flu-seqneut-2026-UWMC-072,A/Ireland/91576/2025_H3N2,plate17-A/Ireland/91576/2025_H3N2,0.001109,interpolated,0.001516,0.001516,interpolated,0.8,0.8892,0,0.8346,0.1225
human,plate17,flu-seqneut-2026-UWMC-072,A/Kentucky/80/2025_H1N1,plate17-A/Kentucky/80/2025_H1N1,0.004669,interpolated,0.004774,0.004774,interpolated,3.594,0.9614,0,0.9659,0.07201
human,plate17,flu-seqneut-2026-UWMC-072,A/Lisboa/216/2023_H3N2,plate17-A/Lisboa/216/2023_H3N2,0.0005585,interpolated,0.0005585,0.0005585,interpolated,1.604,1,0,0.9703,0.06783
human,plate17,flu-seqneut-2026-UWMC-072,A/Luxembourg/LNS9132577/2026_H3N2,plate17-A/Luxembourg/LNS9132577/2026_H3N2,0.001332,interpolated,0.001553,0.001553,interpolated,0.9435,0.9326,0,0.8936,0.1087
human,plate17,flu-seqneut-2026-UWMC-072,A/Maine/25/2026_H1N1,plate17-A/Maine/25/2026_H1N1,0.004888,interpolated,0.005279,0.005279,interpolated,2.186,0.9224,0,0.9281,0.09553
human,plate17,flu-seqneut-2026-UWMC-072,A/Malaysia/IMR/SARI/2406/2025_H3N2,plate17-A/Malaysia/IMR/SARI/2406/2025_H3N2,0.003064,interpolated,0.004326,0.004326,interpolated,1.996,0.7512,0,0.7962,0.1409
human,plate17,flu-seqneut-2026-UWMC-072,A/Massachusetts/18/2022_H3N2,plate17-A/Massachusetts/18/2022_H3N2,0.000493,interpolated,0.000493,0.000493,interpolated,1.35,1,0,0.9636,0.06884
human,plate17,flu-seqneut-2026-UWMC-072,A/Massachusetts/ISC-1856/2025_H3N2,plate17-A/Massachusetts/ISC-1856/2025_H3N2,0.001784,interpolated,0.002816,0.002816,interpolated,2.564,0.6552,0,0.5631,0.2315
human,plate17,flu-seqneut-2026-UWMC-072,A/Mauritius/26000203/2026_H1N1,plate17-A/Mauritius/26000203/2026_H1N1,0.007372,interpolated,0.007845,0.007845,interpolated,2.39,0.931,0,0.9528,0.07168
human,plate17,flu-seqneut-2026-UWMC-072,A/Michigan/8/2026_H3N2,plate17-A/Michigan/8/2026_H3N2,0.002321,interpolated,0.002844,0.002844,interpolated,2.113,0.8255,0,0.9117,0.1057
human,plate17,flu-seqneut-2026-UWMC-072,A/Michigan/UM-10068071276/2025_H3N2,plate17-A/Michigan/UM-10068071276/2025_H3N2,0.001269,interpolated,0.001269,0.001269,interpolated,0.8,1,0,0.8839,0.1091
human,plate17,flu-seqneut-2026-UWMC-072,A/Michigan/UM-10068134090/2025_H3N2,plate17-A/Michigan/UM-10068134090/2025_H3N2,0.0005922,interpolated,0.001204,0.001204,interpolated,0.845,0.7746,0,0.8339,0.1094
human,plate17,flu-seqneut-2026-UWMC-072,A/Michigan/UM-10068449788/2025_H3N2,plate17-A/Michigan/UM-10068449788/2025_H3N2,0.0009113,interpolated,0.001536,0.001536,interpolated,1.089,0.7832,0,0.9666,0.05203
human,plate17,flu-seqneut-2026-UWMC-072,A/Michigan/UM-10068456988/2025_H3N2,plate17-A/Michigan/UM-10068456988/2025_H3N2,0.002298,interpolated,0.002626,0.002626,interpolated,1.281,0.9215,0,0.9172,0.1004
human,plate17,flu-seqneut-2026-UWMC-072,A/Michigan/UM-10068747355/2026_H3N2,plate17-A/Michigan/UM-10068747355/2026_H3N2,0.0009074,interpolated,0.0009074,0.0009074,interpolated,1.205,1,0,0.9685,0.06717
human,plate17,flu-seqneut-2026-UWMC-072,A/MinasGerais/410/2026_H1N1,plate17-A/MinasGerais/410/2026_H1N1,0.004081,interpolated,0.004706,0.004706,interpolated,2.06,0.8727,0,0.9172,0.09877
human,plate17,flu-seqneut-2026-UWMC-072,A/MinasGerais/671/2026_H1N1,plate17-A/MinasGerais/671/2026_H1N1,0.00491,interpolated,0.005712,0.005712,interpolated,1.865,0.8771,0,0.8635,0.1246
human,plate17,flu-seqneut-2026-UWMC-072,A/Mississippi/20/2026_H1N1,plate17-A/Mississippi/20/2026_H1N1,0.003204,interpolated,0.003415,0.003415,interpolated,2.734,0.9199,0,0.9332,0.1024
human,plate17,flu-seqneut-2026-UWMC-072,A/Missouri/11/2025_cell_H1N1,plate17-A/Missouri/11/2025_cell_H1N1,0.003112,interpolated,0.003112,0.003112,interpolated,2.183,1,0,0.9958,0.02666
human,plate17,flu-seqneut-2026-UWMC-072,A/Missouri/11/2025_egg_H1N1,plate17-A/Missouri/11/2025_egg_H1N1,0.0003156,interpolated,0.0003156,0.0003156,interpolated,1.476,1,0,0.9899,0.03399
human,plate17,flu-seqneut-2026-UWMC-072,A/Missouri/NIRC-AV-1003/2025_H3N2,plate17-A/Missouri/NIRC-AV-1003/2025_H3N2,0.001134,interpolated,0.001534,0.001534,interpolated,1.331,0.8345,0,0.9227,0.09012
human,plate17,flu-seqneut-2026-UWMC-072,A/Montana/51/2025_H3N2,plate17-A/Montana/51/2025_H3N2,0.0007478,interpolated,0.000785,0.000785,interpolated,0.9492,0.9774,0,0.8892,0.1121
human,plate17,flu-seqneut-2026-UWMC-072,A/NakhonPhanom/P495/2026_H3N2,plate17-A/NakhonPhanom/P495/2026_H3N2,0.002418,interpolated,0.003027,0.003027,interpolated,2.407,0.7912,0,0.7837,0.1622
human,plate17,flu-seqneut-2026-UWMC-072,A/Navarra/260009/2025_H3N2,plate17-A/Navarra/260009/2025_H3N2,0.0006392,interpolated,0.0006392,0.0006392,interpolated,0.862,1,0,0.8975,0.1045
human,plate17,flu-seqneut-2026-UWMC-072,A/Nebraska/34/2026_H1N1,plate17-A/Nebraska/34/2026_H1N1,0.003261,interpolated,0.004453,0.004453,interpolated,1.668,0.7974,0,0.8978,0.1016
human,plate17,flu-seqneut-2026-UWMC-072,A/Netherlands/10008/2026_H1N1,plate17-A/Netherlands/10008/2026_H1N1,0.002957,interpolated,0.003607,0.003607,interpolated,1.734,0.8544,0,0.9129,0.09972
human,plate17,flu-seqneut-2026-UWMC-072,A/Netherlands/2398/2025_H1N1,plate17-A/Netherlands/2398/2025_H1N1,0.005469,interpolated,0.005701,0.005701,interpolated,1.711,0.9656,0,0.935,0.08826
human,plate17,flu-seqneut-2026-UWMC-072,A/Netherlands/543/2026_H1N1,plate17-A/Netherlands/543/2026_H1N1,0.004969,interpolated,0.005157,0.005157,interpolated,1.838,0.967,0,0.9177,0.09947
human,plate17,flu-seqneut-2026-UWMC-072,A/Netherlands/864/2026_H1N1,plate17-A/Netherlands/864/2026_H1N1,0.004347,interpolated,0.004406,0.004406,interpolated,10,0.9372,0,0.939,0.09674
human,plate17,flu-seqneut-2026-UWMC-072,A/Netherlands/888/2026_H3N2,plate17-A/Netherlands/888/2026_H3N2,0.001988,interpolated,0.0026,0.0026,interpolated,1.696,0.8172,0,0.8632,0.1265
human,plate17,flu-seqneut-2026-UWMC-072,A/Netherlands/968/2026_H3N2,plate17-A/Netherlands/968/2026_H3N2,0.001861,interpolated,0.002521,0.002521,interpolated,0.8,0.8922,0,0.9001,0.08571
human,plate17,flu-seqneut-2026-UWMC-072,A/NewBrunswick/NBPHLFLUA10B-MM00057R/2026_H1N1,plate17-A/NewBrunswick/NBPHLFLUA10B-MM00057R/2026_H1N1,0.004411,interpolated,0.005211,0.005211,interpolated,1.808,0.8698,0,0.8565,0.1268
human,plate17,flu-seqneut-2026-UWMC-072,A/NewYork/NIRC-IS-1086/2026_H3N2,plate17-A/NewYork/NIRC-IS-1086/2026_H3N2,0.003783,interpolated,0.00393,0.00393,interpolated,10,0.8407,0,0.9547,0.08355
human,plate17,flu-seqneut-2026-UWMC-072,A/NordrheinWestfalen/54/2026_H3N2,plate17-A/NordrheinWestfalen/54/2026_H3N2,0.001535,interpolated,0.002153,0.002153,interpolated,1.187,0.8347,0,0.8821,0.1114
human,plate17,flu-seqneut-2026-UWMC-072,A/NordrheinWestfalen/96/2026_H1N1,plate17-A/NordrheinWestfalen/96/2026_H1N1,0.008325,interpolated,0.008373,0.008373,interpolated,2.053,0.9941,0,0.987,0.03765
human,plate17,flu-seqneut-2026-UWMC-072,A/Norway/9556/2025_H1N1,plate17-A/Norway/9556/2025_H1N1,0.004832,interpolated,0.004849,0.004849,interpolated,2.425,0.9958,0,0.9915,0.03536
human,plate17,flu-seqneut-2026-UWMC-072,A/NovaScotia/25-365-06099/2025_H3N2,plate17-A/NovaScotia/25-365-06099/2025_H3N2,0.0004375,interpolated,0.000671,0.000671,interpolated,0.8811,0.843,0,0.9779,0.03884
human,plate17,flu-seqneut-2026-UWMC-072,A/Ohio/259/2024_H1N1,plate17-A/Ohio/259/2024_H1N1,0.003293,interpolated,0.003402,0.003402,interpolated,2.822,0.9558,0,0.9892,0.04198
human,plate17,flu-seqneut-2026-UWMC-072,A/Ontario/PHL202550193/2025_H3N2,plate17-A/Ontario/PHL202550193/2025_H3N2,0.003043,interpolated,0.007103,0.007103,interpolated,1.537,0.6359,0,0.7497,0.1209
human,plate17,flu-seqneut-2026-UWMC-072,A/Oregon/81/2025_H3N2,plate17-A/Oregon/81/2025_H3N2,0.000687,interpolated,0.000687,0.000687,interpolated,0.802,1,0,0.8912,0.1056
human,plate17,flu-seqneut-2026-UWMC-072,A/PaisVasco/70369726/2026_H1N1,plate17-A/PaisVasco/70369726/2026_H1N1,0.003729,interpolated,0.003748,0.003748,interpolated,1.787,0.9956,0,0.9837,0.04814
human,plate17,flu-seqneut-2026-UWMC-072,A/Parana/416133590/2026_H3N2,plate17-A/Parana/416133590/2026_H3N2,0.001048,interpolated,0.001424,0.001424,interpolated,0.8,0.8912,0,0.8286,0.119
human,plate17,flu-seqneut-2026-UWMC-072,A/Peru/ANC-INS-062/2026_H3N2,plate17-A/Peru/ANC-INS-062/2026_H3N2,0.001518,interpolated,0.001861,0.001861,interpolated,1.709,0.8529,0,0.9073,0.1077
human,plate17,flu-seqneut-2026-UWMC-072,A/Rhode_Island/11/2026_H1N1,plate17-A/Rhode_Island/11/2026_H1N1,0.004028,interpolated,0.004438,0.004438,interpolated,2.025,0.9108,0,0.9515,0.07795
human,plate17,flu-seqneut-2026-UWMC-072,A/RiodeJaneiro/331/2026_H3N2,plate17-A/RiodeJaneiro/331/2026_H3N2,0.001256,interpolated,0.002015,0.002015,interpolated,1.355,0.7635,0,0.899,0.09386
human,plate17,flu-seqneut-2026-UWMC-072,A/Romania/612042/2026_H3N2,plate17-A/Romania/612042/2026_H3N2,0.002689,interpolated,0.003741,0.003741,interpolated,3.214,0.673,0,0.9061,0.08988
human,plate17,flu-seqneut-2026-UWMC-072,A/SantaCatarina/508/2026_H3N2,plate17-A/SantaCatarina/508/2026_H3N2,0.0008634,interpolated,0.0008634,0.0008634,interpolated,0.8,1,0,0.8222,0.1397
human,plate17,flu-seqneut-2026-UWMC-072,A/Saskatchewan/SKFLU477299/2025_H3N2,plate17-A/Saskatchewan/SKFLU477299/2025_H3N2,0.002549,interpolated,0.003771,0.003771,interpolated,4.111,0.6,0,0.8758,0.08776
human,plate17,flu-seqneut-2026-UWMC-072,A/Saskatchewan/SKFLU477727/2025_H3N2,plate17-A/Saskatchewan/SKFLU477727/2025_H3N2,0.000978,interpolated,0.000978,0.000978,interpolated,0.8,1,0,0.9269,0.08602
human,plate17,flu-seqneut-2026-UWMC-072,A/Saskatchewan/SKFLU490586/2026_H1N1,plate17-A/Saskatchewan/SKFLU490586/2026_H1N1,0.004266,interpolated,0.004981,0.004981,interpolated,2.235,0.8536,0,0.8649,0.13
human,plate17,flu-seqneut-2026-UWMC-072,A/Singapore/GP20238/2024_H3N2,plate17-A/Singapore/GP20238/2024_H3N2,0.0001704,interpolated,0.0001704,0.0001704,interpolated,3.128,1,0,0.9895,0.03466
human,plate17,flu-seqneut-2026-UWMC-072,A/Singapore/KK2768/2025_H1N1,plate17-A/Singapore/KK2768/2025_H1N1,0.004606,interpolated,0.005141,0.005141,interpolated,1.619,0.9184,0,0.9456,0.07827
human,plate17,flu-seqneut-2026-UWMC-072,A/Singapore/MOH0547/2024_H1N1,plate17-A/Singapore/MOH0547/2024_H1N1,0.006062,interpolated,0.006477,0.006477,interpolated,2.101,0.9352,0,0.8972,0.1111
human,plate17,flu-seqneut-2026-UWMC-072,A/Singapore/NTF0577/2025_H3N2,plate17-A/Singapore/NTF0577/2025_H3N2,0.002336,interpolated,0.002947,0.002947,interpolated,2.661,0.7695,0,0.8954,0.1099
human,plate17,flu-seqneut-2026-UWMC-072,A/Singapore/SAR8915/2025_H3N2,plate17-A/Singapore/SAR8915/2025_H3N2,0.0008778,interpolated,0.0009429,0.0009429,interpolated,0.8,0.9722,0,0.8966,0.09801
human,plate17,flu-seqneut-2026-UWMC-072,A/SouthAfrica/NHLS-SU-CERI-C075557/2026_H1N1,plate17-A/SouthAfrica/NHLS-SU-CERI-C075557/2026_H1N1,0.002041,interpolated,0.002184,0.002184,interpolated,2.156,0.932,0,0.9897,0.03931
human,plate17,flu-seqneut-2026-UWMC-072,A/SouthAfrica/NICD-R01647/2026_H1N1,plate17-A/SouthAfrica/NICD-R01647/2026_H1N1,0.002642,interpolated,0.002758,0.002758,interpolated,1.686,0.9649,0,0.9919,0.03453
human,plate17,flu-seqneut-2026-UWMC-072,A/SouthAfrica/NICD-R01668/2026_H1N1,plate17-A/SouthAfrica/NICD-R01668/2026_H1N1,0.003116,interpolated,0.003342,0.003342,interpolated,3.096,0.9024,0,0.9684,0.06826
human,plate17,flu-seqneut-2026-UWMC-072,A/SouthAfrica/PATH-CERI-C073358/2025_H1N1,plate17-A/SouthAfrica/PATH-CERI-C073358/2025_H1N1,0.002459,interpolated,0.002568,0.002568,interpolated,2.577,0.9469,0,0.9717,0.06811
human,plate17,flu-seqneut-2026-UWMC-072,A/SouthAfrica/PATH-CERI-C073366/2025_H1N1,plate17-A/SouthAfrica/PATH-CERI-C073366/2025_H1N1,0.003624,interpolated,0.003844,0.003844,interpolated,4.56,0.8822,0,0.9491,0.08828
human,plate17,flu-seqneut-2026-UWMC-072,A/SouthAfrica/PATH-CERI-C075119/2026_H1N1,plate17-A/SouthAfrica/PATH-CERI-C075119/2026_H1N1,0.002576,interpolated,0.002774,0.002774,interpolated,2.528,0.9143,0,0.913,0.119
human,plate17,flu-seqneut-2026-UWMC-072,A/SouthAustralia/2605715552/2026_H3N2,plate17-A/SouthAustralia/2605715552/2026_H3N2,0.001835,interpolated,0.001835,0.001835,interpolated,0.9515,1,0,0.9256,0.09663
human,plate17,flu-seqneut-2026-UWMC-072,A/SouthCarolina/USAFSAM-17046/2026_H3N2,plate17-A/SouthCarolina/USAFSAM-17046/2026_H3N2,0.001937,interpolated,0.002907,0.002907,interpolated,3.77,0.6082,0,0.9569,0.0573
human,plate17,flu-seqneut-2026-UWMC-072,A/South_Australia/2523812314/2025_H3N2,plate17-A/South_Australia/2523812314/2025_H3N2,0.001043,interpolated,0.001043,0.001043,interpolated,1.035,1,0,0.9575,0.07423
human,plate17,flu-seqneut-2026-UWMC-072,A/South_Australia/2527213276/2025_H3N2,plate17-A/South_Australia/2527213276/2025_H3N2,0.003058,interpolated,0.005299,0.005299,interpolated,2.58,0.6211,0,0.7638,0.1298
human,plate17,flu-seqneut-2026-UWMC-072,A/StPetersburg/RII-25-2042S/2025_H3N2,plate17-A/StPetersburg/RII-25-2042S/2025_H3N2,0.001153,interpolated,0.001604,0.001604,interpolated,0.8,0.8842,0,0.8287,0.1203
human,plate17,flu-seqneut-2026-UWMC-072,A/StPetersburg/RII-25-2321S/2025_H3N2,plate17-A/StPetersburg/RII-25-2321S/2025_H3N2,0.0006544,interpolated,0.0006544,0.0006544,interpolated,0.8,1,0,0.8495,0.123
human,plate17,flu-seqneut-2026-UWMC-072,A/StPetersburg/RII-25-2506S/2026_H3N2,plate17-A/StPetersburg/RII-25-2506S/2026_H3N2,0.002387,interpolated,0.003537,0.003537,interpolated,1.69,0.7572,0,0.8692,0.1054
human,plate17,flu-seqneut-2026-UWMC-072,A/StPetersburg/RII-25-2600S/2026_H3N2,plate17-A/StPetersburg/RII-25-2600S/2026_H3N2,0.00196,interpolated,0.002202,0.002202,interpolated,2.26,0.8844,0,0.9053,0.1178
human,plate17,flu-seqneut-2026-UWMC-072,A/Switzerland/UN-SNRCI-HUG-053/2025_H1N1,plate17-A/Switzerland/UN-SNRCI-HUG-053/2025_H1N1,0.00464,interpolated,0.005365,0.005365,interpolated,1.738,0.8885,0,0.9373,0.08045
human,plate17,flu-seqneut-2026-UWMC-072,A/Sydney/1359/2024_H3N2,plate17-A/Sydney/1359/2024_H3N2,0.0002686,interpolated,0.0002686,0.0002686,interpolated,1.27,1,0,0.9512,0.07117
human,plate17,flu-seqneut-2026-UWMC-072,A/Sydney/50/2026_H1N1,plate17-A/Sydney/50/2026_H1N1,0.005605,interpolated,0.006087,0.006087,interpolated,1.798,0.9311,0,0.9288,0.0908
human,plate17,flu-seqneut-2026-UWMC-072,A/Texas/29/2026_H1N1,plate17-A/Texas/29/2026_H1N1,0.005576,interpolated,0.005742,0.005742,interpolated,1.856,0.9735,0,0.9073,0.1081
human,plate17,flu-seqneut-2026-UWMC-072,A/Thailand/8/2022_H3N2,plate17-A/Thailand/8/2022_H3N2,0.0006769,interpolated,0.001355,0.001355,interpolated,2.183,0.61,0,0.9858,0.0311
human,plate17,flu-seqneut-2026-UWMC-072,A/Thuringen/16/2026_H3N2,plate17-A/Thuringen/16/2026_H3N2,0.00185,interpolated,0.001962,0.001962,interpolated,10,0.7775,0,0.9276,0.09398
human,plate17,flu-seqneut-2026-UWMC-072,A/Thuringen/39/2026_H3N2,plate17-A/Thuringen/39/2026_H3N2,0.00129,interpolated,0.002207,0.002207,interpolated,0.8,0.8254,0,0.8003,0.1251
human,plate17,flu-seqneut-2026-UWMC-072,A/Tokyo/EIS11-277/2024_H1N1,plate17-A/Tokyo/EIS11-277/2024_H1N1,0.005424,interpolated,0.005602,0.005602,interpolated,3.592,0.9454,0,0.9409,0.09408
human,plate17,flu-seqneut-2026-UWMC-072,A/Trieste/257/2025_H3N2,plate17-A/Trieste/257/2025_H3N2,0.002523,interpolated,0.003708,0.003708,interpolated,2.069,0.7254,0,0.7779,0.151
human,plate17,flu-seqneut-2026-UWMC-072,A/Trieste/380/2026_H3N2,plate17-A/Trieste/380/2026_H3N2,0.001037,interpolated,0.001037,0.001037,interpolated,0.8032,1,0,0.9017,0.1013
human,plate17,flu-seqneut-2026-UWMC-072,A/Ukraine/5214/2026_H1N1,plate17-A/Ukraine/5214/2026_H1N1,0.004284,interpolated,0.004345,0.004345,interpolated,7.753,0.9483,0,0.9222,0.1086
human,plate17,flu-seqneut-2026-UWMC-072,A/Uppsala/SE26-01293/2026_H1N1,plate17-A/Uppsala/SE26-01293/2026_H1N1,0.002813,interpolated,0.002813,0.002813,interpolated,1.612,1,0,0.9661,0.07191
human,plate17,flu-seqneut-2026-UWMC-072,A/Valencia/VAHNSI_09_02564/2025_H1N1,plate17-A/Valencia/VAHNSI_09_02564/2025_H1N1,0.003227,interpolated,0.003889,0.003889,interpolated,1.889,0.8515,0,0.9225,0.09397
human,plate17,flu-seqneut-2026-UWMC-072,A/Victoria/2948/2025_H3N2,plate17-A/Victoria/2948/2025_H3N2,0.002187,interpolated,0.003156,0.003156,interpolated,2.65,0.6891,0,0.9022,0.09196
human,plate17,flu-seqneut-2026-UWMC-072,A/Victoria/4897/2022_IVR-238_H1N1,plate17-A/Victoria/4897/2022_IVR-238_H1N1,0.0004644,interpolated,0.0004644,0.0004644,interpolated,1.714,1,0,0.9806,0.0541
human,plate17,flu-seqneut-2026-UWMC-072,A/Vietnam/F7324/2024_H3N2,plate17-A/Vietnam/F7324/2024_H3N2,0.0006514,interpolated,0.0006514,0.0006514,interpolated,0.9047,1,0,0.9623,0.0628
human,plate17,flu-seqneut-2026-UWMC-072,A/Vietnam/PF125413/2025_H1N1,plate17-A/Vietnam/PF125413/2025_H1N1,0.004943,interpolated,0.005049,0.005049,interpolated,2.31,0.976,0,0.9319,0.09796
human,plate17,flu-seqneut-2026-UWMC-072,A/Vietnam/PF126009/2026_H1N1,plate17-A/Vietnam/PF126009/2026_H1N1,0.005264,interpolated,0.005401,0.005401,interpolated,2.217,0.9723,0,0.9572,0.0754
human,plate17,flu-seqneut-2026-UWMC-072,A/Virginia/82/2025_H1N1,plate17-A/Virginia/82/2025_H1N1,0.003051,interpolated,0.003529,0.003529,interpolated,1.195,0.9202,0,0.9601,0.0653
human,plate17,flu-seqneut-2026-UWMC-072,A/Wisconsin/588/2019_H1N1,plate17-A/Wisconsin/588/2019_H1N1,0.001409,interpolated,0.001413,0.001413,interpolated,2.915,0.9965,0,0.9998,0.006221
human,plate17,flu-seqneut-2026-UWMC-072,A/Wisconsin/67/2022_H1N1,plate17-A/Wisconsin/67/2022_H1N1,0.003517,interpolated,0.003666,0.003666,interpolated,3.609,0.9303,0,0.9777,0.05967
human,plate17,flu-seqneut-2026-UWMC-072,A/Zacapa/FLU-012/2025_H1N1,plate17-A/Zacapa/FLU-012/2025_H1N1,0.003455,interpolated,0.003789,0.003789,interpolated,1.863,0.9209,0,0.949,0.08154
human,plate17,flu-seqneut-2026-UWMC-072,A/Zambia/6-NIC-014/2026_H1N1,plate17-A/Zambia/6-NIC-014/2026_H1N1,0.005131,interpolated,0.006067,0.006067,interpolated,1.854,0.8664,0,0.8389,0.1316
human,plate17,flu-seqneut-2026-UWMC-072,A/Zambia/7-NIC-313/2026_H1N1,plate17-A/Zambia/7-NIC-313/2026_H1N1,0.007841,interpolated,0.008654,0.008654,interpolated,1.64,0.9254,0,0.8204,0.1361
human,plate17,flu-seqneut-2026-UWMC-073,A/Andalucia/PMC-00977/2025_H1N1,plate17-A/Andalucia/PMC-00977/2025_H1N1,0.003201,interpolated,0.003365,0.003365,interpolated,3.68,0.9161,0,0.9376,0.1033
human,plate17,flu-seqneut-2026-UWMC-073,A/Andalucia/PMC-01217/2025_H1N1,plate17-A/Andalucia/PMC-01217/2025_H1N1,0.003341,interpolated,0.003863,0.003863,interpolated,2.305,0.8577,0,0.9092,0.1118
human,plate17,flu-seqneut-2026-UWMC-073,A/Andalucia/PMC-01495/2025_H1N1,plate17-A/Andalucia/PMC-01495/2025_H1N1,0.00166,interpolated,0.001702,0.001702,interpolated,1.306,0.9839,0,0.9665,0.0699
human,plate17,flu-seqneut-2026-UWMC-073,A/Arizona/40/2026_H1N1,plate17-A/Arizona/40/2026_H1N1,0.003152,interpolated,0.003196,0.003196,interpolated,5.769,0.9614,0,0.9887,0.04737
human,plate17,flu-seqneut-2026-UWMC-073,A/Astrakhan/RII-MH273373S/2025_H3N2,plate17-A/Astrakhan/RII-MH273373S/2025_H3N2,0.001354,interpolated,0.001354,0.001354,interpolated,0.9189,1,0,0.8834,0.1188
human,plate17,flu-seqneut-2026-UWMC-073,A/Asturias/232590913/2025_H1N1,plate17-A/Asturias/232590913/2025_H1N1,0.004047,interpolated,0.004143,0.004143,interpolated,10,0.8948,0,0.9392,0.1021
human,plate17,flu-seqneut-2026-UWMC-073,A/Badajoz/18738342/2026_H3N2,plate17-A/Badajoz/18738342/2026_H3N2,0.00128,interpolated,0.001369,0.001369,interpolated,0.8,0.9736,0,0.8327,0.1286
human,plate17,flu-seqneut-2026-UWMC-073,A/Badajoz/18811358/2026_H3N2,plate17-A/Badajoz/18811358/2026_H3N2,0.00886,interpolated,0.01002,0.01002,interpolated,10,0.6456,0,0.5493,0.212
human,plate17,flu-seqneut-2026-UWMC-073,A/Badajoz/18813527/2026_H3N2,plate17-A/Badajoz/18813527/2026_H3N2,0.002226,interpolated,0.002609,0.002609,interpolated,1.093,0.9202,0,0.8696,0.1212
human,plate17,flu-seqneut-2026-UWMC-073,A/Bangkok/P2390/2025_H3N2,plate17-A/Bangkok/P2390/2025_H3N2,0.003539,interpolated,0.003814,0.003814,interpolated,3.95,0.8722,0,0.8319,0.151
human,plate17,flu-seqneut-2026-UWMC-073,A/Bangkok/P2391/2025_H3N2,plate17-A/Bangkok/P2391/2025_H3N2,0.001606,interpolated,0.001689,0.001689,interpolated,0.8,0.9802,0,0.672,0.1999
human,plate17,flu-seqneut-2026-UWMC-073,A/Blaenavon/6687/2026_H3N2,plate17-A/Blaenavon/6687/2026_H3N2,0.004277,interpolated,0.004505,0.004505,interpolated,1.111,0.972,0,0.903,0.1011
human,plate17,flu-seqneut-2026-UWMC-073,A/Bolivia/OR5702/2025_H3N2,plate17-A/Bolivia/OR5702/2025_H3N2,0.001734,interpolated,0.002173,0.002173,interpolated,0.8,0.9175,0,0.7427,0.1312
human,plate17,flu-seqneut-2026-UWMC-073,A/BritishColumbia/RV00022-26/2025_H1N1,plate17-A/BritishColumbia/RV00022-26/2025_H1N1,0.002744,interpolated,0.00289,0.00289,interpolated,3.662,0.9133,0,0.9694,0.07197
human,plate17,flu-seqneut-2026-UWMC-073,A/BritishColumbia/RV00279-26/2025_H3N2,plate17-A/BritishColumbia/RV00279-26/2025_H3N2,0.0008653,interpolated,0.0008653,0.0008653,interpolated,0.8,1,0,0.7985,0.1436
human,plate17,flu-seqneut-2026-UWMC-073,A/BritishColumbia/RV01350-26/2026_H1N1,plate17-A/BritishColumbia/RV01350-26/2026_H1N1,0.002178,interpolated,0.002281,0.002281,interpolated,3.465,0.9259,0,0.9411,0.1021
human,plate17,flu-seqneut-2026-UWMC-073,A/BritishColumbia/RV05508-25/2025_H1N1,plate17-A/BritishColumbia/RV05508-25/2025_H1N1,0.002313,interpolated,0.00244,0.00244,interpolated,3.173,0.9218,0,0.9345,0.1067
human,plate17,flu-seqneut-2026-UWMC-073,A/California/GKISBBBH79910/2026_H3N2,plate17-A/California/GKISBBBH79910/2026_H3N2,0.001099,interpolated,0.001427,0.001427,interpolated,0.8,0.9058,0,0.8228,0.12
human,plate17,flu-seqneut-2026-UWMC-073,A/California/NIRC-IS-1019/2026_H1N1,plate17-A/California/NIRC-IS-1019/2026_H1N1,0.002711,interpolated,0.003107,0.003107,interpolated,2.374,0.8619,0,0.893,0.1248
human,plate17,flu-seqneut-2026-UWMC-073,A/California/NIRC-IS-1059/2026_H3N2,plate17-A/California/NIRC-IS-1059/2026_H3N2,0.001301,interpolated,0.001301,0.001301,interpolated,0.8674,1,0,0.8885,0.1099
human,plate17,flu-seqneut-2026-UWMC-073,A/California/NIRC-IS-1067/2026_H3N2,plate17-A/California/NIRC-IS-1067/2026_H3N2,0.001902,interpolated,0.001902,0.001902,interpolated,0.8106,1,0,0.8823,0.1112
human,plate17,flu-seqneut-2026-UWMC-073,A/California/NIRC-IS-1356/2025_H1N1,plate17-A/California/NIRC-IS-1356/2025_H1N1,0.003703,interpolated,0.003745,0.003745,interpolated,5.979,0.9674,0,0.9916,0.0401
human,plate17,flu-seqneut-2026-UWMC-073,A/Castellon/VAHNSI_02_02400/2025_H3N2,plate17-A/Castellon/VAHNSI_02_02400/2025_H3N2,0.001202,interpolated,0.001202,0.001202,interpolated,0.8,1,0,0.9015,0.09877
human,plate17,flu-seqneut-2026-UWMC-073,A/Colombia/1851/2024_H3N2,plate17-A/Colombia/1851/2024_H3N2,0.00214,interpolated,0.00214,0.00214,interpolated,1.168,1,0,0.9667,0.06533
human,plate17,flu-seqneut-2026-UWMC-073,A/Colorado/218/2024_H1N1,plate17-A/Colorado/218/2024_H1N1,0.001501,interpolated,0.001501,0.001501,interpolated,2.089,1,0,0.9974,0.0217
human,plate17,flu-seqneut-2026-UWMC-073,A/Connecticut/5/2026_H3N2,plate17-A/Connecticut/5/2026_H3N2,0.001266,interpolated,0.001266,0.001266,interpolated,0.8367,1,0,0.8832,0.115
human,plate17,flu-seqneut-2026-UWMC-073,A/Croatia/10136RV/2023_H3N2,plate17-A/Croatia/10136RV/2023_H3N2,0.002241,interpolated,0.002241,0.002241,interpolated,0.8058,1,0,0.9047,0.09916
human,plate17,flu-seqneut-2026-UWMC-073,A/Darwin/1415/2025_H3N2,plate17-A/Darwin/1415/2025_H3N2,0.002392,interpolated,0.003132,0.003132,interpolated,1.225,0.8593,0,0.7796,0.1592
human,plate17,flu-seqneut-2026-UWMC-073,A/Darwin/1454/2025_H3N2,plate17-A/Darwin/1454/2025_H3N2,0.00114,interpolated,0.00114,0.00114,interpolated,0.8964,1,0,0.8967,0.1067
human,plate17,flu-seqneut-2026-UWMC-073,A/Denmark/3940/2025_H3N2,plate17-A/Denmark/3940/2025_H3N2,0.002158,interpolated,0.002491,0.002491,interpolated,0.8,0.9458,0,0.7124,0.174
human,plate17,flu-seqneut-2026-UWMC-073,A/Denmark/4547/2025_H1N1,plate17-A/Denmark/4547/2025_H1N1,0.002857,interpolated,0.003074,0.003074,interpolated,2.765,0.9083,0,0.9324,0.1039
human,plate17,flu-seqneut-2026-UWMC-073,A/Denmark/4774/2025_H1N1,plate17-A/Denmark/4774/2025_H1N1,0.002409,interpolated,0.002618,0.002618,interpolated,2.487,0.9064,0,0.8948,0.1316
human,plate17,flu-seqneut-2026-UWMC-073,A/District_Of_Columbia/27/2023_H3N2,plate17-A/District_Of_Columbia/27/2023_H3N2,0.00181,interpolated,0.002114,0.002114,interpolated,0.8,0.9415,0,0.8427,0.1184
human,plate17,flu-seqneut-2026-UWMC-073,A/Distrito_Federal/250106000728/2025_H3N2,plate17-A/Distrito_Federal/250106000728/2025_H3N2,0.004575,interpolated,0.004942,0.004942,interpolated,1.229,0.9548,0,0.8484,0.1281
human,plate17,flu-seqneut-2026-UWMC-073,A/England/1893256/2026_H1N1,plate17-A/England/1893256/2026_H1N1,0.001858,interpolated,0.002019,0.002019,interpolated,2.984,0.8899,0,0.9049,0.1261
human,plate17,flu-seqneut-2026-UWMC-073,A/Florida/ISC-1069/2026_H3N2,plate17-A/Florida/ISC-1069/2026_H3N2,0.000902,interpolated,0.000902,0.000902,interpolated,0.8,1,0,0.914,0.09105
human,plate17,flu-seqneut-2026-UWMC-073,A/France/ARA-HCL025195259501/2025_H1N1,plate17-A/France/ARA-HCL025195259501/2025_H1N1,0.00224,interpolated,0.002498,0.002498,interpolated,1.761,0.9126,0,0.9303,0.102
human,plate17,flu-seqneut-2026-UWMC-073,A/France/ARA-HCL026031894402/2026_H3N2,plate17-A/France/ARA-HCL026031894402/2026_H3N2,0.002121,interpolated,0.002121,0.002121,interpolated,0.8045,1,0,0.7825,0.1567
human,plate17,flu-seqneut-2026-UWMC-073,A/France/GES-IPP00659/2026_H1N1,plate17-A/France/GES-IPP00659/2026_H1N1,0.002533,interpolated,0.002654,0.002654,interpolated,2.526,0.9446,0,0.955,0.08733
human,plate17,flu-seqneut-2026-UWMC-073,A/France/GES-IPP01077/2026_H3N2,plate17-A/France/GES-IPP01077/2026_H3N2,0.001807,interpolated,0.001807,0.001807,interpolated,0.8,1,0,0.7219,0.1596
human,plate17,flu-seqneut-2026-UWMC-073,A/France/HDF-IPP01550/2026_H3N2,plate17-A/France/HDF-IPP01550/2026_H3N2,0.00259,interpolated,0.00282,0.00282,interpolated,0.8,0.9671,0,0.6924,0.1529
human,plate17,flu-seqneut-2026-UWMC-073,A/France/HDF-RELAB-IPP00300/2026_H3N2,plate17-A/France/HDF-RELAB-IPP00300/2026_H3N2,0.002508,interpolated,0.002508,0.002508,interpolated,0.804,1,0,0.853,0.1236
human,plate17,flu-seqneut-2026-UWMC-073,A/France/HDF-RELAB-IPP00303/2026_H3N2,plate17-A/France/HDF-RELAB-IPP00303/2026_H3N2,0.004035,interpolated,0.004168,0.004168,interpolated,10,0.8618,0,0.7698,0.1823
human,plate17,flu-seqneut-2026-UWMC-073,A/France/HDF-RELAB-IPP07969/2025_H1N1,plate17-A/France/HDF-RELAB-IPP07969/2025_H1N1,0.002759,interpolated,0.002772,0.002772,interpolated,3.096,0.9927,0,0.9951,0.02976
human,plate17,flu-seqneut-2026-UWMC-073,A/France/NAQ-HCL026010957001/2026_H3N2,plate17-A/France/NAQ-HCL026010957001/2026_H3N2,0.0007858,interpolated,0.0007858,0.0007858,interpolated,0.8,1,0,0.9004,0.09532
human,plate17,flu-seqneut-2026-UWMC-073,A/France/NAQ-HCL026046169102/2025_H1N1,plate17-A/France/NAQ-HCL026046169102/2025_H1N1,0.001039,interpolated,0.001039,0.001039,interpolated,1.254,1,0,0.9536,0.08428
human,plate17,flu-seqneut-2026-UWMC-073,A/France/OCC-HCL026013263701/2026_H3N2,plate17-A/France/OCC-HCL026013263701/2026_H3N2,0.001644,interpolated,0.001871,0.001871,interpolated,1.161,0.9301,0,0.8867,0.1179
human,plate17,flu-seqneut-2026-UWMC-073,A/France/PAC-RELAB-HCL026021993801/2026_H3N2,plate17-A/France/PAC-RELAB-HCL026021993801/2026_H3N2,0.001834,interpolated,0.001834,0.001834,interpolated,0.8857,1,0,0.7934,0.1598
human,plate17,flu-seqneut-2026-UWMC-073,A/Galicia/GA-CHUAC-451/2025_H3N2,plate17-A/Galicia/GA-CHUAC-451/2025_H3N2,0.002385,interpolated,0.002695,0.002695,interpolated,0.8,0.9535,0,0.7083,0.1698
human,plate17,flu-seqneut-2026-UWMC-073,A/Galicia/GA-CHUAC-612/2025_H1N1,plate17-A/Galicia/GA-CHUAC-612/2025_H1N1,0.003393,interpolated,0.003452,0.003452,interpolated,3.607,0.9699,0,0.9916,0.03894
human,plate17,flu-seqneut-2026-UWMC-073,A/Germany/LRMC_0104/2025_H3N2,plate17-A/Germany/LRMC_0104/2025_H3N2,0.001367,interpolated,0.001367,0.001367,interpolated,0.8,1,0,0.785,0.1574
human,plate17,flu-seqneut-2026-UWMC-073,A/Germany/LRMC_0113/2025_H3N2,plate17-A/Germany/LRMC_0113/2025_H3N2,0.001509,interpolated,0.001509,0.001509,interpolated,0.8,1,0,0.9191,0.08284
human,plate17,flu-seqneut-2026-UWMC-073,A/Hawaii/70/2019_H1N1,plate17-A/Hawaii/70/2019_H1N1,0.001957,interpolated,0.001973,0.001973,interpolated,10,0.9607,0,0.9876,0.04955
human,plate17,flu-seqneut-2026-UWMC-073,A/Hawaii/ISC-1140/2025_H1N1,plate17-A/Hawaii/ISC-1140/2025_H1N1,0.001959,interpolated,0.001985,0.001985,interpolated,10,0.9388,0,0.9702,0.07575
human,plate17,flu-seqneut-2026-UWMC-073,A/Hessen/18/2026_H1N1,plate17-A/Hessen/18/2026_H1N1,0.002676,interpolated,0.002718,0.002718,interpolated,2.56,0.9803,0,0.9879,0.04637
human,plate17,flu-seqneut-2026-UWMC-073,A/Ireland/91576/2025_H3N2,plate17-A/Ireland/91576/2025_H3N2,0.003035,interpolated,0.003035,0.003035,interpolated,0.8,1,0,0.6696,0.1686
human,plate17,flu-seqneut-2026-UWMC-073,A/Kentucky/80/2025_H1N1,plate17-A/Kentucky/80/2025_H1N1,0.001804,interpolated,0.00189,0.00189,interpolated,2.198,0.9514,0,0.9814,0.05604
human,plate17,flu-seqneut-2026-UWMC-073,A/Lisboa/216/2023_H3N2,plate17-A/Lisboa/216/2023_H3N2,0.002638,interpolated,0.004187,0.004187,interpolated,1.247,0.7812,0,0.7839,0.1364
human,plate17,flu-seqneut-2026-UWMC-073,A/Luxembourg/LNS9132577/2026_H3N2,plate17-A/Luxembourg/LNS9132577/2026_H3N2,0.004465,interpolated,0.005604,0.005604,interpolated,1.507,0.855,0,0.625,0.2123
human,plate17,flu-seqneut-2026-UWMC-073,A/Maine/25/2026_H1N1,plate17-A/Maine/25/2026_H1N1,0.002177,interpolated,0.00219,0.00219,interpolated,2.932,0.9917,0,0.9905,0.04226
human,plate17,flu-seqneut-2026-UWMC-073,A/Malaysia/IMR/SARI/2406/2025_H3N2,plate17-A/Malaysia/IMR/SARI/2406/2025_H3N2,0.001272,interpolated,0.001272,0.001272,interpolated,0.8,1,0,0.8418,0.1219
human,plate17,flu-seqneut-2026-UWMC-073,A/Massachusetts/18/2022_H3N2,plate17-A/Massachusetts/18/2022_H3N2,0.002242,interpolated,0.002242,0.002242,interpolated,0.9706,1,0,0.9313,0.08464
human,plate17,flu-seqneut-2026-UWMC-073,A/Massachusetts/ISC-1856/2025_H3N2,plate17-A/Massachusetts/ISC-1856/2025_H3N2,0.0007219,interpolated,0.0007927,0.0007927,interpolated,0.8,0.9639,0,0.8365,0.1183
human,plate17,flu-seqneut-2026-UWMC-073,A/Mauritius/26000203/2026_H1N1,plate17-A/Mauritius/26000203/2026_H1N1,0.00286,interpolated,0.003084,0.003084,interpolated,2.023,0.9295,0,0.9429,0.09362
human,plate17,flu-seqneut-2026-UWMC-073,A/Michigan/8/2026_H3N2,plate17-A/Michigan/8/2026_H3N2,0.001387,interpolated,0.001387,0.001387,interpolated,0.8025,1,0,0.891,0.1071
human,plate17,flu-seqneut-2026-UWMC-073,A/Michigan/UM-10068071276/2025_H3N2,plate17-A/Michigan/UM-10068071276/2025_H3N2,0.00174,interpolated,0.00174,0.00174,interpolated,0.869,1,0,0.9294,0.08751
human,plate17,flu-seqneut-2026-UWMC-073,A/Michigan/UM-10068134090/2025_H3N2,plate17-A/Michigan/UM-10068134090/2025_H3N2,0.001098,interpolated,0.001098,0.001098,interpolated,0.8796,1,0,0.8217,0.1477
human,plate17,flu-seqneut-2026-UWMC-073,A/Michigan/UM-10068449788/2025_H3N2,plate17-A/Michigan/UM-10068449788/2025_H3N2,0.001527,interpolated,0.001527,0.001527,interpolated,0.8,1,0,0.817,0.1348
human,plate17,flu-seqneut-2026-UWMC-073,A/Michigan/UM-10068456988/2025_H3N2,plate17-A/Michigan/UM-10068456988/2025_H3N2,0.001868,interpolated,0.001868,0.001868,interpolated,0.8,1,0,0.8372,0.1231
human,plate17,flu-seqneut-2026-UWMC-073,A/Michigan/UM-10068747355/2026_H3N2,plate17-A/Michigan/UM-10068747355/2026_H3N2,0.001498,interpolated,0.001504,0.001504,interpolated,0.8,0.9983,0,0.7495,0.1485
human,plate17,flu-seqneut-2026-UWMC-073,A/MinasGerais/410/2026_H1N1,plate17-A/MinasGerais/410/2026_H1N1,0.003081,interpolated,0.003127,0.003127,interpolated,4.18,0.9697,0,0.9919,0.03935
human,plate17,flu-seqneut-2026-UWMC-073,A/MinasGerais/671/2026_H1N1,plate17-A/MinasGerais/671/2026_H1N1,0.002564,interpolated,0.002834,0.002834,interpolated,2.64,0.8838,0,0.9233,0.1087
human,plate17,flu-seqneut-2026-UWMC-073,A/Mississippi/20/2026_H1N1,plate17-A/Mississippi/20/2026_H1N1,0.003548,interpolated,0.003548,0.003548,interpolated,4.34,1,0,0.9973,0.02241
human,plate17,flu-seqneut-2026-UWMC-073,A/Missouri/11/2025_cell_H1N1,plate17-A/Missouri/11/2025_cell_H1N1,0.001812,interpolated,0.001865,0.001865,interpolated,10,0.8745,0,0.8773,0.1403
human,plate17,flu-seqneut-2026-UWMC-073,A/Missouri/11/2025_egg_H1N1,plate17-A/Missouri/11/2025_egg_H1N1,0.0001773,interpolated,0.0001773,0.0001773,interpolated,3.923,1,0,0.998,0.01565
human,plate17,flu-seqneut-2026-UWMC-073,A/Missouri/NIRC-AV-1003/2025_H3N2,plate17-A/Missouri/NIRC-AV-1003/2025_H3N2,0.001206,interpolated,0.001206,0.001206,interpolated,0.9828,1,0,0.9611,0.06657
human,plate17,flu-seqneut-2026-UWMC-073,A/Montana/51/2025_H3N2,plate17-A/Montana/51/2025_H3N2,0.00185,interpolated,0.00185,0.00185,interpolated,1.175,1,0,0.9216,0.105
human,plate17,flu-seqneut-2026-UWMC-073,A/NakhonPhanom/P495/2026_H3N2,plate17-A/NakhonPhanom/P495/2026_H3N2,0.003439,interpolated,0.004374,0.004374,interpolated,0.8,0.9126,0,0.8414,0.1039
human,plate17,flu-seqneut-2026-UWMC-073,A/Navarra/260009/2025_H3N2,plate17-A/Navarra/260009/2025_H3N2,0.002431,interpolated,0.002431,0.002431,interpolated,0.8,1,0,0.7758,0.1393
human,plate17,flu-seqneut-2026-UWMC-073,A/Nebraska/34/2026_H1N1,plate17-A/Nebraska/34/2026_H1N1,0.001786,interpolated,0.001786,0.001786,interpolated,1.569,1,0,0.994,0.03099
human,plate17,flu-seqneut-2026-UWMC-073,A/Netherlands/10008/2026_H1N1,plate17-A/Netherlands/10008/2026_H1N1,0.003615,interpolated,0.003779,0.003779,interpolated,8.783,0.839,0,0.9615,0.07968
human,plate17,flu-seqneut-2026-UWMC-073,A/Netherlands/2398/2025_H1N1,plate17-A/Netherlands/2398/2025_H1N1,0.002401,interpolated,0.00247,0.00247,interpolated,2.709,0.9629,0,0.9746,0.06677
human,plate17,flu-seqneut-2026-UWMC-073,A/Netherlands/543/2026_H1N1,plate17-A/Netherlands/543/2026_H1N1,0.002121,interpolated,0.002139,0.002139,interpolated,2.13,0.9912,0,0.9977,0.0198
human,plate17,flu-seqneut-2026-UWMC-073,A/Netherlands/864/2026_H1N1,plate17-A/Netherlands/864/2026_H1N1,0.00256,interpolated,0.002713,0.002713,interpolated,3.063,0.9187,0,0.9484,0.09321
human,plate17,flu-seqneut-2026-UWMC-073,A/Netherlands/888/2026_H3N2,plate17-A/Netherlands/888/2026_H3N2,0.004583,interpolated,0.004909,0.004909,interpolated,1.023,0.966,0,0.8614,0.1151
human,plate17,flu-seqneut-2026-UWMC-073,A/Netherlands/968/2026_H3N2,plate17-A/Netherlands/968/2026_H3N2,0.001758,interpolated,0.001758,0.001758,interpolated,0.9126,1,0,0.869,0.1214
human,plate17,flu-seqneut-2026-UWMC-073,A/NewBrunswick/NBPHLFLUA10B-MM00057R/2026_H1N1,plate17-A/NewBrunswick/NBPHLFLUA10B-MM00057R/2026_H1N1,0.001915,interpolated,0.001915,0.001915,interpolated,2.254,1,0,0.9958,0.02798
human,plate17,flu-seqneut-2026-UWMC-073,A/NewYork/NIRC-IS-1086/2026_H3N2,plate17-A/NewYork/NIRC-IS-1086/2026_H3N2,0.002488,interpolated,0.002531,0.002531,interpolated,0.8,0.9932,0,0.5406,0.214
human,plate17,flu-seqneut-2026-UWMC-073,A/NordrheinWestfalen/54/2026_H3N2,plate17-A/NordrheinWestfalen/54/2026_H3N2,0.0008236,interpolated,0.0008236,0.0008236,interpolated,0.8,1,0,0.9117,0.08536
human,plate17,flu-seqneut-2026-UWMC-073,A/NordrheinWestfalen/96/2026_H1N1,plate17-A/NordrheinWestfalen/96/2026_H1N1,0.003302,interpolated,0.003396,0.003396,interpolated,2.683,0.9638,0,0.9832,0.05337
human,plate17,flu-seqneut-2026-UWMC-073,A/Norway/9556/2025_H1N1,plate17-A/Norway/9556/2025_H1N1,0.002782,interpolated,0.002925,0.002925,interpolated,2.107,0.9499,0,0.9806,0.05534
human,plate17,flu-seqneut-2026-UWMC-073,A/NovaScotia/25-365-06099/2025_H3N2,plate17-A/NovaScotia/25-365-06099/2025_H3N2,0.0006907,interpolated,0.0006907,0.0006907,interpolated,0.8,1,0,0.8725,0.1045
human,plate17,flu-seqneut-2026-UWMC-073,A/Ohio/259/2024_H1N1,plate17-A/Ohio/259/2024_H1N1,0.00337,interpolated,0.003411,0.003411,interpolated,3.432,0.9796,0,0.9956,0.02812
human,plate17,flu-seqneut-2026-UWMC-073,A/Ontario/PHL202550193/2025_H3N2,plate17-A/Ontario/PHL202550193/2025_H3N2,0.001445,interpolated,0.001773,0.001773,interpolated,0.8,0.9245,0,0.9055,0.08723
human,plate17,flu-seqneut-2026-UWMC-073,A/Oregon/81/2025_H3N2,plate17-A/Oregon/81/2025_H3N2,0.0009505,interpolated,0.00118,0.00118,interpolated,0.8,0.9205,0,0.7117,0.1503
human,plate17,flu-seqneut-2026-UWMC-073,A/PaisVasco/70369726/2026_H1N1,plate17-A/PaisVasco/70369726/2026_H1N1,0.002593,interpolated,0.002602,0.002602,interpolated,2.788,0.9947,0,0.9992,0.01219
human,plate17,flu-seqneut-2026-UWMC-073,A/Parana/416133590/2026_H3N2,plate17-A/Parana/416133590/2026_H3N2,0.002481,interpolated,0.00273,0.00273,interpolated,0.8,0.9631,0,0.7748,0.1447
human,plate17,flu-seqneut-2026-UWMC-073,A/Peru/ANC-INS-062/2026_H3N2,plate17-A/Peru/ANC-INS-062/2026_H3N2,0.00304,interpolated,0.003495,0.003495,interpolated,0.8,0.9472,0,0.5956,0.2108
human,plate17,flu-seqneut-2026-UWMC-073,A/Rhode_Island/11/2026_H1N1,plate17-A/Rhode_Island/11/2026_H1N1,0.002228,interpolated,0.002275,0.002275,interpolated,2.586,0.9739,0,0.9835,0.05405
human,plate17,flu-seqneut-2026-UWMC-073,A/RiodeJaneiro/331/2026_H3N2,plate17-A/RiodeJaneiro/331/2026_H3N2,0.000943,interpolated,0.000943,0.000943,interpolated,0.8595,1,0,0.8157,0.1521
human,plate17,flu-seqneut-2026-UWMC-073,A/Romania/612042/2026_H3N2,plate17-A/Romania/612042/2026_H3N2,0.0009594,interpolated,0.001214,0.001214,interpolated,0.8,0.9142,0,0.7954,0.1215
human,plate17,flu-seqneut-2026-UWMC-073,A/SantaCatarina/508/2026_H3N2,plate17-A/SantaCatarina/508/2026_H3N2,0.002752,interpolated,0.003272,0.003272,interpolated,0.8,0.9353,0,0.6545,0.1727
human,plate17,flu-seqneut-2026-UWMC-073,A/Saskatchewan/SKFLU477299/2025_H3N2,plate17-A/Saskatchewan/SKFLU477299/2025_H3N2,0.0007195,interpolated,0.0007195,0.0007195,interpolated,0.8,1,0,0.8983,0.09701
human,plate17,flu-seqneut-2026-UWMC-073,A/Saskatchewan/SKFLU477727/2025_H3N2,plate17-A/Saskatchewan/SKFLU477727/2025_H3N2,0.001256,interpolated,0.001256,0.001256,interpolated,0.8542,1,0,0.877,0.1184
human,plate17,flu-seqneut-2026-UWMC-073,A/Saskatchewan/SKFLU490586/2026_H1N1,plate17-A/Saskatchewan/SKFLU490586/2026_H1N1,0.001793,interpolated,0.001874,0.001874,interpolated,1.847,0.9608,0,0.9753,0.06434
human,plate17,flu-seqneut-2026-UWMC-073,A/Singapore/GP20238/2024_H3N2,plate17-A/Singapore/GP20238/2024_H3N2,0.001067,interpolated,0.001067,0.001067,interpolated,0.8241,1,0,0.9094,0.09634
human,plate17,flu-seqneut-2026-UWMC-073,A/Singapore/KK2768/2025_H1N1,plate17-A/Singapore/KK2768/2025_H1N1,0.002781,interpolated,0.00297,0.00297,interpolated,2.86,0.9144,0,0.9228,0.1123
human,plate17,flu-seqneut-2026-UWMC-073,A/Singapore/MOH0547/2024_H1N1,plate17-A/Singapore/MOH0547/2024_H1N1,0.003159,interpolated,0.003336,0.003336,interpolated,2.326,0.9405,0,0.9531,0.0869
human,plate17,flu-seqneut-2026-UWMC-073,A/Singapore/NTF0577/2025_H3N2,plate17-A/Singapore/NTF0577/2025_H3N2,0.009128,interpolated,0.009613,0.009613,interpolated,10,0.7979,0,0.808,0.1454
human,plate17,flu-seqneut-2026-UWMC-073,A/Singapore/SAR8915/2025_H3N2,plate17-A/Singapore/SAR8915/2025_H3N2,0.00161,interpolated,0.001618,0.001618,interpolated,0.8,0.9981,0,0.8358,0.1269
human,plate17,flu-seqneut-2026-UWMC-073,A/SouthAfrica/NHLS-SU-CERI-C075557/2026_H1N1,plate17-A/SouthAfrica/NHLS-SU-CERI-C075557/2026_H1N1,0.00181,interpolated,0.001831,0.001831,interpolated,5.366,0.971,0,0.9927,0.03769
human,plate17,flu-seqneut-2026-UWMC-073,A/SouthAfrica/NICD-R01647/2026_H1N1,plate17-A/SouthAfrica/NICD-R01647/2026_H1N1,0.001903,interpolated,0.002003,0.002003,interpolated,2.057,0.9501,0,0.9601,0.0811
human,plate17,flu-seqneut-2026-UWMC-073,A/SouthAfrica/NICD-R01668/2026_H1N1,plate17-A/SouthAfrica/NICD-R01668/2026_H1N1,0.00255,interpolated,0.002611,0.002611,interpolated,2.57,0.9702,0,0.9804,0.05845
human,plate17,flu-seqneut-2026-UWMC-073,A/SouthAfrica/PATH-CERI-C073358/2025_H1N1,plate17-A/SouthAfrica/PATH-CERI-C073358/2025_H1N1,0.002075,interpolated,0.002078,0.002078,interpolated,4.347,0.9964,0,0.9984,0.0179
human,plate17,flu-seqneut-2026-UWMC-073,A/SouthAfrica/PATH-CERI-C073366/2025_H1N1,plate17-A/SouthAfrica/PATH-CERI-C073366/2025_H1N1,0.002455,interpolated,0.002617,0.002617,interpolated,2.504,0.9258,0,0.9747,0.06413
human,plate17,flu-seqneut-2026-UWMC-073,A/SouthAfrica/PATH-CERI-C075119/2026_H1N1,plate17-A/SouthAfrica/PATH-CERI-C075119/2026_H1N1,0.003544,interpolated,0.003615,0.003615,interpolated,8.663,0.9205,0,0.9547,0.09395
human,plate17,flu-seqneut-2026-UWMC-073,A/SouthAustralia/2605715552/2026_H3N2,plate17-A/SouthAustralia/2605715552/2026_H3N2,0.001838,interpolated,0.001968,0.001968,interpolated,0.8,0.9733,0,0.7182,0.1559
human,plate17,flu-seqneut-2026-UWMC-073,A/SouthCarolina/USAFSAM-17046/2026_H3N2,plate17-A/SouthCarolina/USAFSAM-17046/2026_H3N2,0.001149,interpolated,0.001149,0.001149,interpolated,0.8759,1,0,0.8052,0.1591
human,plate17,flu-seqneut-2026-UWMC-073,A/South_Australia/2523812314/2025_H3N2,plate17-A/South_Australia/2523812314/2025_H3N2,0.001582,interpolated,0.001654,0.001654,interpolated,0.8,0.9825,0,0.8627,0.1134
human,plate17,flu-seqneut-2026-UWMC-073,A/South_Australia/2527213276/2025_H3N2,plate17-A/South_Australia/2527213276/2025_H3N2,0.001274,interpolated,0.002026,0.002026,interpolated,1.208,0.7853,0,0.5305,0.2573
human,plate17,flu-seqneut-2026-UWMC-073,A/StPetersburg/RII-25-2042S/2025_H3N2,plate17-A/StPetersburg/RII-25-2042S/2025_H3N2,0.002065,interpolated,0.002065,0.002065,interpolated,0.856,1,0,0.8474,0.1297
human,plate17,flu-seqneut-2026-UWMC-073,A/StPetersburg/RII-25-2321S/2025_H3N2,plate17-A/StPetersburg/RII-25-2321S/2025_H3N2,0.001372,interpolated,0.001372,0.001372,interpolated,0.9477,1,0,0.7931,0.1698
human,plate17,flu-seqneut-2026-UWMC-073,A/StPetersburg/RII-25-2506S/2026_H3N2,plate17-A/StPetersburg/RII-25-2506S/2026_H3N2,0.001237,interpolated,0.001237,0.001237,interpolated,0.8593,1,0,0.9052,0.1004
human,plate17,flu-seqneut-2026-UWMC-073,A/StPetersburg/RII-25-2600S/2026_H3N2,plate17-A/StPetersburg/RII-25-2600S/2026_H3N2,0.0008572,interpolated,0.0008572,0.0008572,interpolated,1.128,1,0,0.9299,0.09438
human,plate17,flu-seqneut-2026-UWMC-073,A/Switzerland/UN-SNRCI-HUG-053/2025_H1N1,plate17-A/Switzerland/UN-SNRCI-HUG-053/2025_H1N1,0.002621,interpolated,0.002725,0.002725,interpolated,4.024,0.9275,0,0.9542,0.09122
human,plate17,flu-seqneut-2026-UWMC-073,A/Sydney/1359/2024_H3N2,plate17-A/Sydney/1359/2024_H3N2,0.001616,interpolated,0.001616,0.001616,interpolated,0.9291,1,0,0.9131,0.1004
human,plate17,flu-seqneut-2026-UWMC-073,A/Sydney/50/2026_H1N1,plate17-A/Sydney/50/2026_H1N1,0.004296,interpolated,0.004377,0.004377,interpolated,10,0.9148,0,0.8974,0.1287
human,plate17,flu-seqneut-2026-UWMC-073,A/Texas/29/2026_H1N1,plate17-A/Texas/29/2026_H1N1,0.003385,interpolated,0.003443,0.003443,interpolated,3.841,0.9682,0,0.9922,0.03759
human,plate17,flu-seqneut-2026-UWMC-073,A/Thailand/8/2022_H3N2,plate17-A/Thailand/8/2022_H3N2,0.001441,interpolated,0.001688,0.001688,interpolated,0.8,0.9405,0,0.8805,0.09622
human,plate17,flu-seqneut-2026-UWMC-073,A/Thuringen/16/2026_H3N2,plate17-A/Thuringen/16/2026_H3N2,0.001223,interpolated,0.001223,0.001223,interpolated,0.9281,1,0,0.9454,0.08012
human,plate17,flu-seqneut-2026-UWMC-073,A/Thuringen/39/2026_H3N2,plate17-A/Thuringen/39/2026_H3N2,0.002427,interpolated,0.002427,0.002427,interpolated,1.402,1,0,0.9291,0.09919
human,plate17,flu-seqneut-2026-UWMC-073,A/Tokyo/EIS11-277/2024_H1N1,plate17-A/Tokyo/EIS11-277/2024_H1N1,0.001567,interpolated,0.001622,0.001622,interpolated,2.272,0.9626,0,0.9874,0.0468
human,plate17,flu-seqneut-2026-UWMC-073,A/Trieste/257/2025_H3N2,plate17-A/Trieste/257/2025_H3N2,0.002485,interpolated,0.00261,0.00261,interpolated,0.8,0.9807,0,0.8616,0.1073
human,plate17,flu-seqneut-2026-UWMC-073,A/Trieste/380/2026_H3N2,plate17-A/Trieste/380/2026_H3N2,0.001388,interpolated,0.001388,0.001388,interpolated,0.8,1,0,0.8235,0.1337
human,plate17,flu-seqneut-2026-UWMC-073,A/Ukraine/5214/2026_H1N1,plate17-A/Ukraine/5214/2026_H1N1,0.002961,interpolated,0.002961,0.002961,interpolated,3.661,1,0,0.9997,0.007023
human,plate17,flu-seqneut-2026-UWMC-073,A/Uppsala/SE26-01293/2026_H1N1,plate17-A/Uppsala/SE26-01293/2026_H1N1,0.003136,interpolated,0.003136,0.003136,interpolated,3.633,1,0,0.9998,0.005985
human,plate17,flu-seqneut-2026-UWMC-073,A/Valencia/VAHNSI_09_02564/2025_H1N1,plate17-A/Valencia/VAHNSI_09_02564/2025_H1N1,0.003093,interpolated,0.003156,0.003156,interpolated,2.612,0.9741,0,0.9883,0.04488
human,plate17,flu-seqneut-2026-UWMC-073,A/Victoria/2948/2025_H3N2,plate17-A/Victoria/2948/2025_H3N2,0.004174,interpolated,0.004614,0.004614,interpolated,2.506,0.8891,0,0.8149,0.1605
human,plate17,flu-seqneut-2026-UWMC-073,A/Victoria/4897/2022_IVR-238_H1N1,plate17-A/Victoria/4897/2022_IVR-238_H1N1,0.0005271,interpolated,0.0005388,0.0005388,interpolated,2.473,0.9735,0,0.9972,0.02146
human,plate17,flu-seqneut-2026-UWMC-073,A/Vietnam/F7324/2024_H3N2,plate17-A/Vietnam/F7324/2024_H3N2,0.001489,interpolated,0.001489,0.001489,interpolated,0.8895,1,0,0.9196,0.09519
human,plate17,flu-seqneut-2026-UWMC-073,A/Vietnam/PF125413/2025_H1N1,plate17-A/Vietnam/PF125413/2025_H1N1,0.002913,interpolated,0.00296,0.00296,interpolated,3.384,0.9733,0,0.9918,0.03871
human,plate17,flu-seqneut-2026-UWMC-073,A/Vietnam/PF126009/2026_H1N1,plate17-A/Vietnam/PF126009/2026_H1N1,0.002715,interpolated,0.002817,0.002817,interpolated,4.809,0.9184,0,0.9769,0.06476
human,plate17,flu-seqneut-2026-UWMC-073,A/Virginia/82/2025_H1N1,plate17-A/Virginia/82/2025_H1N1,0.002472,interpolated,0.002666,0.002666,interpolated,1.979,0.9308,0,0.9704,0.0675
human,plate17,flu-seqneut-2026-UWMC-073,A/Wisconsin/588/2019_H1N1,plate17-A/Wisconsin/588/2019_H1N1,0.001424,interpolated,0.001424,0.001424,interpolated,1.971,1,0,0.9887,0.04588
human,plate17,flu-seqneut-2026-UWMC-073,A/Wisconsin/67/2022_H1N1,plate17-A/Wisconsin/67/2022_H1N1,0.002595,interpolated,0.002715,0.002715,interpolated,4.186,0.9138,0,0.9312,0.1133
human,plate17,flu-seqneut-2026-UWMC-073,A/Zacapa/FLU-012/2025_H1N1,plate17-A/Zacapa/FLU-012/2025_H1N1,0.002841,interpolated,0.00295,0.00295,interpolated,4.576,0.9213,0,0.9698,0.07392
human,plate17,flu-seqneut-2026-UWMC-073,A/Zambia/6-NIC-014/2026_H1N1,plate17-A/Zambia/6-NIC-014/2026_H1N1,0.00273,interpolated,0.002876,0.002876,interpolated,2.92,0.9293,0,0.9659,0.07563
human,plate17,flu-seqneut-2026-UWMC-073,A/Zambia/7-NIC-313/2026_H1N1,plate17-A/Zambia/7-NIC-313/2026_H1N1,0.00264,interpolated,0.002691,0.002691,interpolated,3.218,0.9699,0,0.9889,0.04561
human,plate17,flu-seqneut-2026-UWMC-074,A/Andalucia/PMC-00977/2025_H1N1,plate17-A/Andalucia/PMC-00977/2025_H1N1,0.006879,interpolated,0.007209,0.007209,interpolated,1.337,0.9696,0,0.9587,0.06179
human,plate17,flu-seqneut-2026-UWMC-074,A/Andalucia/PMC-01217/2025_H1N1,plate17-A/Andalucia/PMC-01217/2025_H1N1,0.004247,interpolated,0.00462,0.00462,interpolated,1.889,0.9263,0,0.8706,0.1281
human,plate17,flu-seqneut-2026-UWMC-074,A/Andalucia/PMC-01495/2025_H1N1,plate17-A/Andalucia/PMC-01495/2025_H1N1,0.003547,interpolated,0.004382,0.004382,interpolated,0.9412,0.9098,0,0.8083,0.1308
human,plate17,flu-seqneut-2026-UWMC-074,A/Arizona/40/2026_H1N1,plate17-A/Arizona/40/2026_H1N1,0.005987,interpolated,0.00675,0.00675,interpolated,1.303,0.9276,0,0.8407,0.1223
human,plate17,flu-seqneut-2026-UWMC-074,A/Astrakhan/RII-MH273373S/2025_H3N2,plate17-A/Astrakhan/RII-MH273373S/2025_H3N2,0.002312,interpolated,0.003894,0.003894,interpolated,1.251,0.7604,0,0.5733,0.2057
human,plate17,flu-seqneut-2026-UWMC-074,A/Asturias/232590913/2025_H1N1,plate17-A/Asturias/232590913/2025_H1N1,0.004455,interpolated,0.005042,0.005042,interpolated,1.188,0.9316,0,0.8291,0.1338
human,plate17,flu-seqneut-2026-UWMC-074,A/Badajoz/18738342/2026_H3N2,plate17-A/Badajoz/18738342/2026_H3N2,0.001215,interpolated,0.004148,0.004148,interpolated,0.8,0.6872,0,0.6652,0.1261
human,plate17,flu-seqneut-2026-UWMC-074,A/Badajoz/18811358/2026_H3N2,plate17-A/Badajoz/18811358/2026_H3N2,0.001552,interpolated,0.001556,0.001556,interpolated,0.8,0.999,0,0.9327,0.0756
human,plate17,flu-seqneut-2026-UWMC-074,A/Bangkok/P2390/2025_H3N2,plate17-A/Bangkok/P2390/2025_H3N2,0.002536,interpolated,0.004445,0.004445,interpolated,0.8,0.8191,0,0.5527,0.1843
human,plate17,flu-seqneut-2026-UWMC-074,A/Bangkok/P2391/2025_H3N2,plate17-A/Bangkok/P2391/2025_H3N2,0.004551,interpolated,0.006784,0.006784,interpolated,1.874,0.7367,0,0.7043,0.164
human,plate17,flu-seqneut-2026-UWMC-074,A/Blaenavon/6687/2026_H3N2,plate17-A/Blaenavon/6687/2026_H3N2,0.004587,interpolated,0.00568,0.00568,interpolated,0.8,0.9214,0,0.5943,0.1897
human,plate17,flu-seqneut-2026-UWMC-074,A/Bolivia/OR5702/2025_H3N2,plate17-A/Bolivia/OR5702/2025_H3N2,0.001534,interpolated,0.002783,0.002783,interpolated,0.8,0.8104,0,0.8168,0.1108
human,plate17,flu-seqneut-2026-UWMC-074,A/BritishColumbia/RV00022-26/2025_H1N1,plate17-A/BritishColumbia/RV00022-26/2025_H1N1,0.005965,interpolated,0.008497,0.008497,interpolated,0.9491,0.8574,0,0.648,0.1629
human,plate17,flu-seqneut-2026-UWMC-074,A/BritishColumbia/RV00279-26/2025_H3N2,plate17-A/BritishColumbia/RV00279-26/2025_H3N2,0.001853,interpolated,0.002434,0.002434,interpolated,1.072,0.8732,0,0.6675,0.2052
human,plate17,flu-seqneut-2026-UWMC-074,A/BritishColumbia/RV01350-26/2026_H1N1,plate17-A/BritishColumbia/RV01350-26/2026_H1N1,0.005276,interpolated,0.006007,0.006007,interpolated,1.069,0.9352,0,0.844,0.1188
human,plate17,flu-seqneut-2026-UWMC-074,A/BritishColumbia/RV05508-25/2025_H1N1,plate17-A/BritishColumbia/RV05508-25/2025_H1N1,0.0037,interpolated,0.004234,0.004234,interpolated,1.051,0.934,0,0.8541,0.1184
human,plate17,flu-seqneut-2026-UWMC-074,A/California/GKISBBBH79910/2026_H3N2,plate17-A/California/GKISBBBH79910/2026_H3N2,0.001305,interpolated,0.003022,0.003022,interpolated,0.8,0.7553,0,0.6894,0.1334
human,plate17,flu-seqneut-2026-UWMC-074,A/California/NIRC-IS-1019/2026_H1N1,plate17-A/California/NIRC-IS-1019/2026_H1N1,0.00317,interpolated,0.005431,0.005431,interpolated,1.019,0.7888,0,0.8651,0.09171
human,plate17,flu-seqneut-2026-UWMC-074,A/California/NIRC-IS-1059/2026_H3N2,plate17-A/California/NIRC-IS-1059/2026_H3N2,0.003081,interpolated,0.005083,0.005083,interpolated,1.261,0.766,0,0.6788,0.1544
human,plate17,flu-seqneut-2026-UWMC-074,A/California/NIRC-IS-1067/2026_H3N2,plate17-A/California/NIRC-IS-1067/2026_H3N2,0.003335,interpolated,0.005598,0.005598,interpolated,0.8,0.8304,0,0.5339,0.2045
human,plate17,flu-seqneut-2026-UWMC-074,A/California/NIRC-IS-1356/2025_H1N1,plate17-A/California/NIRC-IS-1356/2025_H1N1,0.00505,interpolated,0.006073,0.006073,interpolated,1.279,0.8949,0,0.7999,0.1425
human,plate17,flu-seqneut-2026-UWMC-074,A/Castellon/VAHNSI_02_02400/2025_H3N2,plate17-A/Castellon/VAHNSI_02_02400/2025_H3N2,0.001483,interpolated,0.004007,0.004007,interpolated,1.056,0.6751,0,0.8558,0.08516
human,plate17,flu-seqneut-2026-UWMC-074,A/Colombia/1851/2024_H3N2,plate17-A/Colombia/1851/2024_H3N2,0.002943,interpolated,0.004328,0.004328,interpolated,1.266,0.8068,0,0.835,0.1197
human,plate17,flu-seqneut-2026-UWMC-074,A/Colorado/218/2024_H1N1,plate17-A/Colorado/218/2024_H1N1,0.004362,interpolated,0.004513,0.004513,interpolated,1.886,0.9688,0,0.9849,0.04412
human,plate17,flu-seqneut-2026-UWMC-074,A/Connecticut/5/2026_H3N2,plate17-A/Connecticut/5/2026_H3N2,0.001313,interpolated,0.001969,0.001969,interpolated,0.8,0.8615,0,0.8598,0.09518
human,plate17,flu-seqneut-2026-UWMC-074,A/Croatia/10136RV/2023_H3N2,plate17-A/Croatia/10136RV/2023_H3N2,0.00541,interpolated,0.009237,0.009237,interpolated,0.8,0.8259,0,0.5054,0.1768
human,plate17,flu-seqneut-2026-UWMC-074,A/Darwin/1415/2025_H3N2,plate17-A/Darwin/1415/2025_H3N2,0.002662,interpolated,0.005221,0.005221,interpolated,0.9758,0.7591,0,0.6217,0.1644
human,plate17,flu-seqneut-2026-UWMC-074,A/Darwin/1454/2025_H3N2,plate17-A/Darwin/1454/2025_H3N2,0.0007061,interpolated,0.0007921,0.0007921,interpolated,0.8,0.9561,0,0.8672,0.1071
human,plate17,flu-seqneut-2026-UWMC-074,A/Denmark/3940/2025_H3N2,plate17-A/Denmark/3940/2025_H3N2,0.003077,interpolated,0.005251,0.005251,interpolated,0.9981,0.7933,0,0.6241,0.1759
human,plate17,flu-seqneut-2026-UWMC-074,A/Denmark/4547/2025_H1N1,plate17-A/Denmark/4547/2025_H1N1,0.004279,interpolated,0.00561,0.00561,interpolated,1.206,0.8606,0,0.8361,0.118
human,plate17,flu-seqneut-2026-UWMC-074,A/Denmark/4774/2025_H1N1,plate17-A/Denmark/4774/2025_H1N1,0.002637,interpolated,0.002807,0.002807,interpolated,1.123,0.9662,0,0.8399,0.1399
human,plate17,flu-seqneut-2026-UWMC-074,A/District_Of_Columbia/27/2023_H3N2,plate17-A/District_Of_Columbia/27/2023_H3N2,0.001122,interpolated,0.004496,0.004496,interpolated,0.8,0.6647,0,0.736,0.103
human,plate17,flu-seqneut-2026-UWMC-074,A/Distrito_Federal/250106000728/2025_H3N2,plate17-A/Distrito_Federal/250106000728/2025_H3N2,0.0008467,interpolated,0.001115,0.001115,interpolated,0.8,0.9011,0,0.8201,0.1137
human,plate17,flu-seqneut-2026-UWMC-074,A/England/1893256/2026_H1N1,plate17-A/England/1893256/2026_H1N1,0.01982,interpolated,0.02093,0.02093,interpolated,10,0.7893,0,0.5097,0.2196
human,plate17,flu-seqneut-2026-UWMC-074,A/Florida/ISC-1069/2026_H3N2,plate17-A/Florida/ISC-1069/2026_H3N2,0.0009875,interpolated,0.00538,0.00538,interpolated,0.9494,0.6,0,0.667,0.1195
human,plate17,flu-seqneut-2026-UWMC-074,A/France/ARA-HCL025195259501/2025_H1N1,plate17-A/France/ARA-HCL025195259501/2025_H1N1,0.004741,interpolated,0.005666,0.005666,interpolated,0.9868,0.9194,0,0.8388,0.1141
human,plate17,flu-seqneut-2026-UWMC-074,A/France/ARA-HCL026031894402/2026_H3N2,plate17-A/France/ARA-HCL026031894402/2026_H3N2,0.001508,interpolated,0.003482,0.003482,interpolated,0.8,0.7559,0,0.6842,0.132
human,plate17,flu-seqneut-2026-UWMC-074,A/France/GES-IPP00659/2026_H1N1,plate17-A/France/GES-IPP00659/2026_H1N1,0.006069,interpolated,0.007427,0.007427,interpolated,1.261,0.8876,0,0.8612,0.1044
human,plate17,flu-seqneut-2026-UWMC-074,A/France/HDF-RELAB-IPP00300/2026_H3N2,plate17-A/France/HDF-RELAB-IPP00300/2026_H3N2,0.002089,interpolated,0.004844,0.004844,interpolated,0.8,0.7552,0,0.5937,0.1562
human,plate17,flu-seqneut-2026-UWMC-074,A/France/HDF-RELAB-IPP00303/2026_H3N2,plate17-A/France/HDF-RELAB-IPP00303/2026_H3N2,0.002046,interpolated,0.003193,0.003193,interpolated,0.8,0.8502,0,0.8752,0.092
human,plate17,flu-seqneut-2026-UWMC-074,A/France/HDF-RELAB-IPP07969/2025_H1N1,plate17-A/France/HDF-RELAB-IPP07969/2025_H1N1,0.008714,interpolated,0.01023,0.01023,interpolated,2.96,0.8106,0,0.7185,0.154
human,plate17,flu-seqneut-2026-UWMC-074,A/France/NAQ-HCL026010957001/2026_H3N2,plate17-A/France/NAQ-HCL026010957001/2026_H3N2,0.001236,interpolated,0.002731,0.002731,interpolated,0.9233,0.7405,0,0.6433,0.1705
human,plate17,flu-seqneut-2026-UWMC-074,A/France/NAQ-HCL026046169102/2025_H1N1,plate17-A/France/NAQ-HCL026046169102/2025_H1N1,0.00484,interpolated,0.00764,0.00764,interpolated,2.044,0.6966,0,0.5741,0.1961
human,plate17,flu-seqneut-2026-UWMC-074,A/France/OCC-HCL026013263701/2026_H3N2,plate17-A/France/OCC-HCL026013263701/2026_H3N2,0.002374,interpolated,0.004685,0.004685,interpolated,1.04,0.7465,0,0.5879,0.1793
human,plate17,flu-seqneut-2026-UWMC-074,A/France/PAC-RELAB-HCL026021993801/2026_H3N2,plate17-A/France/PAC-RELAB-HCL026021993801/2026_H3N2,0.002223,interpolated,0.00379,0.00379,interpolated,0.8,0.8263,0,0.7623,0.1212
human,plate17,flu-seqneut-2026-UWMC-074,A/Galicia/GA-CHUAC-451/2025_H3N2,plate17-A/Galicia/GA-CHUAC-451/2025_H3N2,0.001136,interpolated,0.002351,0.002351,interpolated,0.8,0.7795,0,0.791,0.1031
human,plate17,flu-seqneut-2026-UWMC-074,A/Galicia/GA-CHUAC-612/2025_H1N1,plate17-A/Galicia/GA-CHUAC-612/2025_H1N1,0.008834,interpolated,0.009193,0.009193,interpolated,2.194,0.9581,0,0.9668,0.0554
human,plate17,flu-seqneut-2026-UWMC-074,A/Germany/LRMC_0104/2025_H3N2,plate17-A/Germany/LRMC_0104/2025_H3N2,0.002131,interpolated,0.004374,0.004374,interpolated,0.8,0.7813,0,0.696,0.143
human,plate17,flu-seqneut-2026-UWMC-074,A/Germany/LRMC_0113/2025_H3N2,plate17-A/Germany/LRMC_0113/2025_H3N2,0.001708,interpolated,0.002098,0.002098,interpolated,0.8,0.924,0,0.6403,0.1936
human,plate17,flu-seqneut-2026-UWMC-074,A/Hawaii/70/2019_H1N1,plate17-A/Hawaii/70/2019_H1N1,0.002123,interpolated,0.002292,0.002292,interpolated,2.66,0.9077,0,0.9298,0.1059
human,plate17,flu-seqneut-2026-UWMC-074,A/Hawaii/ISC-1140/2025_H1N1,plate17-A/Hawaii/ISC-1140/2025_H1N1,0.004093,interpolated,0.004377,0.004377,interpolated,1.248,0.9598,0,0.9121,0.09809
human,plate17,flu-seqneut-2026-UWMC-074,A/Hessen/18/2026_H1N1,plate17-A/Hessen/18/2026_H1N1,0.0056,interpolated,0.007848,0.007848,interpolated,1.302,0.8223,0,0.7345,0.1389
human,plate17,flu-seqneut-2026-UWMC-074,A/Ireland/91576/2025_H3N2,plate17-A/Ireland/91576/2025_H3N2,0.004581,interpolated,0.009441,0.009441,interpolated,1.532,0.6652,0,0.6796,0.1284
human,plate17,flu-seqneut-2026-UWMC-074,A/Kentucky/80/2025_H1N1,plate17-A/Kentucky/80/2025_H1N1,0.005607,interpolated,0.00599,0.00599,interpolated,1.155,0.9633,0,0.8924,0.1005
human,plate17,flu-seqneut-2026-UWMC-074,A/Lisboa/216/2023_H3N2,plate17-A/Lisboa/216/2023_H3N2,0.002244,interpolated,0.003503,0.003503,interpolated,2.175,0.6898,0,0.5574,0.2139
human,plate17,flu-seqneut-2026-UWMC-074,A/Luxembourg/LNS9132577/2026_H3N2,plate17-A/Luxembourg/LNS9132577/2026_H3N2,0.002104,interpolated,0.003517,0.003517,interpolated,0.8,0.8315,0,0.6833,0.1336
human,plate17,flu-seqneut-2026-UWMC-074,A/Maine/25/2026_H1N1,plate17-A/Maine/25/2026_H1N1,0.005887,interpolated,0.005887,0.005887,interpolated,0.8375,1,0,0.8482,0.1139
human,plate17,flu-seqneut-2026-UWMC-074,A/Malaysia/IMR/SARI/2406/2025_H3N2,plate17-A/Malaysia/IMR/SARI/2406/2025_H3N2,0.001734,interpolated,0.004072,0.004072,interpolated,0.9105,0.7298,0,0.8035,0.1004
human,plate17,flu-seqneut-2026-UWMC-074,A/Massachusetts/18/2022_H3N2,plate17-A/Massachusetts/18/2022_H3N2,0.001871,interpolated,0.005543,0.005543,interpolated,0.8,0.7097,0,0.514,0.1693
human,plate17,flu-seqneut-2026-UWMC-074,A/Massachusetts/ISC-1856/2025_H3N2,plate17-A/Massachusetts/ISC-1856/2025_H3N2,0.0009947,interpolated,0.002376,0.002376,interpolated,0.8,0.7491,0,0.6149,0.1601
human,plate17,flu-seqneut-2026-UWMC-074,A/Mauritius/26000203/2026_H1N1,plate17-A/Mauritius/26000203/2026_H1N1,0.004308,interpolated,0.004661,0.004661,interpolated,1.105,0.9582,0,0.8534,0.1239
human,plate17,flu-seqneut-2026-UWMC-074,A/Michigan/8/2026_H3N2,plate17-A/Michigan/8/2026_H3N2,0.002125,interpolated,0.004001,0.004001,interpolated,0.8,0.8013,0,0.7211,0.1332
human,plate17,flu-seqneut-2026-UWMC-074,A/Michigan/UM-10068071276/2025_H3N2,plate17-A/Michigan/UM-10068071276/2025_H3N2,0.002816,interpolated,0.00297,0.00297,interpolated,0.8,0.9792,0,0.7667,0.1526
human,plate17,flu-seqneut-2026-UWMC-074,A/Michigan/UM-10068134090/2025_H3N2,plate17-A/Michigan/UM-10068134090/2025_H3N2,0.00111,interpolated,0.002893,0.002893,interpolated,0.8,0.7324,0,0.7182,0.1148
human,plate17,flu-seqneut-2026-UWMC-074,A/Michigan/UM-10068449788/2025_H3N2,plate17-A/Michigan/UM-10068449788/2025_H3N2,0.00233,interpolated,0.003981,0.003981,interpolated,0.8637,0.8148,0,0.728,0.1429
human,plate17,flu-seqneut-2026-UWMC-074,A/Michigan/UM-10068747355/2026_H3N2,plate17-A/Michigan/UM-10068747355/2026_H3N2,0.002166,interpolated,0.006199,0.006199,interpolated,0.8,0.7156,0,0.5936,0.1512
human,plate17,flu-seqneut-2026-UWMC-074,A/MinasGerais/410/2026_H1N1,plate17-A/MinasGerais/410/2026_H1N1,0.006427,interpolated,0.008707,0.008707,interpolated,1.165,0.8511,0,0.6511,0.1725
human,plate17,flu-seqneut-2026-UWMC-074,A/MinasGerais/671/2026_H1N1,plate17-A/MinasGerais/671/2026_H1N1,0.004609,interpolated,0.005915,0.005915,interpolated,0.8955,0.8999,0,0.8088,0.1187
human,plate17,flu-seqneut-2026-UWMC-074,A/Mississippi/20/2026_H1N1,plate17-A/Mississippi/20/2026_H1N1,0.003376,interpolated,0.003645,0.003645,interpolated,0.8863,0.9672,0,0.8559,0.1184
human,plate17,flu-seqneut-2026-UWMC-074,A/Missouri/11/2025_egg_H1N1,plate17-A/Missouri/11/2025_egg_H1N1,0.004358,interpolated,0.004434,0.004434,interpolated,3.374,0.9719,0,0.9924,0.0349
human,plate17,flu-seqneut-2026-UWMC-074,A/Missouri/NIRC-AV-1003/2025_H3N2,plate17-A/Missouri/NIRC-AV-1003/2025_H3N2,0.001251,interpolated,0.001839,0.001839,interpolated,0.8,0.8674,0,0.774,0.1398
human,plate17,flu-seqneut-2026-UWMC-074,A/Montana/51/2025_H3N2,plate17-A/Montana/51/2025_H3N2,0.003898,interpolated,0.006202,0.006202,interpolated,1.803,0.7164,0,0.6288,0.186
human,plate17,flu-seqneut-2026-UWMC-074,A/NakhonPhanom/P495/2026_H3N2,plate17-A/NakhonPhanom/P495/2026_H3N2,0.00148,interpolated,0.00148,0.00148,interpolated,0.8,1,0,0.7892,0.1385
human,plate17,flu-seqneut-2026-UWMC-074,A/Navarra/260009/2025_H3N2,plate17-A/Navarra/260009/2025_H3N2,0.001652,interpolated,0.00244,0.00244,interpolated,0.8,0.866,0,0.6809,0.1605
human,plate17,flu-seqneut-2026-UWMC-074,A/Nebraska/34/2026_H1N1,plate17-A/Nebraska/34/2026_H1N1,0.004708,interpolated,0.006461,0.006461,interpolated,1.477,0.8132,0,0.8165,0.1235
human,plate17,flu-seqneut-2026-UWMC-074,A/Netherlands/10008/2026_H1N1,plate17-A/Netherlands/10008/2026_H1N1,0.004866,interpolated,0.005643,0.005643,interpolated,1.417,0.9053,0,0.8787,0.1084
human,plate17,flu-seqneut-2026-UWMC-074,A/Netherlands/2398/2025_H1N1,plate17-A/Netherlands/2398/2025_H1N1,0.02213,interpolated,0.02313,0.02313,interpolated,10,0.8219,0,0.5136,0.1814
human,plate17,flu-seqneut-2026-UWMC-074,A/Netherlands/543/2026_H1N1,plate17-A/Netherlands/543/2026_H1N1,0.00985,interpolated,0.01149,0.01149,interpolated,1.586,0.8915,0,0.7439,0.1467
human,plate17,flu-seqneut-2026-UWMC-074,A/Netherlands/864/2026_H1N1,plate17-A/Netherlands/864/2026_H1N1,0.00757,interpolated,0.008335,0.008335,interpolated,0.8656,0.96,0,0.7732,0.129
human,plate17,flu-seqneut-2026-UWMC-074,A/Netherlands/888/2026_H3N2,plate17-A/Netherlands/888/2026_H3N2,0.001333,interpolated,0.00178,0.00178,interpolated,0.8,0.8967,0,0.6727,0.1516
human,plate17,flu-seqneut-2026-UWMC-074,A/Netherlands/968/2026_H3N2,plate17-A/Netherlands/968/2026_H3N2,0.001558,interpolated,0.001763,0.001763,interpolated,0.8,0.9529,0,0.7932,0.1359
human,plate17,flu-seqneut-2026-UWMC-074,A/NewBrunswick/NBPHLFLUA10B-MM00057R/2026_H1N1,plate17-A/NewBrunswick/NBPHLFLUA10B-MM00057R/2026_H1N1,0.003763,interpolated,0.006312,0.006312,interpolated,1.083,0.7855,0,0.7494,0.135
human,plate17,flu-seqneut-2026-UWMC-074,A/NewYork/NIRC-IS-1086/2026_H3N2,plate17-A/NewYork/NIRC-IS-1086/2026_H3N2,0.001914,interpolated,0.001914,0.001914,interpolated,0.8,1,0,0.6497,0.2131
human,plate17,flu-seqneut-2026-UWMC-074,A/NordrheinWestfalen/54/2026_H3N2,plate17-A/NordrheinWestfalen/54/2026_H3N2,0.001706,interpolated,0.003979,0.003979,interpolated,1.854,0.604,0,0.7378,0.1306
human,plate17,flu-seqneut-2026-UWMC-074,A/NordrheinWestfalen/96/2026_H1N1,plate17-A/NordrheinWestfalen/96/2026_H1N1,0.004467,interpolated,0.004471,0.004471,interpolated,1.065,0.9994,0,0.9047,0.09807
human,plate17,flu-seqneut-2026-UWMC-074,A/Norway/9556/2025_H1N1,plate17-A/Norway/9556/2025_H1N1,0.005116,interpolated,0.006219,0.006219,interpolated,1.305,0.8876,0,0.8123,0.134
human,plate17,flu-seqneut-2026-UWMC-074,A/NovaScotia/25-365-06099/2025_H3N2,plate17-A/NovaScotia/25-365-06099/2025_H3N2,0.001641,interpolated,0.003865,0.003865,interpolated,0.9285,0.7258,0,0.5905,0.181
human,plate17,flu-seqneut-2026-UWMC-074,A/Ohio/259/2024_H1N1,plate17-A/Ohio/259/2024_H1N1,0.004986,interpolated,0.005388,0.005388,interpolated,2.067,0.9258,0,0.8407,0.1428
human,plate17,flu-seqneut-2026-UWMC-074,A/Ontario/PHL202550193/2025_H3N2,plate17-A/Ontario/PHL202550193/2025_H3N2,0.001031,interpolated,0.007709,0.007709,interpolated,0.8,0.6,0,0.6105,0.09826
human,plate17,flu-seqneut-2026-UWMC-074,A/Oregon/81/2025_H3N2,plate17-A/Oregon/81/2025_H3N2,0.001038,interpolated,0.003573,0.003573,interpolated,0.8,0.686,0,0.6901,0.119
human,plate17,flu-seqneut-2026-UWMC-074,A/PaisVasco/70369726/2026_H1N1,plate17-A/PaisVasco/70369726/2026_H1N1,0.006734,interpolated,0.007718,0.007718,interpolated,1.096,0.9306,0,0.7924,0.1303
human,plate17,flu-seqneut-2026-UWMC-074,A/Parana/416133590/2026_H3N2,plate17-A/Parana/416133590/2026_H3N2,0.00125,interpolated,0.005546,0.005546,interpolated,0.8,0.6519,0,0.706,0.1073
human,plate17,flu-seqneut-2026-UWMC-074,A/Peru/ANC-INS-062/2026_H3N2,plate17-A/Peru/ANC-INS-062/2026_H3N2,0.001739,interpolated,0.002078,0.002078,interpolated,0.8,0.9336,0,0.6641,0.191
human,plate17,flu-seqneut-2026-UWMC-074,A/Rhode_Island/11/2026_H1N1,plate17-A/Rhode_Island/11/2026_H1N1,0.005065,interpolated,0.005785,0.005785,interpolated,0.9104,0.943,0,0.8274,0.1192
human,plate17,flu-seqneut-2026-UWMC-074,A/RiodeJaneiro/331/2026_H3N2,plate17-A/RiodeJaneiro/331/2026_H3N2,0.001925,interpolated,0.004352,0.004352,interpolated,1.298,0.6735,0,0.6828,0.1611
human,plate17,flu-seqneut-2026-UWMC-074,A/SantaCatarina/508/2026_H3N2,plate17-A/SantaCatarina/508/2026_H3N2,0.002555,interpolated,0.005034,0.005034,interpolated,0.8,0.7906,0,0.7939,0.1011
human,plate17,flu-seqneut-2026-UWMC-074,A/Saskatchewan/SKFLU477727/2025_H3N2,plate17-A/Saskatchewan/SKFLU477727/2025_H3N2,0.001523,interpolated,0.002104,0.002104,interpolated,0.8,0.8861,0,0.9139,0.07464
human,plate17,flu-seqneut-2026-UWMC-074,A/Saskatchewan/SKFLU490586/2026_H1N1,plate17-A/Saskatchewan/SKFLU490586/2026_H1N1,0.003057,interpolated,0.003627,0.003627,interpolated,1.088,0.9151,0,0.812,0.1412
human,plate17,flu-seqneut-2026-UWMC-074,A/Singapore/GP20238/2024_H3N2,plate17-A/Singapore/GP20238/2024_H3N2,0.003798,interpolated,0.006223,0.006223,interpolated,2.661,0.6344,0,0.5866,0.1924
human,plate17,flu-seqneut-2026-UWMC-074,A/Singapore/KK2768/2025_H1N1,plate17-A/Singapore/KK2768/2025_H1N1,0.003816,interpolated,0.004787,0.004787,interpolated,1.067,0.8926,0,0.8432,0.1175
human,plate17,flu-seqneut-2026-UWMC-074,A/Singapore/MOH0547/2024_H1N1,plate17-A/Singapore/MOH0547/2024_H1N1,0.004174,interpolated,0.00431,0.00431,interpolated,0.9505,0.985,0,0.8607,0.1161
human,plate17,flu-seqneut-2026-UWMC-074,A/Singapore/NTF0577/2025_H3N2,plate17-A/Singapore/NTF0577/2025_H3N2,0.001698,interpolated,0.002034,0.002034,interpolated,0.8,0.9326,0,0.8111,0.1162
human,plate17,flu-seqneut-2026-UWMC-074,A/Singapore/SAR8915/2025_H3N2,plate17-A/Singapore/SAR8915/2025_H3N2,0.001157,interpolated,0.002788,0.002788,interpolated,0.8,0.7474,0,0.889,0.07089
human,plate17,flu-seqneut-2026-UWMC-074,A/SouthAfrica/NHLS-SU-CERI-C075557/2026_H1N1,plate17-A/SouthAfrica/NHLS-SU-CERI-C075557/2026_H1N1,0.007245,interpolated,0.009195,0.009195,interpolated,1.39,0.859,0,0.8199,0.1184
human,plate17,flu-seqneut-2026-UWMC-074,A/SouthAfrica/NICD-R01647/2026_H1N1,plate17-A/SouthAfrica/NICD-R01647/2026_H1N1,0.004749,interpolated,0.0061,0.0061,interpolated,0.9535,0.8938,0,0.7176,0.1571
human,plate17,flu-seqneut-2026-UWMC-074,A/SouthAfrica/NICD-R01668/2026_H1N1,plate17-A/SouthAfrica/NICD-R01668/2026_H1N1,0.004529,interpolated,0.00533,0.00533,interpolated,1.428,0.8963,0,0.8995,0.09827
human,plate17,flu-seqneut-2026-UWMC-074,A/SouthAfrica/PATH-CERI-C073358/2025_H1N1,plate17-A/SouthAfrica/PATH-CERI-C073358/2025_H1N1,0.006217,interpolated,0.006906,0.006906,interpolated,1.44,0.9298,0,0.8221,0.134
human,plate17,flu-seqneut-2026-UWMC-074,A/SouthAfrica/PATH-CERI-C073366/2025_H1N1,plate17-A/SouthAfrica/PATH-CERI-C073366/2025_H1N1,0.006087,interpolated,0.006853,0.006853,interpolated,1.409,0.9232,0,0.9296,0.07887
human,plate17,flu-seqneut-2026-UWMC-074,A/SouthAfrica/PATH-CERI-C075119/2026_H1N1,plate17-A/SouthAfrica/PATH-CERI-C075119/2026_H1N1,0.004621,interpolated,0.005208,0.005208,interpolated,1.132,0.9366,0,0.8543,0.1196
human,plate17,flu-seqneut-2026-UWMC-074,A/SouthAustralia/2605715552/2026_H3N2,plate17-A/SouthAustralia/2605715552/2026_H3N2,0.001745,interpolated,0.002779,0.002779,interpolated,0.8,0.8446,0,0.6884,0.1527
human,plate17,flu-seqneut-2026-UWMC-074,A/SouthCarolina/USAFSAM-17046/2026_H3N2,plate17-A/SouthCarolina/USAFSAM-17046/2026_H3N2,0.001345,interpolated,0.003238,0.003238,interpolated,0.9134,0.7241,0,0.9031,0.06981
human,plate17,flu-seqneut-2026-UWMC-074,A/South_Australia/2523812314/2025_H3N2,plate17-A/South_Australia/2523812314/2025_H3N2,0.00169,interpolated,0.001859,0.001859,interpolated,0.8,0.9632,0,0.8239,0.1235
human,plate17,flu-seqneut-2026-UWMC-074,A/South_Australia/2527213276/2025_H3N2,plate17-A/South_Australia/2527213276/2025_H3N2,0.00164,interpolated,0.00164,0.00164,interpolated,1.023,1,0,0.8279,0.1488
human,plate17,flu-seqneut-2026-UWMC-074,A/StPetersburg/RII-25-2042S/2025_H3N2,plate17-A/StPetersburg/RII-25-2042S/2025_H3N2,0.001389,interpolated,0.004315,0.004315,interpolated,0.8,0.7019,0,0.7638,0.1043
human,plate17,flu-seqneut-2026-UWMC-074,A/StPetersburg/RII-25-2321S/2025_H3N2,plate17-A/StPetersburg/RII-25-2321S/2025_H3N2,0.001538,interpolated,0.001963,0.001963,interpolated,0.8,0.9113,0,0.65,0.1778
human,plate17,flu-seqneut-2026-UWMC-074,A/StPetersburg/RII-25-2506S/2026_H3N2,plate17-A/StPetersburg/RII-25-2506S/2026_H3N2,0.001843,interpolated,0.005823,0.005823,interpolated,0.8,0.6992,0,0.5005,0.1645
human,plate17,flu-seqneut-2026-UWMC-074,A/StPetersburg/RII-25-2600S/2026_H3N2,plate17-A/StPetersburg/RII-25-2600S/2026_H3N2,0.001464,interpolated,0.002231,0.002231,interpolated,0.8,0.8568,0,0.7269,0.1515
human,plate17,flu-seqneut-2026-UWMC-074,A/Switzerland/UN-SNRCI-HUG-053/2025_H1N1,plate17-A/Switzerland/UN-SNRCI-HUG-053/2025_H1N1,0.01028,interpolated,0.01075,0.01075,interpolated,4.732,0.9046,0,0.9207,0.08288
human,plate17,flu-seqneut-2026-UWMC-074,A/Sydney/1359/2024_H3N2,plate17-A/Sydney/1359/2024_H3N2,0.00215,interpolated,0.005048,0.005048,interpolated,0.8906,0.7338,0,0.8479,0.08881
human,plate17,flu-seqneut-2026-UWMC-074,A/Sydney/50/2026_H1N1,plate17-A/Sydney/50/2026_H1N1,0.005802,interpolated,0.006722,0.006722,interpolated,0.9323,0.9359,0,0.7644,0.1363
human,plate17,flu-seqneut-2026-UWMC-074,A/Texas/29/2026_H1N1,plate17-A/Texas/29/2026_H1N1,0.004988,interpolated,0.005953,0.005953,interpolated,1.263,0.8999,0,0.9123,0.08714
human,plate17,flu-seqneut-2026-UWMC-074,A/Thailand/8/2022_H3N2,plate17-A/Thailand/8/2022_H3N2,0.002853,interpolated,0.005436,0.005436,interpolated,1.06,0.7524,0,0.67,0.1505
human,plate17,flu-seqneut-2026-UWMC-074,A/Thuringen/16/2026_H3N2,plate17-A/Thuringen/16/2026_H3N2,0.00133,interpolated,0.003345,0.003345,interpolated,1.027,0.694,0,0.8143,0.1007
human,plate17,flu-seqneut-2026-UWMC-074,A/Thuringen/39/2026_H3N2,plate17-A/Thuringen/39/2026_H3N2,0.004638,interpolated,0.005087,0.005087,interpolated,0.8,0.9644,0,0.8517,0.1018
human,plate17,flu-seqneut-2026-UWMC-074,A/Tokyo/EIS11-277/2024_H1N1,plate17-A/Tokyo/EIS11-277/2024_H1N1,0.004111,interpolated,0.004901,0.004901,interpolated,1.14,0.9092,0,0.852,0.1198
human,plate17,flu-seqneut-2026-UWMC-074,A/Trieste/257/2025_H3N2,plate17-A/Trieste/257/2025_H3N2,0.002157,interpolated,0.006727,0.006727,interpolated,0.8,0.7013,0,0.7643,0.09914
human,plate17,flu-seqneut-2026-UWMC-074,A/Trieste/380/2026_H3N2,plate17-A/Trieste/380/2026_H3N2,0.001216,interpolated,0.003836,0.003836,interpolated,1.124,0.6376,0,0.7547,0.1142
human,plate17,flu-seqneut-2026-UWMC-074,A/Ukraine/5214/2026_H1N1,plate17-A/Ukraine/5214/2026_H1N1,0.005967,interpolated,0.006563,0.006563,interpolated,1.226,0.9449,0,0.9463,0.06741
human,plate17,flu-seqneut-2026-UWMC-074,A/Uppsala/SE26-01293/2026_H1N1,plate17-A/Uppsala/SE26-01293/2026_H1N1,0.0049,interpolated,0.00533,0.00533,interpolated,0.8568,0.9653,0,0.749,0.1573
human,plate17,flu-seqneut-2026-UWMC-074,A/Valencia/VAHNSI_09_02564/2025_H1N1,plate17-A/Valencia/VAHNSI_09_02564/2025_H1N1,0.004616,interpolated,0.005635,0.005635,interpolated,1.389,0.879,0,0.7569,0.163
human,plate17,flu-seqneut-2026-UWMC-074,A/Victoria/2948/2025_H3N2,plate17-A/Victoria/2948/2025_H3N2,0.001247,interpolated,0.002041,0.002041,interpolated,0.8,0.8371,0,0.5887,0.1771
human,plate17,flu-seqneut-2026-UWMC-074,A/Victoria/4897/2022_IVR-238_H1N1,plate17-A/Victoria/4897/2022_IVR-238_H1N1,0.002495,interpolated,0.00272,0.00272,interpolated,1.638,0.9342,0,0.9316,0.09926
human,plate17,flu-seqneut-2026-UWMC-074,A/Vietnam/F7324/2024_H3N2,plate17-A/Vietnam/F7324/2024_H3N2,0.004305,interpolated,0.01172,0.01172,interpolated,1.015,0.6808,0,0.5559,0.1479
human,plate17,flu-seqneut-2026-UWMC-074,A/Vietnam/PF125413/2025_H1N1,plate17-A/Vietnam/PF125413/2025_H1N1,0.00559,interpolated,0.005722,0.005722,interpolated,1.095,0.9873,0,0.9336,0.07887
human,plate17,flu-seqneut-2026-UWMC-074,A/Vietnam/PF126009/2026_H1N1,plate17-A/Vietnam/PF126009/2026_H1N1,0.004434,interpolated,0.004434,0.004434,interpolated,0.8,1,0,0.8476,0.1166
human,plate17,flu-seqneut-2026-UWMC-074,A/Virginia/82/2025_H1N1,plate17-A/Virginia/82/2025_H1N1,0.005106,interpolated,0.00657,0.00657,interpolated,0.8,0.9087,0,0.6636,0.1566
human,plate17,flu-seqneut-2026-UWMC-074,A/Wisconsin/588/2019_H1N1,plate17-A/Wisconsin/588/2019_H1N1,0.005653,interpolated,0.006951,0.006951,interpolated,1.516,0.8655,0,0.8623,0.1144
human,plate17,flu-seqneut-2026-UWMC-074,A/Wisconsin/67/2022_H1N1,plate17-A/Wisconsin/67/2022_H1N1,0.00546,interpolated,0.005948,0.005948,interpolated,1.603,0.9358,0,0.8402,0.1328
human,plate17,flu-seqneut-2026-UWMC-074,A/Zacapa/FLU-012/2025_H1N1,plate17-A/Zacapa/FLU-012/2025_H1N1,0.004108,interpolated,0.005191,0.005191,interpolated,1.405,0.8599,0,0.871,0.1108
human,plate17,flu-seqneut-2026-UWMC-074,A/Zambia/6-NIC-014/2026_H1N1,plate17-A/Zambia/6-NIC-014/2026_H1N1,0.004034,interpolated,0.004697,0.004697,interpolated,1.167,0.9187,0,0.9031,0.09426
human,plate17,flu-seqneut-2026-UWMC-074,A/Zambia/7-NIC-313/2026_H1N1,plate17-A/Zambia/7-NIC-313/2026_H1N1,0.005635,interpolated,0.006053,0.006053,interpolated,1.773,0.9404,0,0.958,0.06706
human,plate17,flu-seqneut-2026-UWMC-075,A/Andalucia/PMC-00977/2025_H1N1,plate17-A/Andalucia/PMC-00977/2025_H1N1,0.003413,interpolated,0.003497,0.003497,interpolated,4.34,0.9501,0,0.9792,0.06145
human,plate17,flu-seqneut-2026-UWMC-075,A/Andalucia/PMC-01217/2025_H1N1,plate17-A/Andalucia/PMC-01217/2025_H1N1,0.00232,interpolated,0.00232,0.00232,interpolated,1.959,1,0,0.9605,0.08473
human,plate17,flu-seqneut-2026-UWMC-075,A/Andalucia/PMC-01495/2025_H1N1,plate17-A/Andalucia/PMC-01495/2025_H1N1,0.001966,interpolated,0.001966,0.001966,interpolated,0.9536,1,0,0.8415,0.1468
human,plate17,flu-seqneut-2026-UWMC-075,A/Arizona/40/2026_H1N1,plate17-A/Arizona/40/2026_H1N1,0.003356,interpolated,0.003406,0.003406,interpolated,2.084,0.9848,0,0.9824,0.0539
human,plate17,flu-seqneut-2026-UWMC-075,A/Astrakhan/RII-MH273373S/2025_H3N2,plate17-A/Astrakhan/RII-MH273373S/2025_H3N2,0.002085,interpolated,0.002704,0.002704,interpolated,0.8877,0.897,0,0.645,0.199
human,plate17,flu-seqneut-2026-UWMC-075,A/Asturias/232590913/2025_H1N1,plate17-A/Asturias/232590913/2025_H1N1,0.002969,interpolated,0.003212,0.003212,interpolated,2.003,0.927,0,0.9169,0.1137
human,plate17,flu-seqneut-2026-UWMC-075,A/Badajoz/18738342/2026_H3N2,plate17-A/Badajoz/18738342/2026_H3N2,0.001162,interpolated,0.001892,0.001892,interpolated,0.8,0.8387,0,0.8049,0.1242
human,plate17,flu-seqneut-2026-UWMC-075,A/Badajoz/18811358/2026_H3N2,plate17-A/Badajoz/18811358/2026_H3N2,0.003343,interpolated,0.004462,0.004462,interpolated,1.813,0.7963,0,0.8775,0.1085
human,plate17,flu-seqneut-2026-UWMC-075,A/Badajoz/18813527/2026_H3N2,plate17-A/Badajoz/18813527/2026_H3N2,0.002438,interpolated,0.002608,0.002608,interpolated,0.8,0.9737,0,0.7277,0.1757
human,plate17,flu-seqneut-2026-UWMC-075,A/Bangkok/P2390/2025_H3N2,plate17-A/Bangkok/P2390/2025_H3N2,0.001785,interpolated,0.001785,0.001785,interpolated,0.8287,1,0,0.8734,0.1168
human,plate17,flu-seqneut-2026-UWMC-075,A/Bangkok/P2391/2025_H3N2,plate17-A/Bangkok/P2391/2025_H3N2,0.001059,interpolated,0.002593,0.002593,interpolated,1.578,0.6217,0,0.9413,0.05737
human,plate17,flu-seqneut-2026-UWMC-075,A/Blaenavon/6687/2026_H3N2,plate17-A/Blaenavon/6687/2026_H3N2,0.0008887,interpolated,0.0008887,0.0008887,interpolated,1.273,1,0,0.9569,0.0796
human,plate17,flu-seqneut-2026-UWMC-075,A/Bolivia/OR5702/2025_H3N2,plate17-A/Bolivia/OR5702/2025_H3N2,0.001971,interpolated,0.002778,0.002778,interpolated,0.9852,0.8565,0,0.783,0.1454
human,plate17,flu-seqneut-2026-UWMC-075,A/BritishColumbia/RV00022-26/2025_H1N1,plate17-A/BritishColumbia/RV00022-26/2025_H1N1,0.004285,interpolated,0.004347,0.004347,interpolated,10,0.9323,0,0.9335,0.1082
human,plate17,flu-seqneut-2026-UWMC-075,A/BritishColumbia/RV00279-26/2025_H3N2,plate17-A/BritishColumbia/RV00279-26/2025_H3N2,0.001992,interpolated,0.002465,0.002465,interpolated,1.366,0.8738,0,0.735,0.1921
human,plate17,flu-seqneut-2026-UWMC-075,A/BritishColumbia/RV01350-26/2026_H1N1,plate17-A/BritishColumbia/RV01350-26/2026_H1N1,0.002303,interpolated,0.002361,0.002361,interpolated,2.079,0.9749,0,0.9785,0.06021
human,plate17,flu-seqneut-2026-UWMC-075,A/BritishColumbia/RV05508-25/2025_H1N1,plate17-A/BritishColumbia/RV05508-25/2025_H1N1,0.004034,interpolated,0.004261,0.004261,interpolated,2.209,0.9429,0,0.9586,0.07844
human,plate17,flu-seqneut-2026-UWMC-075,A/California/GKISBBBH79910/2026_H3N2,plate17-A/California/GKISBBBH79910/2026_H3N2,0.001397,interpolated,0.002221,0.002221,interpolated,1.095,0.801,0,0.7566,0.154
human,plate17,flu-seqneut-2026-UWMC-075,A/California/NIRC-IS-1019/2026_H1N1,plate17-A/California/NIRC-IS-1019/2026_H1N1,0.001102,interpolated,0.001216,0.001216,interpolated,1.696,0.923,0,0.9577,0.07957
human,plate17,flu-seqneut-2026-UWMC-075,A/California/NIRC-IS-1059/2026_H3N2,plate17-A/California/NIRC-IS-1059/2026_H3N2,0.001742,interpolated,0.001742,0.001742,interpolated,0.8653,1,0,0.884,0.1147
human,plate17,flu-seqneut-2026-UWMC-075,A/California/NIRC-IS-1067/2026_H3N2,plate17-A/California/NIRC-IS-1067/2026_H3N2,0.001797,interpolated,0.001938,0.001938,interpolated,1.001,0.9636,0,0.9651,0.05968
human,plate17,flu-seqneut-2026-UWMC-075,A/California/NIRC-IS-1356/2025_H1N1,plate17-A/California/NIRC-IS-1356/2025_H1N1,0.00305,interpolated,0.003181,0.003181,interpolated,1.906,0.9614,0,0.9558,0.08329
human,plate17,flu-seqneut-2026-UWMC-075,A/Castellon/VAHNSI_02_02400/2025_H3N2,plate17-A/Castellon/VAHNSI_02_02400/2025_H3N2,0.001693,interpolated,0.001744,0.001744,interpolated,0.8,0.9882,0,0.8091,0.1347
human,plate17,flu-seqneut-2026-UWMC-075,A/Colombia/1851/2024_H3N2,plate17-A/Colombia/1851/2024_H3N2,0.001875,interpolated,0.001875,0.001875,interpolated,0.8993,1,0,0.8943,0.1115
human,plate17,flu-seqneut-2026-UWMC-075,A/Colorado/218/2024_H1N1,plate17-A/Colorado/218/2024_H1N1,0.003297,interpolated,0.003297,0.003297,interpolated,1.651,1,0,0.9378,0.1012
human,plate17,flu-seqneut-2026-UWMC-075,A/Connecticut/5/2026_H3N2,plate17-A/Connecticut/5/2026_H3N2,0.002045,interpolated,0.002301,0.002301,interpolated,0.8049,0.9547,0,0.8166,0.1337
human,plate17,flu-seqneut-2026-UWMC-075,A/Croatia/10136RV/2023_H3N2,plate17-A/Croatia/10136RV/2023_H3N2,0.002638,interpolated,0.002802,0.002802,interpolated,4.096,0.8906,0,0.9599,0.08056
human,plate17,flu-seqneut-2026-UWMC-075,A/Darwin/1415/2025_H3N2,plate17-A/Darwin/1415/2025_H3N2,0.00185,interpolated,0.001949,0.001949,interpolated,0.8635,0.978,0,0.9129,0.08849
human,plate17,flu-seqneut-2026-UWMC-075,A/Darwin/1454/2025_H3N2,plate17-A/Darwin/1454/2025_H3N2,0.000878,interpolated,0.001055,0.001055,interpolated,0.9564,0.9196,0,0.9378,0.07719
human,plate17,flu-seqneut-2026-UWMC-075,A/Denmark/3940/2025_H3N2,plate17-A/Denmark/3940/2025_H3N2,0.003546,interpolated,0.004475,0.004475,interpolated,1.047,0.892,0,0.8031,0.1316
human,plate17,flu-seqneut-2026-UWMC-075,A/Denmark/4547/2025_H1N1,plate17-A/Denmark/4547/2025_H1N1,0.002962,interpolated,0.00317,0.00317,interpolated,2.358,0.926,0,0.9328,0.1037
human,plate17,flu-seqneut-2026-UWMC-075,A/Denmark/4774/2025_H1N1,plate17-A/Denmark/4774/2025_H1N1,0.004082,interpolated,0.004082,0.004082,interpolated,3.191,1,0,0.9995,0.00936
human,plate17,flu-seqneut-2026-UWMC-075,A/District_Of_Columbia/27/2023_H3N2,plate17-A/District_Of_Columbia/27/2023_H3N2,0.008604,interpolated,0.00917,0.00917,interpolated,10,0.7644,0,0.7374,0.1797
human,plate17,flu-seqneut-2026-UWMC-075,A/Distrito_Federal/250106000728/2025_H3N2,plate17-A/Distrito_Federal/250106000728/2025_H3N2,0.002156,interpolated,0.002156,0.002156,interpolated,1.916,1,0,0.9447,0.09487
human,plate17,flu-seqneut-2026-UWMC-075,A/England/1893256/2026_H1N1,plate17-A/England/1893256/2026_H1N1,0.003467,interpolated,0.003529,0.003529,interpolated,1.649,0.9856,0,0.9759,0.05827
human,plate17,flu-seqneut-2026-UWMC-075,A/Florida/ISC-1069/2026_H3N2,plate17-A/Florida/ISC-1069/2026_H3N2,0.001111,interpolated,0.001111,0.001111,interpolated,0.8,1,0,0.8556,0.1174
human,plate17,flu-seqneut-2026-UWMC-075,A/France/ARA-HCL025195259501/2025_H1N1,plate17-A/France/ARA-HCL025195259501/2025_H1N1,0.002752,interpolated,0.002813,0.002813,interpolated,2.204,0.9765,0,0.9792,0.05914
human,plate17,flu-seqneut-2026-UWMC-075,A/France/ARA-HCL026031894402/2026_H3N2,plate17-A/France/ARA-HCL026031894402/2026_H3N2,0.001845,interpolated,0.002373,0.002373,interpolated,1.06,0.883,0,0.8337,0.1362
human,plate17,flu-seqneut-2026-UWMC-075,A/France/GES-IPP00659/2026_H1N1,plate17-A/France/GES-IPP00659/2026_H1N1,0.003374,interpolated,0.003454,0.003454,interpolated,1.797,0.9795,0,0.9642,0.0748
human,plate17,flu-seqneut-2026-UWMC-075,A/France/GES-IPP01077/2026_H3N2,plate17-A/France/GES-IPP01077/2026_H3N2,0.002544,interpolated,0.005063,0.005063,interpolated,0.8,0.7883,0,0.649,0.161
human,plate17,flu-seqneut-2026-UWMC-075,A/France/HDF-IPP01550/2026_H3N2,plate17-A/France/HDF-IPP01550/2026_H3N2,0.002072,interpolated,0.002072,0.002072,interpolated,0.8,1,0,0.9229,0.0873
human,plate17,flu-seqneut-2026-UWMC-075,A/France/HDF-RELAB-IPP00300/2026_H3N2,plate17-A/France/HDF-RELAB-IPP00300/2026_H3N2,0.002199,interpolated,0.002199,0.002199,interpolated,1.247,1,0,0.9706,0.06192
human,plate17,flu-seqneut-2026-UWMC-075,A/France/HDF-RELAB-IPP00303/2026_H3N2,plate17-A/France/HDF-RELAB-IPP00303/2026_H3N2,0.001035,interpolated,0.001874,0.001874,interpolated,0.8,0.8109,0,0.871,0.09229
human,plate17,flu-seqneut-2026-UWMC-075,A/France/HDF-RELAB-IPP07969/2025_H1N1,plate17-A/France/HDF-RELAB-IPP07969/2025_H1N1,0.002159,interpolated,0.002226,0.002226,interpolated,2.618,0.9614,0,0.9629,0.07975
human,plate17,flu-seqneut-2026-UWMC-075,A/France/NAQ-HCL026010957001/2026_H3N2,plate17-A/France/NAQ-HCL026010957001/2026_H3N2,0.0008585,interpolated,0.001754,0.001754,interpolated,0.8,0.7824,0,0.8789,0.08591
human,plate17,flu-seqneut-2026-UWMC-075,A/France/NAQ-HCL026046169102/2025_H1N1,plate17-A/France/NAQ-HCL026046169102/2025_H1N1,0.00234,interpolated,0.002736,0.002736,interpolated,1.399,0.9019,0,0.9012,0.1136
human,plate17,flu-seqneut-2026-UWMC-075,A/France/OCC-HCL026013263701/2026_H3N2,plate17-A/France/OCC-HCL026013263701/2026_H3N2,0.001997,interpolated,0.001997,0.001997,interpolated,0.9225,1,0,0.9769,0.04826
human,plate17,flu-seqneut-2026-UWMC-075,A/France/PAC-RELAB-HCL026021993801/2026_H3N2,plate17-A/France/PAC-RELAB-HCL026021993801/2026_H3N2,0.00902,interpolated,0.009694,0.009694,interpolated,10,0.7433,0,0.6661,0.181
human,plate17,flu-seqneut-2026-UWMC-075,A/Galicia/GA-CHUAC-451/2025_H3N2,plate17-A/Galicia/GA-CHUAC-451/2025_H3N2,0.001713,interpolated,0.002177,0.002177,interpolated,1.136,0.8808,0,0.8808,0.1152
human,plate17,flu-seqneut-2026-UWMC-075,A/Galicia/GA-CHUAC-612/2025_H1N1,plate17-A/Galicia/GA-CHUAC-612/2025_H1N1,0.003466,interpolated,0.003466,0.003466,interpolated,2.45,1,0,0.9974,0.02123
human,plate17,flu-seqneut-2026-UWMC-075,A/Germany/LRMC_0104/2025_H3N2,plate17-A/Germany/LRMC_0104/2025_H3N2,0.002813,interpolated,0.003176,0.003176,interpolated,1.27,0.9286,0,0.943,0.07915
human,plate17,flu-seqneut-2026-UWMC-075,A/Germany/LRMC_0113/2025_H3N2,plate17-A/Germany/LRMC_0113/2025_H3N2,0.002037,interpolated,0.002928,0.002928,interpolated,0.8,0.874,0,0.7259,0.147
human,plate17,flu-seqneut-2026-UWMC-075,A/Hawaii/70/2019_H1N1,plate17-A/Hawaii/70/2019_H1N1,0.0003618,interpolated,0.0003618,0.0003618,interpolated,4.105,1,0,0.9946,0.03057
human,plate17,flu-seqneut-2026-UWMC-075,A/Hawaii/ISC-1140/2025_H1N1,plate17-A/Hawaii/ISC-1140/2025_H1N1,0.004411,interpolated,0.00447,0.00447,interpolated,10,0.9376,0,0.9446,0.09885
human,plate17,flu-seqneut-2026-UWMC-075,A/Hessen/18/2026_H1N1,plate17-A/Hessen/18/2026_H1N1,0.003657,interpolated,0.003822,0.003822,interpolated,1.377,0.9704,0,0.9305,0.09536
human,plate17,flu-seqneut-2026-UWMC-075,A/Ireland/91576/2025_H3N2,plate17-A/Ireland/91576/2025_H3N2,0.00277,interpolated,0.003992,0.003992,interpolated,0.9289,0.8561,0,0.9541,0.05649
human,plate17,flu-seqneut-2026-UWMC-075,A/Kentucky/80/2025_H1N1,plate17-A/Kentucky/80/2025_H1N1,0.001753,interpolated,0.001791,0.001791,interpolated,10,0.9032,0,0.926,0.12
human,plate17,flu-seqneut-2026-UWMC-075,A/Lisboa/216/2023_H3N2,plate17-A/Lisboa/216/2023_H3N2,0.0008445,interpolated,0.001258,0.001258,interpolated,1.019,0.8331,0,0.8704,0.1088
human,plate17,flu-seqneut-2026-UWMC-075,A/Luxembourg/LNS9132577/2026_H3N2,plate17-A/Luxembourg/LNS9132577/2026_H3N2,0.00315,interpolated,0.00408,0.00408,interpolated,1.011,0.885,0,0.7906,0.1396
human,plate17,flu-seqneut-2026-UWMC-075,A/Maine/25/2026_H1N1,plate17-A/Maine/25/2026_H1N1,0.00277,interpolated,0.002821,0.002821,interpolated,2.05,0.9817,0,0.9763,0.06286
human,plate17,flu-seqneut-2026-UWMC-075,A/Malaysia/IMR/SARI/2406/2025_H3N2,plate17-A/Malaysia/IMR/SARI/2406/2025_H3N2,0.001479,interpolated,0.001479,0.001479,interpolated,0.8,1,0,0.9429,0.06694
human,plate17,flu-seqneut-2026-UWMC-075,A/Massachusetts/18/2022_H3N2,plate17-A/Massachusetts/18/2022_H3N2,0.002072,interpolated,0.003282,0.003282,interpolated,1.837,0.7147,0,0.8492,0.1167
human,plate17,flu-seqneut-2026-UWMC-075,A/Massachusetts/ISC-1856/2025_H3N2,plate17-A/Massachusetts/ISC-1856/2025_H3N2,0.0008623,interpolated,0.001156,0.001156,interpolated,0.8,0.8954,0,0.8332,0.1177
human,plate17,flu-seqneut-2026-UWMC-075,A/Mauritius/26000203/2026_H1N1,plate17-A/Mauritius/26000203/2026_H1N1,0.001923,interpolated,0.00198,0.00198,interpolated,4.055,0.9441,0,0.9564,0.0886
human,plate17,flu-seqneut-2026-UWMC-075,A/Michigan/8/2026_H3N2,plate17-A/Michigan/8/2026_H3N2,0.00259,interpolated,0.002696,0.002696,interpolated,0.8,0.9843,0,0.6423,0.2024
human,plate17,flu-seqneut-2026-UWMC-075,A/Michigan/UM-10068071276/2025_H3N2,plate17-A/Michigan/UM-10068071276/2025_H3N2,0.0008731,interpolated,0.001042,0.001042,interpolated,1.202,0.9043,0,0.8938,0.1159
human,plate17,flu-seqneut-2026-UWMC-075,A/Michigan/UM-10068134090/2025_H3N2,plate17-A/Michigan/UM-10068134090/2025_H3N2,0.001569,interpolated,0.001814,0.001814,interpolated,1.508,0.9016,0,0.8859,0.1183
human,plate17,flu-seqneut-2026-UWMC-075,A/Michigan/UM-10068449788/2025_H3N2,plate17-A/Michigan/UM-10068449788/2025_H3N2,0.002984,interpolated,0.003671,0.003671,interpolated,1.338,0.8788,0,0.8921,0.1066
human,plate17,flu-seqneut-2026-UWMC-075,A/Michigan/UM-10068456988/2025_H3N2,plate17-A/Michigan/UM-10068456988/2025_H3N2,0.002992,interpolated,0.003348,0.003348,interpolated,0.8,0.957,0,0.6226,0.2009
human,plate17,flu-seqneut-2026-UWMC-075,A/Michigan/UM-10068747355/2026_H3N2,plate17-A/Michigan/UM-10068747355/2026_H3N2,0.001801,interpolated,0.002251,0.002251,interpolated,0.8,0.9182,0,0.7555,0.1535
human,plate17,flu-seqneut-2026-UWMC-075,A/MinasGerais/410/2026_H1N1,plate17-A/MinasGerais/410/2026_H1N1,0.002897,interpolated,0.00303,0.00303,interpolated,1.472,0.968,0,0.9279,0.1011
human,plate17,flu-seqneut-2026-UWMC-075,A/MinasGerais/671/2026_H1N1,plate17-A/MinasGerais/671/2026_H1N1,0.003022,interpolated,0.003297,0.003297,interpolated,1.581,0.9358,0,0.8972,0.121
human,plate17,flu-seqneut-2026-UWMC-075,A/Mississippi/20/2026_H1N1,plate17-A/Mississippi/20/2026_H1N1,0.003749,interpolated,0.003749,0.003749,interpolated,1.168,1,0,0.9221,0.09862
human,plate17,flu-seqneut-2026-UWMC-075,A/Missouri/11/2025_cell_H1N1,plate17-A/Missouri/11/2025_cell_H1N1,0.007377,interpolated,0.007377,0.007377,interpolated,10,1,0,0.9999,0.004576
human,plate17,flu-seqneut-2026-UWMC-075,A/Missouri/11/2025_egg_H1N1,plate17-A/Missouri/11/2025_egg_H1N1,0.0003377,interpolated,0.0003377,0.0003377,interpolated,1.787,1,0,0.9887,0.03857
human,plate17,flu-seqneut-2026-UWMC-075,A/Missouri/NIRC-AV-1003/2025_H3N2,plate17-A/Missouri/NIRC-AV-1003/2025_H3N2,0.001722,interpolated,0.001722,0.001722,interpolated,1.126,1,0,0.9365,0.09144
human,plate17,flu-seqneut-2026-UWMC-075,A/Montana/51/2025_H3N2,plate17-A/Montana/51/2025_H3N2,0.006438,interpolated,0.007856,0.007856,interpolated,3.629,0.7429,0,0.6376,0.198
human,plate17,flu-seqneut-2026-UWMC-075,A/NakhonPhanom/P495/2026_H3N2,plate17-A/NakhonPhanom/P495/2026_H3N2,0.002731,interpolated,0.0041,0.0041,interpolated,0.8,0.8612,0,0.7722,0.1253
human,plate17,flu-seqneut-2026-UWMC-075,A/Navarra/260009/2025_H3N2,plate17-A/Navarra/260009/2025_H3N2,0.002471,interpolated,0.003212,0.003212,interpolated,1.062,0.8784,0,0.8874,0.1049
human,plate17,flu-seqneut-2026-UWMC-075,A/Nebraska/34/2026_H1N1,plate17-A/Nebraska/34/2026_H1N1,0.00259,interpolated,0.00259,0.00259,interpolated,2.064,1,0,0.9796,0.05973
human,plate17,flu-seqneut-2026-UWMC-075,A/Netherlands/10008/2026_H1N1,plate17-A/Netherlands/10008/2026_H1N1,0.001879,interpolated,0.001919,0.001919,interpolated,10,0.9062,0,0.9487,0.09528
human,plate17,flu-seqneut-2026-UWMC-075,A/Netherlands/2398/2025_H1N1,plate17-A/Netherlands/2398/2025_H1N1,0.001807,interpolated,0.001854,0.001854,interpolated,10,0.8875,0,0.9431,0.1022
human,plate17,flu-seqneut-2026-UWMC-075,A/Netherlands/543/2026_H1N1,plate17-A/Netherlands/543/2026_H1N1,0.0034,interpolated,0.003578,0.003578,interpolated,2.278,0.9451,0,0.96,0.07891
human,plate17,flu-seqneut-2026-UWMC-075,A/Netherlands/864/2026_H1N1,plate17-A/Netherlands/864/2026_H1N1,0.002482,interpolated,0.002525,0.002525,interpolated,1.844,0.9845,0,0.9609,0.07994
human,plate17,flu-seqneut-2026-UWMC-075,A/Netherlands/888/2026_H3N2,plate17-A/Netherlands/888/2026_H3N2,0.005489,interpolated,0.006678,0.006678,interpolated,0.8553,0.9228,0,0.7531,0.1339
human,plate17,flu-seqneut-2026-UWMC-075,A/Netherlands/968/2026_H3N2,plate17-A/Netherlands/968/2026_H3N2,0.001714,interpolated,0.002668,0.002668,interpolated,0.8,0.851,0,0.7974,0.1244
human,plate17,flu-seqneut-2026-UWMC-075,A/NewBrunswick/NBPHLFLUA10B-MM00057R/2026_H1N1,plate17-A/NewBrunswick/NBPHLFLUA10B-MM00057R/2026_H1N1,0.002905,interpolated,0.002905,0.002905,interpolated,1.639,1,0,0.9744,0.06222
human,plate17,flu-seqneut-2026-UWMC-075,A/NewYork/NIRC-IS-1086/2026_H3N2,plate17-A/NewYork/NIRC-IS-1086/2026_H3N2,0.001682,interpolated,0.00204,0.00204,interpolated,1.334,0.8865,0,0.8452,0.1449
human,plate17,flu-seqneut-2026-UWMC-075,A/NordrheinWestfalen/54/2026_H3N2,plate17-A/NordrheinWestfalen/54/2026_H3N2,0.00179,interpolated,0.002257,0.002257,interpolated,0.8,0.9154,0,0.7597,0.1453
human,plate17,flu-seqneut-2026-UWMC-075,A/NordrheinWestfalen/96/2026_H1N1,plate17-A/NordrheinWestfalen/96/2026_H1N1,0.002264,interpolated,0.002264,0.002264,interpolated,2.251,1,0,0.9812,0.05875
human,plate17,flu-seqneut-2026-UWMC-075,A/Norway/9556/2025_H1N1,plate17-A/Norway/9556/2025_H1N1,0.003254,interpolated,0.003254,0.003254,interpolated,2.203,1,0,0.9949,0.02968
human,plate17,flu-seqneut-2026-UWMC-075,A/NovaScotia/25-365-06099/2025_H3N2,plate17-A/NovaScotia/25-365-06099/2025_H3N2,0.001159,interpolated,0.002475,0.002475,interpolated,1.058,0.7242,0,0.9063,0.07734
human,plate17,flu-seqneut-2026-UWMC-075,A/Ohio/259/2024_H1N1,plate17-A/Ohio/259/2024_H1N1,0.002025,interpolated,0.002064,0.002064,interpolated,10,0.9143,0,0.9643,0.08018
human,plate17,flu-seqneut-2026-UWMC-075,A/Ontario/PHL202550193/2025_H3N2,plate17-A/Ontario/PHL202550193/2025_H3N2,0.001886,interpolated,0.002943,0.002943,interpolated,0.8,0.8503,0,0.5249,0.2258
human,plate17,flu-seqneut-2026-UWMC-075,A/Oregon/81/2025_H3N2,plate17-A/Oregon/81/2025_H3N2,0.002243,interpolated,0.003384,0.003384,interpolated,1.109,0.817,0,0.8505,0.1133
human,plate17,flu-seqneut-2026-UWMC-075,A/PaisVasco/70369726/2026_H1N1,plate17-A/PaisVasco/70369726/2026_H1N1,0.002738,interpolated,0.002872,0.002872,interpolated,2.244,0.9493,0,0.9559,0.08477
human,plate17,flu-seqneut-2026-UWMC-075,A/Parana/416133590/2026_H3N2,plate17-A/Parana/416133590/2026_H3N2,0.001681,interpolated,0.002436,0.002436,interpolated,0.8,0.8717,0,0.7828,0.1292
human,plate17,flu-seqneut-2026-UWMC-075,A/Peru/ANC-INS-062/2026_H3N2,plate17-A/Peru/ANC-INS-062/2026_H3N2,0.002617,interpolated,0.002925,0.002925,interpolated,1.798,0.9093,0,0.8894,0.1221
human,plate17,flu-seqneut-2026-UWMC-075,A/Rhode_Island/11/2026_H1N1,plate17-A/Rhode_Island/11/2026_H1N1,0.001968,interpolated,0.002101,0.002101,interpolated,2.027,0.9377,0,0.8922,0.1343
human,plate17,flu-seqneut-2026-UWMC-075,A/RiodeJaneiro/331/2026_H3N2,plate17-A/RiodeJaneiro/331/2026_H3N2,0.001815,interpolated,0.002629,0.002629,interpolated,1.638,0.7727,0,0.7941,0.1516
human,plate17,flu-seqneut-2026-UWMC-075,A/Romania/612042/2026_H3N2,plate17-A/Romania/612042/2026_H3N2,0.001599,interpolated,0.002707,0.002707,interpolated,0.933,0.806,0,0.8284,0.1139
human,plate17,flu-seqneut-2026-UWMC-075,A/SantaCatarina/508/2026_H3N2,plate17-A/SantaCatarina/508/2026_H3N2,0.00185,interpolated,0.00185,0.00185,interpolated,0.8,1,0,0.8167,0.1166
human,plate17,flu-seqneut-2026-UWMC-075,A/Saskatchewan/SKFLU477299/2025_H3N2,plate17-A/Saskatchewan/SKFLU477299/2025_H3N2,0.001582,interpolated,0.003187,0.003187,interpolated,1.148,0.7238,0,0.7286,0.1457
human,plate17,flu-seqneut-2026-UWMC-075,A/Saskatchewan/SKFLU477727/2025_H3N2,plate17-A/Saskatchewan/SKFLU477727/2025_H3N2,0.004144,interpolated,0.005,0.005,interpolated,1.526,0.8754,0,0.7961,0.1517
human,plate17,flu-seqneut-2026-UWMC-075,A/Saskatchewan/SKFLU490586/2026_H1N1,plate17-A/Saskatchewan/SKFLU490586/2026_H1N1,0.003505,interpolated,0.003505,0.003505,interpolated,2.686,1,0,0.9992,0.01182
human,plate17,flu-seqneut-2026-UWMC-075,A/Singapore/GP20238/2024_H3N2,plate17-A/Singapore/GP20238/2024_H3N2,0.000522,interpolated,0.001025,0.001025,interpolated,1.725,0.6562,0,0.9344,0.07174
human,plate17,flu-seqneut-2026-UWMC-075,A/Singapore/KK2768/2025_H1N1,plate17-A/Singapore/KK2768/2025_H1N1,0.004005,interpolated,0.004012,0.004012,interpolated,5.79,0.9952,0,0.9998,0.006417
human,plate17,flu-seqneut-2026-UWMC-075,A/Singapore/MOH0547/2024_H1N1,plate17-A/Singapore/MOH0547/2024_H1N1,0.003686,interpolated,0.003765,0.003765,interpolated,10,0.9049,0,0.9452,0.1046
human,plate17,flu-seqneut-2026-UWMC-075,A/Singapore/NTF0577/2025_H3N2,plate17-A/Singapore/NTF0577/2025_H3N2,0.002376,interpolated,0.002376,0.002376,interpolated,1.134,1,0,0.9447,0.08114
human,plate17,flu-seqneut-2026-UWMC-075,A/Singapore/SAR8915/2025_H3N2,plate17-A/Singapore/SAR8915/2025_H3N2,0.001107,interpolated,0.001371,0.001371,interpolated,0.8,0.9213,0,0.8022,0.1362
human,plate17,flu-seqneut-2026-UWMC-075,A/SouthAfrica/NHLS-SU-CERI-C075557/2026_H1N1,plate17-A/SouthAfrica/NHLS-SU-CERI-C075557/2026_H1N1,0.001995,interpolated,0.002121,0.002121,interpolated,3.096,0.9141,0,0.9276,0.1116
human,plate17,flu-seqneut-2026-UWMC-075,A/SouthAfrica/NICD-R01647/2026_H1N1,plate17-A/SouthAfrica/NICD-R01647/2026_H1N1,0.003288,interpolated,0.003397,0.003397,interpolated,2.055,0.9678,0,0.9783,0.05838
human,plate17,flu-seqneut-2026-UWMC-075,A/SouthAfrica/NICD-R01668/2026_H1N1,plate17-A/SouthAfrica/NICD-R01668/2026_H1N1,0.003285,interpolated,0.003285,0.003285,interpolated,1.932,1,0,0.9867,0.04721
human,plate17,flu-seqneut-2026-UWMC-075,A/SouthAfrica/PATH-CERI-C073358/2025_H1N1,plate17-A/SouthAfrica/PATH-CERI-C073358/2025_H1N1,0.002781,interpolated,0.002799,0.002799,interpolated,2.333,0.9927,0,0.9914,0.0386
human,plate17,flu-seqneut-2026-UWMC-075,A/SouthAfrica/PATH-CERI-C073366/2025_H1N1,plate17-A/SouthAfrica/PATH-CERI-C073366/2025_H1N1,0.003742,interpolated,0.003742,0.003742,interpolated,2.141,1,0,0.9908,0.03927
human,plate17,flu-seqneut-2026-UWMC-075,A/SouthAfrica/PATH-CERI-C075119/2026_H1N1,plate17-A/SouthAfrica/PATH-CERI-C075119/2026_H1N1,0.003139,interpolated,0.003139,0.003139,interpolated,2.504,1,0,0.9971,0.02294
human,plate17,flu-seqneut-2026-UWMC-075,A/SouthAustralia/2605715552/2026_H3N2,plate17-A/SouthAustralia/2605715552/2026_H3N2,0.003752,interpolated,0.004598,0.004598,interpolated,1.133,0.8971,0,0.7099,0.1828
human,plate17,flu-seqneut-2026-UWMC-075,A/SouthCarolina/USAFSAM-17046/2026_H3N2,plate17-A/SouthCarolina/USAFSAM-17046/2026_H3N2,0.001768,interpolated,0.002447,0.002447,interpolated,1.533,0.8037,0,0.9149,0.09535
human,plate17,flu-seqneut-2026-UWMC-075,A/South_Australia/2523812314/2025_H3N2,plate17-A/South_Australia/2523812314/2025_H3N2,0.002633,interpolated,0.002633,0.002633,interpolated,1.001,1,0,0.8586,0.1304
human,plate17,flu-seqneut-2026-UWMC-075,A/South_Australia/2527213276/2025_H3N2,plate17-A/South_Australia/2527213276/2025_H3N2,0.003357,interpolated,0.005559,0.005559,interpolated,1.926,0.6892,0,0.5487,0.2211
human,plate17,flu-seqneut-2026-UWMC-075,A/StPetersburg/RII-25-2042S/2025_H3N2,plate17-A/StPetersburg/RII-25-2042S/2025_H3N2,0.002709,interpolated,0.003022,0.003022,interpolated,1.039,0.9463,0,0.8149,0.1449
human,plate17,flu-seqneut-2026-UWMC-075,A/StPetersburg/RII-25-2321S/2025_H3N2,plate17-A/StPetersburg/RII-25-2321S/2025_H3N2,0.00181,interpolated,0.00181,0.00181,interpolated,0.8926,1,0,0.7249,0.1979
human,plate17,flu-seqneut-2026-UWMC-075,A/StPetersburg/RII-25-2506S/2026_H3N2,plate17-A/StPetersburg/RII-25-2506S/2026_H3N2,0.001547,interpolated,0.00268,0.00268,interpolated,0.8,0.8223,0,0.7982,0.1159
human,plate17,flu-seqneut-2026-UWMC-075,A/StPetersburg/RII-25-2600S/2026_H3N2,plate17-A/StPetersburg/RII-25-2600S/2026_H3N2,0.005639,interpolated,0.007313,0.007313,interpolated,2.028,0.7951,0,0.6905,0.1753
human,plate17,flu-seqneut-2026-UWMC-075,A/Switzerland/UN-SNRCI-HUG-053/2025_H1N1,plate17-A/Switzerland/UN-SNRCI-HUG-053/2025_H1N1,0.003214,interpolated,0.003378,0.003378,interpolated,2.367,0.9444,0,0.9594,0.08079
human,plate17,flu-seqneut-2026-UWMC-075,A/Sydney/1359/2024_H3N2,plate17-A/Sydney/1359/2024_H3N2,0.001234,interpolated,0.001504,0.001504,interpolated,1.266,0.8891,0,0.9443,0.08151
human,plate17,flu-seqneut-2026-UWMC-075,A/Sydney/50/2026_H1N1,plate17-A/Sydney/50/2026_H1N1,0.004383,interpolated,0.004461,0.004461,interpolated,1.563,0.9864,0,0.9777,0.05401
human,plate17,flu-seqneut-2026-UWMC-075,A/Texas/29/2026_H1N1,plate17-A/Texas/29/2026_H1N1,0.003689,interpolated,0.003785,0.003785,interpolated,1.93,0.9758,0,0.9686,0.07015
human,plate17,flu-seqneut-2026-UWMC-075,A/Thailand/8/2022_H3N2,plate17-A/Thailand/8/2022_H3N2,0.00192,interpolated,0.002501,0.002501,interpolated,2.993,0.7265,0,0.8857,0.1095
human,plate17,flu-seqneut-2026-UWMC-075,A/Thuringen/16/2026_H3N2,plate17-A/Thuringen/16/2026_H3N2,0.001477,interpolated,0.001477,0.001477,interpolated,0.8891,1,0,0.8932,0.1103
human,plate17,flu-seqneut-2026-UWMC-075,A/Thuringen/39/2026_H3N2,plate17-A/Thuringen/39/2026_H3N2,0.004438,interpolated,0.006353,0.006353,interpolated,1.234,0.8212,0,0.6728,0.1774
human,plate17,flu-seqneut-2026-UWMC-075,A/Tokyo/EIS11-277/2024_H1N1,plate17-A/Tokyo/EIS11-277/2024_H1N1,0.002145,interpolated,0.002145,0.002145,interpolated,2.835,1,0,0.9922,0.03878
human,plate17,flu-seqneut-2026-UWMC-075,A/Trieste/257/2025_H3N2,plate17-A/Trieste/257/2025_H3N2,0.002406,interpolated,0.003483,0.003483,interpolated,1.017,0.8432,0,0.7161,0.1607
human,plate17,flu-seqneut-2026-UWMC-075,A/Trieste/380/2026_H3N2,plate17-A/Trieste/380/2026_H3N2,0.002091,interpolated,0.005001,0.005001,interpolated,1.383,0.6497,0,0.7858,0.1145
human,plate17,flu-seqneut-2026-UWMC-075,A/Ukraine/5214/2026_H1N1,plate17-A/Ukraine/5214/2026_H1N1,0.002725,interpolated,0.002876,0.002876,interpolated,2.406,0.9392,0,0.9643,0.07618
human,plate17,flu-seqneut-2026-UWMC-075,A/Uppsala/SE26-01293/2026_H1N1,plate17-A/Uppsala/SE26-01293/2026_H1N1,0.005943,interpolated,0.006074,0.006074,interpolated,6.695,0.9321,0,0.9299,0.1082
human,plate17,flu-seqneut-2026-UWMC-075,A/Valencia/VAHNSI_09_02564/2025_H1N1,plate17-A/Valencia/VAHNSI_09_02564/2025_H1N1,0.002517,interpolated,0.00271,0.00271,interpolated,1.975,0.9322,0,0.9636,0.07438
human,plate17,flu-seqneut-2026-UWMC-075,A/Victoria/2948/2025_H3N2,plate17-A/Victoria/2948/2025_H3N2,0.002761,interpolated,0.003337,0.003337,interpolated,3.433,0.7611,0,0.8481,0.1281
human,plate17,flu-seqneut-2026-UWMC-075,A/Victoria/4897/2022_IVR-238_H1N1,plate17-A/Victoria/4897/2022_IVR-238_H1N1,0.0004975,interpolated,0.0004975,0.0004975,interpolated,2.001,1,0,0.9833,0.05289
human,plate17,flu-seqneut-2026-UWMC-075,A/Vietnam/F7324/2024_H3N2,plate17-A/Vietnam/F7324/2024_H3N2,0.001491,interpolated,0.001695,0.001695,interpolated,1.07,0.9359,0,0.8344,0.1495
human,plate17,flu-seqneut-2026-UWMC-075,A/Vietnam/PF125413/2025_H1N1,plate17-A/Vietnam/PF125413/2025_H1N1,0.002884,interpolated,0.002884,0.002884,interpolated,2.285,1,0,0.9949,0.03029
human,plate17,flu-seqneut-2026-UWMC-075,A/Vietnam/PF126009/2026_H1N1,plate17-A/Vietnam/PF126009/2026_H1N1,0.003649,interpolated,0.003684,0.003684,interpolated,3.909,0.9816,0,0.9967,0.02436
human,plate17,flu-seqneut-2026-UWMC-075,A/Virginia/82/2025_H1N1,plate17-A/Virginia/82/2025_H1N1,0.003762,interpolated,0.004004,0.004004,interpolated,1.413,0.9579,0,0.8578,0.1357
human,plate17,flu-seqneut-2026-UWMC-075,A/Wisconsin/588/2019_H1N1,plate17-A/Wisconsin/588/2019_H1N1,0.00172,interpolated,0.001773,0.001773,interpolated,10,0.8687,0,0.9254,0.1183
human,plate17,flu-seqneut-2026-UWMC-075,A/Wisconsin/67/2022_H1N1,plate17-A/Wisconsin/67/2022_H1N1,0.003225,interpolated,0.003225,0.003225,interpolated,3.489,0.9999,0,0.9998,0.005454
human,plate17,flu-seqneut-2026-UWMC-075,A/Zacapa/FLU-012/2025_H1N1,plate17-A/Zacapa/FLU-012/2025_H1N1,0.002226,interpolated,0.002348,0.002348,interpolated,1.68,0.9572,0,0.8993,0.128
human,plate17,flu-seqneut-2026-UWMC-075,A/Zambia/6-NIC-014/2026_H1N1,plate17-A/Zambia/6-NIC-014/2026_H1N1,0.002667,interpolated,0.002795,0.002795,interpolated,1.885,0.9576,0,0.9451,0.09325
human,plate17,flu-seqneut-2026-UWMC-075,A/Zambia/7-NIC-313/2026_H1N1,plate17-A/Zambia/7-NIC-313/2026_H1N1,0.004715,interpolated,0.004746,0.004746,interpolated,10,0.9681,0,0.9845,0.05133
human,plate17,flu-seqneut-2026-UWMC-076,A/Andalucia/PMC-00977/2025_H1N1,plate17-A/Andalucia/PMC-00977/2025_H1N1,0.001371,interpolated,0.001472,0.001472,interpolated,2.542,0.9174,0,0.9864,0.04728
human,plate17,flu-seqneut-2026-UWMC-076,A/Andalucia/PMC-01217/2025_H1N1,plate17-A/Andalucia/PMC-01217/2025_H1N1,0.001263,interpolated,0.001361,0.001361,interpolated,3.291,0.8904,0,0.9339,0.108
human,plate17,flu-seqneut-2026-UWMC-076,A/Andalucia/PMC-01495/2025_H1N1,plate17-A/Andalucia/PMC-01495/2025_H1N1,0.001462,interpolated,0.002056,0.002056,interpolated,3.858,0.634,0,0.8928,0.09977
human,plate17,flu-seqneut-2026-UWMC-076,A/Arizona/40/2026_H1N1,plate17-A/Arizona/40/2026_H1N1,0.001751,interpolated,0.001817,0.001817,interpolated,10,0.8442,0,0.9482,0.09378
human,plate17,flu-seqneut-2026-UWMC-076,A/Astrakhan/RII-MH273373S/2025_H3N2,plate17-A/Astrakhan/RII-MH273373S/2025_H3N2,0.0001839,interpolated,0.001063,0.001063,interpolated,0.9172,0.6,0,0.7662,0.1059
human,plate17,flu-seqneut-2026-UWMC-076,A/Asturias/232590913/2025_H1N1,plate17-A/Asturias/232590913/2025_H1N1,0.001877,interpolated,0.001908,0.001908,interpolated,10,0.9232,0,0.954,0.09452
human,plate17,flu-seqneut-2026-UWMC-076,A/Badajoz/18738342/2026_H3N2,plate17-A/Badajoz/18738342/2026_H3N2,0.0008996,interpolated,0.001581,0.001581,interpolated,2.345,0.6333,0,0.8125,0.1298
human,plate17,flu-seqneut-2026-UWMC-076,A/Badajoz/18811358/2026_H3N2,plate17-A/Badajoz/18811358/2026_H3N2,0.0008591,interpolated,0.0008598,0.0008598,interpolated,1.148,0.9995,0,0.9753,0.05717
human,plate17,flu-seqneut-2026-UWMC-076,A/Badajoz/18813527/2026_H3N2,plate17-A/Badajoz/18813527/2026_H3N2,0.001848,interpolated,0.002,0.002,interpolated,10,0.7267,0,0.8982,0.1087
human,plate17,flu-seqneut-2026-UWMC-076,A/Bangkok/P2390/2025_H3N2,plate17-A/Bangkok/P2390/2025_H3N2,0.0006659,interpolated,0.0009628,0.0009628,interpolated,1.077,0.8362,0,0.816,0.1375
human,plate17,flu-seqneut-2026-UWMC-076,A/Bangkok/P2391/2025_H3N2,plate17-A/Bangkok/P2391/2025_H3N2,0.0003149,interpolated,0.0003273,0.0003273,interpolated,1.044,0.9803,0,0.8732,0.1093
human,plate17,flu-seqneut-2026-UWMC-076,A/Blaenavon/6687/2026_H3N2,plate17-A/Blaenavon/6687/2026_H3N2,0.002028,interpolated,0.002308,0.002308,interpolated,1.698,0.9012,0,0.8937,0.1126
human,plate17,flu-seqneut-2026-UWMC-076,A/Bolivia/OR5702/2025_H3N2,plate17-A/Bolivia/OR5702/2025_H3N2,0.00154,interpolated,0.002162,0.002162,interpolated,2.797,0.6937,0,0.8958,0.09985
human,plate17,flu-seqneut-2026-UWMC-076,A/BritishColumbia/RV00022-26/2025_H1N1,plate17-A/BritishColumbia/RV00022-26/2025_H1N1,0.001906,interpolated,0.001963,0.001963,interpolated,10,0.872,0,0.9195,0.1193
human,plate17,flu-seqneut-2026-UWMC-076,A/BritishColumbia/RV00279-26/2025_H3N2,plate17-A/BritishColumbia/RV00279-26/2025_H3N2,0.0008619,interpolated,0.001427,0.001427,interpolated,1.2,0.773,0,0.7687,0.1588
human,plate17,flu-seqneut-2026-UWMC-076,A/BritishColumbia/RV01350-26/2026_H1N1,plate17-A/BritishColumbia/RV01350-26/2026_H1N1,0.001035,interpolated,0.001085,0.001085,interpolated,1.679,0.9624,0,0.9137,0.1218
human,plate17,flu-seqneut-2026-UWMC-076,A/BritishColumbia/RV05508-25/2025_H1N1,plate17-A/BritishColumbia/RV05508-25/2025_H1N1,0.001819,interpolated,0.002128,0.002128,interpolated,2.832,0.8206,0,0.9581,0.07456
human,plate17,flu-seqneut-2026-UWMC-076,A/California/GKISBBBH79910/2026_H3N2,plate17-A/California/GKISBBBH79910/2026_H3N2,0.001697,interpolated,0.0019,0.0019,interpolated,10,0.6608,0,0.9028,0.09378
human,plate17,flu-seqneut-2026-UWMC-076,A/California/NIRC-IS-1019/2026_H1N1,plate17-A/California/NIRC-IS-1019/2026_H1N1,0.001057,interpolated,0.001446,0.001446,interpolated,2.244,0.7477,0,0.9277,0.0901
human,plate17,flu-seqneut-2026-UWMC-076,A/California/NIRC-IS-1059/2026_H3N2,plate17-A/California/NIRC-IS-1059/2026_H3N2,0.0006203,interpolated,0.0008229,0.0008229,interpolated,1.401,0.8366,0,0.8716,0.1203
human,plate17,flu-seqneut-2026-UWMC-076,A/California/NIRC-IS-1067/2026_H3N2,plate17-A/California/NIRC-IS-1067/2026_H3N2,0.001819,interpolated,0.001957,0.001957,interpolated,10,0.7414,0,0.7977,0.1665
human,plate17,flu-seqneut-2026-UWMC-076,A/California/NIRC-IS-1356/2025_H1N1,plate17-A/California/NIRC-IS-1356/2025_H1N1,0.002082,interpolated,0.002526,0.002526,interpolated,1.893,0.8468,0,0.9162,0.1045
human,plate17,flu-seqneut-2026-UWMC-076,A/Castellon/VAHNSI_02_02400/2025_H3N2,plate17-A/Castellon/VAHNSI_02_02400/2025_H3N2,0.0008172,interpolated,0.001111,0.001111,interpolated,1.499,0.8155,0,0.9049,0.1033
human,plate17,flu-seqneut-2026-UWMC-076,A/Colombia/1851/2024_H3N2,plate17-A/Colombia/1851/2024_H3N2,0.0005389,interpolated,0.0005389,0.0005389,interpolated,0.9018,1,0,0.8936,0.1079
human,plate17,flu-seqneut-2026-UWMC-076,A/Colorado/218/2024_H1N1,plate17-A/Colorado/218/2024_H1N1,0.001691,interpolated,0.001767,0.001767,interpolated,10,0.8229,0,0.9437,0.09633
human,plate17,flu-seqneut-2026-UWMC-076,A/Connecticut/5/2026_H3N2,plate17-A/Connecticut/5/2026_H3N2,0.0005763,interpolated,0.001278,0.001278,interpolated,1.324,0.6743,0,0.8973,0.0875
human,plate17,flu-seqneut-2026-UWMC-076,A/Croatia/10136RV/2023_H3N2,plate17-A/Croatia/10136RV/2023_H3N2,7.343e-05,upper,0.0004723,0.0004723,interpolated,0.8,0.6,0,0.6044,0.1322
human,plate17,flu-seqneut-2026-UWMC-076,A/Darwin/1415/2025_H3N2,plate17-A/Darwin/1415/2025_H3N2,0.001581,interpolated,0.001842,0.001842,interpolated,10,0.6083,0,0.9101,0.08694
human,plate17,flu-seqneut-2026-UWMC-076,A/Darwin/1454/2025_H3N2,plate17-A/Darwin/1454/2025_H3N2,0.001223,interpolated,0.001894,0.001894,interpolated,2.817,0.6461,0,0.8861,0.1014
human,plate17,flu-seqneut-2026-UWMC-076,A/Denmark/3940/2025_H3N2,plate17-A/Denmark/3940/2025_H3N2,0.0008104,interpolated,0.001135,0.001135,interpolated,1.097,0.8455,0,0.9,0.1002
human,plate17,flu-seqneut-2026-UWMC-076,A/Denmark/4547/2025_H1N1,plate17-A/Denmark/4547/2025_H1N1,0.001302,interpolated,0.001512,0.001512,interpolated,2.505,0.8437,0,0.9177,0.1117
human,plate17,flu-seqneut-2026-UWMC-076,A/Denmark/4774/2025_H1N1,plate17-A/Denmark/4774/2025_H1N1,0.003693,interpolated,0.003752,0.003752,interpolated,10,0.926,0,0.9722,0.07345
human,plate17,flu-seqneut-2026-UWMC-076,A/District_Of_Columbia/27/2023_H3N2,plate17-A/District_Of_Columbia/27/2023_H3N2,0.0006317,interpolated,0.001051,0.001051,interpolated,1.699,0.7105,0,0.9845,0.03662
human,plate17,flu-seqneut-2026-UWMC-076,A/Distrito_Federal/250106000728/2025_H3N2,plate17-A/Distrito_Federal/250106000728/2025_H3N2,0.00231,interpolated,0.002456,0.002456,interpolated,3.007,0.9158,0,0.922,0.1154
human,plate17,flu-seqneut-2026-UWMC-076,A/England/1893256/2026_H1N1,plate17-A/England/1893256/2026_H1N1,0.001614,interpolated,0.001695,0.001695,interpolated,9.282,0.8157,0,0.9541,0.0865
human,plate17,flu-seqneut-2026-UWMC-076,A/Florida/ISC-1069/2026_H3N2,plate17-A/Florida/ISC-1069/2026_H3N2,0.0005338,interpolated,0.0009233,0.0009233,interpolated,1.64,0.7036,0,0.8809,0.1
human,plate17,flu-seqneut-2026-UWMC-076,A/France/ARA-HCL025195259501/2025_H1N1,plate17-A/France/ARA-HCL025195259501/2025_H1N1,0.001823,interpolated,0.001917,0.001917,interpolated,10,0.8024,0,0.9416,0.09318
human,plate17,flu-seqneut-2026-UWMC-076,A/France/ARA-HCL026031894402/2026_H3N2,plate17-A/France/ARA-HCL026031894402/2026_H3N2,0.0005505,interpolated,0.0008773,0.0008773,interpolated,1.107,0.7986,0,0.8349,0.1265
human,plate17,flu-seqneut-2026-UWMC-076,A/France/GES-IPP00659/2026_H1N1,plate17-A/France/GES-IPP00659/2026_H1N1,0.002052,interpolated,0.002117,0.002117,interpolated,10,0.8663,0,0.8971,0.132
human,plate17,flu-seqneut-2026-UWMC-076,A/France/GES-IPP01077/2026_H3N2,plate17-A/France/GES-IPP01077/2026_H3N2,0.002639,interpolated,0.003378,0.003378,interpolated,5.458,0.63,0,0.8257,0.1269
human,plate17,flu-seqneut-2026-UWMC-076,A/France/HDF-IPP01550/2026_H3N2,plate17-A/France/HDF-IPP01550/2026_H3N2,0.001702,interpolated,0.001915,0.001915,interpolated,10,0.6544,0,0.8529,0.1143
human,plate17,flu-seqneut-2026-UWMC-076,A/France/HDF-RELAB-IPP00300/2026_H3N2,plate17-A/France/HDF-RELAB-IPP00300/2026_H3N2,0.001043,interpolated,0.001396,0.001396,interpolated,1.63,0.8106,0,0.8804,0.1196
human,plate17,flu-seqneut-2026-UWMC-076,A/France/HDF-RELAB-IPP00303/2026_H3N2,plate17-A/France/HDF-RELAB-IPP00303/2026_H3N2,0.0008796,interpolated,0.002393,0.002393,interpolated,1.608,0.6,0,0.924,0.06774
human,plate17,flu-seqneut-2026-UWMC-076,A/France/HDF-RELAB-IPP07969/2025_H1N1,plate17-A/France/HDF-RELAB-IPP07969/2025_H1N1,0.001171,interpolated,0.001378,0.001378,interpolated,1.661,0.8815,0,0.9915,0.03319
human,plate17,flu-seqneut-2026-UWMC-076,A/France/NAQ-HCL026010957001/2026_H3N2,plate17-A/France/NAQ-HCL026010957001/2026_H3N2,0.001585,interpolated,0.00176,0.00176,interpolated,10,0.676,0,0.8662,0.1219
human,plate17,flu-seqneut-2026-UWMC-076,A/France/NAQ-HCL026046169102/2025_H1N1,plate17-A/France/NAQ-HCL026046169102/2025_H1N1,0.0005857,interpolated,0.0007141,0.0007141,interpolated,1.535,0.8688,0,0.881,0.124
human,plate17,flu-seqneut-2026-UWMC-076,A/France/OCC-HCL026013263701/2026_H3N2,plate17-A/France/OCC-HCL026013263701/2026_H3N2,0.0005001,interpolated,0.0005001,0.0005001,interpolated,0.8,1,0,0.8524,0.1187
human,plate17,flu-seqneut-2026-UWMC-076,A/France/PAC-RELAB-HCL026021993801/2026_H3N2,plate17-A/France/PAC-RELAB-HCL026021993801/2026_H3N2,0.001877,interpolated,0.002049,0.002049,interpolated,10,0.7079,0,0.8273,0.1429
human,plate17,flu-seqneut-2026-UWMC-076,A/Galicia/GA-CHUAC-451/2025_H3N2,plate17-A/Galicia/GA-CHUAC-451/2025_H3N2,0.000482,interpolated,0.00105,0.00105,interpolated,2.066,0.6,0,0.7509,0.1423
human,plate17,flu-seqneut-2026-UWMC-076,A/Galicia/GA-CHUAC-612/2025_H1N1,plate17-A/Galicia/GA-CHUAC-612/2025_H1N1,0.001868,interpolated,0.001927,0.001927,interpolated,10,0.8664,0,0.8706,0.1558
human,plate17,flu-seqneut-2026-UWMC-076,A/Germany/LRMC_0104/2025_H3N2,plate17-A/Germany/LRMC_0104/2025_H3N2,0.0004868,interpolated,0.001714,0.001714,interpolated,1.279,0.6,0,0.9176,0.06795
human,plate17,flu-seqneut-2026-UWMC-076,A/Germany/LRMC_0113/2025_H3N2,plate17-A/Germany/LRMC_0113/2025_H3N2,0.001666,interpolated,0.001915,0.001915,interpolated,10,0.6243,0,0.8991,0.09264
human,plate17,flu-seqneut-2026-UWMC-076,A/Hawaii/70/2019_H1N1,plate17-A/Hawaii/70/2019_H1N1,0.000703,interpolated,0.000703,0.000703,interpolated,1.638,1,0,0.9311,0.1096
human,plate17,flu-seqneut-2026-UWMC-076,A/Hawaii/ISC-1140/2025_H1N1,plate17-A/Hawaii/ISC-1140/2025_H1N1,0.0008922,interpolated,0.001274,0.001274,interpolated,2.108,0.7361,0,0.9049,0.1021
human,plate17,flu-seqneut-2026-UWMC-076,A/Hessen/18/2026_H1N1,plate17-A/Hessen/18/2026_H1N1,0.001713,interpolated,0.001768,0.001768,interpolated,10,0.8656,0,0.9372,0.1073
human,plate17,flu-seqneut-2026-UWMC-076,A/Ireland/91576/2025_H3N2,plate17-A/Ireland/91576/2025_H3N2,0.001016,interpolated,0.001293,0.001293,interpolated,1.269,0.8683,0,0.9384,0.08379
human,plate17,flu-seqneut-2026-UWMC-076,A/Kentucky/80/2025_H1N1,plate17-A/Kentucky/80/2025_H1N1,0.00162,interpolated,0.001821,0.001821,interpolated,4.102,0.8098,0,0.9557,0.07949
human,plate17,flu-seqneut-2026-UWMC-076,A/Lisboa/216/2023_H3N2,plate17-A/Lisboa/216/2023_H3N2,0.0004642,interpolated,0.0008819,0.0008819,interpolated,1.995,0.639,0,0.6846,0.1833
human,plate17,flu-seqneut-2026-UWMC-076,A/Luxembourg/LNS9132577/2026_H3N2,plate17-A/Luxembourg/LNS9132577/2026_H3N2,0.001546,interpolated,0.002546,0.002546,interpolated,2.451,0.6471,0,0.8729,0.1047
human,plate17,flu-seqneut-2026-UWMC-076,A/Maine/25/2026_H1N1,plate17-A/Maine/25/2026_H1N1,0.001563,interpolated,0.001639,0.001639,interpolated,5.224,0.8911,0,0.9491,0.09663
human,plate17,flu-seqneut-2026-UWMC-076,A/Malaysia/IMR/SARI/2406/2025_H3N2,plate17-A/Malaysia/IMR/SARI/2406/2025_H3N2,0.001101,interpolated,0.003002,0.003002,interpolated,1.604,0.6,0,0.9481,0.05103
human,plate17,flu-seqneut-2026-UWMC-076,A/Massachusetts/18/2022_H3N2,plate17-A/Massachusetts/18/2022_H3N2,0.0005599,interpolated,0.001304,0.001304,interpolated,1.903,0.6,0,0.9249,0.07039
human,plate17,flu-seqneut-2026-UWMC-076,A/Massachusetts/ISC-1856/2025_H3N2,plate17-A/Massachusetts/ISC-1856/2025_H3N2,0.0005442,interpolated,0.001458,0.001458,interpolated,1.634,0.6,0,0.9435,0.05513
human,plate17,flu-seqneut-2026-UWMC-076,A/Mauritius/26000203/2026_H1N1,plate17-A/Mauritius/26000203/2026_H1N1,0.0009773,interpolated,0.0009773,0.0009773,interpolated,1.517,1,0,0.9518,0.08985
human,plate17,flu-seqneut-2026-UWMC-076,A/Michigan/8/2026_H3N2,plate17-A/Michigan/8/2026_H3N2,0.001029,interpolated,0.001616,0.001616,interpolated,1.976,0.7047,0,0.8324,0.1315
human,plate17,flu-seqneut-2026-UWMC-076,A/Michigan/UM-10068071276/2025_H3N2,plate17-A/Michigan/UM-10068071276/2025_H3N2,0.0009698,interpolated,0.001245,0.001245,interpolated,0.8,0.9094,0,0.7635,0.1515
human,plate17,flu-seqneut-2026-UWMC-076,A/Michigan/UM-10068134090/2025_H3N2,plate17-A/Michigan/UM-10068134090/2025_H3N2,0.0003105,interpolated,0.0006618,0.0006618,interpolated,0.8567,0.7615,0,0.6175,0.1799
human,plate17,flu-seqneut-2026-UWMC-076,A/Michigan/UM-10068449788/2025_H3N2,plate17-A/Michigan/UM-10068449788/2025_H3N2,0.00146,interpolated,0.002208,0.002208,interpolated,2.398,0.6854,0,0.9679,0.05278
human,plate17,flu-seqneut-2026-UWMC-076,A/Michigan/UM-10068456988/2025_H3N2,plate17-A/Michigan/UM-10068456988/2025_H3N2,0.001289,interpolated,0.001673,0.001673,interpolated,1.167,0.8688,0,0.829,0.1408
human,plate17,flu-seqneut-2026-UWMC-076,A/Michigan/UM-10068747355/2026_H3N2,plate17-A/Michigan/UM-10068747355/2026_H3N2,0.001295,interpolated,0.002086,0.002086,interpolated,2.013,0.6914,0,0.917,0.08657
human,plate17,flu-seqneut-2026-UWMC-076,A/MinasGerais/410/2026_H1N1,plate17-A/MinasGerais/410/2026_H1N1,0.001216,interpolated,0.001436,0.001436,interpolated,2.499,0.8296,0,0.9519,0.08227
human,plate17,flu-seqneut-2026-UWMC-076,A/MinasGerais/671/2026_H1N1,plate17-A/MinasGerais/671/2026_H1N1,0.001827,interpolated,0.001957,0.001957,interpolated,10,0.7514,0,0.9368,0.08988
human,plate17,flu-seqneut-2026-UWMC-076,A/Mississippi/20/2026_H1N1,plate17-A/Mississippi/20/2026_H1N1,0.001939,interpolated,0.00196,0.00196,interpolated,10,0.9502,0,0.9953,0.03041
human,plate17,flu-seqneut-2026-UWMC-076,A/Missouri/11/2025_cell_H1N1,plate17-A/Missouri/11/2025_cell_H1N1,0.001045,interpolated,0.001285,0.001285,interpolated,2.437,0.8021,0,0.9454,0.08423
human,plate17,flu-seqneut-2026-UWMC-076,A/Missouri/11/2025_egg_H1N1,plate17-A/Missouri/11/2025_egg_H1N1,0.0002632,interpolated,0.0003399,0.0003399,interpolated,6.26,0.6009,0,0.9857,0.02947
human,plate17,flu-seqneut-2026-UWMC-076,A/Missouri/NIRC-AV-1003/2025_H3N2,plate17-A/Missouri/NIRC-AV-1003/2025_H3N2,0.0006384,interpolated,0.0008716,0.0008716,interpolated,1.22,0.8419,0,0.9225,0.08879
human,plate17,flu-seqneut-2026-UWMC-076,A/Montana/51/2025_H3N2,plate17-A/Montana/51/2025_H3N2,0.00144,interpolated,0.003652,0.003652,interpolated,1.73,0.6,0,0.8948,0.08137
human,plate17,flu-seqneut-2026-UWMC-076,A/NakhonPhanom/P495/2026_H3N2,plate17-A/NakhonPhanom/P495/2026_H3N2,0.001448,interpolated,0.002382,0.002382,interpolated,2.286,0.6603,0,0.8511,0.1152
human,plate17,flu-seqneut-2026-UWMC-076,A/Navarra/260009/2025_H3N2,plate17-A/Navarra/260009/2025_H3N2,0.001776,interpolated,0.001956,0.001956,interpolated,10,0.6912,0,0.8096,0.151
human,plate17,flu-seqneut-2026-UWMC-076,A/Nebraska/34/2026_H1N1,plate17-A/Nebraska/34/2026_H1N1,0.00122,interpolated,0.00154,0.00154,interpolated,3.214,0.7365,0,0.9337,0.08904
human,plate17,flu-seqneut-2026-UWMC-076,A/Netherlands/10008/2026_H1N1,plate17-A/Netherlands/10008/2026_H1N1,0.0006992,interpolated,0.0006992,0.0006992,interpolated,1.244,1,0,0.9591,0.07514
human,plate17,flu-seqneut-2026-UWMC-076,A/Netherlands/2398/2025_H1N1,plate17-A/Netherlands/2398/2025_H1N1,0.001793,interpolated,0.001866,0.001866,interpolated,10,0.8358,0,0.9473,0.09275
human,plate17,flu-seqneut-2026-UWMC-076,A/Netherlands/543/2026_H1N1,plate17-A/Netherlands/543/2026_H1N1,0.001756,interpolated,0.001858,0.001858,interpolated,10,0.784,0,0.9317,0.09913
human,plate17,flu-seqneut-2026-UWMC-076,A/Netherlands/864/2026_H1N1,plate17-A/Netherlands/864/2026_H1N1,0.001316,interpolated,0.00141,0.00141,interpolated,2.38,0.9237,0,0.9496,0.09331
human,plate17,flu-seqneut-2026-UWMC-076,A/Netherlands/888/2026_H3N2,plate17-A/Netherlands/888/2026_H3N2,0.001579,interpolated,0.002336,0.002336,interpolated,2.653,0.6771,0,0.8582,0.1154
human,plate17,flu-seqneut-2026-UWMC-076,A/Netherlands/968/2026_H3N2,plate17-A/Netherlands/968/2026_H3N2,0.0007943,interpolated,0.002012,0.002012,interpolated,1.532,0.6204,0,0.9553,0.05207
human,plate17,flu-seqneut-2026-UWMC-076,A/NewBrunswick/NBPHLFLUA10B-MM00057R/2026_H1N1,plate17-A/NewBrunswick/NBPHLFLUA10B-MM00057R/2026_H1N1,0.001005,interpolated,0.001104,0.001104,interpolated,1.322,0.9417,0,0.978,0.05425
human,plate17,flu-seqneut-2026-UWMC-076,A/NewYork/NIRC-IS-1086/2026_H3N2,plate17-A/NewYork/NIRC-IS-1086/2026_H3N2,0.0008927,interpolated,0.001177,0.001177,interpolated,1.44,0.8359,0,0.8963,0.112
human,plate17,flu-seqneut-2026-UWMC-076,A/NordrheinWestfalen/54/2026_H3N2,plate17-A/NordrheinWestfalen/54/2026_H3N2,0.001004,interpolated,0.002114,0.002114,interpolated,2.161,0.6,0,0.7774,0.125
human,plate17,flu-seqneut-2026-UWMC-076,A/NordrheinWestfalen/96/2026_H1N1,plate17-A/NordrheinWestfalen/96/2026_H1N1,0.001733,interpolated,0.001937,0.001937,interpolated,3.785,0.8287,0,0.9465,0.08867
human,plate17,flu-seqneut-2026-UWMC-076,A/Norway/9556/2025_H1N1,plate17-A/Norway/9556/2025_H1N1,0.002201,interpolated,0.002338,0.002338,interpolated,2.853,0.9211,0,0.9662,0.07427
human,plate17,flu-seqneut-2026-UWMC-076,A/NovaScotia/25-365-06099/2025_H3N2,plate17-A/NovaScotia/25-365-06099/2025_H3N2,0.0004678,interpolated,0.0004678,0.0004678,interpolated,0.9616,1,0,0.9057,0.1018
human,plate17,flu-seqneut-2026-UWMC-076,A/Ohio/259/2024_H1N1,plate17-A/Ohio/259/2024_H1N1,0.001826,interpolated,0.001826,0.001826,interpolated,9.495,1,0,0.9999,0.004031
human,plate17,flu-seqneut-2026-UWMC-076,A/Ontario/PHL202550193/2025_H3N2,plate17-A/Ontario/PHL202550193/2025_H3N2,0.0009124,interpolated,0.002376,0.002376,interpolated,1.386,0.6326,0,0.8697,0.09233
human,plate17,flu-seqneut-2026-UWMC-076,A/Oregon/81/2025_H3N2,plate17-A/Oregon/81/2025_H3N2,0.001067,interpolated,0.001778,0.001778,interpolated,2.452,0.643,0,0.7656,0.1514
human,plate17,flu-seqneut-2026-UWMC-076,A/PaisVasco/70369726/2026_H1N1,plate17-A/PaisVasco/70369726/2026_H1N1,0.001598,interpolated,0.0017,0.0017,interpolated,4.592,0.8769,0,0.9558,0.08632
human,plate17,flu-seqneut-2026-UWMC-076,A/Parana/416133590/2026_H3N2,plate17-A/Parana/416133590/2026_H3N2,0.00176,interpolated,0.00194,0.00194,interpolated,10,0.6885,0,0.7733,0.1493
human,plate17,flu-seqneut-2026-UWMC-076,A/Peru/ANC-INS-062/2026_H3N2,plate17-A/Peru/ANC-INS-062/2026_H3N2,0.0005479,interpolated,0.0007573,0.0007573,interpolated,1.571,0.8007,0,0.9098,0.0987
human,plate17,flu-seqneut-2026-UWMC-076,A/Rhode_Island/11/2026_H1N1,plate17-A/Rhode_Island/11/2026_H1N1,0.001189,interpolated,0.001479,0.001479,interpolated,2.526,0.7879,0,0.9199,0.1028
human,plate17,flu-seqneut-2026-UWMC-076,A/RiodeJaneiro/331/2026_H3N2,plate17-A/RiodeJaneiro/331/2026_H3N2,0.001586,interpolated,0.001821,0.001821,interpolated,10,0.6259,0,0.7811,0.1504
human,plate17,flu-seqneut-2026-UWMC-076,A/Romania/612042/2026_H3N2,plate17-A/Romania/612042/2026_H3N2,0.0002912,interpolated,0.001625,0.001625,interpolated,0.9362,0.6,0,0.7785,0.09864
human,plate17,flu-seqneut-2026-UWMC-076,A/SantaCatarina/508/2026_H3N2,plate17-A/SantaCatarina/508/2026_H3N2,0.001122,interpolated,0.00171,0.00171,interpolated,1.625,0.7522,0,0.871,0.1156
human,plate17,flu-seqneut-2026-UWMC-076,A/Saskatchewan/SKFLU477299/2025_H3N2,plate17-A/Saskatchewan/SKFLU477299/2025_H3N2,0.001721,interpolated,0.001935,0.001935,interpolated,10,0.6544,0,0.7953,0.1433
human,plate17,flu-seqneut-2026-UWMC-076,A/Saskatchewan/SKFLU477727/2025_H3N2,plate17-A/Saskatchewan/SKFLU477727/2025_H3N2,0.0009837,interpolated,0.002288,0.002288,interpolated,1.682,0.6209,0,0.8145,0.1163
human,plate17,flu-seqneut-2026-UWMC-076,A/Saskatchewan/SKFLU490586/2026_H1N1,plate17-A/Saskatchewan/SKFLU490586/2026_H1N1,0.001383,interpolated,0.001518,0.001518,interpolated,4.455,0.8309,0,0.9342,0.1031
human,plate17,flu-seqneut-2026-UWMC-076,A/Singapore/GP20238/2024_H3N2,plate17-A/Singapore/GP20238/2024_H3N2,0.0003084,interpolated,0.0006441,0.0006441,interpolated,2.185,0.6,0,0.8829,0.08706
human,plate17,flu-seqneut-2026-UWMC-076,A/Singapore/KK2768/2025_H1N1,plate17-A/Singapore/KK2768/2025_H1N1,0.00196,interpolated,0.00215,0.00215,interpolated,3.082,0.8762,0,0.9439,0.09526
human,plate17,flu-seqneut-2026-UWMC-076,A/Singapore/MOH0547/2024_H1N1,plate17-A/Singapore/MOH0547/2024_H1N1,0.002445,interpolated,0.002605,0.002605,interpolated,6.438,0.8321,0,0.9338,0.1034
human,plate17,flu-seqneut-2026-UWMC-076,A/Singapore/NTF0577/2025_H3N2,plate17-A/Singapore/NTF0577/2025_H3N2,0.001264,interpolated,0.002062,0.002062,interpolated,2.258,0.6655,0,0.9735,0.0457
human,plate17,flu-seqneut-2026-UWMC-076,A/Singapore/SAR8915/2025_H3N2,plate17-A/Singapore/SAR8915/2025_H3N2,0.0009946,interpolated,0.002077,0.002077,interpolated,2.186,0.6,0,0.95,0.05543
human,plate17,flu-seqneut-2026-UWMC-076,A/SouthAfrica/NHLS-SU-CERI-C075557/2026_H1N1,plate17-A/SouthAfrica/NHLS-SU-CERI-C075557/2026_H1N1,0.001014,interpolated,0.001424,0.001424,interpolated,2.016,0.7524,0,0.9336,0.08562
human,plate17,flu-seqneut-2026-UWMC-076,A/SouthAfrica/NICD-R01647/2026_H1N1,plate17-A/SouthAfrica/NICD-R01647/2026_H1N1,0.001847,interpolated,0.001948,0.001948,interpolated,10,0.7929,0,0.9712,0.06364
human,plate17,flu-seqneut-2026-UWMC-076,A/SouthAfrica/NICD-R01668/2026_H1N1,plate17-A/SouthAfrica/NICD-R01668/2026_H1N1,0.0009619,interpolated,0.0009623,0.0009623,interpolated,1.614,0.9997,0,0.9649,0.07694
human,plate17,flu-seqneut-2026-UWMC-076,A/SouthAfrica/PATH-CERI-C073358/2025_H1N1,plate17-A/SouthAfrica/PATH-CERI-C073358/2025_H1N1,0.001546,interpolated,0.001642,0.001642,interpolated,3.902,0.8955,0,0.9862,0.04855
human,plate17,flu-seqneut-2026-UWMC-076,A/SouthAfrica/PATH-CERI-C073366/2025_H1N1,plate17-A/SouthAfrica/PATH-CERI-C073366/2025_H1N1,0.001626,interpolated,0.001682,0.001682,interpolated,4.719,0.9257,0,0.9911,0.04081
human,plate17,flu-seqneut-2026-UWMC-076,A/SouthAfrica/PATH-CERI-C075119/2026_H1N1,plate17-A/SouthAfrica/PATH-CERI-C075119/2026_H1N1,0.001729,interpolated,0.001802,0.001802,interpolated,10,0.8323,0,0.9221,0.1148
human,plate17,flu-seqneut-2026-UWMC-076,A/SouthAustralia/2605715552/2026_H3N2,plate17-A/SouthAustralia/2605715552/2026_H3N2,0.0007469,interpolated,0.001266,0.001266,interpolated,1.393,0.7398,0,0.9607,0.05674
human,plate17,flu-seqneut-2026-UWMC-076,A/SouthCarolina/USAFSAM-17046/2026_H3N2,plate17-A/SouthCarolina/USAFSAM-17046/2026_H3N2,0.001655,interpolated,0.001944,0.001944,interpolated,10,0.6,0,0.8307,0.1182
human,plate17,flu-seqneut-2026-UWMC-076,A/South_Australia/2523812314/2025_H3N2,plate17-A/South_Australia/2523812314/2025_H3N2,0.001697,interpolated,0.001911,0.001911,interpolated,10,0.6518,0,0.8903,0.1054
human,plate17,flu-seqneut-2026-UWMC-076,A/South_Australia/2527213276/2025_H3N2,plate17-A/South_Australia/2527213276/2025_H3N2,0.001702,interpolated,0.001805,0.001805,interpolated,10,0.7778,0,0.7666,0.1815
human,plate17,flu-seqneut-2026-UWMC-076,A/StPetersburg/RII-25-2042S/2025_H3N2,plate17-A/StPetersburg/RII-25-2042S/2025_H3N2,0.0007644,interpolated,0.001192,0.001192,interpolated,1.151,0.7997,0,0.8011,0.1432
human,plate17,flu-seqneut-2026-UWMC-076,A/StPetersburg/RII-25-2321S/2025_H3N2,plate17-A/StPetersburg/RII-25-2321S/2025_H3N2,0.000599,interpolated,0.0009996,0.0009996,interpolated,0.9985,0.7998,0,0.9249,0.07547
human,plate17,flu-seqneut-2026-UWMC-076,A/StPetersburg/RII-25-2506S/2026_H3N2,plate17-A/StPetersburg/RII-25-2506S/2026_H3N2,0.001527,interpolated,0.003174,0.003174,interpolated,1.895,0.625,0,0.86,0.09825
human,plate17,flu-seqneut-2026-UWMC-076,A/StPetersburg/RII-25-2600S/2026_H3N2,plate17-A/StPetersburg/RII-25-2600S/2026_H3N2,0.002323,interpolated,0.002626,0.002626,interpolated,4.084,0.8028,0,0.9284,0.09839
human,plate17,flu-seqneut-2026-UWMC-076,A/Switzerland/UN-SNRCI-HUG-053/2025_H1N1,plate17-A/Switzerland/UN-SNRCI-HUG-053/2025_H1N1,0.001995,interpolated,0.00211,0.00211,interpolated,10,0.786,0,0.8319,0.1602
human,plate17,flu-seqneut-2026-UWMC-076,A/Sydney/1359/2024_H3N2,plate17-A/Sydney/1359/2024_H3N2,0.0003933,interpolated,0.0005627,0.0005627,interpolated,1.773,0.7649,0,0.9821,0.04035
human,plate17,flu-seqneut-2026-UWMC-076,A/Sydney/50/2026_H1N1,plate17-A/Sydney/50/2026_H1N1,0.001891,interpolated,0.002081,0.002081,interpolated,2.918,0.8784,0,0.9439,0.09313
human,plate17,flu-seqneut-2026-UWMC-076,A/Texas/29/2026_H1N1,plate17-A/Texas/29/2026_H1N1,0.001843,interpolated,0.001926,0.001926,interpolated,10,0.8212,0,0.9325,0.1028
human,plate17,flu-seqneut-2026-UWMC-076,A/Thailand/8/2022_H3N2,plate17-A/Thailand/8/2022_H3N2,0.0002117,interpolated,0.000743,0.000743,interpolated,1.282,0.6,0,0.8179,0.1034
human,plate17,flu-seqneut-2026-UWMC-076,A/Thuringen/16/2026_H3N2,plate17-A/Thuringen/16/2026_H3N2,0.0006947,interpolated,0.0012,0.0012,interpolated,1.324,0.7426,0,0.849,0.1204
human,plate17,flu-seqneut-2026-UWMC-076,A/Thuringen/39/2026_H3N2,plate17-A/Thuringen/39/2026_H3N2,0.001697,interpolated,0.001904,0.001904,interpolated,1.898,0.9019,0,0.8461,0.1498
human,plate17,flu-seqneut-2026-UWMC-076,A/Tokyo/EIS11-277/2024_H1N1,plate17-A/Tokyo/EIS11-277/2024_H1N1,0.001707,interpolated,0.001746,0.001746,interpolated,10,0.8991,0,0.9725,0.07261
human,plate17,flu-seqneut-2026-UWMC-076,A/Trieste/257/2025_H3N2,plate17-A/Trieste/257/2025_H3N2,0.0008989,interpolated,0.001339,0.001339,interpolated,1.656,0.7586,0,0.9147,0.09251
human,plate17,flu-seqneut-2026-UWMC-076,A/Trieste/380/2026_H3N2,plate17-A/Trieste/380/2026_H3N2,0.001768,interpolated,0.00195,0.00195,interpolated,10,0.6882,0,0.7494,0.1656
human,plate17,flu-seqneut-2026-UWMC-076,A/Ukraine/5214/2026_H1N1,plate17-A/Ukraine/5214/2026_H1N1,0.001577,interpolated,0.001812,0.001812,interpolated,3.807,0.7949,0,0.9395,0.09124
human,plate17,flu-seqneut-2026-UWMC-076,A/Uppsala/SE26-01293/2026_H1N1,plate17-A/Uppsala/SE26-01293/2026_H1N1,0.001837,interpolated,0.001914,0.001914,interpolated,10,0.8311,0,0.8179,0.1828
human,plate17,flu-seqneut-2026-UWMC-076,A/Valencia/VAHNSI_09_02564/2025_H1N1,plate17-A/Valencia/VAHNSI_09_02564/2025_H1N1,0.001464,interpolated,0.001697,0.001697,interpolated,3.258,0.8089,0,0.9304,0.1005
human,plate17,flu-seqneut-2026-UWMC-076,A/Victoria/2948/2025_H3N2,plate17-A/Victoria/2948/2025_H3N2,0.002441,interpolated,0.002758,0.002758,interpolated,4.817,0.7775,0,0.8071,0.1715
human,plate17,flu-seqneut-2026-UWMC-076,A/Victoria/4897/2022_IVR-238_H1N1,plate17-A/Victoria/4897/2022_IVR-238_H1N1,0.0005238,interpolated,0.0006942,0.0006942,interpolated,1.856,0.7965,0,0.9536,0.07142
human,plate17,flu-seqneut-2026-UWMC-076,A/Vietnam/F7324/2024_H3N2,plate17-A/Vietnam/F7324/2024_H3N2,0.0004352,interpolated,0.001028,0.001028,interpolated,1.451,0.6438,0,0.844,0.1091
human,plate17,flu-seqneut-2026-UWMC-076,A/Vietnam/PF125413/2025_H1N1,plate17-A/Vietnam/PF125413/2025_H1N1,0.001837,interpolated,0.001837,0.001837,interpolated,3.561,1,0,0.9987,0.01628
human,plate17,flu-seqneut-2026-UWMC-076,A/Vietnam/PF126009/2026_H1N1,plate17-A/Vietnam/PF126009/2026_H1N1,0.001989,interpolated,0.00204,0.00204,interpolated,5.531,0.9353,0,0.9816,0.05762
human,plate17,flu-seqneut-2026-UWMC-076,A/Virginia/82/2025_H1N1,plate17-A/Virginia/82/2025_H1N1,0.002,interpolated,0.002252,0.002252,interpolated,4.098,0.8073,0,0.9297,0.1007
human,plate17,flu-seqneut-2026-UWMC-076,A/Wisconsin/588/2019_H1N1,plate17-A/Wisconsin/588/2019_H1N1,0.001326,interpolated,0.001478,0.001478,interpolated,6.427,0.7495,0,0.8905,0.1267
human,plate17,flu-seqneut-2026-UWMC-076,A/Wisconsin/67/2022_H1N1,plate17-A/Wisconsin/67/2022_H1N1,0.001209,interpolated,0.001331,0.001331,interpolated,3.199,0.8673,0,0.96,0.08032
human,plate17,flu-seqneut-2026-UWMC-076,A/Zacapa/FLU-012/2025_H1N1,plate17-A/Zacapa/FLU-012/2025_H1N1,0.001,interpolated,0.001179,0.001179,interpolated,2.757,0.8179,0,0.946,0.08717
human,plate17,flu-seqneut-2026-UWMC-076,A/Zambia/6-NIC-014/2026_H1N1,plate17-A/Zambia/6-NIC-014/2026_H1N1,0.0009744,interpolated,0.001182,0.001182,interpolated,1.656,0.863,0,0.9788,0.05171
human,plate17,flu-seqneut-2026-UWMC-076,A/Zambia/7-NIC-313/2026_H1N1,plate17-A/Zambia/7-NIC-313/2026_H1N1,0.001883,interpolated,0.002003,0.002003,interpolated,10,0.7695,0,0.9864,0.04177
human,plate17,flu-seqneut-2026-UWMC-077,A/Andalucia/PMC-00977/2025_H1N1,plate17-A/Andalucia/PMC-00977/2025_H1N1,0.003203,interpolated,0.003585,0.003585,interpolated,1.539,0.9204,0,0.945,0.08544
human,plate17,flu-seqneut-2026-UWMC-077,A/Andalucia/PMC-01217/2025_H1N1,plate17-A/Andalucia/PMC-01217/2025_H1N1,0.002538,interpolated,0.002983,0.002983,interpolated,1.378,0.9001,0,0.9008,0.1128
human,plate17,flu-seqneut-2026-UWMC-077,A/Andalucia/PMC-01495/2025_H1N1,plate17-A/Andalucia/PMC-01495/2025_H1N1,0.002743,interpolated,0.003051,0.003051,interpolated,2.128,0.8986,0,0.9108,0.1147
human,plate17,flu-seqneut-2026-UWMC-077,A/Arizona/40/2026_H1N1,plate17-A/Arizona/40/2026_H1N1,0.00172,interpolated,0.001742,0.001742,interpolated,1.116,0.993,0,0.9416,0.08983
human,plate17,flu-seqneut-2026-UWMC-077,A/Astrakhan/RII-MH273373S/2025_H3N2,plate17-A/Astrakhan/RII-MH273373S/2025_H3N2,0.0006409,interpolated,0.004792,0.004792,interpolated,0.8,0.6,0,0.8138,0.0724
human,plate17,flu-seqneut-2026-UWMC-077,A/Asturias/232590913/2025_H1N1,plate17-A/Asturias/232590913/2025_H1N1,0.003023,interpolated,0.003159,0.003159,interpolated,2.011,0.9577,0,0.969,0.06945
human,plate17,flu-seqneut-2026-UWMC-077,A/Badajoz/18811358/2026_H3N2,plate17-A/Badajoz/18811358/2026_H3N2,0.001944,interpolated,0.002635,0.002635,interpolated,1.301,0.8366,0,0.9693,0.05314
human,plate17,flu-seqneut-2026-UWMC-077,A/Badajoz/18813527/2026_H3N2,plate17-A/Badajoz/18813527/2026_H3N2,0.002047,interpolated,0.00237,0.00237,interpolated,0.8,0.9447,0,0.8527,0.1173
human,plate17,flu-seqneut-2026-UWMC-077,A/Bangkok/P2390/2025_H3N2,plate17-A/Bangkok/P2390/2025_H3N2,0.002774,interpolated,0.006226,0.006226,interpolated,0.8,0.7618,0,0.7055,0.1275
human,plate17,flu-seqneut-2026-UWMC-077,A/Bangkok/P2391/2025_H3N2,plate17-A/Bangkok/P2391/2025_H3N2,0.002588,interpolated,0.003061,0.003061,interpolated,0.8,0.9371,0,0.591,0.2099
human,plate17,flu-seqneut-2026-UWMC-077,A/Blaenavon/6687/2026_H3N2,plate17-A/Blaenavon/6687/2026_H3N2,0.00319,interpolated,0.003307,0.003307,interpolated,0.9045,0.9839,0,0.9057,0.09627
human,plate17,flu-seqneut-2026-UWMC-077,A/Bolivia/OR5702/2025_H3N2,plate17-A/Bolivia/OR5702/2025_H3N2,0.001614,interpolated,0.001928,0.001928,interpolated,0.8,0.9337,0,0.8159,0.1278
human,plate17,flu-seqneut-2026-UWMC-077,A/BritishColumbia/RV00022-26/2025_H1N1,plate17-A/BritishColumbia/RV00022-26/2025_H1N1,0.0028,interpolated,0.002986,0.002986,interpolated,2.137,0.936,0,0.9745,0.06233
human,plate17,flu-seqneut-2026-UWMC-077,A/BritishColumbia/RV00279-26/2025_H3N2,plate17-A/BritishColumbia/RV00279-26/2025_H3N2,0.001576,interpolated,0.002079,0.002079,interpolated,0.8777,0.892,0,0.9086,0.08736
human,plate17,flu-seqneut-2026-UWMC-077,A/BritishColumbia/RV01350-26/2026_H1N1,plate17-A/BritishColumbia/RV01350-26/2026_H1N1,0.003808,interpolated,0.004357,0.004357,interpolated,2.621,0.8515,0,0.8836,0.126
human,plate17,flu-seqneut-2026-UWMC-077,A/BritishColumbia/RV05508-25/2025_H1N1,plate17-A/BritishColumbia/RV05508-25/2025_H1N1,0.00253,interpolated,0.002769,0.002769,interpolated,1.311,0.9442,0,0.9474,0.08337
human,plate17,flu-seqneut-2026-UWMC-077,A/California/GKISBBBH79910/2026_H3N2,plate17-A/California/GKISBBBH79910/2026_H3N2,0.002059,interpolated,0.002798,0.002798,interpolated,0.8,0.8913,0,0.6415,0.1863
human,plate17,flu-seqneut-2026-UWMC-077,A/California/NIRC-IS-1019/2026_H1N1,plate17-A/California/NIRC-IS-1019/2026_H1N1,0.000518,interpolated,0.000518,0.000518,interpolated,1.167,1,0,0.9246,0.09792
human,plate17,flu-seqneut-2026-UWMC-077,A/California/NIRC-IS-1059/2026_H3N2,plate17-A/California/NIRC-IS-1059/2026_H3N2,0.0009317,interpolated,0.0009317,0.0009317,interpolated,0.8,1,0,0.8734,0.09578
human,plate17,flu-seqneut-2026-UWMC-077,A/California/NIRC-IS-1067/2026_H3N2,plate17-A/California/NIRC-IS-1067/2026_H3N2,0.001413,interpolated,0.001413,0.001413,interpolated,0.8,1,0,0.7594,0.1495
human,plate17,flu-seqneut-2026-UWMC-077,A/California/NIRC-IS-1356/2025_H1N1,plate17-A/California/NIRC-IS-1356/2025_H1N1,0.003741,interpolated,0.003741,0.003741,interpolated,1.572,1,0,0.9646,0.07326
human,plate17,flu-seqneut-2026-UWMC-077,A/Castellon/VAHNSI_02_02400/2025_H3N2,plate17-A/Castellon/VAHNSI_02_02400/2025_H3N2,0.001693,interpolated,0.003328,0.003328,interpolated,0.8,0.7912,0,0.8873,0.07392
human,plate17,flu-seqneut-2026-UWMC-077,A/Colombia/1851/2024_H3N2,plate17-A/Colombia/1851/2024_H3N2,0.001939,interpolated,0.001939,0.001939,interpolated,0.8553,1,0,0.9298,0.08689
human,plate17,flu-seqneut-2026-UWMC-077,A/Colorado/218/2024_H1N1,plate17-A/Colorado/218/2024_H1N1,0.004541,interpolated,0.004791,0.004791,interpolated,5.857,0.8651,0,0.8788,0.1273
human,plate17,flu-seqneut-2026-UWMC-077,A/Connecticut/5/2026_H3N2,plate17-A/Connecticut/5/2026_H3N2,0.001394,interpolated,0.001698,0.001698,interpolated,0.8,0.927,0,0.8386,0.1122
human,plate17,flu-seqneut-2026-UWMC-077,A/Croatia/10136RV/2023_H3N2,plate17-A/Croatia/10136RV/2023_H3N2,0.00166,interpolated,0.00244,0.00244,interpolated,0.8,0.8675,0,0.7759,0.1334
human,plate17,flu-seqneut-2026-UWMC-077,A/Darwin/1415/2025_H3N2,plate17-A/Darwin/1415/2025_H3N2,0.005054,interpolated,0.01132,0.01132,interpolated,1.648,0.6323,0,0.6507,0.13
human,plate17,flu-seqneut-2026-UWMC-077,A/Darwin/1454/2025_H3N2,plate17-A/Darwin/1454/2025_H3N2,0.003852,interpolated,0.006718,0.006718,interpolated,1.742,0.6898,0,0.9054,0.07351
human,plate17,flu-seqneut-2026-UWMC-077,A/Denmark/3940/2025_H3N2,plate17-A/Denmark/3940/2025_H3N2,0.005895,interpolated,0.01039,0.01039,interpolated,0.8,0.8178,0,0.5473,0.1706
human,plate17,flu-seqneut-2026-UWMC-077,A/Denmark/4547/2025_H1N1,plate17-A/Denmark/4547/2025_H1N1,0.00229,interpolated,0.002569,0.002569,interpolated,1.596,0.9163,0,0.8577,0.1455
human,plate17,flu-seqneut-2026-UWMC-077,A/Denmark/4774/2025_H1N1,plate17-A/Denmark/4774/2025_H1N1,0.003966,interpolated,0.004081,0.004081,interpolated,10,0.8751,0,0.9121,0.1229
human,plate17,flu-seqneut-2026-UWMC-077,A/District_Of_Columbia/27/2023_H3N2,plate17-A/District_Of_Columbia/27/2023_H3N2,0.001849,interpolated,0.00546,0.00546,interpolated,1.022,0.6652,0,0.7075,0.1246
human,plate17,flu-seqneut-2026-UWMC-077,A/Distrito_Federal/250106000728/2025_H3N2,plate17-A/Distrito_Federal/250106000728/2025_H3N2,0.001753,interpolated,0.001849,0.001849,interpolated,0.8,0.9791,0,0.8503,0.1199
human,plate17,flu-seqneut-2026-UWMC-077,A/England/1893256/2026_H1N1,plate17-A/England/1893256/2026_H1N1,0.002684,interpolated,0.002947,0.002947,interpolated,1.329,0.9417,0,0.9483,0.08248
human,plate17,flu-seqneut-2026-UWMC-077,A/Florida/ISC-1069/2026_H3N2,plate17-A/Florida/ISC-1069/2026_H3N2,0.0009488,interpolated,0.003162,0.003162,interpolated,0.8,0.6909,0,0.826,0.08959
human,plate17,flu-seqneut-2026-UWMC-077,A/France/ARA-HCL025195259501/2025_H1N1,plate17-A/France/ARA-HCL025195259501/2025_H1N1,0.002196,interpolated,0.002541,0.002541,interpolated,1.376,0.9092,0,0.9376,0.0896
human,plate17,flu-seqneut-2026-UWMC-077,A/France/ARA-HCL026031894402/2026_H3N2,plate17-A/France/ARA-HCL026031894402/2026_H3N2,0.005945,interpolated,0.01124,0.01124,interpolated,1.091,0.7496,0,0.6541,0.1369
human,plate17,flu-seqneut-2026-UWMC-077,A/France/GES-IPP00659/2026_H1N1,plate17-A/France/GES-IPP00659/2026_H1N1,0.002361,interpolated,0.002361,0.002361,interpolated,0.9726,1,0,0.9234,0.0976
human,plate17,flu-seqneut-2026-UWMC-077,A/France/HDF-IPP01550/2026_H3N2,plate17-A/France/HDF-IPP01550/2026_H3N2,0.002179,interpolated,0.00972,0.00972,interpolated,0.9864,0.6144,0,0.7642,0.08475
human,plate17,flu-seqneut-2026-UWMC-077,A/France/HDF-RELAB-IPP00300/2026_H3N2,plate17-A/France/HDF-RELAB-IPP00300/2026_H3N2,0.005719,interpolated,0.01201,0.01201,interpolated,0.8,0.7761,0,0.5281,0.1552
human,plate17,flu-seqneut-2026-UWMC-077,A/France/HDF-RELAB-IPP00303/2026_H3N2,plate17-A/France/HDF-RELAB-IPP00303/2026_H3N2,0.001814,interpolated,0.002243,0.002243,interpolated,0.8,0.922,0,0.7742,0.1234
human,plate17,flu-seqneut-2026-UWMC-077,A/France/HDF-RELAB-IPP07969/2025_H1N1,plate17-A/France/HDF-RELAB-IPP07969/2025_H1N1,0.003299,interpolated,0.003498,0.003498,interpolated,1.626,0.9547,0,0.94,0.09291
human,plate17,flu-seqneut-2026-UWMC-077,A/France/NAQ-HCL026010957001/2026_H3N2,plate17-A/France/NAQ-HCL026010957001/2026_H3N2,0.001117,interpolated,0.003289,0.003289,interpolated,0.8,0.7107,0,0.898,0.0665
human,plate17,flu-seqneut-2026-UWMC-077,A/France/NAQ-HCL026046169102/2025_H1N1,plate17-A/France/NAQ-HCL026046169102/2025_H1N1,0.002145,interpolated,0.002405,0.002405,interpolated,1.875,0.9035,0,0.9605,0.07426
human,plate17,flu-seqneut-2026-UWMC-077,A/France/OCC-HCL026013263701/2026_H3N2,plate17-A/France/OCC-HCL026013263701/2026_H3N2,0.001876,interpolated,0.002128,0.002128,interpolated,0.8,0.9522,0,0.6925,0.1806
human,plate17,flu-seqneut-2026-UWMC-077,A/France/PAC-RELAB-HCL026021993801/2026_H3N2,plate17-A/France/PAC-RELAB-HCL026021993801/2026_H3N2,0.002508,interpolated,0.004608,0.004608,interpolated,0.8,0.8074,0,0.8125,0.1024
human,plate17,flu-seqneut-2026-UWMC-077,A/Galicia/GA-CHUAC-451/2025_H3N2,plate17-A/Galicia/GA-CHUAC-451/2025_H3N2,0.0008866,interpolated,0.0008931,0.0008931,interpolated,0.8013,0.9971,0,0.9195,0.08892
human,plate17,flu-seqneut-2026-UWMC-077,A/Galicia/GA-CHUAC-612/2025_H1N1,plate17-A/Galicia/GA-CHUAC-612/2025_H1N1,0.003644,interpolated,0.003994,0.003994,interpolated,2.667,0.8914,0,0.8791,0.1349
human,plate17,flu-seqneut-2026-UWMC-077,A/Germany/LRMC_0104/2025_H3N2,plate17-A/Germany/LRMC_0104/2025_H3N2,0.002783,interpolated,0.004368,0.004368,interpolated,0.8,0.8486,0,0.6894,0.1522
human,plate17,flu-seqneut-2026-UWMC-077,A/Germany/LRMC_0113/2025_H3N2,plate17-A/Germany/LRMC_0113/2025_H3N2,0.002401,interpolated,0.002609,0.002609,interpolated,0.8,0.9679,0,0.7178,0.1729
human,plate17,flu-seqneut-2026-UWMC-077,A/Hawaii/70/2019_H1N1,plate17-A/Hawaii/70/2019_H1N1,0.002057,interpolated,0.00225,0.00225,interpolated,3.581,0.8628,0,0.8815,0.141
human,plate17,flu-seqneut-2026-UWMC-077,A/Hawaii/ISC-1140/2025_H1N1,plate17-A/Hawaii/ISC-1140/2025_H1N1,0.002034,interpolated,0.00244,0.00244,interpolated,1.53,0.8785,0,0.9208,0.1024
human,plate17,flu-seqneut-2026-UWMC-077,A/Hessen/18/2026_H1N1,plate17-A/Hessen/18/2026_H1N1,0.002324,interpolated,0.002431,0.002431,interpolated,1.911,0.9589,0,0.9351,0.1029
human,plate17,flu-seqneut-2026-UWMC-077,A/Ireland/91576/2025_H3N2,plate17-A/Ireland/91576/2025_H3N2,0.005115,interpolated,0.006644,0.006644,interpolated,1.306,0.8553,0,0.851,0.1097
human,plate17,flu-seqneut-2026-UWMC-077,A/Kentucky/80/2025_H1N1,plate17-A/Kentucky/80/2025_H1N1,0.004306,interpolated,0.004524,0.004524,interpolated,2.564,0.9405,0,0.9715,0.06356
human,plate17,flu-seqneut-2026-UWMC-077,A/Lisboa/216/2023_H3N2,plate17-A/Lisboa/216/2023_H3N2,0.0003468,interpolated,0.0003468,0.0003468,interpolated,0.9233,1,0,0.885,0.1041
human,plate17,flu-seqneut-2026-UWMC-077,A/Luxembourg/LNS9132577/2026_H3N2,plate17-A/Luxembourg/LNS9132577/2026_H3N2,0.001676,interpolated,0.002358,0.002358,interpolated,0.8,0.8805,0,0.8472,0.09887
human,plate17,flu-seqneut-2026-UWMC-077,A/Maine/25/2026_H1N1,plate17-A/Maine/25/2026_H1N1,0.003746,interpolated,0.004283,0.004283,interpolated,1.966,0.8842,0,0.9267,0.09801
human,plate17,flu-seqneut-2026-UWMC-077,A/Malaysia/IMR/SARI/2406/2025_H3N2,plate17-A/Malaysia/IMR/SARI/2406/2025_H3N2,0.001156,interpolated,0.001156,0.001156,interpolated,0.8,1,0,0.8867,0.1043
human,plate17,flu-seqneut-2026-UWMC-077,A/Massachusetts/18/2022_H3N2,plate17-A/Massachusetts/18/2022_H3N2,0.0005191,interpolated,0.0005191,0.0005191,interpolated,1.015,1,0,0.8482,0.1357
human,plate17,flu-seqneut-2026-UWMC-077,A/Massachusetts/ISC-1856/2025_H3N2,plate17-A/Massachusetts/ISC-1856/2025_H3N2,0.0008553,interpolated,0.001811,0.001811,interpolated,0.8,0.7744,0,0.9297,0.0606
human,plate17,flu-seqneut-2026-UWMC-077,A/Mauritius/26000203/2026_H1N1,plate17-A/Mauritius/26000203/2026_H1N1,0.0009767,interpolated,0.001062,0.001062,interpolated,3.858,0.8619,0,0.98,0.05656
human,plate17,flu-seqneut-2026-UWMC-077,A/Michigan/8/2026_H3N2,plate17-A/Michigan/8/2026_H3N2,0.002055,interpolated,0.002084,0.002084,interpolated,0.8,0.9943,0,0.8482,0.1204
human,plate17,flu-seqneut-2026-UWMC-077,A/Michigan/UM-10068071276/2025_H3N2,plate17-A/Michigan/UM-10068071276/2025_H3N2,0.002701,interpolated,0.003353,0.003353,interpolated,0.8,0.9206,0,0.8905,0.0924
human,plate17,flu-seqneut-2026-UWMC-077,A/Michigan/UM-10068134090/2025_H3N2,plate17-A/Michigan/UM-10068134090/2025_H3N2,0.001569,interpolated,0.00175,0.00175,interpolated,0.8,0.9582,0,0.7966,0.12
human,plate17,flu-seqneut-2026-UWMC-077,A/Michigan/UM-10068449788/2025_H3N2,plate17-A/Michigan/UM-10068449788/2025_H3N2,0.001178,interpolated,0.001178,0.001178,interpolated,0.8,1,0,0.9615,0.05684
human,plate17,flu-seqneut-2026-UWMC-077,A/Michigan/UM-10068456988/2025_H3N2,plate17-A/Michigan/UM-10068456988/2025_H3N2,0.008044,interpolated,0.01117,0.01117,interpolated,0.8,0.8845,0,0.6345,0.147
human,plate17,flu-seqneut-2026-UWMC-077,A/Michigan/UM-10068747355/2026_H3N2,plate17-A/Michigan/UM-10068747355/2026_H3N2,0.001717,interpolated,0.003963,0.003963,interpolated,0.8,0.756,0,0.7764,0.1075
human,plate17,flu-seqneut-2026-UWMC-077,A/MinasGerais/410/2026_H1N1,plate17-A/MinasGerais/410/2026_H1N1,0.003547,interpolated,0.004455,0.004455,interpolated,2.285,0.7971,0,0.8996,0.1083
human,plate17,flu-seqneut-2026-UWMC-077,A/MinasGerais/671/2026_H1N1,plate17-A/MinasGerais/671/2026_H1N1,0.002568,interpolated,0.002917,0.002917,interpolated,1.239,0.927,0,0.8966,0.115
human,plate17,flu-seqneut-2026-UWMC-077,A/Mississippi/20/2026_H1N1,plate17-A/Mississippi/20/2026_H1N1,0.002601,interpolated,0.002662,0.002662,interpolated,1.767,0.9801,0,0.9598,0.07863
human,plate17,flu-seqneut-2026-UWMC-077,A/Missouri/11/2025_cell_H1N1,plate17-A/Missouri/11/2025_cell_H1N1,0.002466,interpolated,0.002794,0.002794,interpolated,1.862,0.8963,0,0.8919,0.1252
human,plate17,flu-seqneut-2026-UWMC-077,A/Missouri/11/2025_egg_H1N1,plate17-A/Missouri/11/2025_egg_H1N1,0.0004157,interpolated,0.0005123,0.0005123,interpolated,2.202,0.8156,0,0.9874,0.0369
human,plate17,flu-seqneut-2026-UWMC-077,A/Missouri/NIRC-AV-1003/2025_H3N2,plate17-A/Missouri/NIRC-AV-1003/2025_H3N2,0.002049,interpolated,0.003048,0.003048,interpolated,0.8,0.8639,0,0.6961,0.1544
human,plate17,flu-seqneut-2026-UWMC-077,A/Montana/51/2025_H3N2,plate17-A/Montana/51/2025_H3N2,0.001555,interpolated,0.002121,0.002121,interpolated,0.8,0.89,0,0.7318,0.1529
human,plate17,flu-seqneut-2026-UWMC-077,A/NakhonPhanom/P495/2026_H3N2,plate17-A/NakhonPhanom/P495/2026_H3N2,0.001719,interpolated,0.002669,0.002669,interpolated,0.8,0.8517,0,0.7559,0.1363
human,plate17,flu-seqneut-2026-UWMC-077,A/Navarra/260009/2025_H3N2,plate17-A/Navarra/260009/2025_H3N2,0.001693,interpolated,0.003173,0.003173,interpolated,0.8,0.8025,0,0.8765,0.08497
human,plate17,flu-seqneut-2026-UWMC-077,A/Nebraska/34/2026_H1N1,plate17-A/Nebraska/34/2026_H1N1,0.001014,interpolated,0.001014,0.001014,interpolated,0.8367,1,0,0.8967,0.1067
human,plate17,flu-seqneut-2026-UWMC-077,A/Netherlands/10008/2026_H1N1,plate17-A/Netherlands/10008/2026_H1N1,0.002697,interpolated,0.002697,0.002697,interpolated,1.897,1,0,0.9799,0.05737
human,plate17,flu-seqneut-2026-UWMC-077,A/Netherlands/2398/2025_H1N1,plate17-A/Netherlands/2398/2025_H1N1,0.0041,interpolated,0.004699,0.004699,interpolated,1.298,0.9189,0,0.8945,0.1111
human,plate17,flu-seqneut-2026-UWMC-077,A/Netherlands/543/2026_H1N1,plate17-A/Netherlands/543/2026_H1N1,0.003527,interpolated,0.004002,0.004002,interpolated,2.625,0.859,0,0.8695,0.1336
human,plate17,flu-seqneut-2026-UWMC-077,A/Netherlands/864/2026_H1N1,plate17-A/Netherlands/864/2026_H1N1,0.001642,interpolated,0.001642,0.001642,interpolated,1.189,1,0,0.9736,0.06075
human,plate17,flu-seqneut-2026-UWMC-077,A/Netherlands/888/2026_H3N2,plate17-A/Netherlands/888/2026_H3N2,0.004056,interpolated,0.01023,0.01023,interpolated,0.8,0.7386,0,0.5158,0.1572
human,plate17,flu-seqneut-2026-UWMC-077,A/Netherlands/968/2026_H3N2,plate17-A/Netherlands/968/2026_H3N2,0.001886,interpolated,0.001886,0.001886,interpolated,0.8727,1,0,0.7243,0.1919
human,plate17,flu-seqneut-2026-UWMC-077,A/NewBrunswick/NBPHLFLUA10B-MM00057R/2026_H1N1,plate17-A/NewBrunswick/NBPHLFLUA10B-MM00057R/2026_H1N1,0.00456,interpolated,0.004686,0.004686,interpolated,10,0.8809,0,0.9362,0.097
human,plate17,flu-seqneut-2026-UWMC-077,A/NewYork/NIRC-IS-1086/2026_H3N2,plate17-A/NewYork/NIRC-IS-1086/2026_H3N2,0.002671,interpolated,0.003421,0.003421,interpolated,1.187,0.8726,0,0.8504,0.1266
human,plate17,flu-seqneut-2026-UWMC-077,A/NordrheinWestfalen/54/2026_H3N2,plate17-A/NordrheinWestfalen/54/2026_H3N2,0.004927,interpolated,0.007655,0.007655,interpolated,2.153,0.6936,0,0.6629,0.1545
human,plate17,flu-seqneut-2026-UWMC-077,A/NordrheinWestfalen/96/2026_H1N1,plate17-A/NordrheinWestfalen/96/2026_H1N1,0.004358,interpolated,0.004663,0.004663,interpolated,1.809,0.9425,0,0.9595,0.073
human,plate17,flu-seqneut-2026-UWMC-077,A/Norway/9556/2025_H1N1,plate17-A/Norway/9556/2025_H1N1,0.002194,interpolated,0.003067,0.003067,interpolated,1.073,0.8491,0,0.8504,0.1238
human,plate17,flu-seqneut-2026-UWMC-077,A/NovaScotia/25-365-06099/2025_H3N2,plate17-A/NovaScotia/25-365-06099/2025_H3N2,0.001248,interpolated,0.001609,0.001609,interpolated,0.8,0.9079,0,0.737,0.1419
human,plate17,flu-seqneut-2026-UWMC-077,A/Ohio/259/2024_H1N1,plate17-A/Ohio/259/2024_H1N1,0.001825,interpolated,0.001852,0.001852,interpolated,10,0.9315,0,0.9641,0.08451
human,plate17,flu-seqneut-2026-UWMC-077,A/Ontario/PHL202550193/2025_H3N2,plate17-A/Ontario/PHL202550193/2025_H3N2,0.002713,interpolated,0.003699,0.003699,interpolated,0.8,0.8903,0,0.6608,0.1582
human,plate17,flu-seqneut-2026-UWMC-077,A/Oregon/81/2025_H3N2,plate17-A/Oregon/81/2025_H3N2,0.00109,interpolated,0.004654,0.004654,interpolated,0.8,0.6565,0,0.8532,0.07324
human,plate17,flu-seqneut-2026-UWMC-077,A/PaisVasco/70369726/2026_H1N1,plate17-A/PaisVasco/70369726/2026_H1N1,0.003881,interpolated,0.004077,0.004077,interpolated,3.451,0.922,0,0.9734,0.06449
human,plate17,flu-seqneut-2026-UWMC-077,A/Parana/416133590/2026_H3N2,plate17-A/Parana/416133590/2026_H3N2,0.001528,interpolated,0.002306,0.002306,interpolated,0.8,0.8597,0,0.7846,0.1244
human,plate17,flu-seqneut-2026-UWMC-077,A/Peru/ANC-INS-062/2026_H3N2,plate17-A/Peru/ANC-INS-062/2026_H3N2,0.001835,interpolated,0.003408,0.003408,interpolated,1.039,0.7628,0,0.8394,0.1078
human,plate17,flu-seqneut-2026-UWMC-077,A/Rhode_Island/11/2026_H1N1,plate17-A/Rhode_Island/11/2026_H1N1,0.002374,interpolated,0.002793,0.002793,interpolated,1.24,0.9087,0,0.9105,0.1049
human,plate17,flu-seqneut-2026-UWMC-077,A/RiodeJaneiro/331/2026_H3N2,plate17-A/RiodeJaneiro/331/2026_H3N2,0.001344,interpolated,0.00215,0.00215,interpolated,0.8,0.8433,0,0.7329,0.1476
human,plate17,flu-seqneut-2026-UWMC-077,A/Romania/612042/2026_H3N2,plate17-A/Romania/612042/2026_H3N2,0.002168,interpolated,0.003653,0.003653,interpolated,0.8,0.8293,0,0.7859,0.1138
human,plate17,flu-seqneut-2026-UWMC-077,A/SantaCatarina/508/2026_H3N2,plate17-A/SantaCatarina/508/2026_H3N2,0.003314,interpolated,0.003759,0.003759,interpolated,0.8,0.9521,0,0.8822,0.08346
human,plate17,flu-seqneut-2026-UWMC-077,A/Saskatchewan/SKFLU477299/2025_H3N2,plate17-A/Saskatchewan/SKFLU477299/2025_H3N2,0.0007901,interpolated,0.0008968,0.0008968,interpolated,0.8,0.9518,0,0.7619,0.1376
human,plate17,flu-seqneut-2026-UWMC-077,A/Saskatchewan/SKFLU477727/2025_H3N2,plate17-A/Saskatchewan/SKFLU477727/2025_H3N2,0.001617,interpolated,0.001617,0.001617,interpolated,0.8,1,0,0.8861,0.1055
human,plate17,flu-seqneut-2026-UWMC-077,A/Saskatchewan/SKFLU490586/2026_H1N1,plate17-A/Saskatchewan/SKFLU490586/2026_H1N1,0.002606,interpolated,0.002889,0.002889,interpolated,1.888,0.9116,0,0.875,0.1386
human,plate17,flu-seqneut-2026-UWMC-077,A/Singapore/GP20238/2024_H3N2,plate17-A/Singapore/GP20238/2024_H3N2,0.0008669,interpolated,0.000892,0.000892,interpolated,0.8,0.9887,0,0.8764,0.1079
human,plate17,flu-seqneut-2026-UWMC-077,A/Singapore/KK2768/2025_H1N1,plate17-A/Singapore/KK2768/2025_H1N1,0.002513,interpolated,0.002794,0.002794,interpolated,4.235,0.8193,0,0.9413,0.09206
human,plate17,flu-seqneut-2026-UWMC-077,A/Singapore/MOH0547/2024_H1N1,plate17-A/Singapore/MOH0547/2024_H1N1,0.000763,interpolated,0.000763,0.000763,interpolated,1.581,1,0,0.9622,0.07939
human,plate17,flu-seqneut-2026-UWMC-077,A/Singapore/NTF0577/2025_H3N2,plate17-A/Singapore/NTF0577/2025_H3N2,0.002112,interpolated,0.002112,0.002112,interpolated,0.8,1,0,0.8889,0.09954
human,plate17,flu-seqneut-2026-UWMC-077,A/Singapore/SAR8915/2025_H3N2,plate17-A/Singapore/SAR8915/2025_H3N2,0.002875,interpolated,0.00401,0.00401,interpolated,0.8,0.8831,0,0.8586,0.09727
human,plate17,flu-seqneut-2026-UWMC-077,A/SouthAfrica/NHLS-SU-CERI-C075557/2026_H1N1,plate17-A/SouthAfrica/NHLS-SU-CERI-C075557/2026_H1N1,0.001889,interpolated,0.001994,0.001994,interpolated,1.175,0.9691,0,0.9718,0.06058
human,plate17,flu-seqneut-2026-UWMC-077,A/SouthAfrica/NICD-R01647/2026_H1N1,plate17-A/SouthAfrica/NICD-R01647/2026_H1N1,0.002123,interpolated,0.002201,0.002201,interpolated,1.427,0.9746,0,0.9731,0.06243
human,plate17,flu-seqneut-2026-UWMC-077,A/SouthAfrica/NICD-R01668/2026_H1N1,plate17-A/SouthAfrica/NICD-R01668/2026_H1N1,0.002901,interpolated,0.003186,0.003186,interpolated,1.208,0.9465,0,0.9054,0.1105
human,plate17,flu-seqneut-2026-UWMC-077,A/SouthAfrica/PATH-CERI-C073358/2025_H1N1,plate17-A/SouthAfrica/PATH-CERI-C073358/2025_H1N1,0.003302,interpolated,0.003723,0.003723,interpolated,2.391,0.8753,0,0.9778,0.05462
human,plate17,flu-seqneut-2026-UWMC-077,A/SouthAfrica/PATH-CERI-C073366/2025_H1N1,plate17-A/SouthAfrica/PATH-CERI-C073366/2025_H1N1,0.00325,interpolated,0.003557,0.003557,interpolated,2.422,0.902,0,0.9121,0.114
human,plate17,flu-seqneut-2026-UWMC-077,A/SouthAfrica/PATH-CERI-C075119/2026_H1N1,plate17-A/SouthAfrica/PATH-CERI-C075119/2026_H1N1,0.00234,interpolated,0.002659,0.002659,interpolated,1.372,0.9196,0,0.9323,0.09418
human,plate17,flu-seqneut-2026-UWMC-077,A/SouthAustralia/2605715552/2026_H3N2,plate17-A/SouthAustralia/2605715552/2026_H3N2,0.002214,interpolated,0.002477,0.002477,interpolated,0.8,0.9571,0,0.8504,0.1135
human,plate17,flu-seqneut-2026-UWMC-077,A/SouthCarolina/USAFSAM-17046/2026_H3N2,plate17-A/SouthCarolina/USAFSAM-17046/2026_H3N2,0.000686,interpolated,0.000686,0.000686,interpolated,0.8686,1,0,0.8557,0.1272
human,plate17,flu-seqneut-2026-UWMC-077,A/South_Australia/2523812314/2025_H3N2,plate17-A/South_Australia/2523812314/2025_H3N2,0.0007797,interpolated,0.0009387,0.0009387,interpolated,0.8,0.931,0,0.8472,0.1043
human,plate17,flu-seqneut-2026-UWMC-077,A/South_Australia/2527213276/2025_H3N2,plate17-A/South_Australia/2527213276/2025_H3N2,0.009228,interpolated,0.009837,0.009837,interpolated,10,0.764,0,0.7317,0.1687
human,plate17,flu-seqneut-2026-UWMC-077,A/StPetersburg/RII-25-2042S/2025_H3N2,plate17-A/StPetersburg/RII-25-2042S/2025_H3N2,0.002858,interpolated,0.004085,0.004085,interpolated,0.8,0.8758,0,0.7881,0.1178
human,plate17,flu-seqneut-2026-UWMC-077,A/StPetersburg/RII-25-2321S/2025_H3N2,plate17-A/StPetersburg/RII-25-2321S/2025_H3N2,0.002665,interpolated,0.005425,0.005425,interpolated,1.232,0.7084,0,0.8574,0.09518
human,plate17,flu-seqneut-2026-UWMC-077,A/StPetersburg/RII-25-2506S/2026_H3N2,plate17-A/StPetersburg/RII-25-2506S/2026_H3N2,0.002163,interpolated,0.003781,0.003781,interpolated,0.8,0.8198,0,0.7936,0.1174
human,plate17,flu-seqneut-2026-UWMC-077,A/StPetersburg/RII-25-2600S/2026_H3N2,plate17-A/StPetersburg/RII-25-2600S/2026_H3N2,0.0009979,interpolated,0.001487,0.001487,interpolated,0.8,0.8633,0,0.9097,0.07611
human,plate17,flu-seqneut-2026-UWMC-077,A/Switzerland/UN-SNRCI-HUG-053/2025_H1N1,plate17-A/Switzerland/UN-SNRCI-HUG-053/2025_H1N1,0.003873,interpolated,0.004045,0.004045,interpolated,10,0.824,0,0.9459,0.08905
human,plate17,flu-seqneut-2026-UWMC-077,A/Sydney/1359/2024_H3N2,plate17-A/Sydney/1359/2024_H3N2,0.003361,interpolated,0.01573,0.01573,interpolated,0.8,0.6455,0,0.5078,0.1215
human,plate17,flu-seqneut-2026-UWMC-077,A/Sydney/50/2026_H1N1,plate17-A/Sydney/50/2026_H1N1,0.002986,interpolated,0.003363,0.003363,interpolated,1.275,0.9297,0,0.8996,0.1114
human,plate17,flu-seqneut-2026-UWMC-077,A/Texas/29/2026_H1N1,plate17-A/Texas/29/2026_H1N1,0.002605,interpolated,0.003189,0.003189,interpolated,1.72,0.8531,0,0.8762,0.1283
human,plate17,flu-seqneut-2026-UWMC-077,A/Thailand/8/2022_H3N2,plate17-A/Thailand/8/2022_H3N2,0.0003763,interpolated,0.0005842,0.0005842,interpolated,1.478,0.7611,0,0.7315,0.1682
human,plate17,flu-seqneut-2026-UWMC-077,A/Thuringen/16/2026_H3N2,plate17-A/Thuringen/16/2026_H3N2,0.001207,interpolated,0.001809,0.001809,interpolated,0.8,0.8617,0,0.7871,0.1302
human,plate17,flu-seqneut-2026-UWMC-077,A/Thuringen/39/2026_H3N2,plate17-A/Thuringen/39/2026_H3N2,0.005049,interpolated,0.005923,0.005923,interpolated,1.199,0.9129,0,0.8365,0.1178
human,plate17,flu-seqneut-2026-UWMC-077,A/Tokyo/EIS11-277/2024_H1N1,plate17-A/Tokyo/EIS11-277/2024_H1N1,0.0007995,interpolated,0.0007995,0.0007995,interpolated,5.373,1,0,0.9972,0.02403
human,plate17,flu-seqneut-2026-UWMC-077,A/Trieste/380/2026_H3N2,plate17-A/Trieste/380/2026_H3N2,0.00105,interpolated,0.00105,0.00105,interpolated,0.8166,1,0,0.8934,0.1067
human,plate17,flu-seqneut-2026-UWMC-077,A/Ukraine/5214/2026_H1N1,plate17-A/Ukraine/5214/2026_H1N1,0.003544,interpolated,0.003851,0.003851,interpolated,1.918,0.9263,0,0.9471,0.087
human,plate17,flu-seqneut-2026-UWMC-077,A/Uppsala/SE26-01293/2026_H1N1,plate17-A/Uppsala/SE26-01293/2026_H1N1,0.002682,interpolated,0.002804,0.002804,interpolated,2.458,0.9482,0,0.9749,0.06399
human,plate17,flu-seqneut-2026-UWMC-077,A/Valencia/VAHNSI_09_02564/2025_H1N1,plate17-A/Valencia/VAHNSI_09_02564/2025_H1N1,0.002202,interpolated,0.002499,0.002499,interpolated,1.463,0.9157,0,0.9156,0.1088
human,plate17,flu-seqneut-2026-UWMC-077,A/Victoria/2948/2025_H3N2,plate17-A/Victoria/2948/2025_H3N2,0.001406,interpolated,0.001406,0.001406,interpolated,0.8157,1,0,0.9224,0.08956
human,plate17,flu-seqneut-2026-UWMC-077,A/Victoria/4897/2022_IVR-238_H1N1,plate17-A/Victoria/4897/2022_IVR-238_H1N1,0.0001607,interpolated,0.0002036,0.0002036,interpolated,4.809,0.6601,0,0.9999,0.001754
human,plate17,flu-seqneut-2026-UWMC-077,A/Vietnam/F7324/2024_H3N2,plate17-A/Vietnam/F7324/2024_H3N2,0.000619,interpolated,0.000619,0.000619,interpolated,0.8119,1,0,0.8019,0.1498
human,plate17,flu-seqneut-2026-UWMC-077,A/Vietnam/PF125413/2025_H1N1,plate17-A/Vietnam/PF125413/2025_H1N1,0.004373,interpolated,0.004475,0.004475,interpolated,8.365,0.9119,0,0.9697,0.06978
human,plate17,flu-seqneut-2026-UWMC-077,A/Vietnam/PF126009/2026_H1N1,plate17-A/Vietnam/PF126009/2026_H1N1,0.002086,interpolated,0.002128,0.002128,interpolated,1.499,0.9855,0,0.9837,0.04942
human,plate17,flu-seqneut-2026-UWMC-077,A/Virginia/82/2025_H1N1,plate17-A/Virginia/82/2025_H1N1,0.001816,interpolated,0.001954,0.001954,interpolated,1.078,0.962,0,0.9289,0.09518
human,plate17,flu-seqneut-2026-UWMC-077,A/Wisconsin/588/2019_H1N1,plate17-A/Wisconsin/588/2019_H1N1,0.0003452,interpolated,0.0003452,0.0003452,interpolated,3.638,1,0,0.9784,0.06011
human,plate17,flu-seqneut-2026-UWMC-077,A/Wisconsin/67/2022_H1N1,plate17-A/Wisconsin/67/2022_H1N1,0.002677,interpolated,0.002832,0.002832,interpolated,2.185,0.942,0,0.9429,0.09635
human,plate17,flu-seqneut-2026-UWMC-077,A/Zacapa/FLU-012/2025_H1N1,plate17-A/Zacapa/FLU-012/2025_H1N1,0.0006598,interpolated,0.0006598,0.0006598,interpolated,1.698,1,0,0.9711,0.06978
human,plate17,flu-seqneut-2026-UWMC-077,A/Zambia/6-NIC-014/2026_H1N1,plate17-A/Zambia/6-NIC-014/2026_H1N1,0.001951,interpolated,0.001952,0.001952,interpolated,1.082,0.9999,0,0.9594,0.07299
human,plate17,flu-seqneut-2026-UWMC-077,A/Zambia/7-NIC-313/2026_H1N1,plate17-A/Zambia/7-NIC-313/2026_H1N1,0.004015,interpolated,0.004204,0.004204,interpolated,3.615,0.9233,0,0.9775,0.05864
human,plate17,flu-seqneut-2026-UWMC-078,A/Andalucia/PMC-00977/2025_H1N1,plate17-A/Andalucia/PMC-00977/2025_H1N1,0.006102,interpolated,0.006125,0.006125,interpolated,2.443,0.9954,0,0.9967,0.02137
human,plate17,flu-seqneut-2026-UWMC-078,A/Andalucia/PMC-01217/2025_H1N1,plate17-A/Andalucia/PMC-01217/2025_H1N1,0.0059,interpolated,0.006545,0.006545,interpolated,2.848,0.8722,0,0.8621,0.13
human,plate17,flu-seqneut-2026-UWMC-078,A/Andalucia/PMC-01495/2025_H1N1,plate17-A/Andalucia/PMC-01495/2025_H1N1,0.005211,interpolated,0.005799,0.005799,interpolated,2.324,0.8899,0,0.9432,0.08241
human,plate17,flu-seqneut-2026-UWMC-078,A/Arizona/40/2026_H1N1,plate17-A/Arizona/40/2026_H1N1,0.006938,interpolated,0.007475,0.007475,interpolated,3.333,0.8902,0,0.9672,0.06162
human,plate17,flu-seqneut-2026-UWMC-078,A/Astrakhan/RII-MH273373S/2025_H3N2,plate17-A/Astrakhan/RII-MH273373S/2025_H3N2,0.0002383,interpolated,0.0002383,0.0002383,interpolated,1.069,1,0,0.7832,0.1518
human,plate17,flu-seqneut-2026-UWMC-078,A/Asturias/232590913/2025_H1N1,plate17-A/Asturias/232590913/2025_H1N1,0.005145,interpolated,0.005415,0.005415,interpolated,1.98,0.9517,0,0.9797,0.05085
human,plate17,flu-seqneut-2026-UWMC-078,A/Badajoz/18738342/2026_H3N2,plate17-A/Badajoz/18738342/2026_H3N2,0.0002006,interpolated,0.0002006,0.0002006,interpolated,1.227,1,0,0.8341,0.1258
human,plate17,flu-seqneut-2026-UWMC-078,A/Badajoz/18811358/2026_H3N2,plate17-A/Badajoz/18811358/2026_H3N2,0.0002187,interpolated,0.0002187,0.0002187,interpolated,1.288,1,0,0.8786,0.1117
human,plate17,flu-seqneut-2026-UWMC-078,A/Badajoz/18813527/2026_H3N2,plate17-A/Badajoz/18813527/2026_H3N2,0.0003455,interpolated,0.0003455,0.0003455,interpolated,1.321,1,0,0.9673,0.06233
human,plate17,flu-seqneut-2026-UWMC-078,A/Bangkok/P2390/2025_H3N2,plate17-A/Bangkok/P2390/2025_H3N2,0.0004141,interpolated,0.0005032,0.0005032,interpolated,1.326,0.8862,0,0.9601,0.06424
human,plate17,flu-seqneut-2026-UWMC-078,A/Bangkok/P2391/2025_H3N2,plate17-A/Bangkok/P2391/2025_H3N2,0.000775,interpolated,0.001872,0.001872,interpolated,1.235,0.6681,0,0.8185,0.1144
human,plate17,flu-seqneut-2026-UWMC-078,A/Blaenavon/6687/2026_H3N2,plate17-A/Blaenavon/6687/2026_H3N2,0.0002217,interpolated,0.0002217,0.0002217,interpolated,2.088,1,0,0.9658,0.06323
human,plate17,flu-seqneut-2026-UWMC-078,A/Bolivia/OR5702/2025_H3N2,plate17-A/Bolivia/OR5702/2025_H3N2,0.0009159,interpolated,0.001053,0.001053,interpolated,0.8,0.9473,0,0.9,0.09572
human,plate17,flu-seqneut-2026-UWMC-078,A/BritishColumbia/RV00022-26/2025_H1N1,plate17-A/BritishColumbia/RV00022-26/2025_H1N1,0.005735,interpolated,0.006583,0.006583,interpolated,1.911,0.8841,0,0.9225,0.09048
human,plate17,flu-seqneut-2026-UWMC-078,A/BritishColumbia/RV00279-26/2025_H3N2,plate17-A/BritishColumbia/RV00279-26/2025_H3N2,0.00042,interpolated,0.0008648,0.0008648,interpolated,1.443,0.6764,0,0.8963,0.09087
human,plate17,flu-seqneut-2026-UWMC-078,A/BritishColumbia/RV01350-26/2026_H1N1,plate17-A/BritishColumbia/RV01350-26/2026_H1N1,0.006757,interpolated,0.006949,0.006949,interpolated,2.844,0.9616,0,0.967,0.06644
human,plate17,flu-seqneut-2026-UWMC-078,A/BritishColumbia/RV05508-25/2025_H1N1,plate17-A/BritishColumbia/RV05508-25/2025_H1N1,0.005005,interpolated,0.005601,0.005601,interpolated,1.73,0.9115,0,0.9447,0.07932
human,plate17,flu-seqneut-2026-UWMC-078,A/California/GKISBBBH79910/2026_H3N2,plate17-A/California/GKISBBBH79910/2026_H3N2,0.0002663,interpolated,0.0002663,0.0002663,interpolated,1.153,1,0,0.9099,0.09581
human,plate17,flu-seqneut-2026-UWMC-078,A/California/NIRC-IS-1019/2026_H1N1,plate17-A/California/NIRC-IS-1019/2026_H1N1,0.004287,interpolated,0.005889,0.005889,interpolated,2.357,0.7366,0,0.9678,0.05054
human,plate17,flu-seqneut-2026-UWMC-078,A/California/NIRC-IS-1059/2026_H3N2,plate17-A/California/NIRC-IS-1059/2026_H3N2,0.0007802,interpolated,0.0008315,0.0008315,interpolated,10,0.7644,0,0.8854,0.1237
human,plate17,flu-seqneut-2026-UWMC-078,A/California/NIRC-IS-1067/2026_H3N2,plate17-A/California/NIRC-IS-1067/2026_H3N2,0.0003746,interpolated,0.0003893,0.0003893,interpolated,1.157,0.9783,0,0.9242,0.09115
human,plate17,flu-seqneut-2026-UWMC-078,A/California/NIRC-IS-1356/2025_H1N1,plate17-A/California/NIRC-IS-1356/2025_H1N1,0.00561,interpolated,0.006242,0.006242,interpolated,2.954,0.8646,0,0.8914,0.1148
human,plate17,flu-seqneut-2026-UWMC-078,A/Castellon/VAHNSI_02_02400/2025_H3N2,plate17-A/Castellon/VAHNSI_02_02400/2025_H3N2,0.0002389,interpolated,0.0002389,0.0002389,interpolated,1.165,1,0,0.9628,0.05736
human,plate17,flu-seqneut-2026-UWMC-078,A/Colombia/1851/2024_H3N2,plate17-A/Colombia/1851/2024_H3N2,0.0003352,interpolated,0.0003352,0.0003352,interpolated,1.012,1,0,0.9576,0.06328
human,plate17,flu-seqneut-2026-UWMC-078,A/Colorado/218/2024_H1N1,plate17-A/Colorado/218/2024_H1N1,0.005739,interpolated,0.006409,0.006409,interpolated,2.459,0.8811,0,0.9283,0.09126
human,plate17,flu-seqneut-2026-UWMC-078,A/Connecticut/5/2026_H3N2,plate17-A/Connecticut/5/2026_H3N2,0.000579,interpolated,0.0007947,0.0007947,interpolated,1.536,0.8075,0,0.9436,0.07775
human,plate17,flu-seqneut-2026-UWMC-078,A/Croatia/10136RV/2023_H3N2,plate17-A/Croatia/10136RV/2023_H3N2,0.0002887,interpolated,0.0003146,0.0003146,interpolated,1.331,0.946,0,0.9644,0.05646
human,plate17,flu-seqneut-2026-UWMC-078,A/Darwin/1415/2025_H3N2,plate17-A/Darwin/1415/2025_H3N2,0.0002711,interpolated,0.0002711,0.0002711,interpolated,1.084,1,0,0.8668,0.1185
human,plate17,flu-seqneut-2026-UWMC-078,A/Darwin/1454/2025_H3N2,plate17-A/Darwin/1454/2025_H3N2,0.0002281,interpolated,0.0002281,0.0002281,interpolated,1.709,1,0,0.9642,0.06349
human,plate17,flu-seqneut-2026-UWMC-078,A/Denmark/3940/2025_H3N2,plate17-A/Denmark/3940/2025_H3N2,0.0003058,interpolated,0.0003058,0.0003058,interpolated,1.03,1,0,0.9342,0.07961
human,plate17,flu-seqneut-2026-UWMC-078,A/Denmark/4547/2025_H1N1,plate17-A/Denmark/4547/2025_H1N1,0.006638,interpolated,0.007154,0.007154,interpolated,2.835,0.9044,0,0.9554,0.07249
human,plate17,flu-seqneut-2026-UWMC-078,A/Denmark/4774/2025_H1N1,plate17-A/Denmark/4774/2025_H1N1,0.00548,interpolated,0.00548,0.00548,interpolated,2.639,1,0,0.9925,0.03489
human,plate17,flu-seqneut-2026-UWMC-078,A/District_Of_Columbia/27/2023_H3N2,plate17-A/District_Of_Columbia/27/2023_H3N2,0.0003393,interpolated,0.0003393,0.0003393,interpolated,0.815,1,0,0.8205,0.1301
human,plate17,flu-seqneut-2026-UWMC-078,A/Distrito_Federal/250106000728/2025_H3N2,plate17-A/Distrito_Federal/250106000728/2025_H3N2,0.001651,interpolated,0.001897,0.001897,interpolated,2.251,0.8657,0,0.8908,0.1248
human,plate17,flu-seqneut-2026-UWMC-078,A/England/1893256/2026_H1N1,plate17-A/England/1893256/2026_H1N1,0.006091,interpolated,0.006943,0.006943,interpolated,2.529,0.8591,0,0.8978,0.1061
human,plate17,flu-seqneut-2026-UWMC-078,A/Florida/ISC-1069/2026_H3N2,plate17-A/Florida/ISC-1069/2026_H3N2,0.0003904,interpolated,0.0008806,0.0008806,interpolated,1.979,0.6,0,0.9582,0.05036
human,plate17,flu-seqneut-2026-UWMC-078,A/France/ARA-HCL025195259501/2025_H1N1,plate17-A/France/ARA-HCL025195259501/2025_H1N1,0.006766,interpolated,0.006959,0.006959,interpolated,2.752,0.9626,0,0.9636,0.06912
human,plate17,flu-seqneut-2026-UWMC-078,A/France/ARA-HCL026031894402/2026_H3N2,plate17-A/France/ARA-HCL026031894402/2026_H3N2,0.0004717,interpolated,0.0005821,0.0005821,interpolated,1.875,0.8371,0,0.9747,0.05218
human,plate17,flu-seqneut-2026-UWMC-078,A/France/GES-IPP00659/2026_H1N1,plate17-A/France/GES-IPP00659/2026_H1N1,0.007317,interpolated,0.00751,0.00751,interpolated,2.794,0.9648,0,0.9883,0.03859
human,plate17,flu-seqneut-2026-UWMC-078,A/France/GES-IPP01077/2026_H3N2,plate17-A/France/GES-IPP01077/2026_H3N2,0.001984,interpolated,0.00209,0.00209,interpolated,10,0.7966,0,0.8304,0.1602
human,plate17,flu-seqneut-2026-UWMC-078,A/France/HDF-IPP01550/2026_H3N2,plate17-A/France/HDF-IPP01550/2026_H3N2,0.001609,interpolated,0.001843,0.001843,interpolated,3.202,0.8238,0,0.9174,0.1073
human,plate17,flu-seqneut-2026-UWMC-078,A/France/HDF-RELAB-IPP00300/2026_H3N2,plate17-A/France/HDF-RELAB-IPP00300/2026_H3N2,0.000427,interpolated,0.000427,0.000427,interpolated,0.9028,1,0,0.7212,0.1926
human,plate17,flu-seqneut-2026-UWMC-078,A/France/HDF-RELAB-IPP00303/2026_H3N2,plate17-A/France/HDF-RELAB-IPP00303/2026_H3N2,0.0002532,interpolated,0.0002532,0.0002532,interpolated,0.9031,1,0,0.9549,0.05842
human,plate17,flu-seqneut-2026-UWMC-078,A/France/HDF-RELAB-IPP07969/2025_H1N1,plate17-A/France/HDF-RELAB-IPP07969/2025_H1N1,0.004839,interpolated,0.004991,0.004991,interpolated,2.057,0.9691,0,0.9827,0.04904
human,plate17,flu-seqneut-2026-UWMC-078,A/France/NAQ-HCL026010957001/2026_H3N2,plate17-A/France/NAQ-HCL026010957001/2026_H3N2,0.000342,interpolated,0.000342,0.000342,interpolated,1.18,1,0,0.8725,0.124
human,plate17,flu-seqneut-2026-UWMC-078,A/France/NAQ-HCL026046169102/2025_H1N1,plate17-A/France/NAQ-HCL026046169102/2025_H1N1,0.008935,interpolated,0.009491,0.009491,interpolated,10,0.7736,0,0.8419,0.1305
human,plate17,flu-seqneut-2026-UWMC-078,A/France/OCC-HCL026013263701/2026_H3N2,plate17-A/France/OCC-HCL026013263701/2026_H3N2,0.0004798,interpolated,0.0004798,0.0004798,interpolated,0.83,1,0,0.8627,0.1192
human,plate17,flu-seqneut-2026-UWMC-078,A/France/PAC-RELAB-HCL026021993801/2026_H3N2,plate17-A/France/PAC-RELAB-HCL026021993801/2026_H3N2,0.0004364,interpolated,0.0006577,0.0006577,interpolated,1.594,0.76,0,0.9661,0.05429
human,plate17,flu-seqneut-2026-UWMC-078,A/Galicia/GA-CHUAC-451/2025_H3N2,plate17-A/Galicia/GA-CHUAC-451/2025_H3N2,0.0002632,interpolated,0.0002632,0.0002632,interpolated,1.201,1,0,0.8951,0.1065
human,plate17,flu-seqneut-2026-UWMC-078,A/Galicia/GA-CHUAC-612/2025_H1N1,plate17-A/Galicia/GA-CHUAC-612/2025_H1N1,0.004447,interpolated,0.004593,0.004593,interpolated,3.283,0.9496,0,0.9738,0.06377
human,plate17,flu-seqneut-2026-UWMC-078,A/Germany/LRMC_0104/2025_H3N2,plate17-A/Germany/LRMC_0104/2025_H3N2,0.0007211,interpolated,0.0009263,0.0009263,interpolated,3.676,0.6991,0,0.9864,0.03653
human,plate17,flu-seqneut-2026-UWMC-078,A/Germany/LRMC_0113/2025_H3N2,plate17-A/Germany/LRMC_0113/2025_H3N2,0.0003421,interpolated,0.0003421,0.0003421,interpolated,1.208,1,0,0.9348,0.08661
human,plate17,flu-seqneut-2026-UWMC-078,A/Hawaii/70/2019_H1N1,plate17-A/Hawaii/70/2019_H1N1,0.00174,interpolated,0.00184,0.00184,interpolated,10,0.7857,0,0.9251,0.1059
human,plate17,flu-seqneut-2026-UWMC-078,A/Hawaii/ISC-1140/2025_H1N1,plate17-A/Hawaii/ISC-1140/2025_H1N1,0.004215,interpolated,0.004593,0.004593,interpolated,2.56,0.9014,0,0.9637,0.06848
human,plate17,flu-seqneut-2026-UWMC-078,A/Hessen/18/2026_H1N1,plate17-A/Hessen/18/2026_H1N1,0.005461,interpolated,0.005829,0.005829,interpolated,2.277,0.931,0,0.9514,0.07836
human,plate17,flu-seqneut-2026-UWMC-078,A/Ireland/91576/2025_H3N2,plate17-A/Ireland/91576/2025_H3N2,0.000448,interpolated,0.000448,0.000448,interpolated,1.591,1,0,0.9866,0.04345
human,plate17,flu-seqneut-2026-UWMC-078,A/Kentucky/80/2025_H1N1,plate17-A/Kentucky/80/2025_H1N1,0.00661,interpolated,0.00661,0.00661,interpolated,3.184,1,0,0.9993,0.01015
human,plate17,flu-seqneut-2026-UWMC-078,A/Lisboa/216/2023_H3N2,plate17-A/Lisboa/216/2023_H3N2,0.0001319,interpolated,0.0001319,0.0001319,interpolated,1.205,1,0,0.9576,0.04931
human,plate17,flu-seqneut-2026-UWMC-078,A/Luxembourg/LNS9132577/2026_H3N2,plate17-A/Luxembourg/LNS9132577/2026_H3N2,0.0003509,interpolated,0.0003509,0.0003509,interpolated,1.253,1,0,0.9645,0.0642
human,plate17,flu-seqneut-2026-UWMC-078,A/Maine/25/2026_H1N1,plate17-A/Maine/25/2026_H1N1,0.006356,interpolated,0.006587,0.006587,interpolated,2.654,0.9547,0,0.9763,0.05563
human,plate17,flu-seqneut-2026-UWMC-078,A/Malaysia/IMR/SARI/2406/2025_H3N2,plate17-A/Malaysia/IMR/SARI/2406/2025_H3N2,0.001341,interpolated,0.001616,0.001616,interpolated,2.426,0.8178,0,0.9128,0.1054
human,plate17,flu-seqneut-2026-UWMC-078,A/Massachusetts/18/2022_H3N2,plate17-A/Massachusetts/18/2022_H3N2,0.0003011,interpolated,0.0003011,0.0003011,interpolated,1.509,1,0,0.9809,0.04761
human,plate17,flu-seqneut-2026-UWMC-078,A/Massachusetts/ISC-1856/2025_H3N2,plate17-A/Massachusetts/ISC-1856/2025_H3N2,0.000182,interpolated,0.000182,0.000182,interpolated,1.501,1,0,0.9837,0.0359
human,plate17,flu-seqneut-2026-UWMC-078,A/Mauritius/26000203/2026_H1N1,plate17-A/Mauritius/26000203/2026_H1N1,0.007876,interpolated,0.008043,0.008043,interpolated,2.734,0.9722,0,0.9789,0.05108
human,plate17,flu-seqneut-2026-UWMC-078,A/Michigan/8/2026_H3N2,plate17-A/Michigan/8/2026_H3N2,0.0003702,interpolated,0.0003702,0.0003702,interpolated,1.147,1,0,0.9302,0.0899
human,plate17,flu-seqneut-2026-UWMC-078,A/Michigan/UM-10068071276/2025_H3N2,plate17-A/Michigan/UM-10068071276/2025_H3N2,0.0003477,interpolated,0.0003477,0.0003477,interpolated,1.257,1,0,0.9587,0.06865
human,plate17,flu-seqneut-2026-UWMC-078,A/Michigan/UM-10068134090/2025_H3N2,plate17-A/Michigan/UM-10068134090/2025_H3N2,0.0003495,interpolated,0.0003495,0.0003495,interpolated,0.9087,1,0,0.7977,0.1499
human,plate17,flu-seqneut-2026-UWMC-078,A/Michigan/UM-10068449788/2025_H3N2,plate17-A/Michigan/UM-10068449788/2025_H3N2,0.0002103,interpolated,0.0002103,0.0002103,interpolated,1.18,1,0,0.9499,0.06482
human,plate17,flu-seqneut-2026-UWMC-078,A/Michigan/UM-10068456988/2025_H3N2,plate17-A/Michigan/UM-10068456988/2025_H3N2,0.0005916,interpolated,0.0005916,0.0005916,interpolated,1.172,1,0,0.9784,0.05188
human,plate17,flu-seqneut-2026-UWMC-078,A/Michigan/UM-10068747355/2026_H3N2,plate17-A/Michigan/UM-10068747355/2026_H3N2,0.0002084,interpolated,0.0002084,0.0002084,interpolated,1.211,1,0,0.958,0.05927
human,plate17,flu-seqneut-2026-UWMC-078,A/MinasGerais/410/2026_H1N1,plate17-A/MinasGerais/410/2026_H1N1,0.00361,interpolated,0.004104,0.004104,interpolated,2.741,0.8518,0,0.8777,0.1212
human,plate17,flu-seqneut-2026-UWMC-078,A/MinasGerais/671/2026_H1N1,plate17-A/MinasGerais/671/2026_H1N1,0.005444,interpolated,0.006185,0.006185,interpolated,2.207,0.8773,0,0.9376,0.08401
human,plate17,flu-seqneut-2026-UWMC-078,A/Mississippi/20/2026_H1N1,plate17-A/Mississippi/20/2026_H1N1,0.005075,interpolated,0.005115,0.005115,interpolated,2.945,0.9886,0,0.9965,0.02325
human,plate17,flu-seqneut-2026-UWMC-078,A/Missouri/11/2025_cell_H1N1,plate17-A/Missouri/11/2025_cell_H1N1,0.005007,interpolated,0.005015,0.005015,interpolated,2.259,0.9982,0,0.9988,0.01302
human,plate17,flu-seqneut-2026-UWMC-078,A/Missouri/11/2025_egg_H1N1,plate17-A/Missouri/11/2025_egg_H1N1,0.001282,interpolated,0.001306,0.001306,interpolated,3.244,0.9707,0,0.9935,0.03512
human,plate17,flu-seqneut-2026-UWMC-078,A/Missouri/NIRC-AV-1003/2025_H3N2,plate17-A/Missouri/NIRC-AV-1003/2025_H3N2,0.0001991,interpolated,0.0001991,0.0001991,interpolated,1.476,1,0,0.9364,0.0779
human,plate17,flu-seqneut-2026-UWMC-078,A/Montana/51/2025_H3N2,plate17-A/Montana/51/2025_H3N2,0.0003615,interpolated,0.0003615,0.0003615,interpolated,1.114,1,0,0.9066,0.1045
human,plate17,flu-seqneut-2026-UWMC-078,A/NakhonPhanom/P495/2026_H3N2,plate17-A/NakhonPhanom/P495/2026_H3N2,0.0007161,interpolated,0.0009076,0.0009076,interpolated,1.49,0.8512,0,0.9605,0.06835
human,plate17,flu-seqneut-2026-UWMC-078,A/Navarra/260009/2025_H3N2,plate17-A/Navarra/260009/2025_H3N2,0.0007557,interpolated,0.0007749,0.0007749,interpolated,10,0.8892,0,0.9856,0.04977
human,plate17,flu-seqneut-2026-UWMC-078,A/Nebraska/34/2026_H1N1,plate17-A/Nebraska/34/2026_H1N1,0.007727,interpolated,0.00821,0.00821,interpolated,4.728,0.8754,0,0.9436,0.08227
human,plate17,flu-seqneut-2026-UWMC-078,A/Netherlands/10008/2026_H1N1,plate17-A/Netherlands/10008/2026_H1N1,0.003998,interpolated,0.00421,0.00421,interpolated,3.085,0.9264,0,0.9406,0.09505
human,plate17,flu-seqneut-2026-UWMC-078,A/Netherlands/2398/2025_H1N1,plate17-A/Netherlands/2398/2025_H1N1,0.005942,interpolated,0.006239,0.006239,interpolated,3.079,0.9303,0,0.9665,0.06653
human,plate17,flu-seqneut-2026-UWMC-078,A/Netherlands/543/2026_H1N1,plate17-A/Netherlands/543/2026_H1N1,0.002601,interpolated,0.002855,0.002855,interpolated,1.919,0.918,0,0.9901,0.03698
human,plate17,flu-seqneut-2026-UWMC-078,A/Netherlands/864/2026_H1N1,plate17-A/Netherlands/864/2026_H1N1,0.005279,interpolated,0.005501,0.005501,interpolated,2.989,0.9421,0,0.9376,0.09411
human,plate17,flu-seqneut-2026-UWMC-078,A/Netherlands/888/2026_H3N2,plate17-A/Netherlands/888/2026_H3N2,0.0004865,interpolated,0.0004865,0.0004865,interpolated,1.261,1,0,0.9765,0.05421
human,plate17,flu-seqneut-2026-UWMC-078,A/Netherlands/968/2026_H3N2,plate17-A/Netherlands/968/2026_H3N2,0.001421,interpolated,0.002122,0.002122,interpolated,1.209,0.8079,0,0.8681,0.1165
human,plate17,flu-seqneut-2026-UWMC-078,A/NewBrunswick/NBPHLFLUA10B-MM00057R/2026_H1N1,plate17-A/NewBrunswick/NBPHLFLUA10B-MM00057R/2026_H1N1,0.00516,interpolated,0.005616,0.005616,interpolated,3.086,0.885,0,0.8898,0.1248
human,plate17,flu-seqneut-2026-UWMC-078,A/NewYork/NIRC-IS-1086/2026_H3N2,plate17-A/NewYork/NIRC-IS-1086/2026_H3N2,0.0002342,interpolated,0.0002342,0.0002342,interpolated,1.103,1,0,0.9622,0.05516
human,plate17,flu-seqneut-2026-UWMC-078,A/NordrheinWestfalen/54/2026_H3N2,plate17-A/NordrheinWestfalen/54/2026_H3N2,0.0003804,interpolated,0.0003804,0.0003804,interpolated,1.55,1,0,0.9905,0.03512
human,plate17,flu-seqneut-2026-UWMC-078,A/NordrheinWestfalen/96/2026_H1N1,plate17-A/NordrheinWestfalen/96/2026_H1N1,0.006643,interpolated,0.006854,0.006854,interpolated,2.595,0.9611,0,0.9812,0.04949
human,plate17,flu-seqneut-2026-UWMC-078,A/Norway/9556/2025_H1N1,plate17-A/Norway/9556/2025_H1N1,0.008068,interpolated,0.008503,0.008503,interpolated,2.452,0.9395,0,0.9502,0.07559
human,plate17,flu-seqneut-2026-UWMC-078,A/NovaScotia/25-365-06099/2025_H3N2,plate17-A/NovaScotia/25-365-06099/2025_H3N2,0.0001219,interpolated,0.0001219,0.0001219,interpolated,0.8648,1,0,0.928,0.05873
human,plate17,flu-seqneut-2026-UWMC-078,A/Ohio/259/2024_H1N1,plate17-A/Ohio/259/2024_H1N1,0.004699,interpolated,0.004699,0.004699,interpolated,3.706,1,0,0.9984,0.01658
human,plate17,flu-seqneut-2026-UWMC-078,A/Ontario/PHL202550193/2025_H3N2,plate17-A/Ontario/PHL202550193/2025_H3N2,0.00073,interpolated,0.00073,0.00073,interpolated,0.8818,1,0,0.9374,0.08279
human,plate17,flu-seqneut-2026-UWMC-078,A/Oregon/81/2025_H3N2,plate17-A/Oregon/81/2025_H3N2,0.0002303,interpolated,0.0002303,0.0002303,interpolated,1.473,1,0,0.9358,0.08175
human,plate17,flu-seqneut-2026-UWMC-078,A/PaisVasco/70369726/2026_H1N1,plate17-A/PaisVasco/70369726/2026_H1N1,0.006517,interpolated,0.006756,0.006756,interpolated,3.11,0.947,0,0.9767,0.05624
human,plate17,flu-seqneut-2026-UWMC-078,A/Parana/416133590/2026_H3N2,plate17-A/Parana/416133590/2026_H3N2,0.0005497,interpolated,0.0005497,0.0005497,interpolated,0.9004,1,0,0.949,0.07204
human,plate17,flu-seqneut-2026-UWMC-078,A/Peru/ANC-INS-062/2026_H3N2,plate17-A/Peru/ANC-INS-062/2026_H3N2,0.000151,interpolated,0.000151,0.000151,interpolated,0.8184,1,0,0.8443,0.09692
human,plate17,flu-seqneut-2026-UWMC-078,A/Rhode_Island/11/2026_H1N1,plate17-A/Rhode_Island/11/2026_H1N1,0.004997,interpolated,0.005397,0.005397,interpolated,2.085,0.9258,0,0.9467,0.08367
human,plate17,flu-seqneut-2026-UWMC-078,A/RiodeJaneiro/331/2026_H3N2,plate17-A/RiodeJaneiro/331/2026_H3N2,0.001717,interpolated,0.002391,0.002391,interpolated,2.511,0.7177,0,0.8408,0.132
human,plate17,flu-seqneut-2026-UWMC-078,A/Romania/612042/2026_H3N2,plate17-A/Romania/612042/2026_H3N2,0.0002949,interpolated,0.0002949,0.0002949,interpolated,0.9214,1,0,0.9214,0.08177
human,plate17,flu-seqneut-2026-UWMC-078,A/SantaCatarina/508/2026_H3N2,plate17-A/SantaCatarina/508/2026_H3N2,0.0005391,interpolated,0.0005391,0.0005391,interpolated,1.479,1,0,0.9873,0.04267
human,plate17,flu-seqneut-2026-UWMC-078,A/Saskatchewan/SKFLU477299/2025_H3N2,plate17-A/Saskatchewan/SKFLU477299/2025_H3N2,0.000363,interpolated,0.000363,0.000363,interpolated,0.8425,1,0,0.835,0.1282
human,plate17,flu-seqneut-2026-UWMC-078,A/Saskatchewan/SKFLU477727/2025_H3N2,plate17-A/Saskatchewan/SKFLU477727/2025_H3N2,0.0004667,interpolated,0.0004667,0.0004667,interpolated,1.13,1,0,0.9342,0.08861
human,plate17,flu-seqneut-2026-UWMC-078,A/Saskatchewan/SKFLU490586/2026_H1N1,plate17-A/Saskatchewan/SKFLU490586/2026_H1N1,0.008272,interpolated,0.008441,0.008441,interpolated,3.905,0.9621,0,0.9723,0.06033
human,plate17,flu-seqneut-2026-UWMC-078,A/Singapore/GP20238/2024_H3N2,plate17-A/Singapore/GP20238/2024_H3N2,0.0001699,interpolated,0.0001934,0.0001934,interpolated,2.146,0.8788,0,0.998,0.0124
human,plate17,flu-seqneut-2026-UWMC-078,A/Singapore/KK2768/2025_H1N1,plate17-A/Singapore/KK2768/2025_H1N1,0.007792,interpolated,0.008051,0.008051,interpolated,5.516,0.9173,0,0.96,0.07374
human,plate17,flu-seqneut-2026-UWMC-078,A/Singapore/MOH0547/2024_H1N1,plate17-A/Singapore/MOH0547/2024_H1N1,0.008167,interpolated,0.008332,0.008332,interpolated,5.148,0.951,0,0.9833,0.04803
human,plate17,flu-seqneut-2026-UWMC-078,A/Singapore/NTF0577/2025_H3N2,plate17-A/Singapore/NTF0577/2025_H3N2,0.0002407,interpolated,0.0002407,0.0002407,interpolated,0.8936,1,0,0.9106,0.0834
human,plate17,flu-seqneut-2026-UWMC-078,A/Singapore/SAR8915/2025_H3N2,plate17-A/Singapore/SAR8915/2025_H3N2,0.0002701,interpolated,0.0002701,0.0002701,interpolated,1.198,1,0,0.9435,0.07537
human,plate17,flu-seqneut-2026-UWMC-078,A/SouthAfrica/NHLS-SU-CERI-C075557/2026_H1N1,plate17-A/SouthAfrica/NHLS-SU-CERI-C075557/2026_H1N1,0.005089,interpolated,0.005257,0.005257,interpolated,4.6,0.9306,0,0.9732,0.06296
human,plate17,flu-seqneut-2026-UWMC-078,A/SouthAfrica/NICD-R01647/2026_H1N1,plate17-A/SouthAfrica/NICD-R01647/2026_H1N1,0.004745,interpolated,0.004745,0.004745,interpolated,2.254,1,0,0.9983,0.01613
human,plate17,flu-seqneut-2026-UWMC-078,A/SouthAfrica/NICD-R01668/2026_H1N1,plate17-A/SouthAfrica/NICD-R01668/2026_H1N1,0.006219,interpolated,0.006404,0.006404,interpolated,2.759,0.9612,0,0.9652,0.06882
human,plate17,flu-seqneut-2026-UWMC-078,A/SouthAfrica/PATH-CERI-C073358/2025_H1N1,plate17-A/SouthAfrica/PATH-CERI-C073358/2025_H1N1,0.00536,interpolated,0.005629,0.005629,interpolated,3.607,0.9192,0,0.9758,0.05846
human,plate17,flu-seqneut-2026-UWMC-078,A/SouthAfrica/PATH-CERI-C073366/2025_H1N1,plate17-A/SouthAfrica/PATH-CERI-C073366/2025_H1N1,0.006874,interpolated,0.007114,0.007114,interpolated,2.743,0.9552,0,0.9893,0.03666
human,plate17,flu-seqneut-2026-UWMC-078,A/SouthAfrica/PATH-CERI-C075119/2026_H1N1,plate17-A/SouthAfrica/PATH-CERI-C075119/2026_H1N1,0.005933,interpolated,0.005933,0.005933,interpolated,2.751,1,0,0.9961,0.02411
human,plate17,flu-seqneut-2026-UWMC-078,A/SouthAustralia/2605715552/2026_H3N2,plate17-A/SouthAustralia/2605715552/2026_H3N2,0.0002525,interpolated,0.0002525,0.0002525,interpolated,1.299,1,0,0.9674,0.05666
human,plate17,flu-seqneut-2026-UWMC-078,A/SouthCarolina/USAFSAM-17046/2026_H3N2,plate17-A/SouthCarolina/USAFSAM-17046/2026_H3N2,0.0001128,interpolated,0.0001128,0.0001128,interpolated,1.906,1,0,0.9921,0.02082
human,plate17,flu-seqneut-2026-UWMC-078,A/South_Australia/2523812314/2025_H3N2,plate17-A/South_Australia/2523812314/2025_H3N2,0.0003465,interpolated,0.0004122,0.0004122,interpolated,1.335,0.8966,0,0.9916,0.02839
human,plate17,flu-seqneut-2026-UWMC-078,A/South_Australia/2527213276/2025_H3N2,plate17-A/South_Australia/2527213276/2025_H3N2,0.0002622,interpolated,0.0002622,0.0002622,interpolated,1.513,1,0,0.9563,0.071
human,plate17,flu-seqneut-2026-UWMC-078,A/StPetersburg/RII-25-2042S/2025_H3N2,plate17-A/StPetersburg/RII-25-2042S/2025_H3N2,0.0003502,interpolated,0.0003502,0.0003502,interpolated,0.9537,1,0,0.8557,0.1238
human,plate17,flu-seqneut-2026-UWMC-078,A/StPetersburg/RII-25-2321S/2025_H3N2,plate17-A/StPetersburg/RII-25-2321S/2025_H3N2,0.0003453,interpolated,0.0003453,0.0003453,interpolated,1.014,1,0,0.911,0.09574
human,plate17,flu-seqneut-2026-UWMC-078,A/StPetersburg/RII-25-2506S/2026_H3N2,plate17-A/StPetersburg/RII-25-2506S/2026_H3N2,0.001827,interpolated,0.002007,0.002007,interpolated,10,0.6949,0,0.8565,0.1193
human,plate17,flu-seqneut-2026-UWMC-078,A/StPetersburg/RII-25-2600S/2026_H3N2,plate17-A/StPetersburg/RII-25-2600S/2026_H3N2,0.0006023,interpolated,0.0006367,0.0006367,interpolated,1.901,0.95,0,0.9926,0.03277
human,plate17,flu-seqneut-2026-UWMC-078,A/Switzerland/UN-SNRCI-HUG-053/2025_H1N1,plate17-A/Switzerland/UN-SNRCI-HUG-053/2025_H1N1,0.004007,interpolated,0.004231,0.004231,interpolated,4.933,0.8821,0,0.9336,0.1011
human,plate17,flu-seqneut-2026-UWMC-078,A/Sydney/1359/2024_H3N2,plate17-A/Sydney/1359/2024_H3N2,0.0001681,interpolated,0.0001681,0.0001681,interpolated,1.153,1,0,0.9639,0.04968
human,plate17,flu-seqneut-2026-UWMC-078,A/Sydney/50/2026_H1N1,plate17-A/Sydney/50/2026_H1N1,0.006231,interpolated,0.006594,0.006594,interpolated,2.292,0.939,0,0.9742,0.05559
human,plate17,flu-seqneut-2026-UWMC-078,A/Texas/29/2026_H1N1,plate17-A/Texas/29/2026_H1N1,0.006133,interpolated,0.006339,0.006339,interpolated,2.285,0.9636,0,0.9831,0.0465
human,plate17,flu-seqneut-2026-UWMC-078,A/Thailand/8/2022_H3N2,plate17-A/Thailand/8/2022_H3N2,0.0001889,interpolated,0.0003142,0.0003142,interpolated,2.035,0.6776,0,0.9817,0.0322
human,plate17,flu-seqneut-2026-UWMC-078,A/Thuringen/16/2026_H3N2,plate17-A/Thuringen/16/2026_H3N2,0.0002093,interpolated,0.0002093,0.0002093,interpolated,0.9319,1,0,0.9572,0.05443
human,plate17,flu-seqneut-2026-UWMC-078,A/Thuringen/39/2026_H3N2,plate17-A/Thuringen/39/2026_H3N2,0.0003703,interpolated,0.0003703,0.0003703,interpolated,1.653,1,0,0.9883,0.03941
human,plate17,flu-seqneut-2026-UWMC-078,A/Tokyo/EIS11-277/2024_H1N1,plate17-A/Tokyo/EIS11-277/2024_H1N1,0.008124,interpolated,0.008288,0.008288,interpolated,6.806,0.9363,0,0.9318,0.1009
human,plate17,flu-seqneut-2026-UWMC-078,A/Trieste/257/2025_H3N2,plate17-A/Trieste/257/2025_H3N2,0.0003515,interpolated,0.0006228,0.0006228,interpolated,1.218,0.7492,0,0.9394,0.06815
human,plate17,flu-seqneut-2026-UWMC-078,A/Trieste/380/2026_H3N2,plate17-A/Trieste/380/2026_H3N2,0.0007172,interpolated,0.0007172,0.0007172,interpolated,1.036,1,0,0.9074,0.1086
human,plate17,flu-seqneut-2026-UWMC-078,A/Ukraine/5214/2026_H1N1,plate17-A/Ukraine/5214/2026_H1N1,0.006027,interpolated,0.006027,0.006027,interpolated,2.524,1,0,0.9948,0.02728
human,plate17,flu-seqneut-2026-UWMC-078,A/Uppsala/SE26-01293/2026_H1N1,plate17-A/Uppsala/SE26-01293/2026_H1N1,0.003881,interpolated,0.003881,0.003881,interpolated,2.037,1,0,0.9915,0.03685
human,plate17,flu-seqneut-2026-UWMC-078,A/Valencia/VAHNSI_09_02564/2025_H1N1,plate17-A/Valencia/VAHNSI_09_02564/2025_H1N1,0.005198,interpolated,0.005943,0.005943,interpolated,2.287,0.8681,0,0.9234,0.09304
human,plate17,flu-seqneut-2026-UWMC-078,A/Victoria/2948/2025_H3N2,plate17-A/Victoria/2948/2025_H3N2,0.0007155,interpolated,0.0012,0.0012,interpolated,0.8636,0.8199,0,0.8705,0.09907
human,plate17,flu-seqneut-2026-UWMC-078,A/Victoria/4897/2022_IVR-238_H1N1,plate17-A/Victoria/4897/2022_IVR-238_H1N1,0.001187,interpolated,0.001246,0.001246,interpolated,2.94,0.9339,0,0.9901,0.04171
human,plate17,flu-seqneut-2026-UWMC-078,A/Vietnam/F7324/2024_H3N2,plate17-A/Vietnam/F7324/2024_H3N2,0.000228,interpolated,0.000228,0.000228,interpolated,1.281,1,0,0.986,0.03513
human,plate17,flu-seqneut-2026-UWMC-078,A/Vietnam/PF125413/2025_H1N1,plate17-A/Vietnam/PF125413/2025_H1N1,0.00612,interpolated,0.00612,0.00612,interpolated,2.535,1,0,0.995,0.02688
human,plate17,flu-seqneut-2026-UWMC-078,A/Vietnam/PF126009/2026_H1N1,plate17-A/Vietnam/PF126009/2026_H1N1,0.007154,interpolated,0.007251,0.007251,interpolated,3.269,0.9785,0,0.9889,0.03908
human,plate17,flu-seqneut-2026-UWMC-078,A/Virginia/82/2025_H1N1,plate17-A/Virginia/82/2025_H1N1,0.006603,interpolated,0.006812,0.006812,interpolated,2.13,0.9679,0,0.9836,0.04435
human,plate17,flu-seqneut-2026-UWMC-078,A/Wisconsin/588/2019_H1N1,plate17-A/Wisconsin/588/2019_H1N1,0.001621,interpolated,0.001689,0.001689,interpolated,2.482,0.9515,0,0.9883,0.04448
human,plate17,flu-seqneut-2026-UWMC-078,A/Wisconsin/67/2022_H1N1,plate17-A/Wisconsin/67/2022_H1N1,0.00456,interpolated,0.004584,0.004584,interpolated,10,0.9736,0,0.9881,0.0452
human,plate17,flu-seqneut-2026-UWMC-078,A/Zacapa/FLU-012/2025_H1N1,plate17-A/Zacapa/FLU-012/2025_H1N1,0.006859,interpolated,0.007445,0.007445,interpolated,4.643,0.8416,0,0.8923,0.1159
human,plate17,flu-seqneut-2026-UWMC-078,A/Zambia/6-NIC-014/2026_H1N1,plate17-A/Zambia/6-NIC-014/2026_H1N1,0.005243,interpolated,0.005875,0.005875,interpolated,2.507,0.8758,0,0.9285,0.09183
human,plate17,flu-seqneut-2026-UWMC-078,A/Zambia/7-NIC-313/2026_H1N1,plate17-A/Zambia/7-NIC-313/2026_H1N1,0.00603,interpolated,0.006339,0.006339,interpolated,2.124,0.9496,0,0.974,0.05599
human,plate17,flu-seqneut-2026-UWMC-079,A/Andalucia/PMC-00977/2025_H1N1,plate17-A/Andalucia/PMC-00977/2025_H1N1,0.007096,interpolated,0.007096,0.007096,interpolated,2.634,1,0,0.9981,0.01619
human,plate17,flu-seqneut-2026-UWMC-079,A/Andalucia/PMC-01217/2025_H1N1,plate17-A/Andalucia/PMC-01217/2025_H1N1,0.006435,interpolated,0.006616,0.006616,interpolated,2.758,0.9632,0,0.9827,0.04709
human,plate17,flu-seqneut-2026-UWMC-079,A/Andalucia/PMC-01495/2025_H1N1,plate17-A/Andalucia/PMC-01495/2025_H1N1,0.009635,interpolated,0.009772,0.009772,interpolated,10,0.9344,0,0.9536,0.07551
human,plate17,flu-seqneut-2026-UWMC-079,A/Arizona/40/2026_H1N1,plate17-A/Arizona/40/2026_H1N1,0.007709,interpolated,0.007959,0.007959,interpolated,3.052,0.9535,0,0.954,0.07645
human,plate17,flu-seqneut-2026-UWMC-079,A/Astrakhan/RII-MH273373S/2025_H3N2,plate17-A/Astrakhan/RII-MH273373S/2025_H3N2,0.0004327,interpolated,0.0004327,0.0004327,interpolated,0.8997,1,0,0.8492,0.1285
human,plate17,flu-seqneut-2026-UWMC-079,A/Asturias/232590913/2025_H1N1,plate17-A/Asturias/232590913/2025_H1N1,0.008217,interpolated,0.008431,0.008431,interpolated,1.82,0.9771,0,0.9275,0.08975
human,plate17,flu-seqneut-2026-UWMC-079,A/Badajoz/18738342/2026_H3N2,plate17-A/Badajoz/18738342/2026_H3N2,0.001139,interpolated,0.001139,0.001139,interpolated,0.8,1,0,0.6698,0.2241
human,plate17,flu-seqneut-2026-UWMC-079,A/Badajoz/18811358/2026_H3N2,plate17-A/Badajoz/18811358/2026_H3N2,0.0009933,interpolated,0.001735,0.001735,interpolated,1.488,0.7181,0,0.8947,0.09752
human,plate17,flu-seqneut-2026-UWMC-079,A/Badajoz/18813527/2026_H3N2,plate17-A/Badajoz/18813527/2026_H3N2,0.002291,interpolated,0.002979,0.002979,interpolated,2.255,0.7766,0,0.7781,0.1735
human,plate17,flu-seqneut-2026-UWMC-079,A/Bangkok/P2390/2025_H3N2,plate17-A/Bangkok/P2390/2025_H3N2,0.001113,interpolated,0.001113,0.001113,interpolated,0.9495,1,0,0.8714,0.1331
human,plate17,flu-seqneut-2026-UWMC-079,A/Bangkok/P2391/2025_H3N2,plate17-A/Bangkok/P2391/2025_H3N2,0.0005222,interpolated,0.0005222,0.0005222,interpolated,0.8,1,0,0.8947,0.09887
human,plate17,flu-seqneut-2026-UWMC-079,A/Blaenavon/6687/2026_H3N2,plate17-A/Blaenavon/6687/2026_H3N2,0.00284,interpolated,0.002988,0.002988,interpolated,1.391,0.966,0,0.9111,0.1083
human,plate17,flu-seqneut-2026-UWMC-079,A/Bolivia/OR5702/2025_H3N2,plate17-A/Bolivia/OR5702/2025_H3N2,0.001627,interpolated,0.001627,0.001627,interpolated,0.8,1,0,0.7991,0.1517
human,plate17,flu-seqneut-2026-UWMC-079,A/BritishColumbia/RV00022-26/2025_H1N1,plate17-A/BritishColumbia/RV00022-26/2025_H1N1,0.006617,interpolated,0.006945,0.006945,interpolated,2.856,0.9354,0,0.9413,0.08657
human,plate17,flu-seqneut-2026-UWMC-079,A/BritishColumbia/RV00279-26/2025_H3N2,plate17-A/BritishColumbia/RV00279-26/2025_H3N2,0.0005008,interpolated,0.001668,0.001668,interpolated,1.219,0.6154,0,0.9061,0.07394
human,plate17,flu-seqneut-2026-UWMC-079,A/BritishColumbia/RV01350-26/2026_H1N1,plate17-A/BritishColumbia/RV01350-26/2026_H1N1,0.006039,interpolated,0.006286,0.006286,interpolated,1.873,0.9638,0,0.9048,0.1031
human,plate17,flu-seqneut-2026-UWMC-079,A/BritishColumbia/RV05508-25/2025_H1N1,plate17-A/BritishColumbia/RV05508-25/2025_H1N1,0.008336,interpolated,0.009008,0.009008,interpolated,2.094,0.925,0,0.8745,0.109
human,plate17,flu-seqneut-2026-UWMC-079,A/California/GKISBBBH79910/2026_H3N2,plate17-A/California/GKISBBBH79910/2026_H3N2,0.00113,interpolated,0.001755,0.001755,interpolated,1.083,0.8103,0,0.7682,0.1605
human,plate17,flu-seqneut-2026-UWMC-079,A/California/NIRC-IS-1019/2026_H1N1,plate17-A/California/NIRC-IS-1019/2026_H1N1,0.00558,interpolated,0.006811,0.006811,interpolated,2.275,0.8177,0,0.7748,0.1559
human,plate17,flu-seqneut-2026-UWMC-079,A/California/NIRC-IS-1059/2026_H3N2,plate17-A/California/NIRC-IS-1059/2026_H3N2,0.0005177,interpolated,0.0005177,0.0005177,interpolated,0.8235,1,0,0.8797,0.1069
human,plate17,flu-seqneut-2026-UWMC-079,A/California/NIRC-IS-1067/2026_H3N2,plate17-A/California/NIRC-IS-1067/2026_H3N2,0.000922,interpolated,0.000922,0.000922,interpolated,0.8351,1,0,0.874,0.1201
human,plate17,flu-seqneut-2026-UWMC-079,A/California/NIRC-IS-1356/2025_H1N1,plate17-A/California/NIRC-IS-1356/2025_H1N1,0.007816,interpolated,0.008094,0.008094,interpolated,2.221,0.9626,0,0.9479,0.07437
human,plate17,flu-seqneut-2026-UWMC-079,A/Castellon/VAHNSI_02_02400/2025_H3N2,plate17-A/Castellon/VAHNSI_02_02400/2025_H3N2,0.001044,interpolated,0.001268,0.001268,interpolated,1.118,0.9021,0,0.8657,0.1287
human,plate17,flu-seqneut-2026-UWMC-079,A/Colombia/1851/2024_H3N2,plate17-A/Colombia/1851/2024_H3N2,0.002198,interpolated,0.002991,0.002991,interpolated,1.272,0.8378,0,0.9769,0.04651
human,plate17,flu-seqneut-2026-UWMC-079,A/Colorado/218/2024_H1N1,plate17-A/Colorado/218/2024_H1N1,0.004635,interpolated,0.004822,0.004822,interpolated,2.326,0.9561,0,0.9463,0.08623
human,plate17,flu-seqneut-2026-UWMC-079,A/Connecticut/5/2026_H3N2,plate17-A/Connecticut/5/2026_H3N2,0.003333,interpolated,0.004256,0.004256,interpolated,4.243,0.6772,0,0.8846,0.1042
human,plate17,flu-seqneut-2026-UWMC-079,A/Croatia/10136RV/2023_H3N2,plate17-A/Croatia/10136RV/2023_H3N2,0.0008603,interpolated,0.0008603,0.0008603,interpolated,1.157,1,0,0.8978,0.1239
human,plate17,flu-seqneut-2026-UWMC-079,A/Darwin/1415/2025_H3N2,plate17-A/Darwin/1415/2025_H3N2,0.001025,interpolated,0.001025,0.001025,interpolated,0.9737,1,0,0.9234,0.09955
human,plate17,flu-seqneut-2026-UWMC-079,A/Darwin/1454/2025_H3N2,plate17-A/Darwin/1454/2025_H3N2,0.0003676,interpolated,0.0003676,0.0003676,interpolated,1.109,1,0,0.9069,0.1043
human,plate17,flu-seqneut-2026-UWMC-079,A/Denmark/3940/2025_H3N2,plate17-A/Denmark/3940/2025_H3N2,0.001125,interpolated,0.001292,0.001292,interpolated,1.07,0.9309,0,0.928,0.09112
human,plate17,flu-seqneut-2026-UWMC-079,A/Denmark/4547/2025_H1N1,plate17-A/Denmark/4547/2025_H1N1,0.006047,interpolated,0.006263,0.006263,interpolated,2.12,0.9641,0,0.9401,0.086
human,plate17,flu-seqneut-2026-UWMC-079,A/Denmark/4774/2025_H1N1,plate17-A/Denmark/4774/2025_H1N1,0.0153,interpolated,0.01621,0.01621,interpolated,4.611,0.8832,0,0.7556,0.146
human,plate17,flu-seqneut-2026-UWMC-079,A/District_Of_Columbia/27/2023_H3N2,plate17-A/District_Of_Columbia/27/2023_H3N2,0.0008371,interpolated,0.0008371,0.0008371,interpolated,0.8,1,0,0.9305,0.08275
human,plate17,flu-seqneut-2026-UWMC-079,A/Distrito_Federal/250106000728/2025_H3N2,plate17-A/Distrito_Federal/250106000728/2025_H3N2,0.002286,interpolated,0.002286,0.002286,interpolated,0.8457,1,0,0.846,0.1342
human,plate17,flu-seqneut-2026-UWMC-079,A/England/1893256/2026_H1N1,plate17-A/England/1893256/2026_H1N1,0.006253,interpolated,0.006781,0.006781,interpolated,2.426,0.9107,0,0.8711,0.1271
human,plate17,flu-seqneut-2026-UWMC-079,A/Florida/ISC-1069/2026_H3N2,plate17-A/Florida/ISC-1069/2026_H3N2,0.0005792,interpolated,0.0005792,0.0005792,interpolated,0.8792,1,0,0.9282,0.0866
human,plate17,flu-seqneut-2026-UWMC-079,A/France/ARA-HCL025195259501/2025_H1N1,plate17-A/France/ARA-HCL025195259501/2025_H1N1,0.008508,interpolated,0.008822,0.008822,interpolated,3.861,0.9347,0,0.9662,0.06137
human,plate17,flu-seqneut-2026-UWMC-079,A/France/ARA-HCL026031894402/2026_H3N2,plate17-A/France/ARA-HCL026031894402/2026_H3N2,0.002105,interpolated,0.002718,0.002718,interpolated,3.768,0.6909,0,0.9137,0.09497
human,plate17,flu-seqneut-2026-UWMC-079,A/France/GES-IPP00659/2026_H1N1,plate17-A/France/GES-IPP00659/2026_H1N1,0.007962,interpolated,0.007976,0.007976,interpolated,2.382,0.998,0,0.9918,0.03023
human,plate17,flu-seqneut-2026-UWMC-079,A/France/GES-IPP01077/2026_H3N2,plate17-A/France/GES-IPP01077/2026_H3N2,0.0006634,interpolated,0.0006634,0.0006634,interpolated,0.8559,1,0,0.8376,0.1396
human,plate17,flu-seqneut-2026-UWMC-079,A/France/HDF-IPP01550/2026_H3N2,plate17-A/France/HDF-IPP01550/2026_H3N2,0.001337,interpolated,0.001337,0.001337,interpolated,0.9606,1,0,0.9087,0.1086
human,plate17,flu-seqneut-2026-UWMC-079,A/France/HDF-RELAB-IPP00300/2026_H3N2,plate17-A/France/HDF-RELAB-IPP00300/2026_H3N2,0.004021,interpolated,0.004166,0.004166,interpolated,10,0.851,0,0.8838,0.1382
human,plate17,flu-seqneut-2026-UWMC-079,A/France/HDF-RELAB-IPP00303/2026_H3N2,plate17-A/France/HDF-RELAB-IPP00303/2026_H3N2,0.0008837,interpolated,0.0009398,0.0009398,interpolated,0.8,0.976,0,0.8749,0.1121
human,plate17,flu-seqneut-2026-UWMC-079,A/France/HDF-RELAB-IPP07969/2025_H1N1,plate17-A/France/HDF-RELAB-IPP07969/2025_H1N1,0.007271,interpolated,0.007446,0.007446,interpolated,3.125,0.9641,0,0.9725,0.05928
human,plate17,flu-seqneut-2026-UWMC-079,A/France/NAQ-HCL026010957001/2026_H3N2,plate17-A/France/NAQ-HCL026010957001/2026_H3N2,0.0006393,interpolated,0.000645,0.000645,interpolated,0.8,0.9965,0,0.7868,0.1512
human,plate17,flu-seqneut-2026-UWMC-079,A/France/NAQ-HCL026046169102/2025_H1N1,plate17-A/France/NAQ-HCL026046169102/2025_H1N1,0.006003,interpolated,0.006552,0.006552,interpolated,3.189,0.8783,0,0.8792,0.1229
human,plate17,flu-seqneut-2026-UWMC-079,A/France/OCC-HCL026013263701/2026_H3N2,plate17-A/France/OCC-HCL026013263701/2026_H3N2,0.0007747,interpolated,0.0007747,0.0007747,interpolated,0.8,1,0,0.7391,0.1757
human,plate17,flu-seqneut-2026-UWMC-079,A/France/PAC-RELAB-HCL026021993801/2026_H3N2,plate17-A/France/PAC-RELAB-HCL026021993801/2026_H3N2,0.0008175,interpolated,0.0008652,0.0008652,interpolated,0.8,0.9778,0,0.8919,0.1043
human,plate17,flu-seqneut-2026-UWMC-079,A/Galicia/GA-CHUAC-451/2025_H3N2,plate17-A/Galicia/GA-CHUAC-451/2025_H3N2,0.002372,interpolated,0.003864,0.003864,interpolated,2.405,0.6545,0,0.8539,0.1101
human,plate17,flu-seqneut-2026-UWMC-079,A/Galicia/GA-CHUAC-612/2025_H1N1,plate17-A/Galicia/GA-CHUAC-612/2025_H1N1,0.007143,interpolated,0.007167,0.007167,interpolated,2.98,0.9951,0,0.9973,0.01887
human,plate17,flu-seqneut-2026-UWMC-079,A/Germany/LRMC_0104/2025_H3N2,plate17-A/Germany/LRMC_0104/2025_H3N2,0.002819,interpolated,0.003124,0.003124,interpolated,4.649,0.8099,0,0.8964,0.1225
human,plate17,flu-seqneut-2026-UWMC-079,A/Germany/LRMC_0113/2025_H3N2,plate17-A/Germany/LRMC_0113/2025_H3N2,0.0007335,interpolated,0.0007335,0.0007335,interpolated,0.8697,1,0,0.894,0.1084
human,plate17,flu-seqneut-2026-UWMC-079,A/Hawaii/70/2019_H1N1,plate17-A/Hawaii/70/2019_H1N1,0.002852,interpolated,0.002995,0.002995,interpolated,6.693,0.86,0,0.9304,0.1106
human,plate17,flu-seqneut-2026-UWMC-079,A/Hawaii/ISC-1140/2025_H1N1,plate17-A/Hawaii/ISC-1140/2025_H1N1,0.005732,interpolated,0.005733,0.005733,interpolated,2.808,1,0,0.995,0.02705
human,plate17,flu-seqneut-2026-UWMC-079,A/Hessen/18/2026_H1N1,plate17-A/Hessen/18/2026_H1N1,0.006432,interpolated,0.007078,0.007078,interpolated,2.094,0.9093,0,0.7953,0.1602
human,plate17,flu-seqneut-2026-UWMC-079,A/Ireland/91576/2025_H3N2,plate17-A/Ireland/91576/2025_H3N2,0.001297,interpolated,0.001297,0.001297,interpolated,0.9794,1,0,0.8999,0.1167
human,plate17,flu-seqneut-2026-UWMC-079,A/Kentucky/80/2025_H1N1,plate17-A/Kentucky/80/2025_H1N1,0.004773,interpolated,0.0049,0.0049,interpolated,4.489,0.9444,0,0.9464,0.09148
human,plate17,flu-seqneut-2026-UWMC-079,A/Lisboa/216/2023_H3N2,plate17-A/Lisboa/216/2023_H3N2,0.001196,interpolated,0.001196,0.001196,interpolated,0.8051,1,0,0.8806,0.1154
human,plate17,flu-seqneut-2026-UWMC-079,A/Luxembourg/LNS9132577/2026_H3N2,plate17-A/Luxembourg/LNS9132577/2026_H3N2,0.0005917,interpolated,0.0005917,0.0005917,interpolated,0.8332,1,0,0.8733,0.1133
human,plate17,flu-seqneut-2026-UWMC-079,A/Maine/25/2026_H1N1,plate17-A/Maine/25/2026_H1N1,0.006275,interpolated,0.006576,0.006576,interpolated,1.847,0.9586,0,0.9487,0.07658
human,plate17,flu-seqneut-2026-UWMC-079,A/Malaysia/IMR/SARI/2406/2025_H3N2,plate17-A/Malaysia/IMR/SARI/2406/2025_H3N2,0.00243,interpolated,0.003905,0.003905,interpolated,1.686,0.7248,0,0.9496,0.06417
human,plate17,flu-seqneut-2026-UWMC-079,A/Massachusetts/18/2022_H3N2,plate17-A/Massachusetts/18/2022_H3N2,0.003172,interpolated,0.0037,0.0037,interpolated,3.618,0.7865,0,0.8702,0.125
human,plate17,flu-seqneut-2026-UWMC-079,A/Massachusetts/ISC-1856/2025_H3N2,plate17-A/Massachusetts/ISC-1856/2025_H3N2,0.0008894,interpolated,0.0008894,0.0008894,interpolated,1.055,1,0,0.9335,0.09512
human,plate17,flu-seqneut-2026-UWMC-079,A/Mauritius/26000203/2026_H1N1,plate17-A/Mauritius/26000203/2026_H1N1,0.007354,interpolated,0.007635,0.007635,interpolated,2.328,0.9583,0,0.9457,0.07914
human,plate17,flu-seqneut-2026-UWMC-079,A/Michigan/8/2026_H3N2,plate17-A/Michigan/8/2026_H3N2,0.002438,interpolated,0.003207,0.003207,interpolated,3.22,0.7068,0,0.8235,0.1417
human,plate17,flu-seqneut-2026-UWMC-079,A/Michigan/UM-10068071276/2025_H3N2,plate17-A/Michigan/UM-10068071276/2025_H3N2,0.001457,interpolated,0.001457,0.001457,interpolated,0.9265,1,0,0.9116,0.1049
human,plate17,flu-seqneut-2026-UWMC-079,A/Michigan/UM-10068134090/2025_H3N2,plate17-A/Michigan/UM-10068134090/2025_H3N2,0.001128,interpolated,0.001388,0.001388,interpolated,1.498,0.8663,0,0.9403,0.08622
human,plate17,flu-seqneut-2026-UWMC-079,A/Michigan/UM-10068449788/2025_H3N2,plate17-A/Michigan/UM-10068449788/2025_H3N2,0.0006467,interpolated,0.0006467,0.0006467,interpolated,0.9485,1,0,0.9032,0.1083
human,plate17,flu-seqneut-2026-UWMC-079,A/Michigan/UM-10068456988/2025_H3N2,plate17-A/Michigan/UM-10068456988/2025_H3N2,0.004401,interpolated,0.005628,0.005628,interpolated,2.153,0.7945,0,0.8101,0.1416
human,plate17,flu-seqneut-2026-UWMC-079,A/Michigan/UM-10068747355/2026_H3N2,plate17-A/Michigan/UM-10068747355/2026_H3N2,0.000974,interpolated,0.001552,0.001552,interpolated,1.081,0.8021,0,0.93,0.07932
human,plate17,flu-seqneut-2026-UWMC-079,A/MinasGerais/410/2026_H1N1,plate17-A/MinasGerais/410/2026_H1N1,0.006438,interpolated,0.00693,0.00693,interpolated,2.282,0.9227,0,0.8549,0.1359
human,plate17,flu-seqneut-2026-UWMC-079,A/MinasGerais/671/2026_H1N1,plate17-A/MinasGerais/671/2026_H1N1,0.006315,interpolated,0.006885,0.006885,interpolated,2.453,0.9045,0,0.8952,0.1103
human,plate17,flu-seqneut-2026-UWMC-079,A/Mississippi/20/2026_H1N1,plate17-A/Mississippi/20/2026_H1N1,0.007697,interpolated,0.008165,0.008165,interpolated,3.039,0.918,0,0.8558,0.1301
human,plate17,flu-seqneut-2026-UWMC-079,A/Missouri/11/2025_cell_H1N1,plate17-A/Missouri/11/2025_cell_H1N1,0.005837,interpolated,0.006072,0.006072,interpolated,3.412,0.9368,0,0.9404,0.09033
human,plate17,flu-seqneut-2026-UWMC-079,A/Missouri/11/2025_egg_H1N1,plate17-A/Missouri/11/2025_egg_H1N1,0.003457,interpolated,0.003498,0.003498,interpolated,4.472,0.9743,0,0.9932,0.03532
human,plate17,flu-seqneut-2026-UWMC-079,A/Missouri/NIRC-AV-1003/2025_H3N2,plate17-A/Missouri/NIRC-AV-1003/2025_H3N2,0.003787,interpolated,0.004113,0.004113,interpolated,10,0.7188,0,0.7899,0.1684
human,plate17,flu-seqneut-2026-UWMC-079,A/Montana/51/2025_H3N2,plate17-A/Montana/51/2025_H3N2,0.002439,interpolated,0.002655,0.002655,interpolated,2.36,0.9093,0,0.9483,0.08926
human,plate17,flu-seqneut-2026-UWMC-079,A/NakhonPhanom/P495/2026_H3N2,plate17-A/NakhonPhanom/P495/2026_H3N2,0.001002,interpolated,0.001687,0.001687,interpolated,0.8,0.8296,0,0.7969,0.1295
human,plate17,flu-seqneut-2026-UWMC-079,A/Navarra/260009/2025_H3N2,plate17-A/Navarra/260009/2025_H3N2,0.003044,interpolated,0.00339,0.00339,interpolated,4.87,0.7961,0,0.8697,0.1384
human,plate17,flu-seqneut-2026-UWMC-079,A/Nebraska/34/2026_H1N1,plate17-A/Nebraska/34/2026_H1N1,0.006657,interpolated,0.007294,0.007294,interpolated,3.697,0.8567,0,0.8766,0.1208
human,plate17,flu-seqneut-2026-UWMC-079,A/Netherlands/10008/2026_H1N1,plate17-A/Netherlands/10008/2026_H1N1,0.006197,interpolated,0.00682,0.00682,interpolated,2.284,0.9018,0,0.8595,0.1294
human,plate17,flu-seqneut-2026-UWMC-079,A/Netherlands/2398/2025_H1N1,plate17-A/Netherlands/2398/2025_H1N1,0.005762,interpolated,0.006034,0.006034,interpolated,3.18,0.9318,0,0.9073,0.1153
human,plate17,flu-seqneut-2026-UWMC-079,A/Netherlands/543/2026_H1N1,plate17-A/Netherlands/543/2026_H1N1,0.01363,interpolated,0.01417,0.01417,interpolated,5.257,0.9068,0,0.859,0.1164
human,plate17,flu-seqneut-2026-UWMC-079,A/Netherlands/864/2026_H1N1,plate17-A/Netherlands/864/2026_H1N1,0.006306,interpolated,0.006785,0.006785,interpolated,2.18,0.9263,0,0.8728,0.1207
human,plate17,flu-seqneut-2026-UWMC-079,A/Netherlands/888/2026_H3N2,plate17-A/Netherlands/888/2026_H3N2,0.002083,interpolated,0.002424,0.002424,interpolated,1.61,0.8917,0,0.8879,0.128
human,plate17,flu-seqneut-2026-UWMC-079,A/Netherlands/968/2026_H3N2,plate17-A/Netherlands/968/2026_H3N2,0.0022,interpolated,0.002779,0.002779,interpolated,2.144,0.803,0,0.8752,0.1259
human,plate17,flu-seqneut-2026-UWMC-079,A/NewBrunswick/NBPHLFLUA10B-MM00057R/2026_H1N1,plate17-A/NewBrunswick/NBPHLFLUA10B-MM00057R/2026_H1N1,0.006346,interpolated,0.006346,0.006346,interpolated,1.977,1,0,0.9742,0.05745
human,plate17,flu-seqneut-2026-UWMC-079,A/NewYork/NIRC-IS-1086/2026_H3N2,plate17-A/NewYork/NIRC-IS-1086/2026_H3N2,0.002301,interpolated,0.00302,0.00302,interpolated,0.9514,0.886,0,0.7952,0.1459
human,plate17,flu-seqneut-2026-UWMC-079,A/NordrheinWestfalen/54/2026_H3N2,plate17-A/NordrheinWestfalen/54/2026_H3N2,0.001004,interpolated,0.001004,0.001004,interpolated,0.8078,1,0,0.7978,0.1605
human,plate17,flu-seqneut-2026-UWMC-079,A/NordrheinWestfalen/96/2026_H1N1,plate17-A/NordrheinWestfalen/96/2026_H1N1,0.009741,interpolated,0.01055,0.01055,interpolated,1.96,0.9276,0,0.823,0.1345
human,plate17,flu-seqneut-2026-UWMC-079,A/Norway/9556/2025_H1N1,plate17-A/Norway/9556/2025_H1N1,0.008994,interpolated,0.009796,0.009796,interpolated,2.118,0.9173,0,0.8747,0.1045
human,plate17,flu-seqneut-2026-UWMC-079,A/NovaScotia/25-365-06099/2025_H3N2,plate17-A/NovaScotia/25-365-06099/2025_H3N2,0.0005055,interpolated,0.001926,0.001926,interpolated,1.203,0.6,0,0.9709,0.03844
human,plate17,flu-seqneut-2026-UWMC-079,A/Ohio/259/2024_H1N1,plate17-A/Ohio/259/2024_H1N1,0.008604,interpolated,0.008604,0.008604,interpolated,2.594,1,0,0.9989,0.01149
human,plate17,flu-seqneut-2026-UWMC-079,A/Ontario/PHL202550193/2025_H3N2,plate17-A/Ontario/PHL202550193/2025_H3N2,0.002894,interpolated,0.00352,0.00352,interpolated,3.919,0.7322,0,0.8256,0.1469
human,plate17,flu-seqneut-2026-UWMC-079,A/Oregon/81/2025_H3N2,plate17-A/Oregon/81/2025_H3N2,0.0006257,interpolated,0.0006257,0.0006257,interpolated,0.8236,1,0,0.8754,0.1144
human,plate17,flu-seqneut-2026-UWMC-079,A/PaisVasco/70369726/2026_H1N1,plate17-A/PaisVasco/70369726/2026_H1N1,0.007681,interpolated,0.007681,0.007681,interpolated,1.864,1,0,0.9833,0.0436
human,plate17,flu-seqneut-2026-UWMC-079,A/Parana/416133590/2026_H3N2,plate17-A/Parana/416133590/2026_H3N2,0.002947,interpolated,0.00438,0.00438,interpolated,1.128,0.8198,0,0.7969,0.1357
human,plate17,flu-seqneut-2026-UWMC-079,A/Peru/ANC-INS-062/2026_H3N2,plate17-A/Peru/ANC-INS-062/2026_H3N2,0.003906,interpolated,0.004368,0.004368,interpolated,10,0.6635,0,0.8021,0.1388
human,plate17,flu-seqneut-2026-UWMC-079,A/Rhode_Island/11/2026_H1N1,plate17-A/Rhode_Island/11/2026_H1N1,0.004899,interpolated,0.005241,0.005241,interpolated,2.564,0.9207,0,0.8683,0.1337
human,plate17,flu-seqneut-2026-UWMC-079,A/RiodeJaneiro/331/2026_H3N2,plate17-A/RiodeJaneiro/331/2026_H3N2,0.0009663,interpolated,0.003029,0.003029,interpolated,0.8,0.7004,0,0.8027,0.09977
human,plate17,flu-seqneut-2026-UWMC-079,A/Romania/612042/2026_H3N2,plate17-A/Romania/612042/2026_H3N2,0.0008828,interpolated,0.0008828,0.0008828,interpolated,0.9062,1,0,0.8347,0.1454
human,plate17,flu-seqneut-2026-UWMC-079,A/SantaCatarina/508/2026_H3N2,plate17-A/SantaCatarina/508/2026_H3N2,0.001408,interpolated,0.002075,0.002075,interpolated,0.8,0.8667,0,0.7329,0.1613
human,plate17,flu-seqneut-2026-UWMC-079,A/Saskatchewan/SKFLU477299/2025_H3N2,plate17-A/Saskatchewan/SKFLU477299/2025_H3N2,0.0024,interpolated,0.00424,0.00424,interpolated,2.829,0.6,0,0.7446,0.143
human,plate17,flu-seqneut-2026-UWMC-079,A/Saskatchewan/SKFLU477727/2025_H3N2,plate17-A/Saskatchewan/SKFLU477727/2025_H3N2,0.001125,interpolated,0.001125,0.001125,interpolated,1.021,1,0,0.9228,0.1019
human,plate17,flu-seqneut-2026-UWMC-079,A/Saskatchewan/SKFLU490586/2026_H1N1,plate17-A/Saskatchewan/SKFLU490586/2026_H1N1,0.007632,interpolated,0.008696,0.008696,interpolated,1.515,0.9103,0,0.739,0.1669
human,plate17,flu-seqneut-2026-UWMC-079,A/Singapore/GP20238/2024_H3N2,plate17-A/Singapore/GP20238/2024_H3N2,0.0003076,interpolated,0.0004151,0.0004151,interpolated,1.471,0.8218,0,0.9641,0.05571
human,plate17,flu-seqneut-2026-UWMC-079,A/Singapore/KK2768/2025_H1N1,plate17-A/Singapore/KK2768/2025_H1N1,0.0112,interpolated,0.01132,0.01132,interpolated,1.954,0.9894,0,0.9809,0.04022
human,plate17,flu-seqneut-2026-UWMC-079,A/Singapore/MOH0547/2024_H1N1,plate17-A/Singapore/MOH0547/2024_H1N1,0.01435,interpolated,0.01453,0.01453,interpolated,5.227,0.9693,0,0.9612,0.06016
human,plate17,flu-seqneut-2026-UWMC-079,A/Singapore/NTF0577/2025_H3N2,plate17-A/Singapore/NTF0577/2025_H3N2,0.0009367,interpolated,0.001177,0.001177,interpolated,0.8068,0.9158,0,0.772,0.1552
human,plate17,flu-seqneut-2026-UWMC-079,A/Singapore/SAR8915/2025_H3N2,plate17-A/Singapore/SAR8915/2025_H3N2,0.002311,interpolated,0.003385,0.003385,interpolated,3.58,0.6275,0,0.8702,0.1056
human,plate17,flu-seqneut-2026-UWMC-079,A/SouthAfrica/NHLS-SU-CERI-C075557/2026_H1N1,plate17-A/SouthAfrica/NHLS-SU-CERI-C075557/2026_H1N1,0.005966,interpolated,0.006051,0.006051,interpolated,2.394,0.9833,0,0.9961,0.02296
human,plate17,flu-seqneut-2026-UWMC-079,A/SouthAfrica/NICD-R01647/2026_H1N1,plate17-A/SouthAfrica/NICD-R01647/2026_H1N1,0.006441,interpolated,0.006697,0.006697,interpolated,2.387,0.9557,0,0.9367,0.08797
human,plate17,flu-seqneut-2026-UWMC-079,A/SouthAfrica/NICD-R01668/2026_H1N1,plate17-A/SouthAfrica/NICD-R01668/2026_H1N1,0.006817,interpolated,0.007201,0.007201,interpolated,2.047,0.947,0,0.9398,0.08278
human,plate17,flu-seqneut-2026-UWMC-079,A/SouthAfrica/PATH-CERI-C073358/2025_H1N1,plate17-A/SouthAfrica/PATH-CERI-C073358/2025_H1N1,0.005861,interpolated,0.005934,0.005934,interpolated,2.257,0.9864,0,0.9717,0.06005
human,plate17,flu-seqneut-2026-UWMC-079,A/SouthAfrica/PATH-CERI-C073366/2025_H1N1,plate17-A/SouthAfrica/PATH-CERI-C073366/2025_H1N1,0.007329,interpolated,0.007361,0.007361,interpolated,2.169,0.9953,0,0.9879,0.03837
human,plate17,flu-seqneut-2026-UWMC-079,A/SouthAfrica/PATH-CERI-C075119/2026_H1N1,plate17-A/SouthAfrica/PATH-CERI-C075119/2026_H1N1,0.007222,interpolated,0.00752,0.00752,interpolated,2.715,0.9482,0,0.937,0.08846
human,plate17,flu-seqneut-2026-UWMC-079,A/SouthAustralia/2605715552/2026_H3N2,plate17-A/SouthAustralia/2605715552/2026_H3N2,0.00127,interpolated,0.00127,0.00127,interpolated,0.8508,1,0,0.8295,0.1465
human,plate17,flu-seqneut-2026-UWMC-079,A/SouthCarolina/USAFSAM-17046/2026_H3N2,plate17-A/SouthCarolina/USAFSAM-17046/2026_H3N2,0.0003336,interpolated,0.0003336,0.0003336,interpolated,4.228,1,0,0.9716,0.06834
human,plate17,flu-seqneut-2026-UWMC-079,A/South_Australia/2523812314/2025_H3N2,plate17-A/South_Australia/2523812314/2025_H3N2,0.0005998,interpolated,0.0005998,0.0005998,interpolated,0.9624,1,0,0.9452,0.07904
human,plate17,flu-seqneut-2026-UWMC-079,A/South_Australia/2527213276/2025_H3N2,plate17-A/South_Australia/2527213276/2025_H3N2,0.0003046,interpolated,0.0005432,0.0005432,interpolated,0.8,0.8148,0,0.9131,0.06926
human,plate17,flu-seqneut-2026-UWMC-079,A/StPetersburg/RII-25-2042S/2025_H3N2,plate17-A/StPetersburg/RII-25-2042S/2025_H3N2,0.001337,interpolated,0.001337,0.001337,interpolated,0.9572,1,0,0.8479,0.146
human,plate17,flu-seqneut-2026-UWMC-079,A/StPetersburg/RII-25-2321S/2025_H3N2,plate17-A/StPetersburg/RII-25-2321S/2025_H3N2,0.0008882,interpolated,0.0008882,0.0008882,interpolated,0.8114,1,0,0.8018,0.156
human,plate17,flu-seqneut-2026-UWMC-079,A/StPetersburg/RII-25-2506S/2026_H3N2,plate17-A/StPetersburg/RII-25-2506S/2026_H3N2,0.002385,interpolated,0.003134,0.003134,interpolated,3.057,0.717,0,0.8803,0.1136
human,plate17,flu-seqneut-2026-UWMC-079,A/StPetersburg/RII-25-2600S/2026_H3N2,plate17-A/StPetersburg/RII-25-2600S/2026_H3N2,0.0009034,interpolated,0.001367,0.001367,interpolated,1.061,0.8222,0,0.7218,0.183
human,plate17,flu-seqneut-2026-UWMC-079,A/Switzerland/UN-SNRCI-HUG-053/2025_H1N1,plate17-A/Switzerland/UN-SNRCI-HUG-053/2025_H1N1,0.008773,interpolated,0.009165,0.009165,interpolated,2.619,0.946,0,0.9241,0.08968
human,plate17,flu-seqneut-2026-UWMC-079,A/Sydney/1359/2024_H3N2,plate17-A/Sydney/1359/2024_H3N2,0.0003272,interpolated,0.0004083,0.0004083,interpolated,1.356,0.8703,0,0.8921,0.1018
human,plate17,flu-seqneut-2026-UWMC-079,A/Sydney/50/2026_H1N1,plate17-A/Sydney/50/2026_H1N1,0.00526,interpolated,0.005351,0.005351,interpolated,2.7,0.9773,0,0.9635,0.06988
human,plate17,flu-seqneut-2026-UWMC-079,A/Texas/29/2026_H1N1,plate17-A/Texas/29/2026_H1N1,0.007351,interpolated,0.007707,0.007707,interpolated,2.664,0.9409,0,0.9426,0.08181
human,plate17,flu-seqneut-2026-UWMC-079,A/Thailand/8/2022_H3N2,plate17-A/Thailand/8/2022_H3N2,0.001258,interpolated,0.001268,0.001268,interpolated,1.556,0.9938,0,0.9752,0.06306
human,plate17,flu-seqneut-2026-UWMC-079,A/Thuringen/16/2026_H3N2,plate17-A/Thuringen/16/2026_H3N2,0.0004474,interpolated,0.0006271,0.0006271,interpolated,0.8,0.8816,0,0.849,0.1088
human,plate17,flu-seqneut-2026-UWMC-079,A/Thuringen/39/2026_H3N2,plate17-A/Thuringen/39/2026_H3N2,0.001554,interpolated,0.001554,0.001554,interpolated,1.106,1,0,0.9634,0.07074
human,plate17,flu-seqneut-2026-UWMC-079,A/Tokyo/EIS11-277/2024_H1N1,plate17-A/Tokyo/EIS11-277/2024_H1N1,0.006954,interpolated,0.007077,0.007077,interpolated,3.587,0.9697,0,0.9786,0.0538
human,plate17,flu-seqneut-2026-UWMC-079,A/Trieste/257/2025_H3N2,plate17-A/Trieste/257/2025_H3N2,0.001184,interpolated,0.002511,0.002511,interpolated,1.177,0.7066,0,0.7922,0.133
human,plate17,flu-seqneut-2026-UWMC-079,A/Trieste/380/2026_H3N2,plate17-A/Trieste/380/2026_H3N2,0.0006932,interpolated,0.0006932,0.0006932,interpolated,0.8456,1,0,0.7882,0.1647
human,plate17,flu-seqneut-2026-UWMC-079,A/Ukraine/5214/2026_H1N1,plate17-A/Ukraine/5214/2026_H1N1,0.00583,interpolated,0.006089,0.006089,interpolated,2.532,0.9478,0,0.9319,0.09458
human,plate17,flu-seqneut-2026-UWMC-079,A/Uppsala/SE26-01293/2026_H1N1,plate17-A/Uppsala/SE26-01293/2026_H1N1,0.01057,interpolated,0.0106,0.0106,interpolated,10,0.9867,0,0.9941,0.02663
human,plate17,flu-seqneut-2026-UWMC-079,A/Valencia/VAHNSI_09_02564/2025_H1N1,plate17-A/Valencia/VAHNSI_09_02564/2025_H1N1,0.006138,interpolated,0.006623,0.006623,interpolated,2.656,0.9086,0,0.9039,0.1082
human,plate17,flu-seqneut-2026-UWMC-079,A/Victoria/2948/2025_H3N2,plate17-A/Victoria/2948/2025_H3N2,0.001173,interpolated,0.001583,0.001583,interpolated,0.8746,0.8846,0,0.7354,0.1724
human,plate17,flu-seqneut-2026-UWMC-079,A/Victoria/4897/2022_IVR-238_H1N1,plate17-A/Victoria/4897/2022_IVR-238_H1N1,0.004446,interpolated,0.004492,0.004492,interpolated,10,0.9509,0,0.9786,0.05983
human,plate17,flu-seqneut-2026-UWMC-079,A/Vietnam/F7324/2024_H3N2,plate17-A/Vietnam/F7324/2024_H3N2,0.002437,interpolated,0.003391,0.003391,interpolated,2.118,0.7484,0,0.9473,0.07078
human,plate17,flu-seqneut-2026-UWMC-079,A/Vietnam/PF125413/2025_H1N1,plate17-A/Vietnam/PF125413/2025_H1N1,0.01035,interpolated,0.01035,0.01035,interpolated,3.549,1,0,0.9875,0.036
human,plate17,flu-seqneut-2026-UWMC-079,A/Vietnam/PF126009/2026_H1N1,plate17-A/Vietnam/PF126009/2026_H1N1,0.008634,interpolated,0.008634,0.008634,interpolated,1.773,1,0,0.9848,0.03879
human,plate17,flu-seqneut-2026-UWMC-079,A/Virginia/82/2025_H1N1,plate17-A/Virginia/82/2025_H1N1,0.006014,interpolated,0.006503,0.006503,interpolated,2.286,0.9182,0,0.9224,0.09389
human,plate17,flu-seqneut-2026-UWMC-079,A/Wisconsin/588/2019_H1N1,plate17-A/Wisconsin/588/2019_H1N1,0.004782,interpolated,0.004782,0.004782,interpolated,2.058,1,0,0.9632,0.07237
human,plate17,flu-seqneut-2026-UWMC-079,A/Wisconsin/67/2022_H1N1,plate17-A/Wisconsin/67/2022_H1N1,0.005771,interpolated,0.005856,0.005856,interpolated,3.227,0.9767,0,0.9841,0.04877
human,plate17,flu-seqneut-2026-UWMC-079,A/Zacapa/FLU-012/2025_H1N1,plate17-A/Zacapa/FLU-012/2025_H1N1,0.006661,interpolated,0.007368,0.007368,interpolated,2.294,0.8967,0,0.8865,0.1126
human,plate17,flu-seqneut-2026-UWMC-079,A/Zambia/6-NIC-014/2026_H1N1,plate17-A/Zambia/6-NIC-014/2026_H1N1,0.006929,interpolated,0.007021,0.007021,interpolated,2.062,0.9865,0,0.9761,0.05382
human,plate17,flu-seqneut-2026-UWMC-079,A/Zambia/7-NIC-313/2026_H1N1,plate17-A/Zambia/7-NIC-313/2026_H1N1,0.0056,interpolated,0.005623,0.005623,interpolated,1.883,0.9963,0,0.9488,0.08135
human,plate17,flu-seqneut-2026-UWMC-080,A/Andalucia/PMC-00977/2025_H1N1,plate17-A/Andalucia/PMC-00977/2025_H1N1,0.002561,interpolated,0.002561,0.002561,interpolated,1.67,1,0,0.9942,0.03056
human,plate17,flu-seqneut-2026-UWMC-080,A/Andalucia/PMC-01217/2025_H1N1,plate17-A/Andalucia/PMC-01217/2025_H1N1,0.002285,interpolated,0.002543,0.002543,interpolated,1.704,0.9166,0,0.9375,0.09663
human,plate17,flu-seqneut-2026-UWMC-080,A/Andalucia/PMC-01495/2025_H1N1,plate17-A/Andalucia/PMC-01495/2025_H1N1,0.002019,interpolated,0.002138,0.002138,interpolated,1.964,0.9467,0,0.9848,0.0496
human,plate17,flu-seqneut-2026-UWMC-080,A/Arizona/40/2026_H1N1,plate17-A/Arizona/40/2026_H1N1,0.002096,interpolated,0.002126,0.002126,interpolated,3.34,0.977,0,0.9905,0.04216
human,plate17,flu-seqneut-2026-UWMC-080,A/Astrakhan/RII-MH273373S/2025_H3N2,plate17-A/Astrakhan/RII-MH273373S/2025_H3N2,0.004133,interpolated,0.005391,0.005391,interpolated,0.8,0.9042,0,0.7515,0.1426
human,plate17,flu-seqneut-2026-UWMC-080,A/Asturias/232590913/2025_H1N1,plate17-A/Asturias/232590913/2025_H1N1,0.002196,interpolated,0.002253,0.002253,interpolated,2.105,0.9738,0,0.9952,0.02849
human,plate17,flu-seqneut-2026-UWMC-080,A/Badajoz/18738342/2026_H3N2,plate17-A/Badajoz/18738342/2026_H3N2,0.002555,interpolated,0.002555,0.002555,interpolated,0.8998,1,0,0.8978,0.1077
human,plate17,flu-seqneut-2026-UWMC-080,A/Badajoz/18811358/2026_H3N2,plate17-A/Badajoz/18811358/2026_H3N2,0.0008849,interpolated,0.0008849,0.0008849,interpolated,0.8,1,0,0.8615,0.1176
human,plate17,flu-seqneut-2026-UWMC-080,A/Badajoz/18813527/2026_H3N2,plate17-A/Badajoz/18813527/2026_H3N2,0.003508,interpolated,0.003769,0.003769,interpolated,1.198,0.9587,0,0.8657,0.1249
human,plate17,flu-seqneut-2026-UWMC-080,A/Bangkok/P2390/2025_H3N2,plate17-A/Bangkok/P2390/2025_H3N2,0.003035,interpolated,0.003123,0.003123,interpolated,0.8,0.9887,0,0.8704,0.1064
human,plate17,flu-seqneut-2026-UWMC-080,A/Bangkok/P2391/2025_H3N2,plate17-A/Bangkok/P2391/2025_H3N2,0.002882,interpolated,0.002882,0.002882,interpolated,0.815,1,0,0.8872,0.1037
human,plate17,flu-seqneut-2026-UWMC-080,A/Blaenavon/6687/2026_H3N2,plate17-A/Blaenavon/6687/2026_H3N2,0.002284,interpolated,0.002338,0.002338,interpolated,1.533,0.9825,0,0.9554,0.08156
human,plate17,flu-seqneut-2026-UWMC-080,A/Bolivia/OR5702/2025_H3N2,plate17-A/Bolivia/OR5702/2025_H3N2,0.00152,interpolated,0.00152,0.00152,interpolated,1.224,1,0,0.9724,0.06115
human,plate17,flu-seqneut-2026-UWMC-080,A/BritishColumbia/RV00022-26/2025_H1N1,plate17-A/BritishColumbia/RV00022-26/2025_H1N1,0.002567,interpolated,0.002567,0.002567,interpolated,1.627,1,0,0.9886,0.04297
human,plate17,flu-seqneut-2026-UWMC-080,A/BritishColumbia/RV00279-26/2025_H3N2,plate17-A/BritishColumbia/RV00279-26/2025_H3N2,0.002566,interpolated,0.002566,0.002566,interpolated,0.8366,1,0,0.9734,0.04965
human,plate17,flu-seqneut-2026-UWMC-080,A/BritishColumbia/RV01350-26/2026_H1N1,plate17-A/BritishColumbia/RV01350-26/2026_H1N1,0.002279,interpolated,0.002285,0.002285,interpolated,1.882,0.9973,0,0.9992,0.01133
human,plate17,flu-seqneut-2026-UWMC-080,A/BritishColumbia/RV05508-25/2025_H1N1,plate17-A/BritishColumbia/RV05508-25/2025_H1N1,0.003267,interpolated,0.003407,0.003407,interpolated,3.024,0.9406,0,0.9806,0.05702
human,plate17,flu-seqneut-2026-UWMC-080,A/California/GKISBBBH79910/2026_H3N2,plate17-A/California/GKISBBBH79910/2026_H3N2,0.002025,interpolated,0.002025,0.002025,interpolated,1.023,1,0,0.942,0.0821
human,plate17,flu-seqneut-2026-UWMC-080,A/California/NIRC-IS-1019/2026_H1N1,plate17-A/California/NIRC-IS-1019/2026_H1N1,0.001339,interpolated,0.001339,0.001339,interpolated,1.578,1,0,0.9972,0.02142
human,plate17,flu-seqneut-2026-UWMC-080,A/California/NIRC-IS-1059/2026_H3N2,plate17-A/California/NIRC-IS-1059/2026_H3N2,0.0022,interpolated,0.0022,0.0022,interpolated,0.8083,1,0,0.9581,0.06288
human,plate17,flu-seqneut-2026-UWMC-080,A/California/NIRC-IS-1067/2026_H3N2,plate17-A/California/NIRC-IS-1067/2026_H3N2,0.00457,interpolated,0.005143,0.005143,interpolated,2.483,0.873,0,0.8149,0.1494
human,plate17,flu-seqneut-2026-UWMC-080,A/California/NIRC-IS-1356/2025_H1N1,plate17-A/California/NIRC-IS-1356/2025_H1N1,0.003264,interpolated,0.003264,0.003264,interpolated,2.502,1,0,0.9983,0.01717
human,plate17,flu-seqneut-2026-UWMC-080,A/Castellon/VAHNSI_02_02400/2025_H3N2,plate17-A/Castellon/VAHNSI_02_02400/2025_H3N2,0.003955,interpolated,0.003955,0.003955,interpolated,1.175,1,0,0.9814,0.04573
human,plate17,flu-seqneut-2026-UWMC-080,A/Colombia/1851/2024_H3N2,plate17-A/Colombia/1851/2024_H3N2,0.002386,interpolated,0.002466,0.002466,interpolated,1.158,0.9811,0,0.8837,0.1263
human,plate17,flu-seqneut-2026-UWMC-080,A/Colorado/218/2024_H1N1,plate17-A/Colorado/218/2024_H1N1,0.002482,interpolated,0.0025,0.0025,interpolated,2.834,0.9897,0,0.9977,0.02085
human,plate17,flu-seqneut-2026-UWMC-080,A/Connecticut/5/2026_H3N2,plate17-A/Connecticut/5/2026_H3N2,0.002111,interpolated,0.002111,0.002111,interpolated,0.8,1,0,0.9319,0.08024
human,plate17,flu-seqneut-2026-UWMC-080,A/Croatia/10136RV/2023_H3N2,plate17-A/Croatia/10136RV/2023_H3N2,0.002816,interpolated,0.003309,0.003309,interpolated,2.362,0.8415,0,0.8253,0.1445
human,plate17,flu-seqneut-2026-UWMC-080,A/Darwin/1415/2025_H3N2,plate17-A/Darwin/1415/2025_H3N2,0.004015,interpolated,0.004015,0.004015,interpolated,0.8366,1,0,0.8941,0.1011
human,plate17,flu-seqneut-2026-UWMC-080,A/Darwin/1454/2025_H3N2,plate17-A/Darwin/1454/2025_H3N2,0.002488,interpolated,0.002488,0.002488,interpolated,0.8728,1,0,0.844,0.1343
human,plate17,flu-seqneut-2026-UWMC-080,A/Denmark/3940/2025_H3N2,plate17-A/Denmark/3940/2025_H3N2,0.003867,interpolated,0.003867,0.003867,interpolated,0.9932,1,0,0.9555,0.06892
human,plate17,flu-seqneut-2026-UWMC-080,A/Denmark/4547/2025_H1N1,plate17-A/Denmark/4547/2025_H1N1,0.003985,interpolated,0.00404,0.00404,interpolated,10,0.9352,0,0.9655,0.08091
human,plate17,flu-seqneut-2026-UWMC-080,A/Denmark/4774/2025_H1N1,plate17-A/Denmark/4774/2025_H1N1,0.007752,interpolated,0.007829,0.007829,interpolated,10,0.9532,0,0.9554,0.08765
human,plate17,flu-seqneut-2026-UWMC-080,A/District_Of_Columbia/27/2023_H3N2,plate17-A/District_Of_Columbia/27/2023_H3N2,0.004701,interpolated,0.005792,0.005792,interpolated,1.169,0.8917,0,0.8124,0.1328
human,plate17,flu-seqneut-2026-UWMC-080,A/Distrito_Federal/250106000728/2025_H3N2,plate17-A/Distrito_Federal/250106000728/2025_H3N2,0.001388,interpolated,0.001388,0.001388,interpolated,1.087,1,0,0.9604,0.07291
human,plate17,flu-seqneut-2026-UWMC-080,A/England/1893256/2026_H1N1,plate17-A/England/1893256/2026_H1N1,0.001628,interpolated,0.001628,0.001628,interpolated,2.022,1,0,0.9964,0.02564
human,plate17,flu-seqneut-2026-UWMC-080,A/Florida/ISC-1069/2026_H3N2,plate17-A/Florida/ISC-1069/2026_H3N2,0.002099,interpolated,0.002099,0.002099,interpolated,0.9766,1,0,0.9757,0.05293
human,plate17,flu-seqneut-2026-UWMC-080,A/France/ARA-HCL025195259501/2025_H1N1,plate17-A/France/ARA-HCL025195259501/2025_H1N1,0.002151,interpolated,0.002151,0.002151,interpolated,1.739,1,0,0.9951,0.02876
human,plate17,flu-seqneut-2026-UWMC-080,A/France/ARA-HCL026031894402/2026_H3N2,plate17-A/France/ARA-HCL026031894402/2026_H3N2,0.002617,interpolated,0.002617,0.002617,interpolated,0.9338,1,0,0.969,0.05743
human,plate17,flu-seqneut-2026-UWMC-080,A/France/GES-IPP00659/2026_H1N1,plate17-A/France/GES-IPP00659/2026_H1N1,0.002144,interpolated,0.002165,0.002165,interpolated,1.557,0.9923,0,0.9889,0.04154
human,plate17,flu-seqneut-2026-UWMC-080,A/France/GES-IPP01077/2026_H3N2,plate17-A/France/GES-IPP01077/2026_H3N2,0.006864,interpolated,0.007387,0.007387,interpolated,0.8774,0.9688,0,0.7962,0.1294
human,plate17,flu-seqneut-2026-UWMC-080,A/France/HDF-IPP01550/2026_H3N2,plate17-A/France/HDF-IPP01550/2026_H3N2,0.003239,interpolated,0.003239,0.003239,interpolated,0.8688,1,0,0.9801,0.04244
human,plate17,flu-seqneut-2026-UWMC-080,A/France/HDF-RELAB-IPP00300/2026_H3N2,plate17-A/France/HDF-RELAB-IPP00300/2026_H3N2,0.009881,interpolated,0.01008,0.01008,interpolated,10,0.9078,0,0.7894,0.1394
human,plate17,flu-seqneut-2026-UWMC-080,A/France/HDF-RELAB-IPP00303/2026_H3N2,plate17-A/France/HDF-RELAB-IPP00303/2026_H3N2,0.002225,interpolated,0.002225,0.002225,interpolated,0.8695,1,0,0.8512,0.1302
human,plate17,flu-seqneut-2026-UWMC-080,A/France/HDF-RELAB-IPP07969/2025_H1N1,plate17-A/France/HDF-RELAB-IPP07969/2025_H1N1,0.001726,interpolated,0.001787,0.001787,interpolated,1.525,0.974,0,0.9631,0.0752
human,plate17,flu-seqneut-2026-UWMC-080,A/France/NAQ-HCL026010957001/2026_H3N2,plate17-A/France/NAQ-HCL026010957001/2026_H3N2,0.001764,interpolated,0.001764,0.001764,interpolated,0.8,1,0,0.8527,0.1177
human,plate17,flu-seqneut-2026-UWMC-080,A/France/NAQ-HCL026046169102/2025_H1N1,plate17-A/France/NAQ-HCL026046169102/2025_H1N1,0.002224,interpolated,0.002351,0.002351,interpolated,1.741,0.9538,0,0.9803,0.05518
human,plate17,flu-seqneut-2026-UWMC-080,A/France/OCC-HCL026013263701/2026_H3N2,plate17-A/France/OCC-HCL026013263701/2026_H3N2,0.001655,interpolated,0.001691,0.001691,interpolated,0.8,0.9916,0,0.9917,0.02613
human,plate17,flu-seqneut-2026-UWMC-080,A/France/PAC-RELAB-HCL026021993801/2026_H3N2,plate17-A/France/PAC-RELAB-HCL026021993801/2026_H3N2,0.002292,interpolated,0.002292,0.002292,interpolated,0.8,1,0,0.9313,0.07516
human,plate17,flu-seqneut-2026-UWMC-080,A/Galicia/GA-CHUAC-451/2025_H3N2,plate17-A/Galicia/GA-CHUAC-451/2025_H3N2,0.00224,interpolated,0.00224,0.00224,interpolated,0.8255,1,0,0.905,0.1002
human,plate17,flu-seqneut-2026-UWMC-080,A/Galicia/GA-CHUAC-612/2025_H1N1,plate17-A/Galicia/GA-CHUAC-612/2025_H1N1,0.004169,interpolated,0.004217,0.004217,interpolated,10,0.946,0,0.9608,0.0857
human,plate17,flu-seqneut-2026-UWMC-080,A/Germany/LRMC_0104/2025_H3N2,plate17-A/Germany/LRMC_0104/2025_H3N2,0.004646,interpolated,0.004646,0.004646,interpolated,0.923,1,0,0.8628,0.1204
human,plate17,flu-seqneut-2026-UWMC-080,A/Germany/LRMC_0113/2025_H3N2,plate17-A/Germany/LRMC_0113/2025_H3N2,0.002331,interpolated,0.002468,0.002468,interpolated,0.8,0.9776,0,0.7334,0.1508
human,plate17,flu-seqneut-2026-UWMC-080,A/Hawaii/70/2019_H1N1,plate17-A/Hawaii/70/2019_H1N1,0.0008233,interpolated,0.0008233,0.0008233,interpolated,1.534,1,0,0.9147,0.1216
human,plate17,flu-seqneut-2026-UWMC-080,A/Hawaii/ISC-1140/2025_H1N1,plate17-A/Hawaii/ISC-1140/2025_H1N1,0.001967,interpolated,0.002,0.002,interpolated,5.356,0.9574,0,0.9799,0.06159
human,plate17,flu-seqneut-2026-UWMC-080,A/Hessen/18/2026_H1N1,plate17-A/Hessen/18/2026_H1N1,0.002786,interpolated,0.002832,0.002832,interpolated,2.986,0.9762,0,0.9959,0.0274
human,plate17,flu-seqneut-2026-UWMC-080,A/Ireland/91576/2025_H3N2,plate17-A/Ireland/91576/2025_H3N2,0.005866,interpolated,0.006822,0.006822,interpolated,1.51,0.8981,0,0.8372,0.125
human,plate17,flu-seqneut-2026-UWMC-080,A/Kentucky/80/2025_H1N1,plate17-A/Kentucky/80/2025_H1N1,0.002416,interpolated,0.002416,0.002416,interpolated,1.918,1,0,0.9891,0.04329
human,plate17,flu-seqneut-2026-UWMC-080,A/Lisboa/216/2023_H3N2,plate17-A/Lisboa/216/2023_H3N2,0.005312,interpolated,0.006506,0.006506,interpolated,2.588,0.7958,0,0.9183,0.08979
human,plate17,flu-seqneut-2026-UWMC-080,A/Luxembourg/LNS9132577/2026_H3N2,plate17-A/Luxembourg/LNS9132577/2026_H3N2,0.003926,interpolated,0.004093,0.004093,interpolated,0.9696,0.9802,0,0.9297,0.08368
human,plate17,flu-seqneut-2026-UWMC-080,A/Maine/25/2026_H1N1,plate17-A/Maine/25/2026_H1N1,0.002192,interpolated,0.002203,0.002203,interpolated,1.898,0.9954,0,0.982,0.05629
human,plate17,flu-seqneut-2026-UWMC-080,A/Malaysia/IMR/SARI/2406/2025_H3N2,plate17-A/Malaysia/IMR/SARI/2406/2025_H3N2,0.002114,interpolated,0.002114,0.002114,interpolated,0.879,1,0,0.9766,0.04873
human,plate17,flu-seqneut-2026-UWMC-080,A/Massachusetts/18/2022_H3N2,plate17-A/Massachusetts/18/2022_H3N2,0.001901,interpolated,0.001901,0.001901,interpolated,0.9831,1,0,0.9105,0.1063
human,plate17,flu-seqneut-2026-UWMC-080,A/Massachusetts/ISC-1856/2025_H3N2,plate17-A/Massachusetts/ISC-1856/2025_H3N2,0.001946,interpolated,0.002398,0.002398,interpolated,0.8,0.923,0,0.9263,0.07622
human,plate17,flu-seqneut-2026-UWMC-080,A/Mauritius/26000203/2026_H1N1,plate17-A/Mauritius/26000203/2026_H1N1,0.001952,interpolated,0.001952,0.001952,interpolated,1.845,1,0,0.994,0.03246
human,plate17,flu-seqneut-2026-UWMC-080,A/Michigan/8/2026_H3N2,plate17-A/Michigan/8/2026_H3N2,0.002965,interpolated,0.002965,0.002965,interpolated,0.8576,1,0,0.979,0.0443
human,plate17,flu-seqneut-2026-UWMC-080,A/Michigan/UM-10068071276/2025_H3N2,plate17-A/Michigan/UM-10068071276/2025_H3N2,0.002046,interpolated,0.002046,0.002046,interpolated,1.033,1,0,0.8779,0.1251
human,plate17,flu-seqneut-2026-UWMC-080,A/Michigan/UM-10068134090/2025_H3N2,plate17-A/Michigan/UM-10068134090/2025_H3N2,0.00273,interpolated,0.00273,0.00273,interpolated,1.113,1,0,0.947,0.08068
human,plate17,flu-seqneut-2026-UWMC-080,A/Michigan/UM-10068449788/2025_H3N2,plate17-A/Michigan/UM-10068449788/2025_H3N2,0.002119,interpolated,0.002153,0.002153,interpolated,0.8,0.9937,0,0.9275,0.07987
human,plate17,flu-seqneut-2026-UWMC-080,A/Michigan/UM-10068456988/2025_H3N2,plate17-A/Michigan/UM-10068456988/2025_H3N2,0.007481,interpolated,0.00795,0.00795,interpolated,0.8,0.9763,0,0.9219,0.06576
human,plate17,flu-seqneut-2026-UWMC-080,A/Michigan/UM-10068747355/2026_H3N2,plate17-A/Michigan/UM-10068747355/2026_H3N2,0.004531,interpolated,0.004531,0.004531,interpolated,0.9348,1,0,0.9612,0.06048
human,plate17,flu-seqneut-2026-UWMC-080,A/MinasGerais/410/2026_H1N1,plate17-A/MinasGerais/410/2026_H1N1,0.003859,interpolated,0.003919,0.003919,interpolated,10,0.9288,0,0.9747,0.0694
human,plate17,flu-seqneut-2026-UWMC-080,A/MinasGerais/671/2026_H1N1,plate17-A/MinasGerais/671/2026_H1N1,0.002437,interpolated,0.002437,0.002437,interpolated,1.584,1,0,0.985,0.04861
human,plate17,flu-seqneut-2026-UWMC-080,A/Mississippi/20/2026_H1N1,plate17-A/Mississippi/20/2026_H1N1,0.002164,interpolated,0.002164,0.002164,interpolated,2.946,1,0,0.9942,0.03378
human,plate17,flu-seqneut-2026-UWMC-080,A/Missouri/11/2025_cell_H1N1,plate17-A/Missouri/11/2025_cell_H1N1,0.00175,interpolated,0.00175,0.00175,interpolated,1.75,1,0,0.9916,0.03806
human,plate17,flu-seqneut-2026-UWMC-080,A/Missouri/11/2025_egg_H1N1,plate17-A/Missouri/11/2025_egg_H1N1,0.0003337,interpolated,0.0003337,0.0003337,interpolated,6.411,1,0,0.9944,0.03098
human,plate17,flu-seqneut-2026-UWMC-080,A/Missouri/NIRC-AV-1003/2025_H3N2,plate17-A/Missouri/NIRC-AV-1003/2025_H3N2,0.003894,interpolated,0.004576,0.004576,interpolated,0.8,0.9395,0,0.7456,0.1516
human,plate17,flu-seqneut-2026-UWMC-080,A/Montana/51/2025_H3N2,plate17-A/Montana/51/2025_H3N2,0.004502,interpolated,0.004529,0.004529,interpolated,0.8284,0.9975,0,0.8826,0.09858
human,plate17,flu-seqneut-2026-UWMC-080,A/NakhonPhanom/P495/2026_H3N2,plate17-A/NakhonPhanom/P495/2026_H3N2,0.006962,interpolated,0.007903,0.007903,interpolated,0.8647,0.9481,0,0.7485,0.1384
human,plate17,flu-seqneut-2026-UWMC-080,A/Navarra/260009/2025_H3N2,plate17-A/Navarra/260009/2025_H3N2,0.00239,interpolated,0.002428,0.002428,interpolated,0.8,0.9937,0,0.8005,0.1361
human,plate17,flu-seqneut-2026-UWMC-080,A/Nebraska/34/2026_H1N1,plate17-A/Nebraska/34/2026_H1N1,0.002392,interpolated,0.002395,0.002395,interpolated,2.249,0.9986,0,0.9994,0.0101
human,plate17,flu-seqneut-2026-UWMC-080,A/Netherlands/10008/2026_H1N1,plate17-A/Netherlands/10008/2026_H1N1,0.002144,interpolated,0.002152,0.002152,interpolated,1.507,0.9971,0,0.9672,0.07298
human,plate17,flu-seqneut-2026-UWMC-080,A/Netherlands/2398/2025_H1N1,plate17-A/Netherlands/2398/2025_H1N1,0.00273,interpolated,0.002818,0.002818,interpolated,1.847,0.9717,0,0.9897,0.04002
human,plate17,flu-seqneut-2026-UWMC-080,A/Netherlands/543/2026_H1N1,plate17-A/Netherlands/543/2026_H1N1,0.001916,interpolated,0.001916,0.001916,interpolated,1.594,1,0,0.9836,0.0513
human,plate17,flu-seqneut-2026-UWMC-080,A/Netherlands/864/2026_H1N1,plate17-A/Netherlands/864/2026_H1N1,0.002771,interpolated,0.002771,0.002771,interpolated,2.202,1,0,0.9907,0.0404
human,plate17,flu-seqneut-2026-UWMC-080,A/Netherlands/888/2026_H3N2,plate17-A/Netherlands/888/2026_H3N2,0.006141,interpolated,0.006561,0.006561,interpolated,1.149,0.9633,0,0.965,0.05431
human,plate17,flu-seqneut-2026-UWMC-080,A/Netherlands/968/2026_H3N2,plate17-A/Netherlands/968/2026_H3N2,0.004413,interpolated,0.004509,0.004509,interpolated,10,0.904,0,0.9081,0.1118
human,plate17,flu-seqneut-2026-UWMC-080,A/NewBrunswick/NBPHLFLUA10B-MM00057R/2026_H1N1,plate17-A/NewBrunswick/NBPHLFLUA10B-MM00057R/2026_H1N1,0.001801,interpolated,0.001801,0.001801,interpolated,1.72,1,0,0.9929,0.03491
human,plate17,flu-seqneut-2026-UWMC-080,A/NewYork/NIRC-IS-1086/2026_H3N2,plate17-A/NewYork/NIRC-IS-1086/2026_H3N2,0.002792,interpolated,0.003176,0.003176,interpolated,0.9191,0.9442,0,0.9074,0.09463
human,plate17,flu-seqneut-2026-UWMC-080,A/NordrheinWestfalen/54/2026_H3N2,plate17-A/NordrheinWestfalen/54/2026_H3N2,0.00236,interpolated,0.00236,0.00236,interpolated,0.9488,1,0,0.9382,0.08055
human,plate17,flu-seqneut-2026-UWMC-080,A/NordrheinWestfalen/96/2026_H1N1,plate17-A/NordrheinWestfalen/96/2026_H1N1,0.002121,interpolated,0.002121,0.002121,interpolated,1.683,1,0,0.9944,0.03058
human,plate17,flu-seqneut-2026-UWMC-080,A/Norway/9556/2025_H1N1,plate17-A/Norway/9556/2025_H1N1,0.002914,interpolated,0.002914,0.002914,interpolated,2.491,1,0,0.9986,0.01581
human,plate17,flu-seqneut-2026-UWMC-080,A/NovaScotia/25-365-06099/2025_H3N2,plate17-A/NovaScotia/25-365-06099/2025_H3N2,0.001867,interpolated,0.002255,0.002255,interpolated,0.9286,0.9196,0,0.9305,0.07831
human,plate17,flu-seqneut-2026-UWMC-080,A/Ohio/259/2024_H1N1,plate17-A/Ohio/259/2024_H1N1,0.001898,interpolated,0.001952,0.001952,interpolated,3.857,0.9486,0,0.9815,0.05832
human,plate17,flu-seqneut-2026-UWMC-080,A/Ontario/PHL202550193/2025_H3N2,plate17-A/Ontario/PHL202550193/2025_H3N2,0.002408,interpolated,0.002408,0.002408,interpolated,0.867,1,0,0.9333,0.08318
human,plate17,flu-seqneut-2026-UWMC-080,A/Oregon/81/2025_H3N2,plate17-A/Oregon/81/2025_H3N2,0.001501,interpolated,0.001501,0.001501,interpolated,0.8444,1,0,0.9347,0.08334
human,plate17,flu-seqneut-2026-UWMC-080,A/PaisVasco/70369726/2026_H1N1,plate17-A/PaisVasco/70369726/2026_H1N1,0.002393,interpolated,0.002393,0.002393,interpolated,2.549,1,0,0.9935,0.03513
human,plate17,flu-seqneut-2026-UWMC-080,A/Parana/416133590/2026_H3N2,plate17-A/Parana/416133590/2026_H3N2,0.002262,interpolated,0.002262,0.002262,interpolated,0.8,1,0,0.9226,0.08516
human,plate17,flu-seqneut-2026-UWMC-080,A/Peru/ANC-INS-062/2026_H3N2,plate17-A/Peru/ANC-INS-062/2026_H3N2,0.003786,interpolated,0.003854,0.003854,interpolated,0.816,0.9927,0,0.863,0.1158
human,plate17,flu-seqneut-2026-UWMC-080,A/Rhode_Island/11/2026_H1N1,plate17-A/Rhode_Island/11/2026_H1N1,0.00215,interpolated,0.00215,0.00215,interpolated,1.981,0.9999,0,0.9972,0.02223
human,plate17,flu-seqneut-2026-UWMC-080,A/RiodeJaneiro/331/2026_H3N2,plate17-A/RiodeJaneiro/331/2026_H3N2,0.001261,interpolated,0.001261,0.001261,interpolated,1.077,1,0,0.9403,0.09022
human,plate17,flu-seqneut-2026-UWMC-080,A/Romania/612042/2026_H3N2,plate17-A/Romania/612042/2026_H3N2,0.001704,interpolated,0.001788,0.001788,interpolated,0.8,0.981,0,0.8495,0.1147
human,plate17,flu-seqneut-2026-UWMC-080,A/SantaCatarina/508/2026_H3N2,plate17-A/SantaCatarina/508/2026_H3N2,0.003046,interpolated,0.003046,0.003046,interpolated,0.8,1,0,0.9626,0.0569
human,plate17,flu-seqneut-2026-UWMC-080,A/Saskatchewan/SKFLU477299/2025_H3N2,plate17-A/Saskatchewan/SKFLU477299/2025_H3N2,0.001483,interpolated,0.001483,0.001483,interpolated,0.8,1,0,0.853,0.1127
human,plate17,flu-seqneut-2026-UWMC-080,A/Saskatchewan/SKFLU477727/2025_H3N2,plate17-A/Saskatchewan/SKFLU477727/2025_H3N2,0.003349,interpolated,0.003349,0.003349,interpolated,1.12,1,0,0.9261,0.09293
human,plate17,flu-seqneut-2026-UWMC-080,A/Saskatchewan/SKFLU490586/2026_H1N1,plate17-A/Saskatchewan/SKFLU490586/2026_H1N1,0.00211,interpolated,0.00211,0.00211,interpolated,1.905,1,0,0.9819,0.05642
human,plate17,flu-seqneut-2026-UWMC-080,A/Singapore/GP20238/2024_H3N2,plate17-A/Singapore/GP20238/2024_H3N2,0.0008966,interpolated,0.0008966,0.0008966,interpolated,0.9528,1,0,0.8907,0.1154
human,plate17,flu-seqneut-2026-UWMC-080,A/Singapore/KK2768/2025_H1N1,plate17-A/Singapore/KK2768/2025_H1N1,0.002394,interpolated,0.002394,0.002394,interpolated,2.72,1,0,0.9955,0.02947
human,plate17,flu-seqneut-2026-UWMC-080,A/Singapore/MOH0547/2024_H1N1,plate17-A/Singapore/MOH0547/2024_H1N1,0.003357,interpolated,0.003357,0.003357,interpolated,10,1,0,1,0.00296
human,plate17,flu-seqneut-2026-UWMC-080,A/Singapore/NTF0577/2025_H3N2,plate17-A/Singapore/NTF0577/2025_H3N2,0.002904,interpolated,0.00339,0.00339,interpolated,1.297,0.909,0,0.9272,0.08563
human,plate17,flu-seqneut-2026-UWMC-080,A/Singapore/SAR8915/2025_H3N2,plate17-A/Singapore/SAR8915/2025_H3N2,0.002628,interpolated,0.003229,0.003229,interpolated,0.8,0.924,0,0.8128,0.1166
human,plate17,flu-seqneut-2026-UWMC-080,A/SouthAfrica/NHLS-SU-CERI-C075557/2026_H1N1,plate17-A/SouthAfrica/NHLS-SU-CERI-C075557/2026_H1N1,0.001328,interpolated,0.001328,0.001328,interpolated,1.14,1,0,0.9763,0.05751
human,plate17,flu-seqneut-2026-UWMC-080,A/SouthAfrica/NICD-R01647/2026_H1N1,plate17-A/SouthAfrica/NICD-R01647/2026_H1N1,0.001881,interpolated,0.001881,0.001881,interpolated,2.006,1,0,0.9962,0.02607
human,plate17,flu-seqneut-2026-UWMC-080,A/SouthAfrica/NICD-R01668/2026_H1N1,plate17-A/SouthAfrica/NICD-R01668/2026_H1N1,0.001738,interpolated,0.001738,0.001738,interpolated,1.798,1,0,0.9946,0.03075
human,plate17,flu-seqneut-2026-UWMC-080,A/SouthAfrica/PATH-CERI-C073358/2025_H1N1,plate17-A/SouthAfrica/PATH-CERI-C073358/2025_H1N1,0.001816,interpolated,0.001823,0.001823,interpolated,2.139,0.9961,0,0.9996,0.00809
human,plate17,flu-seqneut-2026-UWMC-080,A/SouthAfrica/PATH-CERI-C073366/2025_H1N1,plate17-A/SouthAfrica/PATH-CERI-C073366/2025_H1N1,0.001907,interpolated,0.001907,0.001907,interpolated,1.729,1,0,0.9936,0.0327
human,plate17,flu-seqneut-2026-UWMC-080,A/SouthAfrica/PATH-CERI-C075119/2026_H1N1,plate17-A/SouthAfrica/PATH-CERI-C075119/2026_H1N1,0.002342,interpolated,0.002346,0.002346,interpolated,2.52,0.9976,0,0.9899,0.04292
human,plate17,flu-seqneut-2026-UWMC-080,A/SouthAustralia/2605715552/2026_H3N2,plate17-A/SouthAustralia/2605715552/2026_H3N2,0.006372,interpolated,0.006959,0.006959,interpolated,0.8,0.966,0,0.7919,0.1198
human,plate17,flu-seqneut-2026-UWMC-080,A/SouthCarolina/USAFSAM-17046/2026_H3N2,plate17-A/SouthCarolina/USAFSAM-17046/2026_H3N2,0.002078,interpolated,0.002078,0.002078,interpolated,1.076,1,0,0.9542,0.0764
human,plate17,flu-seqneut-2026-UWMC-080,A/South_Australia/2523812314/2025_H3N2,plate17-A/South_Australia/2523812314/2025_H3N2,0.002219,interpolated,0.002219,0.002219,interpolated,0.8544,1,0,0.9698,0.0547
human,plate17,flu-seqneut-2026-UWMC-080,A/South_Australia/2527213276/2025_H3N2,plate17-A/South_Australia/2527213276/2025_H3N2,0.001575,interpolated,0.001575,0.001575,interpolated,0.8,1,0,0.8966,0.09531
human,plate17,flu-seqneut-2026-UWMC-080,A/StPetersburg/RII-25-2042S/2025_H3N2,plate17-A/StPetersburg/RII-25-2042S/2025_H3N2,0.0204,interpolated,0.02156,0.02156,interpolated,10,0.7868,0,0.6084,0.1703
human,plate17,flu-seqneut-2026-UWMC-080,A/StPetersburg/RII-25-2321S/2025_H3N2,plate17-A/StPetersburg/RII-25-2321S/2025_H3N2,0.001951,interpolated,0.001951,0.001951,interpolated,0.9815,1,0,0.9459,0.08033
human,plate17,flu-seqneut-2026-UWMC-080,A/StPetersburg/RII-25-2506S/2026_H3N2,plate17-A/StPetersburg/RII-25-2506S/2026_H3N2,0.003918,interpolated,0.00426,0.00426,interpolated,0.8,0.9677,0,0.8947,0.08841
human,plate17,flu-seqneut-2026-UWMC-080,A/StPetersburg/RII-25-2600S/2026_H3N2,plate17-A/StPetersburg/RII-25-2600S/2026_H3N2,0.001742,interpolated,0.001742,0.001742,interpolated,1.07,1,0,0.9807,0.04772
human,plate17,flu-seqneut-2026-UWMC-080,A/Switzerland/UN-SNRCI-HUG-053/2025_H1N1,plate17-A/Switzerland/UN-SNRCI-HUG-053/2025_H1N1,0.001952,interpolated,0.001952,0.001952,interpolated,3.17,1,0,0.988,0.04859
human,plate17,flu-seqneut-2026-UWMC-080,A/Sydney/1359/2024_H3N2,plate17-A/Sydney/1359/2024_H3N2,0.001917,interpolated,0.001917,0.001917,interpolated,0.98,1,0,0.9338,0.09088
human,plate17,flu-seqneut-2026-UWMC-080,A/Sydney/50/2026_H1N1,plate17-A/Sydney/50/2026_H1N1,0.003707,interpolated,0.003729,0.003729,interpolated,1.847,0.9947,0,0.9968,0.02202
human,plate17,flu-seqneut-2026-UWMC-080,A/Texas/29/2026_H1N1,plate17-A/Texas/29/2026_H1N1,0.002259,interpolated,0.002259,0.002259,interpolated,2.195,1,0,0.9756,0.06737
human,plate17,flu-seqneut-2026-UWMC-080,A/Thailand/8/2022_H3N2,plate17-A/Thailand/8/2022_H3N2,0.002295,interpolated,0.002501,0.002501,interpolated,2.224,0.913,0,0.8848,0.1341
human,plate17,flu-seqneut-2026-UWMC-080,A/Thuringen/16/2026_H3N2,plate17-A/Thuringen/16/2026_H3N2,0.003815,interpolated,0.004232,0.004232,interpolated,0.8,0.9602,0,0.8144,0.1287
human,plate17,flu-seqneut-2026-UWMC-080,A/Thuringen/39/2026_H3N2,plate17-A/Thuringen/39/2026_H3N2,0.004912,interpolated,0.005099,0.005099,interpolated,0.8,0.9852,0,0.7697,0.1423
human,plate17,flu-seqneut-2026-UWMC-080,A/Tokyo/EIS11-277/2024_H1N1,plate17-A/Tokyo/EIS11-277/2024_H1N1,0.001799,interpolated,0.001799,0.001799,interpolated,1.966,1,0,0.9972,0.02211
human,plate17,flu-seqneut-2026-UWMC-080,A/Trieste/257/2025_H3N2,plate17-A/Trieste/257/2025_H3N2,0.002628,interpolated,0.002628,0.002628,interpolated,0.8,1,0,0.9122,0.08364
human,plate17,flu-seqneut-2026-UWMC-080,A/Trieste/380/2026_H3N2,plate17-A/Trieste/380/2026_H3N2,0.00201,interpolated,0.00201,0.00201,interpolated,0.8,1,0,0.9567,0.06253
human,plate17,flu-seqneut-2026-UWMC-080,A/Ukraine/5214/2026_H1N1,plate17-A/Ukraine/5214/2026_H1N1,0.002194,interpolated,0.002194,0.002194,interpolated,2.065,1,0,0.9982,0.01765
human,plate17,flu-seqneut-2026-UWMC-080,A/Uppsala/SE26-01293/2026_H1N1,plate17-A/Uppsala/SE26-01293/2026_H1N1,0.002497,interpolated,0.002497,0.002497,interpolated,4.343,1,0,0.9998,0.005834
human,plate17,flu-seqneut-2026-UWMC-080,A/Valencia/VAHNSI_09_02564/2025_H1N1,plate17-A/Valencia/VAHNSI_09_02564/2025_H1N1,0.001911,interpolated,0.001946,0.001946,interpolated,1.999,0.9824,0,0.9908,0.03954
human,plate17,flu-seqneut-2026-UWMC-080,A/Victoria/2948/2025_H3N2,plate17-A/Victoria/2948/2025_H3N2,0.003506,interpolated,0.004115,0.004115,interpolated,1.699,0.881,0,0.8954,0.105
human,plate17,flu-seqneut-2026-UWMC-080,A/Victoria/4897/2022_IVR-238_H1N1,plate17-A/Victoria/4897/2022_IVR-238_H1N1,0.0004246,interpolated,0.0004246,0.0004246,interpolated,2.936,1,0,0.9953,0.02855
human,plate17,flu-seqneut-2026-UWMC-080,A/Vietnam/F7324/2024_H3N2,plate17-A/Vietnam/F7324/2024_H3N2,0.001976,interpolated,0.001976,0.001976,interpolated,0.9179,1,0,0.9732,0.05364
human,plate17,flu-seqneut-2026-UWMC-080,A/Vietnam/PF125413/2025_H1N1,plate17-A/Vietnam/PF125413/2025_H1N1,0.002189,interpolated,0.002189,0.002189,interpolated,2.984,1,0,0.9952,0.03084
human,plate17,flu-seqneut-2026-UWMC-080,A/Vietnam/PF126009/2026_H1N1,plate17-A/Vietnam/PF126009/2026_H1N1,0.002662,interpolated,0.002668,0.002668,interpolated,2.848,0.9968,0,0.9997,0.007648
human,plate17,flu-seqneut-2026-UWMC-080,A/Virginia/82/2025_H1N1,plate17-A/Virginia/82/2025_H1N1,0.001811,interpolated,0.001811,0.001811,interpolated,1.759,1,0,0.9942,0.03174
human,plate17,flu-seqneut-2026-UWMC-080,A/Wisconsin/588/2019_H1N1,plate17-A/Wisconsin/588/2019_H1N1,0.001367,interpolated,0.001398,0.001398,interpolated,3.689,0.9603,0,0.993,0.03689
human,plate17,flu-seqneut-2026-UWMC-080,A/Wisconsin/67/2022_H1N1,plate17-A/Wisconsin/67/2022_H1N1,0.001927,interpolated,0.001977,0.001977,interpolated,2.346,0.9708,0,0.9873,0.04686
human,plate17,flu-seqneut-2026-UWMC-080,A/Zacapa/FLU-012/2025_H1N1,plate17-A/Zacapa/FLU-012/2025_H1N1,0.001933,interpolated,0.002103,0.002103,interpolated,2.524,0.9043,0,0.952,0.08909
human,plate17,flu-seqneut-2026-UWMC-080,A/Zambia/6-NIC-014/2026_H1N1,plate17-A/Zambia/6-NIC-014/2026_H1N1,0.003477,interpolated,0.003579,0.003579,interpolated,5.282,0.9291,0,0.9829,0.05512
human,plate17,flu-seqneut-2026-UWMC-080,A/Zambia/7-NIC-313/2026_H1N1,plate17-A/Zambia/7-NIC-313/2026_H1N1,0.00242,interpolated,0.002441,0.002441,interpolated,2.504,0.9894,0,0.9876,0.04728
human,plate17,flu-seqneut-2026-UWMC-081,A/Andalucia/PMC-00977/2025_H1N1,plate17-A/Andalucia/PMC-00977/2025_H1N1,0.0009147,interpolated,0.000918,0.000918,interpolated,3.787,0.9932,0,0.9996,0.009176
human,plate17,flu-seqneut-2026-UWMC-081,A/Andalucia/PMC-01217/2025_H1N1,plate17-A/Andalucia/PMC-01217/2025_H1N1,0.00086,interpolated,0.0008709,0.0008709,interpolated,2.101,0.987,0,0.9777,0.06363
human,plate17,flu-seqneut-2026-UWMC-081,A/Andalucia/PMC-01495/2025_H1N1,plate17-A/Andalucia/PMC-01495/2025_H1N1,0.001104,interpolated,0.001183,0.001183,interpolated,4.057,0.8779,0,0.9696,0.07202
human,plate17,flu-seqneut-2026-UWMC-081,A/Arizona/40/2026_H1N1,plate17-A/Arizona/40/2026_H1N1,0.0009286,interpolated,0.0009321,0.0009321,interpolated,2.453,0.9954,0,0.9983,0.01763
human,plate17,flu-seqneut-2026-UWMC-081,A/Astrakhan/RII-MH273373S/2025_H3N2,plate17-A/Astrakhan/RII-MH273373S/2025_H3N2,0.003466,interpolated,0.003542,0.003542,interpolated,1.796,0.9809,0,0.9396,0.08647
human,plate17,flu-seqneut-2026-UWMC-081,A/Asturias/232590913/2025_H1N1,plate17-A/Asturias/232590913/2025_H1N1,0.0009101,interpolated,0.0009354,0.0009354,interpolated,2.49,0.967,0,0.9774,0.06469
human,plate17,flu-seqneut-2026-UWMC-081,A/Badajoz/18738342/2026_H3N2,plate17-A/Badajoz/18738342/2026_H3N2,0.001983,interpolated,0.001983,0.001983,interpolated,1.237,1,0,0.9863,0.04224
human,plate17,flu-seqneut-2026-UWMC-081,A/Badajoz/18811358/2026_H3N2,plate17-A/Badajoz/18811358/2026_H3N2,0.002054,interpolated,0.002431,0.002431,interpolated,1.27,0.9037,0,0.9597,0.06675
human,plate17,flu-seqneut-2026-UWMC-081,A/Badajoz/18813527/2026_H3N2,plate17-A/Badajoz/18813527/2026_H3N2,0.004435,interpolated,0.00463,0.00463,interpolated,2.424,0.9505,0,0.9179,0.0989
human,plate17,flu-seqneut-2026-UWMC-081,A/Bangkok/P2390/2025_H3N2,plate17-A/Bangkok/P2390/2025_H3N2,0.002116,interpolated,0.002116,0.002116,interpolated,0.8186,1,0,0.9133,0.09295
human,plate17,flu-seqneut-2026-UWMC-081,A/Bangkok/P2391/2025_H3N2,plate17-A/Bangkok/P2391/2025_H3N2,0.002791,interpolated,0.003766,0.003766,interpolated,1.566,0.8128,0,0.7285,0.174
human,plate17,flu-seqneut-2026-UWMC-081,A/Blaenavon/6687/2026_H3N2,plate17-A/Blaenavon/6687/2026_H3N2,0.003189,interpolated,0.003268,0.003268,interpolated,1.793,0.9785,0,0.9804,0.0531
human,plate17,flu-seqneut-2026-UWMC-081,A/Bolivia/OR5702/2025_H3N2,plate17-A/Bolivia/OR5702/2025_H3N2,0.001579,interpolated,0.001629,0.001629,interpolated,1.081,0.9835,0,0.9579,0.07208
human,plate17,flu-seqneut-2026-UWMC-081,A/BritishColumbia/RV00022-26/2025_H1N1,plate17-A/BritishColumbia/RV00022-26/2025_H1N1,0.0007453,interpolated,0.0007453,0.0007453,interpolated,1.719,1,0,0.9509,0.09287
human,plate17,flu-seqneut-2026-UWMC-081,A/BritishColumbia/RV00279-26/2025_H3N2,plate17-A/BritishColumbia/RV00279-26/2025_H3N2,0.001298,interpolated,0.001298,0.001298,interpolated,0.8,1,0,0.9271,0.08391
human,plate17,flu-seqneut-2026-UWMC-081,A/BritishColumbia/RV01350-26/2026_H1N1,plate17-A/BritishColumbia/RV01350-26/2026_H1N1,0.000606,interpolated,0.000606,0.000606,interpolated,1.511,1,0,0.983,0.05034
human,plate17,flu-seqneut-2026-UWMC-081,A/BritishColumbia/RV05508-25/2025_H1N1,plate17-A/BritishColumbia/RV05508-25/2025_H1N1,0.001391,interpolated,0.001441,0.001441,interpolated,4.128,0.932,0,0.9798,0.06213
human,plate17,flu-seqneut-2026-UWMC-081,A/California/GKISBBBH79910/2026_H3N2,plate17-A/California/GKISBBBH79910/2026_H3N2,0.001975,interpolated,0.001975,0.001975,interpolated,0.95,1,0,0.9635,0.0624
human,plate17,flu-seqneut-2026-UWMC-081,A/California/NIRC-IS-1019/2026_H1N1,plate17-A/California/NIRC-IS-1019/2026_H1N1,0.0004901,interpolated,0.000492,0.000492,interpolated,1.463,0.9972,0,0.9877,0.04044
human,plate17,flu-seqneut-2026-UWMC-081,A/California/NIRC-IS-1059/2026_H3N2,plate17-A/California/NIRC-IS-1059/2026_H3N2,0.002313,interpolated,0.002844,0.002844,interpolated,1.443,0.8711,0,0.9397,0.07982
human,plate17,flu-seqneut-2026-UWMC-081,A/California/NIRC-IS-1067/2026_H3N2,plate17-A/California/NIRC-IS-1067/2026_H3N2,0.003215,interpolated,0.003411,0.003411,interpolated,2.581,0.9292,0,0.9543,0.07817
human,plate17,flu-seqneut-2026-UWMC-081,A/California/NIRC-IS-1356/2025_H1N1,plate17-A/California/NIRC-IS-1356/2025_H1N1,0.001254,interpolated,0.001324,0.001324,interpolated,3.565,0.9115,0,0.9601,0.08495
human,plate17,flu-seqneut-2026-UWMC-081,A/Castellon/VAHNSI_02_02400/2025_H3N2,plate17-A/Castellon/VAHNSI_02_02400/2025_H3N2,0.001362,interpolated,0.001445,0.001445,interpolated,0.8,0.977,0,0.9374,0.07536
human,plate17,flu-seqneut-2026-UWMC-081,A/Colombia/1851/2024_H3N2,plate17-A/Colombia/1851/2024_H3N2,0.002065,interpolated,0.002065,0.002065,interpolated,1.177,1,0,0.9894,0.03757
human,plate17,flu-seqneut-2026-UWMC-081,A/Colorado/218/2024_H1N1,plate17-A/Colorado/218/2024_H1N1,0.0007794,interpolated,0.0007938,0.0007938,interpolated,10,0.9161,0,0.9907,0.04098
human,plate17,flu-seqneut-2026-UWMC-081,A/Connecticut/5/2026_H3N2,plate17-A/Connecticut/5/2026_H3N2,0.002203,interpolated,0.002262,0.002262,interpolated,0.9518,0.9876,0,0.9788,0.04765
human,plate17,flu-seqneut-2026-UWMC-081,A/Croatia/10136RV/2023_H3N2,plate17-A/Croatia/10136RV/2023_H3N2,0.0005482,interpolated,0.0006683,0.0006683,interpolated,0.8,0.9267,0,0.6913,0.1771
human,plate17,flu-seqneut-2026-UWMC-081,A/Darwin/1415/2025_H3N2,plate17-A/Darwin/1415/2025_H3N2,0.002558,interpolated,0.002698,0.002698,interpolated,1.335,0.9656,0,0.8821,0.1288
human,plate17,flu-seqneut-2026-UWMC-081,A/Darwin/1454/2025_H3N2,plate17-A/Darwin/1454/2025_H3N2,0.001908,interpolated,0.001908,0.001908,interpolated,1.104,1,0,0.9685,0.0649
human,plate17,flu-seqneut-2026-UWMC-081,A/Denmark/3940/2025_H3N2,plate17-A/Denmark/3940/2025_H3N2,0.00253,interpolated,0.002704,0.002704,interpolated,1.075,0.9653,0,0.8714,0.1235
human,plate17,flu-seqneut-2026-UWMC-081,A/Denmark/4547/2025_H1N1,plate17-A/Denmark/4547/2025_H1N1,0.000986,interpolated,0.001021,0.001021,interpolated,2.251,0.962,0,0.9695,0.07402
human,plate17,flu-seqneut-2026-UWMC-081,A/Denmark/4774/2025_H1N1,plate17-A/Denmark/4774/2025_H1N1,0.001564,interpolated,0.001564,0.001564,interpolated,10,1,0,1,0.001311
human,plate17,flu-seqneut-2026-UWMC-081,A/District_Of_Columbia/27/2023_H3N2,plate17-A/District_Of_Columbia/27/2023_H3N2,0.001404,interpolated,0.001404,0.001404,interpolated,1.242,1,0,0.9801,0.05373
human,plate17,flu-seqneut-2026-UWMC-081,A/Distrito_Federal/250106000728/2025_H3N2,plate17-A/Distrito_Federal/250106000728/2025_H3N2,0.001633,interpolated,0.001633,0.001633,interpolated,0.9036,1,0,0.8972,0.1124
human,plate17,flu-seqneut-2026-UWMC-081,A/England/1893256/2026_H1N1,plate17-A/England/1893256/2026_H1N1,0.0004461,interpolated,0.0004461,0.0004461,interpolated,2.241,1,0,0.9814,0.05612
human,plate17,flu-seqneut-2026-UWMC-081,A/Florida/ISC-1069/2026_H3N2,plate17-A/Florida/ISC-1069/2026_H3N2,0.001143,interpolated,0.001143,0.001143,interpolated,0.814,1,0,0.9346,0.07903
human,plate17,flu-seqneut-2026-UWMC-081,A/France/ARA-HCL025195259501/2025_H1N1,plate17-A/France/ARA-HCL025195259501/2025_H1N1,0.00083,interpolated,0.00083,0.00083,interpolated,2.425,1,0,0.9973,0.02245
human,plate17,flu-seqneut-2026-UWMC-081,A/France/ARA-HCL026031894402/2026_H3N2,plate17-A/France/ARA-HCL026031894402/2026_H3N2,0.001402,interpolated,0.001459,0.001459,interpolated,0.8,0.9845,0,0.9135,0.08837
human,plate17,flu-seqneut-2026-UWMC-081,A/France/GES-IPP00659/2026_H1N1,plate17-A/France/GES-IPP00659/2026_H1N1,0.001208,interpolated,0.001236,0.001236,interpolated,3.113,0.9659,0,0.9932,0.03611
human,plate17,flu-seqneut-2026-UWMC-081,A/France/GES-IPP01077/2026_H3N2,plate17-A/France/GES-IPP01077/2026_H3N2,0.002671,interpolated,0.00322,0.00322,interpolated,1.292,0.8927,0,0.841,0.1343
human,plate17,flu-seqneut-2026-UWMC-081,A/France/HDF-IPP01550/2026_H3N2,plate17-A/France/HDF-IPP01550/2026_H3N2,0.001948,interpolated,0.001948,0.001948,interpolated,0.886,1,0,0.9613,0.06424
human,plate17,flu-seqneut-2026-UWMC-081,A/France/HDF-RELAB-IPP00300/2026_H3N2,plate17-A/France/HDF-RELAB-IPP00300/2026_H3N2,0.003455,interpolated,0.003816,0.003816,interpolated,1.599,0.9265,0,0.9202,0.09849
human,plate17,flu-seqneut-2026-UWMC-081,A/France/HDF-RELAB-IPP00303/2026_H3N2,plate17-A/France/HDF-RELAB-IPP00303/2026_H3N2,0.001992,interpolated,0.001994,0.001994,interpolated,0.8,0.9996,0,0.8933,0.1028
human,plate17,flu-seqneut-2026-UWMC-081,A/France/HDF-RELAB-IPP07969/2025_H1N1,plate17-A/France/HDF-RELAB-IPP07969/2025_H1N1,0.0005824,interpolated,0.0005824,0.0005824,interpolated,2.204,1,0,0.9958,0.02707
human,plate17,flu-seqneut-2026-UWMC-081,A/France/NAQ-HCL026010957001/2026_H3N2,plate17-A/France/NAQ-HCL026010957001/2026_H3N2,0.001444,interpolated,0.001898,0.001898,interpolated,0.8,0.9019,0,0.8828,0.09249
human,plate17,flu-seqneut-2026-UWMC-081,A/France/NAQ-HCL026046169102/2025_H1N1,plate17-A/France/NAQ-HCL026046169102/2025_H1N1,0.0005146,interpolated,0.0006102,0.0006102,interpolated,1.92,0.8604,0,0.9806,0.04852
human,plate17,flu-seqneut-2026-UWMC-081,A/France/OCC-HCL026013263701/2026_H3N2,plate17-A/France/OCC-HCL026013263701/2026_H3N2,0.00209,interpolated,0.00209,0.00209,interpolated,1.018,1,0,0.9393,0.08725
human,plate17,flu-seqneut-2026-UWMC-081,A/France/PAC-RELAB-HCL026021993801/2026_H3N2,plate17-A/France/PAC-RELAB-HCL026021993801/2026_H3N2,0.001915,interpolated,0.002073,0.002073,interpolated,0.8,0.9693,0,0.9186,0.08534
human,plate17,flu-seqneut-2026-UWMC-081,A/Galicia/GA-CHUAC-451/2025_H3N2,plate17-A/Galicia/GA-CHUAC-451/2025_H3N2,0.001853,interpolated,0.001893,0.001893,interpolated,1.316,0.986,0,0.9741,0.0596
human,plate17,flu-seqneut-2026-UWMC-081,A/Galicia/GA-CHUAC-612/2025_H1N1,plate17-A/Galicia/GA-CHUAC-612/2025_H1N1,0.0007916,interpolated,0.0007916,0.0007916,interpolated,1.657,1,0,0.9441,0.09865
human,plate17,flu-seqneut-2026-UWMC-081,A/Germany/LRMC_0104/2025_H3N2,plate17-A/Germany/LRMC_0104/2025_H3N2,0.001775,interpolated,0.001775,0.001775,interpolated,0.8881,1,0,0.9679,0.05794
human,plate17,flu-seqneut-2026-UWMC-081,A/Germany/LRMC_0113/2025_H3N2,plate17-A/Germany/LRMC_0113/2025_H3N2,0.002174,interpolated,0.002254,0.002254,interpolated,0.9643,0.9828,0,0.982,0.04372
human,plate17,flu-seqneut-2026-UWMC-081,A/Hawaii/70/2019_H1N1,plate17-A/Hawaii/70/2019_H1N1,0.0002499,interpolated,0.0002499,0.0002499,interpolated,1.939,1,0,0.9768,0.05386
human,plate17,flu-seqneut-2026-UWMC-081,A/Hawaii/ISC-1140/2025_H1N1,plate17-A/Hawaii/ISC-1140/2025_H1N1,0.0007393,interpolated,0.0007393,0.0007393,interpolated,1.576,1,0,0.8998,0.134
human,plate17,flu-seqneut-2026-UWMC-081,A/Hessen/18/2026_H1N1,plate17-A/Hessen/18/2026_H1N1,0.0006546,interpolated,0.0006692,0.0006692,interpolated,4.144,0.9563,0,0.9973,0.02267
human,plate17,flu-seqneut-2026-UWMC-081,A/Ireland/91576/2025_H3N2,plate17-A/Ireland/91576/2025_H3N2,0.003072,interpolated,0.003146,0.003146,interpolated,1.254,0.9852,0,0.9903,0.03319
human,plate17,flu-seqneut-2026-UWMC-081,A/Kentucky/80/2025_H1N1,plate17-A/Kentucky/80/2025_H1N1,0.0003782,interpolated,0.0003782,0.0003782,interpolated,3.026,1,0,0.9872,0.04681
human,plate17,flu-seqneut-2026-UWMC-081,A/Lisboa/216/2023_H3N2,plate17-A/Lisboa/216/2023_H3N2,0.002468,interpolated,0.003744,0.003744,interpolated,1.587,0.7582,0,0.6284,0.2068
human,plate17,flu-seqneut-2026-UWMC-081,A/Luxembourg/LNS9132577/2026_H3N2,plate17-A/Luxembourg/LNS9132577/2026_H3N2,0.002144,interpolated,0.002144,0.002144,interpolated,0.9709,1,0,0.9972,0.01741
human,plate17,flu-seqneut-2026-UWMC-081,A/Maine/25/2026_H1N1,plate17-A/Maine/25/2026_H1N1,0.0008924,interpolated,0.0009064,0.0009064,interpolated,2.675,0.9796,0,0.9909,0.04156
human,plate17,flu-seqneut-2026-UWMC-081,A/Malaysia/IMR/SARI/2406/2025_H3N2,plate17-A/Malaysia/IMR/SARI/2406/2025_H3N2,0.001665,interpolated,0.001665,0.001665,interpolated,0.8561,1,0,0.9297,0.08705
human,plate17,flu-seqneut-2026-UWMC-081,A/Massachusetts/18/2022_H3N2,plate17-A/Massachusetts/18/2022_H3N2,0.001271,interpolated,0.001809,0.001809,interpolated,1.312,0.8147,0,0.9757,0.04819
human,plate17,flu-seqneut-2026-UWMC-081,A/Massachusetts/ISC-1856/2025_H3N2,plate17-A/Massachusetts/ISC-1856/2025_H3N2,0.00152,interpolated,0.001887,0.001887,interpolated,0.8,0.9205,0,0.8079,0.1303
human,plate17,flu-seqneut-2026-UWMC-081,A/Mauritius/26000203/2026_H1N1,plate17-A/Mauritius/26000203/2026_H1N1,0.0005871,interpolated,0.0005871,0.0005871,interpolated,1.659,1,0,0.9481,0.0935
human,plate17,flu-seqneut-2026-UWMC-081,A/Michigan/8/2026_H3N2,plate17-A/Michigan/8/2026_H3N2,0.004296,interpolated,0.005659,0.005659,interpolated,1.174,0.8618,0,0.8543,0.1129
human,plate17,flu-seqneut-2026-UWMC-081,A/Michigan/UM-10068071276/2025_H3N2,plate17-A/Michigan/UM-10068071276/2025_H3N2,0.001453,interpolated,0.001453,0.001453,interpolated,0.9049,1,0,0.9338,0.08677
human,plate17,flu-seqneut-2026-UWMC-081,A/Michigan/UM-10068134090/2025_H3N2,plate17-A/Michigan/UM-10068134090/2025_H3N2,0.004094,interpolated,0.004112,0.004112,interpolated,10,0.9791,0,0.9839,0.05327
human,plate17,flu-seqneut-2026-UWMC-081,A/Michigan/UM-10068449788/2025_H3N2,plate17-A/Michigan/UM-10068449788/2025_H3N2,0.002109,interpolated,0.002109,0.002109,interpolated,1.026,1,0,0.9476,0.07895
human,plate17,flu-seqneut-2026-UWMC-081,A/Michigan/UM-10068456988/2025_H3N2,plate17-A/Michigan/UM-10068456988/2025_H3N2,0.003273,interpolated,0.003473,0.003473,interpolated,1.556,0.956,0,0.9337,0.08922
human,plate17,flu-seqneut-2026-UWMC-081,A/Michigan/UM-10068747355/2026_H3N2,plate17-A/Michigan/UM-10068747355/2026_H3N2,0.003897,interpolated,0.004789,0.004789,interpolated,1.001,0.9067,0,0.9471,0.0638
human,plate17,flu-seqneut-2026-UWMC-081,A/MinasGerais/410/2026_H1N1,plate17-A/MinasGerais/410/2026_H1N1,0.0004281,interpolated,0.0004281,0.0004281,interpolated,2.616,1,0,0.9931,0.0344
human,plate17,flu-seqneut-2026-UWMC-081,A/MinasGerais/671/2026_H1N1,plate17-A/MinasGerais/671/2026_H1N1,0.0008606,interpolated,0.0008606,0.0008606,interpolated,1.782,1,0,0.9846,0.0513
human,plate17,flu-seqneut-2026-UWMC-081,A/Mississippi/20/2026_H1N1,plate17-A/Mississippi/20/2026_H1N1,0.0009693,interpolated,0.0009693,0.0009693,interpolated,3.758,1,0,0.9992,0.01303
human,plate17,flu-seqneut-2026-UWMC-081,A/Missouri/11/2025_cell_H1N1,plate17-A/Missouri/11/2025_cell_H1N1,0.000829,interpolated,0.001049,0.001049,interpolated,3.918,0.6986,0,0.9614,0.06463
human,plate17,flu-seqneut-2026-UWMC-081,A/Missouri/11/2025_egg_H1N1,plate17-A/Missouri/11/2025_egg_H1N1,7.343e-05,upper,5.044e-05,7.343e-05,upper,3.25,0.6001,0,0.9997,0.0007476
human,plate17,flu-seqneut-2026-UWMC-081,A/Missouri/NIRC-AV-1003/2025_H3N2,plate17-A/Missouri/NIRC-AV-1003/2025_H3N2,0.004202,interpolated,0.004599,0.004599,interpolated,7.992,0.7433,0,0.9648,0.05452
human,plate17,flu-seqneut-2026-UWMC-081,A/Montana/51/2025_H3N2,plate17-A/Montana/51/2025_H3N2,0.001649,interpolated,0.001649,0.001649,interpolated,0.8963,1,0,0.8125,0.1593
human,plate17,flu-seqneut-2026-UWMC-081,A/NakhonPhanom/P495/2026_H3N2,plate17-A/NakhonPhanom/P495/2026_H3N2,0.003003,interpolated,0.004472,0.004472,interpolated,1.381,0.7886,0,0.8747,0.1034
human,plate17,flu-seqneut-2026-UWMC-081,A/Navarra/260009/2025_H3N2,plate17-A/Navarra/260009/2025_H3N2,0.002346,interpolated,0.002965,0.002965,interpolated,0.9403,0.9012,0,0.9281,0.07946
human,plate17,flu-seqneut-2026-UWMC-081,A/Nebraska/34/2026_H1N1,plate17-A/Nebraska/34/2026_H1N1,0.0007056,interpolated,0.0008069,0.0008069,interpolated,2.278,0.8684,0,0.957,0.07889
human,plate17,flu-seqneut-2026-UWMC-081,A/Netherlands/10008/2026_H1N1,plate17-A/Netherlands/10008/2026_H1N1,0.0007051,interpolated,0.0007181,0.0007181,interpolated,1.829,0.9837,0,0.9859,0.04789
human,plate17,flu-seqneut-2026-UWMC-081,A/Netherlands/2398/2025_H1N1,plate17-A/Netherlands/2398/2025_H1N1,0.0003833,interpolated,0.0003833,0.0003833,interpolated,2.588,1,0,0.9759,0.06361
human,plate17,flu-seqneut-2026-UWMC-081,A/Netherlands/543/2026_H1N1,plate17-A/Netherlands/543/2026_H1N1,0.0008562,interpolated,0.0008648,0.0008648,interpolated,2.064,0.9899,0,0.9785,0.06225
human,plate17,flu-seqneut-2026-UWMC-081,A/Netherlands/864/2026_H1N1,plate17-A/Netherlands/864/2026_H1N1,0.0008033,interpolated,0.0008033,0.0008033,interpolated,2.782,1,0,0.9997,0.006964
human,plate17,flu-seqneut-2026-UWMC-081,A/Netherlands/888/2026_H3N2,plate17-A/Netherlands/888/2026_H3N2,0.002556,interpolated,0.002556,0.002556,interpolated,1.136,1,0,0.9755,0.05307
human,plate17,flu-seqneut-2026-UWMC-081,A/Netherlands/968/2026_H3N2,plate17-A/Netherlands/968/2026_H3N2,0.001487,interpolated,0.001487,0.001487,interpolated,0.8413,1,0,0.9457,0.07395
human,plate17,flu-seqneut-2026-UWMC-081,A/NewBrunswick/NBPHLFLUA10B-MM00057R/2026_H1N1,plate17-A/NewBrunswick/NBPHLFLUA10B-MM00057R/2026_H1N1,0.0007606,interpolated,0.0007942,0.0007942,interpolated,2.755,0.9438,0,0.9923,0.03645
human,plate17,flu-seqneut-2026-UWMC-081,A/NewYork/NIRC-IS-1086/2026_H3N2,plate17-A/NewYork/NIRC-IS-1086/2026_H3N2,0.001835,interpolated,0.001835,0.001835,interpolated,1.132,1,0,0.9888,0.03775
human,plate17,flu-seqneut-2026-UWMC-081,A/NordrheinWestfalen/54/2026_H3N2,plate17-A/NordrheinWestfalen/54/2026_H3N2,0.002053,interpolated,0.002935,0.002935,interpolated,0.8,0.8756,0,0.8422,0.1101
human,plate17,flu-seqneut-2026-UWMC-081,A/NordrheinWestfalen/96/2026_H1N1,plate17-A/NordrheinWestfalen/96/2026_H1N1,0.0007963,interpolated,0.0008171,0.0008171,interpolated,2.4,0.97,0,0.9976,0.02027
human,plate17,flu-seqneut-2026-UWMC-081,A/Norway/9556/2025_H1N1,plate17-A/Norway/9556/2025_H1N1,0.001385,interpolated,0.001385,0.001385,interpolated,2.877,1,0,0.9992,0.0131
human,plate17,flu-seqneut-2026-UWMC-081,A/NovaScotia/25-365-06099/2025_H3N2,plate17-A/NovaScotia/25-365-06099/2025_H3N2,0.002585,interpolated,0.003799,0.003799,interpolated,1.542,0.7763,0,0.8166,0.1353
human,plate17,flu-seqneut-2026-UWMC-081,A/Ohio/259/2024_H1N1,plate17-A/Ohio/259/2024_H1N1,0.0005503,interpolated,0.0005503,0.0005503,interpolated,1.917,1,0,0.9764,0.06362
human,plate17,flu-seqneut-2026-UWMC-081,A/Ontario/PHL202550193/2025_H3N2,plate17-A/Ontario/PHL202550193/2025_H3N2,0.001626,interpolated,0.001765,0.001765,interpolated,0.9338,0.963,0,0.941,0.07759
human,plate17,flu-seqneut-2026-UWMC-081,A/Oregon/81/2025_H3N2,plate17-A/Oregon/81/2025_H3N2,0.0008191,interpolated,0.0008191,0.0008191,interpolated,0.8,1,0,0.9182,0.08526
human,plate17,flu-seqneut-2026-UWMC-081,A/PaisVasco/70369726/2026_H1N1,plate17-A/PaisVasco/70369726/2026_H1N1,0.000997,interpolated,0.00102,0.00102,interpolated,3.341,0.9638,0,0.9914,0.04085
human,plate17,flu-seqneut-2026-UWMC-081,A/Parana/416133590/2026_H3N2,plate17-A/Parana/416133590/2026_H3N2,0.001643,interpolated,0.001643,0.001643,interpolated,0.8651,1,0,0.9482,0.07299
human,plate17,flu-seqneut-2026-UWMC-081,A/Peru/ANC-INS-062/2026_H3N2,plate17-A/Peru/ANC-INS-062/2026_H3N2,0.002545,interpolated,0.002625,0.002625,interpolated,1.132,0.9828,0,0.9522,0.07855
human,plate17,flu-seqneut-2026-UWMC-081,A/Rhode_Island/11/2026_H1N1,plate17-A/Rhode_Island/11/2026_H1N1,0.0007541,interpolated,0.0007541,0.0007541,interpolated,2.463,1,0,0.9995,0.009659
human,plate17,flu-seqneut-2026-UWMC-081,A/RiodeJaneiro/331/2026_H3N2,plate17-A/RiodeJaneiro/331/2026_H3N2,0.001185,interpolated,0.001426,0.001426,interpolated,0.931,0.9207,0,0.9161,0.09034
human,plate17,flu-seqneut-2026-UWMC-081,A/Romania/612042/2026_H3N2,plate17-A/Romania/612042/2026_H3N2,0.001481,interpolated,0.001481,0.001481,interpolated,0.9639,1,0,0.9142,0.1021
human,plate17,flu-seqneut-2026-UWMC-081,A/SantaCatarina/508/2026_H3N2,plate17-A/SantaCatarina/508/2026_H3N2,0.003129,interpolated,0.003129,0.003129,interpolated,0.8,1,0,0.9148,0.08792
human,plate17,flu-seqneut-2026-UWMC-081,A/Saskatchewan/SKFLU477299/2025_H3N2,plate17-A/Saskatchewan/SKFLU477299/2025_H3N2,0.002781,interpolated,0.003189,0.003189,interpolated,1.177,0.9257,0,0.8978,0.1037
human,plate17,flu-seqneut-2026-UWMC-081,A/Saskatchewan/SKFLU477727/2025_H3N2,plate17-A/Saskatchewan/SKFLU477727/2025_H3N2,0.003484,interpolated,0.003484,0.003484,interpolated,1.284,1,0,0.9874,0.03975
human,plate17,flu-seqneut-2026-UWMC-081,A/Saskatchewan/SKFLU490586/2026_H1N1,plate17-A/Saskatchewan/SKFLU490586/2026_H1N1,0.0009097,interpolated,0.00096,0.00096,interpolated,3.067,0.9239,0,0.9907,0.04022
human,plate17,flu-seqneut-2026-UWMC-081,A/Singapore/GP20238/2024_H3N2,plate17-A/Singapore/GP20238/2024_H3N2,0.00138,interpolated,0.00138,0.00138,interpolated,1.248,1,0,0.9849,0.04701
human,plate17,flu-seqneut-2026-UWMC-081,A/Singapore/KK2768/2025_H1N1,plate17-A/Singapore/KK2768/2025_H1N1,0.001114,interpolated,0.001114,0.001114,interpolated,4.531,1,0,0.9996,0.00955
human,plate17,flu-seqneut-2026-UWMC-081,A/Singapore/MOH0547/2024_H1N1,plate17-A/Singapore/MOH0547/2024_H1N1,0.001177,interpolated,0.001217,0.001217,interpolated,5.018,0.9236,0,0.9763,0.06798
human,plate17,flu-seqneut-2026-UWMC-081,A/Singapore/NTF0577/2025_H3N2,plate17-A/Singapore/NTF0577/2025_H3N2,0.001727,interpolated,0.001727,0.001727,interpolated,0.806,1,0,0.9217,0.08967
human,plate17,flu-seqneut-2026-UWMC-081,A/Singapore/SAR8915/2025_H3N2,plate17-A/Singapore/SAR8915/2025_H3N2,0.001412,interpolated,0.001412,0.001412,interpolated,0.8167,1,0,0.9792,0.04422
human,plate17,flu-seqneut-2026-UWMC-081,A/SouthAfrica/NHLS-SU-CERI-C075557/2026_H1N1,plate17-A/SouthAfrica/NHLS-SU-CERI-C075557/2026_H1N1,0.0004521,interpolated,0.0004521,0.0004521,interpolated,1.707,1,0,0.9946,0.02747
human,plate17,flu-seqneut-2026-UWMC-081,A/SouthAfrica/NICD-R01647/2026_H1N1,plate17-A/SouthAfrica/NICD-R01647/2026_H1N1,0.0008376,interpolated,0.0008402,0.0008402,interpolated,2.557,0.996,0,0.9967,0.02492
human,plate17,flu-seqneut-2026-UWMC-081,A/SouthAfrica/NICD-R01668/2026_H1N1,plate17-A/SouthAfrica/NICD-R01668/2026_H1N1,0.0008857,interpolated,0.0008911,0.0008911,interpolated,2.429,0.9926,0,0.9952,0.0299
human,plate17,flu-seqneut-2026-UWMC-081,A/SouthAfrica/PATH-CERI-C073358/2025_H1N1,plate17-A/SouthAfrica/PATH-CERI-C073358/2025_H1N1,0.0006744,interpolated,0.0006829,0.0006829,interpolated,2.392,0.9853,0,0.998,0.01844
human,plate17,flu-seqneut-2026-UWMC-081,A/SouthAfrica/PATH-CERI-C073366/2025_H1N1,plate17-A/SouthAfrica/PATH-CERI-C073366/2025_H1N1,0.001019,interpolated,0.00103,0.00103,interpolated,3.382,0.9821,0,0.9984,0.01772
human,plate17,flu-seqneut-2026-UWMC-081,A/SouthAfrica/PATH-CERI-C075119/2026_H1N1,plate17-A/SouthAfrica/PATH-CERI-C075119/2026_H1N1,0.0008005,interpolated,0.0008038,0.0008038,interpolated,2.551,0.9948,0,0.9941,0.03323
human,plate17,flu-seqneut-2026-UWMC-081,A/SouthAustralia/2605715552/2026_H3N2,plate17-A/SouthAustralia/2605715552/2026_H3N2,0.003191,interpolated,0.003561,0.003561,interpolated,1.246,0.9362,0,0.8509,0.1343
human,plate17,flu-seqneut-2026-UWMC-081,A/SouthCarolina/USAFSAM-17046/2026_H3N2,plate17-A/SouthCarolina/USAFSAM-17046/2026_H3N2,0.001336,interpolated,0.001597,0.001597,interpolated,1.527,0.8811,0,0.9288,0.0935
human,plate17,flu-seqneut-2026-UWMC-081,A/South_Australia/2523812314/2025_H3N2,plate17-A/South_Australia/2523812314/2025_H3N2,0.001796,interpolated,0.001796,0.001796,interpolated,1.077,1,0,0.9823,0.04743
human,plate17,flu-seqneut-2026-UWMC-081,A/South_Australia/2527213276/2025_H3N2,plate17-A/South_Australia/2527213276/2025_H3N2,0.003065,interpolated,0.003575,0.003575,interpolated,1.158,0.9184,0,0.8763,0.1119
human,plate17,flu-seqneut-2026-UWMC-081,A/StPetersburg/RII-25-2042S/2025_H3N2,plate17-A/StPetersburg/RII-25-2042S/2025_H3N2,0.002891,interpolated,0.003287,0.003287,interpolated,1.3,0.9231,0,0.9135,0.09833
human,plate17,flu-seqneut-2026-UWMC-081,A/StPetersburg/RII-25-2321S/2025_H3N2,plate17-A/StPetersburg/RII-25-2321S/2025_H3N2,0.001586,interpolated,0.002105,0.002105,interpolated,0.8,0.8986,0,0.8089,0.1197
human,plate17,flu-seqneut-2026-UWMC-081,A/StPetersburg/RII-25-2506S/2026_H3N2,plate17-A/StPetersburg/RII-25-2506S/2026_H3N2,0.001869,interpolated,0.001869,0.001869,interpolated,0.8444,1,0,0.913,0.09678
human,plate17,flu-seqneut-2026-UWMC-081,A/StPetersburg/RII-25-2600S/2026_H3N2,plate17-A/StPetersburg/RII-25-2600S/2026_H3N2,0.002178,interpolated,0.002178,0.002178,interpolated,0.9891,1,0,0.8835,0.1209
human,plate17,flu-seqneut-2026-UWMC-081,A/Switzerland/UN-SNRCI-HUG-053/2025_H1N1,plate17-A/Switzerland/UN-SNRCI-HUG-053/2025_H1N1,0.001553,interpolated,0.001566,0.001566,interpolated,3.506,0.9858,0,0.999,0.01403
human,plate17,flu-seqneut-2026-UWMC-081,A/Sydney/1359/2024_H3N2,plate17-A/Sydney/1359/2024_H3N2,0.001286,interpolated,0.001286,0.001286,interpolated,0.8281,1,0,0.891,0.1089
human,plate17,flu-seqneut-2026-UWMC-081,A/Sydney/50/2026_H1N1,plate17-A/Sydney/50/2026_H1N1,0.001469,interpolated,0.001515,0.001515,interpolated,3.135,0.9539,0,0.9877,0.04745
human,plate17,flu-seqneut-2026-UWMC-081,A/Texas/29/2026_H1N1,plate17-A/Texas/29/2026_H1N1,0.0008448,interpolated,0.0008504,0.0008504,interpolated,2.888,0.9906,0,0.9968,0.02482
human,plate17,flu-seqneut-2026-UWMC-081,A/Thailand/8/2022_H3N2,plate17-A/Thailand/8/2022_H3N2,0.0008811,interpolated,0.0008909,0.0008909,interpolated,1.917,0.9894,0,0.9958,0.02666
human,plate17,flu-seqneut-2026-UWMC-081,A/Thuringen/16/2026_H3N2,plate17-A/Thuringen/16/2026_H3N2,0.002025,interpolated,0.002025,0.002025,interpolated,0.9516,1,0,0.9464,0.07586
human,plate17,flu-seqneut-2026-UWMC-081,A/Thuringen/39/2026_H3N2,plate17-A/Thuringen/39/2026_H3N2,0.004597,interpolated,0.004597,0.004597,interpolated,1.142,1,0,0.9598,0.06537
human,plate17,flu-seqneut-2026-UWMC-081,A/Tokyo/EIS11-277/2024_H1N1,plate17-A/Tokyo/EIS11-277/2024_H1N1,0.0005248,interpolated,0.0005248,0.0005248,interpolated,2.056,1,0,0.9858,0.04801
human,plate17,flu-seqneut-2026-UWMC-081,A/Trieste/257/2025_H3N2,plate17-A/Trieste/257/2025_H3N2,0.003801,interpolated,0.004336,0.004336,interpolated,1.091,0.9331,0,0.8747,0.1139
human,plate17,flu-seqneut-2026-UWMC-081,A/Trieste/380/2026_H3N2,plate17-A/Trieste/380/2026_H3N2,0.002957,interpolated,0.003069,0.003069,interpolated,1.389,0.975,0,0.9845,0.04447
human,plate17,flu-seqneut-2026-UWMC-081,A/Ukraine/5214/2026_H1N1,plate17-A/Ukraine/5214/2026_H1N1,0.001305,interpolated,0.001332,0.001332,interpolated,7.409,0.9314,0,0.9829,0.05976
human,plate17,flu-seqneut-2026-UWMC-081,A/Uppsala/SE26-01293/2026_H1N1,plate17-A/Uppsala/SE26-01293/2026_H1N1,0.001055,interpolated,0.001096,0.001096,interpolated,5.251,0.909,0,0.9658,0.07977
human,plate17,flu-seqneut-2026-UWMC-081,A/Valencia/VAHNSI_09_02564/2025_H1N1,plate17-A/Valencia/VAHNSI_09_02564/2025_H1N1,0.0007575,interpolated,0.0007575,0.0007575,interpolated,2.258,1,0,0.9979,0.01938
human,plate17,flu-seqneut-2026-UWMC-081,A/Victoria/2948/2025_H3N2,plate17-A/Victoria/2948/2025_H3N2,0.001899,interpolated,0.002134,0.002134,interpolated,0.9111,0.9494,0,0.9357,0.07905
human,plate17,flu-seqneut-2026-UWMC-081,A/Victoria/4897/2022_IVR-238_H1N1,plate17-A/Victoria/4897/2022_IVR-238_H1N1,0.0001112,interpolated,0.0001326,0.0001326,interpolated,2.713,0.8103,0,0.9947,0.0163
human,plate17,flu-seqneut-2026-UWMC-081,A/Vietnam/F7324/2024_H3N2,plate17-A/Vietnam/F7324/2024_H3N2,0.00139,interpolated,0.00139,0.00139,interpolated,1.492,1,0,0.9967,0.02239
human,plate17,flu-seqneut-2026-UWMC-081,A/Vietnam/PF125413/2025_H1N1,plate17-A/Vietnam/PF125413/2025_H1N1,0.001281,interpolated,0.001281,0.001281,interpolated,4.609,1,0,1,0.001704
human,plate17,flu-seqneut-2026-UWMC-081,A/Vietnam/PF126009/2026_H1N1,plate17-A/Vietnam/PF126009/2026_H1N1,0.001439,interpolated,0.001457,0.001457,interpolated,5.601,0.9665,0,0.9959,0.02953
human,plate17,flu-seqneut-2026-UWMC-081,A/Virginia/82/2025_H1N1,plate17-A/Virginia/82/2025_H1N1,0.0005522,interpolated,0.0006032,0.0006032,interpolated,1.926,0.9218,0,0.9586,0.07663
human,plate17,flu-seqneut-2026-UWMC-081,A/Wisconsin/588/2019_H1N1,plate17-A/Wisconsin/588/2019_H1N1,0.0004726,interpolated,0.0004726,0.0004726,interpolated,1.857,1,0,0.9739,0.06495
human,plate17,flu-seqneut-2026-UWMC-081,A/Wisconsin/67/2022_H1N1,plate17-A/Wisconsin/67/2022_H1N1,0.0007002,interpolated,0.0007002,0.0007002,interpolated,1.668,1,0,0.9392,0.1028
human,plate17,flu-seqneut-2026-UWMC-081,A/Zacapa/FLU-012/2025_H1N1,plate17-A/Zacapa/FLU-012/2025_H1N1,0.0004529,interpolated,0.0004529,0.0004529,interpolated,2.292,1,0,0.9857,0.04949
human,plate17,flu-seqneut-2026-UWMC-081,A/Zambia/6-NIC-014/2026_H1N1,plate17-A/Zambia/6-NIC-014/2026_H1N1,0.0004991,interpolated,0.0004991,0.0004991,interpolated,1.722,1,0,0.9825,0.05212
human,plate17,flu-seqneut-2026-UWMC-081,A/Zambia/7-NIC-313/2026_H1N1,plate17-A/Zambia/7-NIC-313/2026_H1N1,0.0005273,interpolated,0.0005273,0.0005273,interpolated,1.936,1,0,0.9762,0.06371
